{"Dokument":{"Name":"Pommern - Brandenburg","In Bearbeitung":"Nein","main":{"Name":"Ehevertrag Pommern - Brandenburg 1530","Zuletzt ge\u00e4ndert":"2021-08 JT"},"Grunddaten Ehevertrag":{"Vertragspartner Br\u00e4utigam":"Pommern","Vertragspartner Braut":"Brandenburg","Datum Vertragsschlie\u00dfung":"1530-01-23","Ort Vertragsschlie\u00dfung":"","Eheschlie\u00dfung vollzogen?":"Ja","verschiedenkonfessionelle Ehe?":"unbekannt"},"Br\u00e4utigam":{"Br\u00e4utigam Name, Titel":"Georg I. Herzog von Pommern","Br\u00e4utigam GND":"http:\/\/d-nb.info\/gnd\/104352744","Br\u00e4utigam Geburtsjahr":"1493-00-00","Br\u00e4utigam Sterbejahr":"1531-00-00","Br\u00e4utigam Dynastie":"Greifen","Br\u00e4utigam Konfession":"R\u00f6misch-Katholisch"},"Braut":{"Braut Name, Titel":"Margareta von Brandenburg","Braut GND":"http:\/\/d-nb.info\/gnd\/1025868862","Braut Geburtsjahr":"1511-00-00","Braut Sterbejahr":"1577-00-00","Braut Konfession":"unbekannt"},"Akteur Braut":{"Akteur Braut Dynastie":"Hohenzollern","Akteur Braut Name, Titel":"Joachim I. Kurf\u00fcrst von Brandenburg","Akteur Braut GND":"http:\/\/d-nb.info\/gnd\/119214644","Akteur Braut Dynastie (40)":"Hohenzollern","Akteur Braut Verh\u00e4ltnis zu Braut":"Vater"},"Akteur Br\u00e4utigam":{"Akteur Br\u00e4utigam Name, Titel":"Georg I. Herzog von Pommern","Akteur Br\u00e4utigam GND":"http:\/\/d-nb.info\/gnd\/104352744","Akteur Br\u00e4utigam Dynastie":"Greifen","Akteur Br\u00e4utigam Verh\u00e4ltnis zu Br\u00e4utigam":"Selbst"},"Vertragstext":{"Archivexemplar":"GStA, I. HA Rep. 78, Nr. 24, fol. 97r \u2013 108r, 120r-125v","Vertragssprache Archivexemplar":"Deutsch","Digitalisat Archivexemplar":"","Drucknachweis":"","Vertragssprache Druck":"","Digitalisat Druck":"","Vertragsinhalt":"Artikel 1 (fol. 97r-97v): Ehe beschlossen\n\nArtikel 2 (fol. 97v): Beilager geregelt\n\nArtikel 3 (fol. 97v-98r): Die Mitgift betr\u00e4gt 20.000 Gulden, Quittung \u00fcber gezahlte Summe notwendig\n\nArtikel 4 (fol. 98r): Aussteuer an Kleidern, Kleinodien, etc. versprochen\n\nArtikel 5 (fol. 98r): Die Widerlage betr\u00e4gt 20.000 Gulden\n\nArtikel 6 (fol. 98r): Anlage von Widerlage und Morgengabe geregelt\n\nArtikel 7 (fol. 98r): Leibgedinge festgelegt, Nutzungs-, Jagdrechte etc. geregelt, Gerichtsbarkeit geregelt\n\nArtikel 8 (fol. 98r-98v): Die Witwe erh\u00e4lt j\u00e4hrlich 5.000 Gulden auf dem Leibgedinge als Versorgung, Dienste festgelegt, Nutzungsrechte erneut geregelt\n\nArtikel 9 (fol. 98v): Weitere finanzielle Regelungen und Zinsen erw\u00e4hnt\n\nArtikel 10 (fol. 98v): Leibgedinge und Morgengabe von Steuern befreit\n\nArtikel 11 (fol. 98v-99r): Huldigung der Untertanen und Amtleute nach vollzogenem Beilager geregelt, Regelungen bez\u00fcglich der Amtleute und Untertanen; Pf\u00e4nder erw\u00e4hnt, \u00dcbereignung der Leibgedingeg\u00fcter nach Beilager und Hochzeit geregelt; nach dem Tod der Witwe: Huldigung der Untertanen und Amtleute gegen\u00fcber den Erben des Br\u00e4utigams festgelegt\n\nArtikel 12 (fol. 99r): Verschreibung erw\u00e4hnt\n\nArtikel 13 (fol. 99r): Bei der Bestellung neuer Amtleute: sofortige Huldigung der Braut geregelt\n\nArtikel 14 (fol. 99r): Antritt des Wittums geregelt\n\nArtikel 15 (fol. 99r-99v): Bei M\u00e4ngeln auf dem Wittum: Erstattung versprochen\n\nArtikel 16 (fol. 99v): Erstattung bei Besch\u00e4digung oder Verfremdung des Wittums geregelt; Hilfe und Ausstattung mit Holz geregelt\n\nArtikel 17 (fol. 99v): Versicherung von Morgengabe und Leibgedinge erw\u00e4hnt\n\nArtikel 18 (fol. 99v-100r): Besichtigung des Wittums nach dem Beilager geregelt\n\nArtikel 19 (fol. 99v-100r): Die Braut erh\u00e4lt auf dem Wittum j\u00e4hrlich 5.000 Gulden zur Versorgung\n\nArtikel 20 (fol. 100r): Wenn das Wittum nicht dem Stand der Braut entspricht: Verbesserung festgelegt\n\nArtikel 21 (fol. 100r): Wenn die Braut vor dem Br\u00e4utigam stirbt und keine Leibserben vorhanden sind: Der Br\u00e4utigam erh\u00e4lt die Mitgift und die Aussteuer\n\nArtikel 22 (fol. 100r-100v): Erbverzicht der Braut auf alles v\u00e4terliche, m\u00fctterliche und br\u00fcderliche Erbe, der Erbfall f\u00fcr die Braut tritt nur ein, wenn alle m\u00e4nnlichen Mitglieder ihrer Familie versterben, Verzichtbrief notwendig\n\nArtikel 23 (fol. 100v): Wenn die Braut vor dem Br\u00e4utigam verstirbt und keine Leibserben vorhanden sind: Der Br\u00e4utigam erh\u00e4lt das lebenslange Nutzungsrecht \u00fcber die Aussteuer, Aush\u00e4ndigung einer Inventarliste an den Brautvater oder dessen Erben vorgeschrieben, nach dem Tod des Br\u00e4utigams f\u00e4llt die Aussteuer zur\u00fcck an den Brautvater, dessen Erben oder die n\u00e4chsten Erben des Hauses\n\nArtikel 24 (fol. 100v-101r): Wenn die Braut vor dem Br\u00e4utigam stirbt und keine Leibserben vorhanden sind: Der Br\u00e4utigam erh\u00e4lt das lebenslange Nutzungsrecht \u00fcber die Mitgift, nach dem Tod des Br\u00e4utigams f\u00e4llt die Mitgift zur\u00fcck an den Brautvater, dessen Erben oder die n\u00e4chsten Erben der Braut\n\nArtikel 25 (fol. 101r): Bis die Summen zur\u00fcckgezahlt wurden, hat der Brautvater oder dessen Erben das Verf\u00fcgungsrecht \u00fcber die Wittumsg\u00fcter und 1.200 Gulden j\u00e4hrlich, anderweitige Verschreibung \ndes Wittums ausgeschlossen\n\nArtikel 26 (fol. 101r-101v): Eide, Gel\u00fcbde und Gehorsam nach vollzogenem Beilager auf dem Wittum gegen \u00fcber der Braut, dem Brautvater oder dessen Erben geregelt\n\nArtikel 27 (fol. 101v): Erbhuldigung erw\u00e4hnt, Antritt des Wittums erw\u00e4hnt\n\nArtikel 28 (fol. 101v): Wenn die Braut stirbt und Erben vorhanden sind, die aber noch zu Leibzeiten der Braut versterben: G\u00fcltigkeit der vorher beschlossenen Erbregelungen festgelegt\n\nArtikel 29 (fol. 101v-102v): Wenn der Br\u00e4utigam vor der Braut verstirbt und Erben aus der Ehe vorhanden sind: Das Erbe soll anders verteilt werden, Antritt des Leibgedinges und Inanspruchnahme der Morgengabe geregelt, Leibgedinge Brief erw\u00e4hnt, lebenslange Nutzungsrechte festgelegt, die Braut erh\u00e4lt die Aussteuer, unverz\u00fcglicher Transport der Aussteuer zum Witwensitz erw\u00e4hnt; alles was die Braut w\u00e4hrend der Ehe erhalten hat, soll in ihrem Besitz verbleiben\n\nArtikel 30 (fol. 102v): Versorgung mit Lebensmitteln auf dem Leibgedinge zugesichert\n\nArtikel 31 (fol. 102v-103r): Wenn die Witwe erneut heiratet, wenn keine m\u00e4nnlichen Leibserben aus der Ehe vorhanden sind: Abl\u00f6sung des Leibgedinges geregelt, die Abl\u00f6sesumme betr\u00e4gt 40.000 Gulden; wenn m\u00e4nnliche Leibserben vorhanden sind, betr\u00e4gt die Abl\u00f6sesumme 35.000 Gulden; Zahlungsregelungen bez\u00fcglich der Widerlage, lebenslange Verzinsung geregelt, Gebrauchs- und Nutzungsrechte festgelegt, die Braut kann die Summen ohne Einschr\u00e4nkung nutzen\n\nArtikel 32 (fol. 103r): Abtretung des Leibgedinges geregelt, nach Zahlung der Abl\u00f6sesumme\n\nArtikel 33 (fol. 103r): Wenn die Abl\u00f6sesumme gezahlt wurde, erh\u00e4lt der Brautvater oder dessen Erben einen Versicherungsbrief\n\nArtikel 34 (fol. 103r-103v): Wenn die Braut verstirbt, erh\u00e4lt der Br\u00e4utigam das lebenslange Verf\u00fcgungsrecht \u00fcber das Heiratsgut, nach dessen Tod, f\u00e4llt das Heiratsgut an die gemeinsamen Erben aus der Ehe, nach deren Tod an die Leibserben der Erben\n\nArtikel 35 (fol. 103v): Wenn die Braut und der Br\u00e4utigam versterben und keine Leibserben vorhanden sind: Die Mitgift f\u00e4llt zur\u00fcck an den Brautvater oder dessen Erben; bis die Summe bezahlt wurde, erhalten der Brautvater oder dessen Erben das Verf\u00fcgungsrecht \u00fcber die H\u00e4lfte des Leibgedinges\n\nArtikel 36 (fol. 103v): Bei Abl\u00f6se des Leibgedinges: Bis die R\u00fcckzahlung der Abl\u00f6sesumme erfolgt, erh\u00e4lt der Brautvater oder dessen Erben das Verf\u00fcgungsrecht \u00fcber die H\u00e4lfte des Leibgedinges\n\nArtikel 37 (fol. 103v-104r): Leibgedinge-Brief erw\u00e4hnt\n\nArtikel 38 (fol. 104r): Die Braut ist f\u00fcr keinerlei m\u00f6gliche Schulden des Br\u00e4utigams haftbar oder pfandbar \n\nArtikel 39 (fol. 104r): Verkauf oder Versetzung der Wittumsg\u00fcter ohne Erlaubnis des Br\u00e4utigams oder dessen Erben verboten\n\nArtikel 40 (fol. 104r): Gebrauch des Leibgedinges durch den Br\u00e4utigam oder dessen Erben ausgeschlossen\n\nArtikel 41 (fol. 104r): Die Braut darf das Leibgedinge und die Morgengabe frei gebrauchen\n\nArtikel 42 (fol. 104r): Der Braut fallen die weltlichen und geistlichen Lehen auf dem Leibgedinge zu, die ritterlichen Lehen sind davon ausgeschlossen\n\nArtikel 43 (fol. 104r): Ritterdienste geregelt\n\nArtikel 44 (fol. 104r-104v): Regelungen bez\u00fcglich der Lehnsm\u00e4nner auf den Wittumsg\u00fctern, Zahlungen durch die Braut geregelt\n\nArtikel 45 (fol. 104v): Erhebung von Steuern auf den Wittumsg\u00fctern geregelt\n\nArtikel 46 (fol. 104v-105r): Einhaltung des Vertrages versprochen\n\nArtikel 47 (fol. 105r): Regelungen bez\u00fcglich Verweisungs- und Leibgedingebrief\n\nArtikel 48 (fol. 105r): Die Braut erh\u00e4lt 5.000 Gulden als j\u00e4hrliche Rente aus der Anlage der Mitgift, der Widerlage und der Morgengabe, Verschreibung unter anderem auf einem f\u00fcrstlichen Hof oder Schloss festgesetzt\n\nArtikel 49 (fol. 105r): Verweisung der 5.000 Gulden Leibgedinge, der Morgengabe etc. auf die Schl\u00f6sser und \u00c4mter Barth, Tribsees, Damgarten\n\nArtikel 50 (fol. 105r-105v): Zugeh\u00f6rungen zum Leibgedinge geregelt: Ober- und Niedergerichte, Zinsen, Renten, Fischereien, etc.\n\nArtikel 51 (fol. 105v-106r): Antritt des Leibgedinges geregelt, Nutzungs- und Gebrauchsrechte geregelt, Amtleute und Untertanen erw\u00e4hnt, Aussetzung von Steuern f\u00fcr das Wittum geregelt\n\nArtikel 52 (fol. 106r): Rechte, wie das Landsrecht, geregelt\n\nArtikel 53 (fol. 106r): Die Witweng\u00fcter m\u00fcssen im vorgefundenen Zustand erhalten werden, Erbst\u00fccke d\u00fcrfen nicht versetzt oder verkauft werden\n\nArtikel 54 (fol. 106r): Die Witweng\u00fcter sollen mit Amtleuten besetzt werden, die aus Pommern stammen, Eide der Amtleute an die Braut geregelt\n\nArtikel 55 (fol. 106r-106v): Schw\u00fcre der Amtleute gegen\u00fcber der Braut auf den Witweng\u00fctern geregelt, Treue und Gehorsam gegen\u00fcber der Braut versprochen\n\nArtikel 56 (fol. 106v): Das Leibgedinge soll bei Gesch\u00e4ften etc. der Nachkommen und Erben des Br\u00e4utigams unbehelligt bleiben; ansonsten muss ein anderes Amt als Ersatz binnen 4 Wochen bereitgestellt werden\n\nArtikel 57 (fol. 106v): Regelungen bez\u00fcglich der Dienstleute, 40 Pferde zugesprochen; Eide, Pflichten, etc. nach dem Tod des Br\u00e4utigams erw\u00e4hnt\n\nArtikel 58 (fol. 106v-107r): Wenn auf den Witweng\u00fctern ein Mangel an G\u00fctern oder finanziellen Mitteln besteht: Die Erben und Nachkommen des Br\u00e4utigams sollen die M\u00e4ngel erstatten; \u00dcberlauf des Amtes geregelt, Regelungen bez\u00fcglich der Amtleute\n\nArtikel 59 (fol. 107r): Falls die Witweng\u00fcter verpf\u00e4ndet oder verschrieben sind: Die Erben und Nachkommen des Br\u00e4utigams m\u00fcssen die Witweng\u00fcter ausl\u00f6sen, Eide und Schw\u00fcre der Amtleute und Untertanen gegen\u00fcber der Braut geregelt\n\nArtikel 60 (fol. 107r-107v): Falls die Braut nach dem Tod des Br\u00e4utigams erneut heiratet: Abl\u00f6sung des Wittums geregelt, die Aussteuer verbleibt bei der Braut\n\nArtikel 61 (fol. 107v-108r): Einhaltung des Vertrages versprochen\n\nArtikel 62 (fol. 120r): Leibgedinge- und Verweisungsbrief\n\nArtikel 63 (fol. 120r): Philipp von Pommern, Sohn des Br\u00e4utigams aus erster Ehe, tritt als Akteur auf\n\nArtikel 64 (fol. 120r): Die Braut erh\u00e4lt 5.000 Gulden j\u00e4hrlich an Renten, Pachten etc. zur Versorgung; Verweisung und Verschreibung von Mitgift, Widerlage und Morgengabe erw\u00e4hnt\n\nArtikel 65 (fol. 120r-120v): Witwensitz zugesprochen, bewegliche und unbewegliche G\u00fcter erw\u00e4hnt\n\nArtikel 66 (fol. 120v): Regelungen bez\u00fcglich der Aufteilung der Herzogt\u00fcmer Pommern-Wolgast und Pommern-Stettin zwischen Herzog Georgs Sohn, Philipp I., und seinem Onkel Barnim IX. erw\u00e4hnt\n\nArtikel 67 (fol. 120v): Best\u00e4tigung der \u00dcbergabe des Leibgedinges und der Morgengabe, Witweng\u00fcter Barth, Damgarten, Klempenow, Tribsees und Grimmen best\u00e4tigt, Witwensitz festgelegt; Gerichte, Pachten, Jagdrechte, Holznutzung etc. geregelt\n\nArtikel 68 (fol. 120v-121r): Summe von 5.000 Gulden best\u00e4tigt\n\nArtikel 69 (fol. 121r): Einhaltung der vorherigen Artikel versprochen\n\nArtikel 70 (fol. 121r): Nutzungsrechte geregelt\n\nArtikel 71 (fol. 121r): Einhaltung der Artikel auch f\u00fcr zuk\u00fcnftige Erben und Nachkommen geregelt\n\nArtikel 72 (fol. 121r): Treue und Gehorsam de Amtleute und Untertanen zugesichert\n\nArtikel 73 (fol. 121v): Die Braut kann auf den Witweng\u00fctern eigene Amtleute aus Pommern bestellen\n\nArtikel 74 (fol. 121v): Die Amtleute des Amtes Barth werden im Fall der Abtretung der Witweng\u00fcter durch den Herzog von Pommern oder dessen Erben weiter besch\u00e4ftigt\n\nArtikel 75 (fol. 121v-122r): Regelungen bez\u00fcglich der Steuern, das Leibgedinge wird von den Steuern ausgenommen\n\nArtikel 76 (fol. 122r): Verkauf oder Verpf\u00e4ndung von Erbst\u00fccken oder Teilen der Witweng\u00fctern verboten\n\nArtikel 77 (fol. 122r): Bei kriegsbedingten Sch\u00e4den an den Witweng\u00fctern, sollen diese durch den Herzog von Pommern oder dessen Erben erstattet werden; falls notwendig: Ersatz durch ein anderes Amt geregelt\n\nArtikel 78 (fol. 122r-123r): Den \u00c4mtern und Dienstleuten werden Pferde zugesprochen, Auflistung von Dienstleuten, Gehorsam und Pflicht der Dienstleute gegen\u00fcber der Braut geregelt, solange diese \u00fcber die Witweng\u00fcter verf\u00fcgt\n\nArtikel 79 (fol. 123r): Erbhuldigung erw\u00e4hnt, Verpflichtung der Amtleute und Dienstleute gegen\u00fcber dem Herzog von Pommern und dessen Erben erw\u00e4hnt, Verpflichtung zum Landesdienst und Kriegseins\u00e4tzen geregelt\n\nArtikel 80 (fol. 123r): Versorgung der Braut auf den Witweng\u00fctern geregelt; falls diese daf\u00fcr nicht ausreichen: Erstattung durch den Herzog von Pommern oder dessen Erben geregelt\n\nArtikel 81 (fol. 123r): Weitere finanzielle Regelungen hinsichtlich der Witweng\u00fcter\n\nArtikel 82 (fol. 123r-124r): \u00c4nderungen bez\u00fcglich der Landesteilung mit Barnim IX. von Pommern-Stettin innerhalb der n\u00e4chsten 8 Jahre vorbehalten, Erbteilung geregelt; liegen Teile der Witweng\u00fcter dann in dem Regierungsgebiet Barnims, sollen diese gegen andere \u00c4mter und Schl\u00f6sser ausgetauscht werden; 5.000 Gulden zur j\u00e4hrlichen Versorgung best\u00e4tigt, Ausstattung mit Pferden geregelt; Abtretung der Witweng\u00fcter und Entbindung der Amtleute und Untertanen von Pflichten, Eiden und Gehorsam geregelt; neue Eidleistungen von Amtleuten und Untertanen geregelt\n\nArtikel 83 (fol. 124r-124v): Wenn die Braut erneut heiratet: Die anderen Bestimmungen des Vertrages gelten weiterhin, Abl\u00f6sung des Wittums geregelt, die Braut beh\u00e4lt die Aussteuer und ihren \u00fcbrigen Besitz\n\nArtikel 84 (fol. 124v): Inventarliste des Hausrats der Witweng\u00fcter notwendig, Zahlung einer Summe vorgeschrieben; wenn die Witweng\u00fcter abgel\u00f6st werden, muss der Hausrat auf den Witweng\u00fctern verbleiben\n\nArtikel 85 (fol. 124v-125r): Erstattung von Sch\u00e4den an den Witweng\u00fctern durch die Braut geregelt\n\nArtikel 86 (fol. 125r): R\u00e4te und Zeugen erw\u00e4hnt","Regelungen \u00fcber Thronfolge und Regentschaft":"Artikel 82 (fol. 123r-124r): \u00c4nderungen bez\u00fcglich der Landesteilung mit dem Vetter Barnim (http:\/\/d-nb.info\/gnd\/10099721X) innerhalb der n\u00e4chsten 8 Jahre vorbehalten, Erbteilung geregelt; liegen Teile der Witweng\u00fcter dann in dem Regierungsgebiet Barnims, sollen diese gegen andere \u00c4mter und Schl\u00f6sser ausgetauscht werden; 5 000 Gulden zur j\u00e4hrlichen Versorgung best\u00e4tigt, Ausstattung mit Pferden geregelt; Abtretung der Witweng\u00fcter und Entbindung der Amtleute und Untertanen von Pflichten, Eiden und Gehorsam geregelt; neue Eidleistungen von Amtleuten und Untertanen geregelt","konfessionelle Regelungen":"","erbrechtliche Regelungen":"Artikel 21 (fol. 100r): Wenn die Braut vor dem Br\u00e4utigam stirbt und keine Leibserben vorhanden sind: Der Br\u00e4utigam erh\u00e4lt die Mitgift und die Aussteuer\n\nArtikel 22 (fol. 100r-100v): Erbverzicht der Braut auf alles v\u00e4terliche, m\u00fctterliche und br\u00fcderliche Erbe, der Erbfall f\u00fcr die Braut tritt nur ein, wenn alle m\u00e4nnlichen Mitglieder ihrer Familie versterben, Verzichtbrief notwendig\n\nArtikel 23 (fol. 100v): Wenn die Braut vor dem Br\u00e4utigam verstirbt und keine Leibserben vorhanden sind: Der Br\u00e4utigam erh\u00e4lt das lebenslange Nutzungsrecht \u00fcber die Aussteuer, Aush\u00e4ndigung einer Inventarliste an den Brautvater oder dessen Erben vorgeschrieben, nach dem Tod des Br\u00e4utigams f\u00e4llt die Aussteuer zur\u00fcck an den Brautvater, dessen Erben oder die n\u00e4chsten Erben des Hauses\n\nArtikel 24 (fol. 100v-101r): Wenn die Braut vor dem Br\u00e4utigam stirbt und keine Leibserben vorhanden sind: Der Br\u00e4utigam erh\u00e4lt das lebenslange Nutzungsrecht \u00fcber die Mitgift, nach dem Tod des Br\u00e4utigams f\u00e4llt die Mitgift zur\u00fcck an den Brautvater, dessen Erben oder die n\u00e4chsten Erben der Braut\n\nArtikel 25 (fol. 101r): Bis die Summen zur\u00fcckgezahlt wurden, hat der Brautvater oder dessen Erben das Verf\u00fcgungsrecht \u00fcber die Wittumsg\u00fcter und 1.200 Gulden j\u00e4hrlich, anderweitige Verschreibung \ndes Wittums ausgeschlossen\n\nArtikel 27 (fol. 101v): Erbhuldigung erw\u00e4hnt, Antritt des Wittums erw\u00e4hnt\n\nArtikel 28 (fol. 101v): Wenn die Braut stirbt und Erben vorhanden sind, die aber noch zu Leibzeiten der Braut versterben: G\u00fcltigkeit der vorher beschlossenen Erbregelungen festgelegt\n\nArtikel 29 (fol. 101v-102v): Wenn der Br\u00e4utigam vor der Braut verstirbt und Erben aus der Ehe vorhanden sind: Das Erbe soll anders verteilt werden, Antritt des Leibgedinges und Inanspruchnahme der Morgengabe geregelt, Leibgedinge Brief erw\u00e4hnt, lebenslange Nutzungsrechte festgelegt, die Braut erh\u00e4lt die Aussteuer, unverz\u00fcglicher Transport der Aussteuer zum Witwensitz erw\u00e4hnt; alles was die Braut w\u00e4hrend der Ehe erhalten hat, soll in ihrem Besitz verbleiben\nArtikel 34 (fol. 103r-103v): Wenn die Braut verstirbt, erh\u00e4lt der Br\u00e4utigam das lebenslange Verf\u00fcgungsrecht \u00fcber das Heiratsgut, nach dessen Tod, f\u00e4llt das Heiratsgut an die gemeinsamen Erben aus der Ehe, nach deren Tod an die Leibserben der Erben\n\nArtikel 35 (fol. 103v): Wenn die Braut und der Br\u00e4utigam versterben und keine Leibserben vorhanden sind: Die Mitgift f\u00e4llt zur\u00fcck an den Brautvater oder dessen Erben; bis die Summe bezahlt wurde, erhalten der Brautvater oder dessen Erben das Verf\u00fcgungsrecht \u00fcber die H\u00e4lfte des Leibgedinges\n\nArtikel 79 (fol. 123r): Erbhuldigung erw\u00e4hnt, Verpflichtung der Amtleute und Dienstleute gegen\u00fcber dem Herzog von Pommern und dessen Erben erw\u00e4hnt, Verpflichtung zum Landesdienst und Kriegseins\u00e4tzen geregelt\n"},"Einordnung des Vertrags":{"Textbezug zu vergangenen Ereignissen?":"","st\u00e4ndische Instanzen beteiligt?":"","externe Instanzen beteiligt?":"Artikel 66 (fol. 120v): Regelungen bez\u00fcglich der Aufteilung der Herzogt\u00fcmer Pommern-Wolgast und Pommern-Stettin zwischen Herzog Georgs Sohn, Philipp I., und seinem Onkel Barnim IX. erw\u00e4hnt\n\nArtikel 82 (fol. 123r-124r): \u00c4nderungen bez\u00fcglich der Landesteilung mit Barnim IX. von Pommern-Stettin innerhalb der n\u00e4chsten 8 Jahre vorbehalten, Erbteilung geregelt; liegen Teile der Witweng\u00fcter dann in dem Regierungsgebiet Barnims, sollen diese gegen andere \u00c4mter und Schl\u00f6sser ausgetauscht werden; 5.000 Gulden zur j\u00e4hrlichen Versorgung best\u00e4tigt, Ausstattung mit Pferden geregelt; Abtretung der Witweng\u00fcter und Entbindung der Amtleute und Untertanen von Pflichten, Eiden und Gehorsam geregelt; neue Eidleistungen von Amtleuten und Untertanen geregelt","Ratifikationen, Best\u00e4tigungen, Genehmigungen erw\u00e4hnt?":"","weitere Vertr\u00e4ge zwischen Vertragsparteien im Zusammenhang mit dieser Ehe":"","Schlagw\u00f6rter":"","Kommentar":"Vertrag im Original nicht in Artikel unterteilt.\n\nEnth\u00e4lt 2 Leibgedingebriefe mit unterschiedlichen Ausstellern auf der Seite des Br\u00e4utigams (1. Brief: Br\u00e4utigam, fol. 116r-119r; 2. Brief: Sohn des Br\u00e4utigams aus erster Ehe, Philipp I. von Pommern-Wolgast,  fol. 120r-125v).\n","Literatur":""}}}