{"Dokument":{"Name":"Frankreich - Frankreich","In Bearbeitung":"Nein","main":{"Name":"Ehevertrag Frankreich - Frankreich 1506","Zuletzt ge\u00e4ndert":"2017-07 BB"},"Grunddaten Ehevertrag":{"Vertragspartner Br\u00e4utigam":"Frankreich","Vertragspartner Braut":"Frankreich","Datum Vertragsschlie\u00dfung":"1506-05-22","Ort Vertragsschlie\u00dfung":"Montils - les - tours","Eheschlie\u00dfung vollzogen?":"Ja","verschiedenkonfessionelle Ehe?":"Nein"},"Br\u00e4utigam":{"Br\u00e4utigam Name, Titel":"Franz, Herzog von Valois (sp\u00e4ter als Franz I. K\u00f6nig von Frankreich)","Br\u00e4utigam GND":"http:\/\/d-nb.info\/gnd\/118534947","Br\u00e4utigam Geburtsjahr":"1494-00-00","Br\u00e4utigam Sterbejahr":"1547-00-00","Br\u00e4utigam Dynastie":"Valois","Br\u00e4utigam Konfession":"R\u00f6misch-Katholisch"},"Braut":{"Braut Name, Titel":"Claudia von Frankreich (Claude)","Braut GND":"http:\/\/d-nb.info\/gnd\/12406163X","Braut Geburtsjahr":"1499-00-00","Braut Sterbejahr":"1524-00-00","Braut Dynastie":"Valois","Braut Konfession":"R\u00f6misch-Katholisch"},"Akteur Br\u00e4utigam":{"Akteur Br\u00e4utigam Name, Titel":"Louise von Savoyen, Gr\u00e4fin von Angouleme","Akteur Br\u00e4utigam GND":"http:\/\/d-nb.info\/gnd\/121233782","Akteur Br\u00e4utigam Dynastie":"Savoyen","Akteur Br\u00e4utigam Verh\u00e4ltnis zu Br\u00e4utigam":"Mutter"},"Akteur Braut":{"Akteur Braut Name, Titel":"Ludwig XII., K\u00f6nig von Frankreich","Akteur Braut GND":"http:\/\/d-nb.info\/gnd\/119020688","Akteur Braut Dynastie":"Valois","Akteur Braut Verh\u00e4ltnis zu Braut":"Vater"},"Vertragstext":{"Archivexemplar":"nicht nachgewiesen","Vertragssprache Archivexemplar":"nicht nachgewiesen","Digitalisat Archivexemplar":"-","Drucknachweis":"Dumont 1726-1739, Bd. IV:1, S. 88 f.","Vertragssprache Druck":"Franz\u00f6sisch","Digitalisat Druck":"https:\/\/gallica.bnf.fr\/ark:\/12148\/bpt6k12634404\/f108.item","Vertragsinhalt":"[Pr\u00e4] \u2013 auf Rat von F\u00fcrsten und Deputierten des K\u00f6nigreichs, versammelt in Tours, zu Nutzen und Sicherheit von K\u00f6nigreich und Untertanen: Eheschlie\u00dfung ausgehandelt, Verlobung vollzogen, Ehevertrag geschlossen: durch Vertragspartner f\u00fcr Brautleute (88 li \u2013 re)\r\n\r\n[1] \u2013 Eheschlie\u00dfung vereinbart: zum Vollzug unmittelbar nach Vollj\u00e4hrigkeit der Brautleute\r\n\r\n[2] \u2013 Mitgift festgelegt: Grafschaften und Herrschaften \u00fcberlassen von Brautvater an Braut, Nutzungsrecht vorbehalten auf Lebenszeit von Brautvater \u2013 \u00c4nderungen vorbehalten: falls Sohn von Brautvater geboren \u2013 Geldzahlung \u00fcberlassen von Brautmutter an Braut: Zahlung geregelt, zur Anlage durch Br\u00e4utigam, zur Versorgung von Braut, zu erblichem Besitz der Braut \u2013 ggf. R\u00fcckfall nach Tod der Braut ohne Kinder geregelt (88 re)\r\n\r\n[3] \u2013 falls Sohn von Brautvater geboren: Vererbung von Herzogtum Bretagne durch Brautmutter an Sohn m\u00f6glich, ungeachtet Ehevertrag zwischen Brautvater und Brautmutter (88 re)\r\n\r\n[4] \u2013 Witwenversorgung geregelt: abh\u00e4ngig von Thronfolge von Br\u00e4utigam, entweder mit \u00fcblichen k\u00f6niglichen Witweng\u00fctern oder mit einem Drittel von G\u00fctern des Br\u00e4utigams (88 re)\r\n\r\n[Esch] \u2013 Einhaltung zugesichert, Ratifikation versprochen: durch Brautvater, Brautmutter, Br\u00e4utigammutter (88 re \u2013 89 li)\r\n","Regelungen \u00fcber Thronfolge und Regentschaft":"Witwenversorgung geregelt: abh\u00e4ngig von Thronfolge von Br\u00e4utigam - 4\r\n","konfessionelle Regelungen":"","erbrechtliche Regelungen":"Geldzahlung \u00fcberlassen von Brautmutter an Braut: Zahlung geregelt, zur Anlage durch Br\u00e4utigam, zur Versorgung von Braut, zu erblichem Besitz der Braut \u2013 2\r\n\r\nfalls Sohn von Brautvater geboren: Vererbung von Herzogtum Bretagne durch Brautmutter an Sohn m\u00f6glich, ungeachtet Ehevertrag zwischen Brautvater und Brautmutter - 3\r\n\r\n[4] \u2013 Witwenversorgung geregelt: abh\u00e4ngig von Thronfolge von Br\u00e4utigam, entweder mit \u00fcblichen k\u00f6niglichen Witweng\u00fctern oder mit einem Drittel von G\u00fctern des Br\u00e4utigams (88 re)\r\n\r\n[Esch] \u2013 Einhaltung zugesichert, Ratifikation versprochen: durch Brautvater, Brautmutter, Br\u00e4utigammutter (88 re \u2013 89 li)\r\n"},"Einordnung des Vertrags":{"Textbezug zu vergangenen Ereignissen?":"","st\u00e4ndische Instanzen beteiligt?":"","externe Instanzen beteiligt?":"","Ratifikationen, Best\u00e4tigungen, Genehmigungen erw\u00e4hnt?":"","weitere Vertr\u00e4ge zwischen Vertragsparteien im Zusammenhang mit dieser Ehe":"","Schlagw\u00f6rter":"","Kommentar":"-","Literatur":"-"}}}