{"Dokument":{"Name":"Sachsen-Merseburg - Schleswig-Holstein-Sonderburg-Gl\u00fccksburg","In Bearbeitung":"Nein","main":{"Name":"Ehevertrag Sachsen-Merseburg - Schleswig-Holstein-Sonderburg-Gl\u00fccksburg 1650","Zuletzt ge\u00e4ndert":"2021-04 JT"},"Grunddaten Ehevertrag":{"Vertragspartner Br\u00e4utigam":"Sachsen-Merseburg","Vertragspartner Braut":"Schleswig-Holstein-Sonderburg-Gl\u00fccksburg","Datum Vertragsschlie\u00dfung":"1650-11-19","Ort Vertragsschlie\u00dfung":"Nicht Nachgewiesen","Eheschlie\u00dfung vollzogen?":"Ja","verschiedenkonfessionelle Ehe?":"Nein"},"Br\u00e4utigam":{"Br\u00e4utigam Name, Titel":"Christian I. Herzog von Sachsen-Mersenburg, Administrator des Bistums Merseburg","Br\u00e4utigam GND":"http:\/\/d-nb.info\/gnd\/104174420","Br\u00e4utigam Geburtsjahr":"1615-00-00","Br\u00e4utigam Sterbejahr":"1691-00-00","Br\u00e4utigam Dynastie":"Wettin (Albertiner)","Br\u00e4utigam Konfession":"Evangelisch-Lutherisch"},"Braut":{"Braut Name, Titel":"Christiane von Schleswig-Holstein-Sonderburg-Gl\u00fccksburg","Braut GND":"http:\/\/d-nb.info\/gnd\/120064871","Braut Geburtsjahr":"1634-00-00","Braut Sterbejahr":"1701-00-00","Braut Dynastie":"unbekannt","Braut Konfession":"Evangelisch-Lutherisch"},"Akteur Br\u00e4utigam":{"Akteur Br\u00e4utigam Name, Titel":"Johann Georg I. Kurf\u00fcrst von Sachsen","Akteur Br\u00e4utigam GND":"http:\/\/d-nb.info\/gnd\/100029752","Akteur Br\u00e4utigam Dynastie":"Wettin (Albertiner)","Akteur Br\u00e4utigam Verh\u00e4ltnis zu Br\u00e4utigam":"Vater","Akteur Br\u00e4utigam Name, Titel (32)":"Christian I. Herzog von Sachsen-Mersenburg, Administrator des Bistums Merseburg","Akteur Br\u00e4utigam GND (65)":"http:\/\/d-nb.info\/gnd\/104174420","Akteur Br\u00e4utigam Dynastie (35)":"Wettin (Albertiner)","Akteur Br\u00e4utigam Verh\u00e4ltnis zu Br\u00e4utigam (34)":"Selbst"},"Akteur Braut":{"Akteur Braut Name, Titel":"Philipp Herzog von Schleswig-Holstein-Sonderburg-Gl\u00fccksburg","Akteur Braut GND":"http:\/\/d-nb.info\/gnd\/124800939","Akteur Braut Dynastie":"unbekannt","Akteur Braut Verh\u00e4ltnis zu Braut":"Vater"},"Vertragstext":{"Archivexemplar":"HStA Drd, 10001 O.U. 13220","Vertragssprache Archivexemplar":"Deutsch","Digitalisat Archivexemplar":"-","Drucknachweis":"nicht nachgewiesen","Vertragssprache Druck":"nicht nachgewiesen","Digitalisat Druck":"-","Vertragsinhalt":"Artikel 1: Ehe beschlossen zur Festigung der alten Verwandtschaft und Freundschaft zwischen beiden F\u00fcrstent\u00fcmern etc., zur\u00fcckliegende Verlobung auf Schloss Nyk\u00f8bing in D\u00e4nemark erw\u00e4hnt\r\n\r\nArtikel 2: Einverst\u00e4ndnis des Brautvaters und der Braut selbst bekundet, Beilager geregelt\r\n\r\nArtikel 3: Mitgift bzw. Heiratsgut auf 15.000 Reichstaler festgesetzt; anstatt Silbers erh\u00e4lt die Braut 2.000 Reichtaler, Aussteuer geregelt, Zahlung innerhalb eines Jahres, Quittierung geregelt \r\n\r\nArtikel 4: Braut leistet ausdr\u00fccklich keinen Erbverzicht, sondern erh\u00e4lt gleichen Erbteil wie ihre Schwestern\r\n\r\nArtikel 5: Braut erh\u00e4lt 6.000 Reichtaler j\u00e4hrlich mit Verzinsung von f\u00fcnf Prozent als Morgengabe, Verf\u00fcgungsrecht der Braut geregelt, Christiane kann die Summe auch nach Bezug ihres Wittums weiter frei nutzen, formelle Verschreibung der Morgengabe vereinbart\r\n\r\nArtikel 6: Widerlage auf 15.000 Reichstaler festgesetzt; Anlage der Gesamtsumme aus Mitgift und Widerlage auf dem Amt Sangerhausen geregelt, das mit allen zugeh\u00f6rigen G\u00fctern, Eink\u00fcnften und Rechten als Wittum ausgewiesen wird, 3.000 Reichstaler als j\u00e4hrliches Witweneinkommen festgelegt, wenn die Summe nicht erzielt wird, wird Differenz erstattet, angemessene Verzinsung und Anweisung der Amtsleute zugesichert\r\n\r\nArtikel 7: weitere finanzielle Regelungen; landesherrliche Lehens- und Hoheitsrechte und Regalien bleiben dem Kurf\u00fcrsten von Sachsen und seinen Erben und Nachkommen vorbehalten, Nutzung dieser Rechte darf aber nicht zu Christianes finanziellem Nachteil erfolgen\r\n\r\nArtikel 8: Gehorsam von Beamten und Untertanen auf dem Wittumsgut gegen\u00fcber Christiane zugesichert, abgesehen von F\u00e4llen, in denen die spezifizierten Hoheitsrechte und Regalien ber\u00fchrt werden; Verpflichtung Christianes zur unver\u00e4nderten Einhaltung der alten Rechte und Freiheiten der Untertanen geregelt\r\n\r\nArtikel 9: Schutz und Verteidigung des Wittums durch die s\u00e4chsische Seite versprochen\r\n\r\nArtikel 10: finanzielle Lasten, die auf dem Wittum liegen, sollen durch die s\u00e4chsische Linie abgel\u00f6st werden, oder es muss anderweitig daf\u00fcr gesorgt werden, dass die Witwenrente von 3.000 Reichstalern j\u00e4hrlich erzielt wird\r\n\r\nArtikel 11: Bezug der Witweng\u00fcter nach dem Tod des Br\u00e4utigams geregelt, Anfertigung von Inventarliste \u00fcber vorhandene Ausstattung vereinbart, Ausstattung mit dar\u00fcber hinaus ben\u00f6tigtem Hausrat sowie Vorr\u00e4ten geregelt\r\n\r\nArtikel 12: Verpf\u00e4ndung und \u00d6ffnung des Wittums ohne Erlaubnis der s\u00e4chsischen Seite ausgeschlossen; bauliche Instandhaltung obliegt s\u00e4chsischer Seite\r\n\r\nArtikel 13: Materialbeschaffung f\u00fcr bauliche Instandhaltung des Wittums geregelt\r\n\r\nArtikel 14: falls die Braut vor dem Br\u00e4utigam verstirbt und keine gemeinsamen Leibeserben vorhanden sind, erh\u00e4lt er lebenslanges Nutzungsrecht an den 15.000 Reichstalern Mitgift und der Aussteuer, sofern keine anderweitige rechtliche Disposition bez\u00fcglich des Heiratsguts vorliegt; Anfertigung von Inventar zugesichert; R\u00fcckfall an Familie der Braut nach Tod des Br\u00e4utigams geregelt \r\n\r\nArtikel 15: falls der Br\u00e4utigam vor der Braut verstirbt und gemeinsame unm\u00fcndige Leibeserben vorhanden sind, sollen diese nach Verordnung des Br\u00e4utigams bevormundet werden, Unterhalt und Erziehung d\u00fcrfen nicht auf Kosten des Wittums erfolgen\r\n\r\nArtikel 16: Nutzung des Wittums samt Hausrat, der Aussteuer und Morgengabe zugesichert, solange Christiane nach Verwitwung nicht erneut heiratet \r\n\r\nArtikel 17: falls die Witwe erneut heiratet: Abtretung des Wittums gegen Abl\u00f6sung von 15.000 Reichstalern, Nutzung von Widerlage und Morgengabe in diesem Fall samt Verzinsung und Kaution geregelt\r\n\r\nArtikel 18: falls Christiane verstirbt und aus zweiter Ehe Kinder hinterl\u00e4sst: gleichm\u00e4\u00dfige Aufteilung der 15.000 Reichtaler Mitgift und sonstigen Besitzes auf die Nachkommen aus erster und zweiter Ehe, Widerlage wird allein an Nachkommen aus erster Ehe vererbt, Kaution wird kassiert\r\n\r\nArtikel 19: falls die Witwe nicht erneut heiratet: Schutz auf dem Wittum versprochen, nach dem Tod der Braut f\u00e4llt das Wittum zur\u00fcck an die Erben des Br\u00e4utigams; pers\u00f6nlicher Nachlass der Braut, soll an ihre Familie zur\u00fcckfallen\r\n\r\nArtikel 20: Hausrat des Wittums ist gem\u00e4\u00df der vereinbarten Inventarliste zu hinterlassen\r\n\r\nArtikel 21: Brautvater und seine Erben erhalten das Recht, das Wittum zu nutzen, bis ihnen die Mitgift erstattet und der Nachlass der Braut \u00fcbergeben wurden, Gehorsam der Untertanen zugesichert; eventuelle Schulden des Br\u00e4utigams werden durch dessen Erben getilgt, Christiane ist von der Haftung daf\u00fcr ausgenommen; Schulden der Braut werden durch ihre Erben abgetragen\r\n\r\nArtikel 22: falls Braut oder Br\u00e4utigam vor dem Beilager versterben sollten, ist der Vertrag hinf\u00e4llig","Regelungen \u00fcber Thronfolge und Regentschaft":"","konfessionelle Regelungen":"","erbrechtliche Regelungen":"Artikel 4: Braut leistet ausdr\u00fccklich keinen Erbverzicht, sondern erh\u00e4lt gleichen Erbteil wie ihre Schwestern\r\n\r\nArtikel 14: falls die Braut vor dem Br\u00e4utigam verstirbt und keine gemeinsamen Leibeserben vorhanden sind, erh\u00e4lt er lebenslanges Nutzungsrecht an den 15.000 Reichstalern Mitgift und der Aussteuer, sofern keine anderweitige rechtliche Disposition bez\u00fcglich des Heiratsguts vorliegt; Anfertigung von Inventar zugesichert; R\u00fcckfall an Familie der Braut nach Tod des Br\u00e4utigams geregelt \r\n\r\nArtikel 15: falls der Br\u00e4utigam vor der Braut verstirbt und gemeinsame unm\u00fcndige Leibeserben vorhanden sind, sollen diese nach Verordnung des Br\u00e4utigams bevormundet werden, Unterhalt und Erziehung d\u00fcrfen nicht auf Kosten des Wittums erfolgen\r\n\r\nArtikel 18: falls Christiane verstirbt und aus zweiter Ehe Kinder hinterl\u00e4sst: gleichm\u00e4\u00dfige Aufteilung der 15.000 Reichtaler Mitgift und sonstigen Besitzes auf die Nachkommen aus erster und zweiter Ehe, Widerlage wird allein an Nachkommen aus erster Ehe vererbt, Kaution wird kassiert\r\n\r\nArtikel 19: falls die Witwe nicht erneut heiratet: Schutz auf dem Wittum versprochen, nach dem Tod der Braut f\u00e4llt das Wittum zur\u00fcck an die Erben des Br\u00e4utigams; pers\u00f6nlicher Nachlass der Braut, soll an ihre Familie zur\u00fcckfallen"},"Einordnung des Vertrags":{"Textbezug zu vergangenen Ereignissen?":"","st\u00e4ndische Instanzen beteiligt?":"","externe Instanzen beteiligt?":"","Ratifikationen, Best\u00e4tigungen, Genehmigungen erw\u00e4hnt?":"","weitere Vertr\u00e4ge zwischen Vertragsparteien im Zusammenhang mit dieser Ehe":"","Schlagw\u00f6rter":"","Kommentar":"Vertrag verf\u00fcgt im Original \u00fcber keine Nummerierung der Artikel.","Literatur":"-"}}}