{"Dokument":{"Name":"Frankreich - \u00d6sterreich","In Bearbeitung":"Nein","main":{"Name":"Ehevertrag Frankreich - \u00d6sterreich 1770","Zuletzt ge\u00e4ndert":"2020-04 JK"},"Grunddaten Ehevertrag":{"Vertragspartner Br\u00e4utigam":"Frankreich","Vertragspartner Braut":"\u00d6sterreich","Datum Vertragsschlie\u00dfung":"1770-04-14","Ort Vertragsschlie\u00dfung":"Wien","Eheschlie\u00dfung vollzogen?":"Ja","verschiedenkonfessionelle Ehe?":"Nein"},"Br\u00e4utigam":{"Br\u00e4utigam Name, Titel":"Ludwig (XVI.) von Frankreich","Br\u00e4utigam GND":"http:\/\/d-nb.info\/gnd\/118574949","Br\u00e4utigam Geburtsjahr":"1754-00-00","Br\u00e4utigam Sterbejahr":"1793-00-00","Br\u00e4utigam Dynastie":"Bourbon (Frankreich)","Br\u00e4utigam Konfession":"R\u00f6misch-Katholisch"},"Braut":{"Braut Name, Titel":"Marie Antoinette von \u00d6sterreich","Braut GND":"http:\/\/d-nb.info\/gnd\/118577905","Braut Geburtsjahr":"1755-00-00","Braut Sterbejahr":"1793-00-00","Braut Dynastie":"Habsburg (\u00d6sterreich)","Braut Konfession":"R\u00f6misch-Katholisch"},"Akteur Br\u00e4utigam":{"Akteur Br\u00e4utigam Name, Titel":"Ludwig XV., K\u00f6nig von Frankreich","Akteur Br\u00e4utigam GND":"http:\/\/d-nb.info\/gnd\/118729438","Akteur Br\u00e4utigam Dynastie":"Bourbon (Frankreich)","Akteur Br\u00e4utigam Verh\u00e4ltnis zu Br\u00e4utigam":"Gro\u00dfvater"},"Akteur Braut":{"Akteur Braut Name, Titel":"Joseph II., Kaiser","Akteur Braut GND":"http:\/\/d-nb.info\/gnd\/118558404","Akteur Braut Dynastie":"Habsburg (\u00d6sterreich)","Akteur Braut Verh\u00e4ltnis zu Braut":"Bruder","Akteur Braut Name, Titel (36)":"Maria Theresia, Kaiserinwitwe","Akteur Braut GND (66)":"http:\/\/d-nb.info\/gnd\/118577867","Akteur Braut Dynastie (40)":"Habsburg (\u00d6sterreich)","Akteur Braut Verh\u00e4ltnis zu Braut (38)":"Mutter"},"Vertragstext":{"Archivexemplar":" AT-OeStA\/HHStA, UR FUK 2054a; Trait\u00e9s et accords de la France, TRA17700001","Vertragssprache Archivexemplar":"Franz\u00f6sisch","Digitalisat Archivexemplar":"-","Drucknachweis":"nicht nachgewiesen","Vertragssprache Druck":"nicht nachgewiesen","Digitalisat Druck":"-","Vertragsinhalt":"Artikel 1: Eheschlie\u00dfung vereinbart: mit p\u00e4pstlicher Dispens, am Wiener Hof, durch Prokurator\r\n\r\nArtikel 2: \u00dcberf\u00fchrung Marie Antoinettes geregelt\r\n\r\nArtikel 3: Mitgift (200.000 rheinische Florin) festgelegt\r\n\r\nArtikel 4-5: Eigentum an, ggf. R\u00fcckfall von Mitgift geregelt: bei Tod Marie Antoinettes ohne vollj\u00e4hrige Nachkommen, bis auf testamentarisch bestimmte Summe\r\n\r\nArtikel 6: Erbverzicht Marie Antoinettes geregelt: au\u00dfer bei Fehlen von besser berechtigten Erben des Franz I. Stephans und Maria Theresias\r\n\r\nArtikel 7: Brautschatz festgelegt\r\n\r\nArtikel 8: Brautgeschenke festgelegt\r\n\r\nArtikel 9: Leibgedinge festgelegt: inkl. Herzogstitel, G\u00fcterverwaltung durch Marie Antoinette, als Witwenversorgung\r\n\r\nArtikel 10: Unterhalt Marie Antoinettes geregelt\r\n\r\nArtikel 11: R\u00fcckkehrrecht als Witwe nach \u00d6sterreich zugesichert\r\n\r\nArtikel 12: Vererbung von pers\u00f6nlichem Nachla\u00df Marie Antoinettes geregelt: Familienjuwelen ausgenommen\r\n\r\nArtikel 13: Ratifikation geregelt\r\n\r\nSeparatartikel I: Vertragssprache franz\u00f6sisch geregelt, doch nicht als Pr\u00e4zedenzfall \r\n\r\nSeparatartikel II: H\u00f6he der Mitgiften zwischen Frankreich und \u00d6sterreich begrenzt, festgelegt, zur Erleichterung k\u00fcnftiger Eheverbindungen","Regelungen \u00fcber Thronfolge und Regentschaft":"","konfessionelle Regelungen":"","erbrechtliche Regelungen":"Artikel 6: Erbverzicht Marie Antoinettes geregelt: au\u00dfer bei Fehlen von besser berechtigten Erben des Franz I. Stephans und Maria Theresias\r\n\r\nArtikel 12: Vererbung von pers\u00f6nlichem Nachla\u00df Marie Antoinettes geregelt: Familienjuwelen ausgenommen"},"Einordnung des Vertrags":{"Textbezug zu vergangenen Ereignissen?":"","st\u00e4ndische Instanzen beteiligt?":"","externe Instanzen beteiligt?":"p\u00e4pstlicher Prokurator","Ratifikationen, Best\u00e4tigungen, Genehmigungen erw\u00e4hnt?":"Artikel 13: Ratifikation geregelt","weitere Vertr\u00e4ge zwischen Vertragsparteien im Zusammenhang mit dieser Ehe":"Vertrag von Wien 1766.06.24 \u00fcber die Aufhebung des Abzugsrechts - Vertrag von Br\u00fcssel 1766.09.06 \u00fcber die Auslieferung von Deserteuren - Vertrag von Versailles 1769.05.16 \u00fcber Grenzfragen, Hafengeb\u00fchren, R\u00fcckgabe beschlagnahmter Munition - Vertrag von Br\u00fcssel 1775.10.14 \u00fcber Regularpfr\u00fcnden","Schlagw\u00f6rter":"","Kommentar":"\u00dc - Eheversprechen vor Vertrag erw\u00e4hnt (Pr\u00e4ambel)\r\n\r\nZum Zeitpunkt der Eheschlie\u00dfung war Ludwig XVI. noch Dauphin und nicht K\u00f6nig von Frankreich.\r\n\r\nAuf der Website Trait\u00e9s et accords de la France ist kein Digitalisat des Vertrags vorhanden; zus\u00e4tzliche Informationen zum Vertrag unter https:\/\/basedoc.diplomatie.gouv.fr\/exl-php\/recherche\/mae_internet___traites unter Verwendung der Signatur (TRA17700001).","Literatur":"-"}}}