{"Dokument":{"Name":"Braunschweig-L\u00fcneburg-Calenberg - Brandenburg","In Bearbeitung":"Nein","main":{"Name":"Ehevertrag Braunschweig-L\u00fcneburg-Calenberg - Brandenburg 1525","Zuletzt ge\u00e4ndert":"2021-03 JT"},"Vertragstext":{"konfessionelle Regelungen":"","erbrechtliche Regelungen":"Artikel 11 (fol. 79r): Vererbung der Widerlage geregelt\r\n\r\nArtikel 14 (fol. 79r-79v): Regelungen, falls Zusagen wie Leibgedinge und Morgengabe nicht (in vollem Umfang) eingehalten werden k\u00f6nnen, Erben des F\u00fcrstentums des Br\u00e4utigams werden zur Begleichung der Zahlungen verpflichtet, Braut erbt Teil der L\u00e4ndereien (?)\r\n\r\nArtikel 17 (fol. 80r-80v): Braut verzichtet auf ihr v\u00e4terliches, m\u00fctterliches und br\u00fcderliches Erbe, sie erbt nur einen Anteil daran, wenn alle anderen m\u00e4nnlichen Leibeserben ohne Erben versterben\r\n\r\nArtikel 18 (fol. 80v-81r): Wenn die Braut verstirbt und keine Leibeserben aus Ehe vorhanden, sollen Schmuck, Silber, Kleinodien und Kleider, die die Braut anl\u00e4sslich der Ehe erhalten hat, schriftlich erfasst werden, Gegenst\u00e4nde d\u00fcrfen Zeit seines Lebens von dem Br\u00e4utigam genutzt werden, nach Tod des Br\u00e4utigams R\u00fcckgabe an v\u00e4terliche Linie der Braut \r\n\r\nArtikel 19 (81r-81v): Erbhuldigung, Erbrechtliche Regelungen, Vererbung von Widerlage und Mitgift, Schl\u00f6ssern, G\u00fctern, wenn Leibeserben aus Ehe vorhanden sind\r\n\r\nArtikel 20 (fol. 81v): Vererbung (des Heiratsgutes etc.) an die Leibeserben aus der Ehe und deren Leibeserben geregelt\r\n\r\n\r\nArtikel 20 (fol. 81v): Vererbung (des Heiratsgutes etc.) an die Leibeserben aus der Ehe und deren Leibeserben geregelt\r\n\r\nArtikel 22 (fol. 82v): Versicherung, B\u00fcrgschaft, Verschreibung \u00fcber Besitz des Br\u00e4utigams \u00fcber die 40 000 Gulden, Vererbung geregelt; ohne vorhandene Leibeserben aus der Ehe, fallen die 20 000 Gulden nach dem Tod der Braut zur\u00fcck an die v\u00e4terliche Linie der Braut\r\n\r\nArtikel 23 (fol. 82v-83r): Vererbung der Morgengabe geregelt, soll bei Br\u00e4utigam bleiben\r\n\r\nArtikel 32 (fol. 85v): Erbverzichtsbrief der Braut\r\n","Archivexemplar":"GStA, I. HA Rep. 78, Nr. 24, fol. 76r \u2013 84r; ge\u00e4nderter Vertrag bzgl. Beilager 20 Februar 1525 ebd. Fol. 84r \u2013 85v  72r-73v, 76r-89v, 91r-94v, 116r-119r","Vertragssprache Archivexemplar":"Deutsch","Digitalisat Archivexemplar":"https:\/\/archivdatenbank.gsta.spk-berlin.de\/midosasearch-gsta\/MidosaSEARCH\/i_ha_rep_78_und_78_a\/index.htm?kid=GStA_i_ha_rep_78_und_78_a_8&uid=GStA_i_ha_rep_78_und_78_a_I_HA_Rep_78_Nr_24","Drucknachweis":"nicht nachgewiesen","Vertragssprache Druck":"nicht nachgewiesen","Digitalisat Druck":"-","Vertragsinhalt":"Artikel 1 (fol. 72r): Ehe vereinbart\r\n\r\nArtikel 2 (fol. 72r-72v): Beilager vereinbart, erst 2 000, dann 5 000 Gulden als Ehegeld (Morgengabe?)\r\n\r\nArtikel 3 (fol. 72v-73r): 13 000 Gulden, dann 32 000 Gulden als Heiratsgeld (Mitgift), wenn der Brautvater vor Beendigung der Zahlung verstirbt, sind dessen Nachkommen zur Begleichung der Summe verpflichtet, Zahlungszeitraum festgelegt\r\n\r\nArtikel 4 (fol. 73r): Leibgedinge, Wittum und Morgengabe erw\u00e4hnt, Versorgung zugesichert\r\n\r\nArtikel 5 (fol. 73v): Beilager geregelt\r\n\r\nArtikel 6 (fol. 77v): Einverst\u00e4ndnis der Verwandtschaft und Dispens des Papstes vor den Beilager einzuholen, Dispens auf Kosten des Brautvaters\r\n\r\nArtikel 7 (fol. 77v-78r): \u00dcber 20 000 Gulden der Mitgift werden nach Beilager gezahlt, Quittung gef\u00f6rdert\r\n\r\nArtikel 8 (fol. 78r): Braut wird mit Kleidern und Silbergeschirr ausgestattet, Aussteuer erw\u00e4hnt, \u00dcberf\u00fchrung der Braut erw\u00e4hnt\r\n\r\nArtikel 9 (fol. 78r-78v): Widerlage betr\u00e4gt 20 000 Gulden, Leibgedinge geregelt, Schloss Kalenberg mit zugeh\u00f6rigen L\u00e4ndereien und Nutzungsrechten als Leibgedinge zugespochen, Braut erh\u00e4lt j\u00e4hrlich 4 000 Gulden, Fischereirechte\r\n\r\nArtikel 10 (fol. 78v-79r): Amtleute und Untertanen auf dem Leibgedinge m\u00fcssen einen Eid schw\u00f6ren\r\n\r\nArtikel 11 (fol. 79r): Vererbung der Widerlage geregelt\r\n\r\nArtikel 12 (fol. 79r): Verschreibungsbrief erw\u00e4hnt\r\n\r\nArtikel 13 (fol. 79r): Regelungen bez\u00fcglich der Amtleute auf als Leibgedinge festgelegtem Gut\r\n\r\nArtikel 14 (fol. 79r-79v): Regelungen, falls Zusagen wie Leibgedinge und Morgengabe nicht (in vollem Umfang) eingehalten werden k\u00f6nnen, Erben des F\u00fcrstentums des Br\u00e4utigams werden zur Begleichung der Zahlungen verpflichtet, Braut erbt Teil der L\u00e4ndereien (?)\r\n\r\nArtikel 15 (fol. 79v-80r): Leibgedinge soll nach dem Beilager durch R\u00e4te des Brautvaters besichtigt werden\r\n\r\nArtikel 16 (fol. 79v- 80r): Morgengabe betr\u00e4gt 1 000 Gulden\r\n\r\nArtikel 17 (fol. 80r-80v): Braut verzichtet auf ihr v\u00e4terliches, m\u00fctterliches und br\u00fcderliches Erbe, sie erbt nur einen Anteil daran, wenn alle anderen m\u00e4nnlichen Leibeserben ohne Erben versterben\r\n\r\nArtikel 18 (fol. 80v-81r): Wenn die Braut verstirbt und keine Leibeserben aus Ehe vorhanden, sollen Schmuck, Silber, Kleinodien und Kleider, die die Braut anl\u00e4sslich der Ehe erhalten hat, schriftlich erfasst werden, Gegenst\u00e4nde d\u00fcrfen Zeit seines Lebens von dem Br\u00e4utigam genutzt werden, nach Tod des Br\u00e4utigams R\u00fcckgabe an v\u00e4terliche Linie der Braut \r\n\r\nArtikel 19 (81r-81v): Erbhuldigung, Erbrechtliche Regelungen, Vererbung von Widerlage und Mitgift, Schl\u00f6ssern, G\u00fctern, wenn Leibeserben aus Ehe vorhanden sind\r\n\r\nArtikel 20 (fol. 81v): Vererbung (des Heiratsgutes etc.) an die Leibeserben aus der Ehe und deren Leibeserben geregelt\r\n\r\nArtikel 21 (fol. 82r-82v): Wenn die Braut nach dem Tod des Br\u00e4utigams erneut heiratet, kann das Leibgedinge mit 20 000 Gulden der Mitgift und 20 000 Gulden Widerlage abgel\u00f6st werden, Abtretung geregelt, Regelungen bez\u00fcglich der Amtleute, Lehnsm\u00e4nner, V\u00f6gte und Untertanen\r\n\r\nArtikel 22 (fol. 82v): Versicherung, B\u00fcrgschaft, Verschreibung \u00fcber Besitz des Br\u00e4utigams \u00fcber die 40 000 Gulden, Vererbung geregelt; ohne vorhandene Leibeserben aus der Ehe, fallen 20 000 Gulden nach Tod der Braut zur\u00fcck an die v\u00e4terliche Linie der Braut\r\n\r\nArtikel 23 (fol. 82v-83r): Vererbung der Morgengabe geregelt, soll bei Br\u00e4utigam bleiben\r\n\r\nArtikel 24 (fol. 83r): Best\u00e4tigung \u00fcber Wittum und Morgengabe verlangt, Kaiser erw\u00e4hnt\r\n\r\nArtikel 25 (fol. 83r): Braut ist f\u00fcr keinerlei Schulden des Br\u00e4utigams verantwortlich; Besitz der Braut kann nicht gepf\u00e4ndet werden\r\n\r\nArtikel 26 (fol. 83r-83v): Witweng\u00fcter d\u00fcrfen weder verkauft noch versetzt werden; wenn Leibgedinge nicht ben\u00f6tigt wird, kann der Br\u00e4utigam diese L\u00e4ndereien als Lehen vergeben, Regelungen hierzu, Sch\u00e4den an den G\u00fctern sollen ausgebessert und bezahlt werden\r\n\r\nArtikel 27 (fol. 83v): Steuerliche Regelungen bez\u00fcglich Wittums, Leibgedinge, Morgengabe\r\n\r\nArtikel 28 (fol. 84r-85r): \u00c4nderung der Bestimmungen \u00fcber das Beilager, Ausstattung erw\u00e4hnt, Mitgift, Widerlage, \u201ehinderstelliges\u201c Ehegeld erw\u00e4hnt, Datum festgelegt, weitere finanzielle Regelungen zur Zahlung\r\n\r\nArtikel 29 (fol. 85r): \u00dcberf\u00fchrung der Braut geregelt, finanzielle Regelungen hierf\u00fcr\r\n\r\nArtikel 30 (fol. 85r): Zahlung des Ehegelds geregelt\r\n\r\nArtikel 31 (fol. 85v-87r): Erbverzichtsbrief der Braut, Erbverzicht auf alles v\u00e4terliche, m\u00fctterliche und br\u00fcderliche Erbe, mit Einverst\u00e4ndnis des Br\u00e4utigams, Anspr\u00fcche f\u00fcr alle Zeit ausgeschlossen; Erbfall der Braut tritt nur ein, wenn alle m\u00e4nnlichen Leibeserben des Brautvater und er selbst vorher versterben\r\n\r\nArtikel 32 (fol. 88r): 2 000 Gulden zugesagt, Quittung ben\u00f6tigt, 500 Gulden zugesagt, Quittung ben\u00f6tigt, weitere Zahlungsvereinbarungen, Aussteuer\r\n\r\nArtikel 33 (fol. 88v-89r): Quittung des Br\u00e4utigams \u00fcber 7 000 Gulden (von insgesamt 20 000 Gulden)\r\n\r\nArtikel 34 (fol. 89v): Quittung des Br\u00e4utigams \u00fcber 26 000 Gulden, Kleider und Kleinodien, Schmuck, Silbergeschirr\r\n\r\nArtikel 35 (fol. 116r-119r): Leibegding-Brief der Braut, Finanzielle Bestimmungen, Nutzungsrechte des Leibgedinges, Ritterschaft und deren Aufgaben erw\u00e4hnt, Regelungen bez\u00fcglich der Amtleute\r\n","Regelungen \u00fcber Thronfolge und Regentschaft":""},"Einordnung des Vertrags":{"Textbezug zu vergangenen Ereignissen?":"","st\u00e4ndische Instanzen beteiligt?":"","externe Instanzen beteiligt?":"Artikel 6 (fol. 77v): Einverst\u00e4ndnis der Verwandtschaft und Dispens des Papstes vor den Beilager einzuholen, Dispens auf Kosten des Brautvaters; Artikel 25 (fol. 83r): Best\u00e4tigung \u00fcber Wittum und Morgengabe verlangt, Kaiser erw\u00e4hnt","Ratifikationen, Best\u00e4tigungen, Genehmigungen erw\u00e4hnt?":"Artikel 6 (fol. 77v): Einverst\u00e4ndnis der Verwandtschaft und Dispens des Papstes vor den Beilager einzuholen","weitere Vertr\u00e4ge zwischen Vertragsparteien im Zusammenhang mit dieser Ehe":"","Schlagw\u00f6rter":"","Kommentar":"Artikel des Originalvertrages nicht nummeriert; Regest umfasst zus\u00e4tzliche, unmittelbar auf Vertrag bezogene Dokumente.","Literatur":"-"},"Grunddaten Ehevertrag":{"Vertragspartner Br\u00e4utigam":"Braunschweig-L\u00fcneburg-Calenberg","Vertragspartner Braut":"Brandenburg","Datum Vertragsschlie\u00dfung":"1525-02-26","Ort Vertragsschlie\u00dfung":"nicht genannt ","Eheschlie\u00dfung vollzogen?":"Ja","verschiedenkonfessionelle Ehe?":"Nein"},"Br\u00e4utigam":{"Br\u00e4utigam Name, Titel":"Erich I. von Braunschweig-L\u00fcneburg-Calenberg","Br\u00e4utigam GND":"http:\/\/d-nb.info\/gnd\/116562498","Br\u00e4utigam Geburtsjahr":"1470-00-00","Br\u00e4utigam Sterbejahr":"1540-00-00","Br\u00e4utigam Dynastie":"Welfen","Br\u00e4utigam Konfession":"R\u00f6misch-Katholisch"},"Braut":{"Braut Name, Titel":"Elisabeth von Brandenburg","Braut GND":"http:\/\/d-nb.info\/gnd\/118688626","Braut Geburtsjahr":"1510-00-00","Braut Sterbejahr":"1558-00-00","Braut Dynastie":"Hohenzollern","Braut Konfession":"R\u00f6misch-Katholisch"},"Akteur Br\u00e4utigam":{"Akteur Br\u00e4utigam Name, Titel":"Erich I. von Braunschweig-L\u00fcneburg-Calenberg","Akteur Br\u00e4utigam GND":"http:\/\/d-nb.info\/gnd\/116562498","Akteur Br\u00e4utigam Dynastie":"Welfen","Akteur Br\u00e4utigam Verh\u00e4ltnis zu Br\u00e4utigam":"Selbst"},"Akteur Braut":{"Akteur Braut Name, Titel":"Joachim I. Nestor Kurf\u00fcrst von Brandenburg","Akteur Braut GND":"http:\/\/d-nb.info\/gnd\/119214644","Akteur Braut Dynastie":"Hohenzollern","Akteur Braut Verh\u00e4ltnis zu Braut":"Vater"}}}