{"Dokument":{"Name":"Brandenburg - Liegnitz","In Bearbeitung":"Nein","main":{"Name":"Ehevertrag Brandenburg - Liegnitz 1537","Zuletzt ge\u00e4ndert":"2021-03 JT"},"Grunddaten Ehevertrag":{"Vertragspartner Br\u00e4utigam":"Brandenburg","Vertragspartner Braut":"Liegnitz","Datum Vertragsschlie\u00dfung":"1537-10-18","Ort Vertragsschlie\u00dfung":"Liegnitz","Eheschlie\u00dfung vollzogen?":"Ja","verschiedenkonfessionelle Ehe?":"Nein"},"Br\u00e4utigam":{"Br\u00e4utigam Name, Titel":"Johann Georg, Kurf\u00fcrst von Brandenburg","Br\u00e4utigam GND":"http:\/\/d-nb.info\/gnd\/102111588","Br\u00e4utigam Geburtsjahr":"1525-00-00","Br\u00e4utigam Sterbejahr":"1598-00-00","Br\u00e4utigam Dynastie":"Hohenzollern","Br\u00e4utigam Konfession":"Evangelisch-Lutherisch"},"Braut":{"Braut Name, Titel":"Sophia von Liegnitz","Braut GND":"","Braut Geburtsjahr":"1525-00-00","Braut Sterbejahr":"1546-00-00","Braut Dynastie":"unbekannt","Braut Konfession":"Evangelisch-Lutherisch"},"Akteur Br\u00e4utigam":{"Akteur Br\u00e4utigam Name, Titel":"Joachim II. Hector von Brandenburg","Akteur Br\u00e4utigam GND":"http:\/\/d-nb.info\/gnd\/118557556","Akteur Br\u00e4utigam Dynastie":"Hohenzollern","Akteur Br\u00e4utigam Verh\u00e4ltnis zu Br\u00e4utigam":"Vater"},"Akteur Braut":{"Akteur Braut Name, Titel":"Friedrich II. von Liegnitz","Akteur Braut GND":"http:\/\/d-nb.info\/gnd\/118535692","Akteur Braut Dynastie":"unbekannt","Akteur Braut Verh\u00e4ltnis zu Braut":"Vater"},"Vertragstext":{"Archivexemplar":"GStA, I. HA Rep. 78, Nr. 24, fol. 160r-168v","Vertragssprache Archivexemplar":"Deutsch","Digitalisat Archivexemplar":"https:\/\/archivdatenbank.gsta.spk-berlin.de\/midosasearch-gsta\/MidosaSEARCH\/i_ha_rep_78_und_78_a\/index.htm?kid=GStA_i_ha_rep_78_und_78_a_8&uid=GStA_i_ha_rep_78_und_78_a_I_HA_Rep_78_Nr_24","Drucknachweis":"nicht nachgewiesen","Vertragssprache Druck":"nicht nachgewiesen","Digitalisat Druck":"-","Vertragsinhalt":"Artikel 1 (fol. 160r-160v): Eheschlie\u00dfung vereinbart \r\n\r\nArtikel 2 (fol. 160v): Hochzeitstermin, Beilager und \u00dcberf\u00fchrung der Braut zum Br\u00e4utigam geregelt\r\n\r\nArtikel 3 (fol. 161r): Mitgift auf 12.000 Rheinische Goldgulden festgesetzt, die nach dem Beilager gezahlt werden, Zahlung und Quittierung geregelt\r\n\r\nArtikel 4 (fol. 161r): Aussteuer geregelt, Kleider, Kleinodien, Silbergeschirr etc. als Ausstattung der Braut zugesichert\r\n\r\nArtikel 5 (fol. 161r-161v): Widerlage auf 12.000 Gulden festgesetzt\r\n\r\nArtikel 6 (fol. 161v): Leibgedinge zugesprochen, Nutzungsrechte an Mitgift und Widerlage geregelt, Eink\u00fcnfte geregelt, der Braut werden Schloss, Stadt und Amt Plauen als f\u00fcrstlicher Sitz zugesprochen Nutzungs- und Besitzrechte geregelt\r\n\r\nArtikel 7 (fol. 161v): 3.000 Gulden j\u00e4hrlich als Eink\u00fcnfte zugesichert, Verzinsung geregelt\r\n\r\nArtikel 8 (fol. 161v-162r): Morgengabe geregelt, nach Ermessen Joachims II. und Johann Georgs von Brandenburg\r\n\r\nArtikel 9 (162r): Wittum und Morgengabe der Braut bleiben von Bu\u00dfen und Strafen ausgeschlossen, Regelungen \u00fcber Bestellung von Amtleuten, Bereitstellung von Pferden, Vererbung der G\u00fcter nach dem Tod beider Eheleute etc.\r\n\r\nArtikel 10 (fol. 162r-162v): Huldigung und Eide vorgeschrieben, Regelungen bez\u00fcglich der Amtleute\r\n\r\nArtikel 11 (fol. 162v-163r): Regelungen, falls Wittum und Leibgedinge zerst\u00f6rt oder stark besch\u00e4digt werden und die j\u00e4hrliche Versorgung nicht eingehalten werden kann, Schutz von Leibgedinge und Morgengabe zugesichert\r\n\r\nArtikel 12 (fol. 163r-163v): Besichtigung der G\u00fcter durch die R\u00e4te des Brautvaters zugesichert; \u00dcberpr\u00fcfung der Zusicherungen, wie die j\u00e4hrliche Versorgung mit 3.000 Gulden, Besichtigung vor dem ehelichen Beilager; Verbesserungen zugesichert, falls die Witweng\u00fcter nicht dem Stand gen\u00fcgen, unabh\u00e4ngig davon, ob Erben aus der Ehe vorhanden sein werden oder nicht\r\n\r\nArtikel 13 (fol. 163v): Erbverzicht der Braut auf alles v\u00e4terliche, m\u00fctterliche und br\u00fcderliche Erbe, solange noch Erben aus dieser Linie am Leben sind\r\n\r\nArtikel 14 (fol. 164r): Falls die Braut nach dem ehelichen Beilager ohne eheliche Leibeserben verstirbt, erbt der Br\u00e4utigam die 12.000 Gulden der Mitgift, die m\u00e4nnliche Verwandtschaft der Baut erbt die Kleinodien, Kleider etc.\r\n\r\nArtikel 15 (fol. 164r-165r): falls der Br\u00e4utigam verstirbt, egal ob Leibeserben vorhanden sind oder nicht, erh\u00e4lt die Braut die Mitgift, die Morgengabe, die Widerlage und die genannten G\u00fcter, sowie die Verf\u00fcgungsrechte \u00fcber dieselben, Besitzrechte, Erstattung und Versorgung durch Nachkommen geregelt\r\n\r\nArtikel 16 (fol. 165r-165v): im Fall einer zweiten Ehe Sophias nach dem Tod Johann Georgs: Abl\u00f6sung des Leibgedinges durch Zahlung von 24.000 Gulden durch Johann Georgs Nachkommen geregelt, gezahlt werden die 12.000 Gulden der Mitgift und 12.000 Gulden der Widerlage; alternativ kann Sophia die lebenslange Nutzung des Leibgedinges trotz erneuter Heirat belassen werden; falls es zur Abl\u00f6sung kommt, werden Untertanen, Amtsleute etc. von Treueverpflichtungen gegen\u00fcber Sophia befreit\r\n\r\nArtikel 17 (fol. 165v-166r): falls Braut und Br\u00e4utigam ohne Leibeserben versterben, f\u00e4llt das Erbe, u. a. die 12.000 Gulden der Mitgift, Kleider und Kleinodien, an den Brautvater und dessen m\u00e4nnliche Erben\r\n\r\nArtikel 18 (fol. 166r): Vererbung der Morgengabe geregelt, verbleibt bei Br\u00e4utigam, dessen Vater und Erben\r\n\r\nArtikel 19 (fol. 166v): Leibgedingebrief zugesichert\r\n\r\nArtikel 20 (fol. 166v): Braut wird von s\u00e4mtlichen Schulden des Br\u00e4utigams und dessen Vater ausgeschlossen, unabh\u00e4ngig davon, ob diese vor oder w\u00e4hrend der Ehe gemacht wurden\r\n\r\nArtikel 21 (fol. 166v): Die Witweng\u00fcter d\u00fcrfen ohne Zustimmung des Br\u00e4utigams und seines Vaters nicht verkauft oder verpf\u00e4ndet werden, Nutzung der G\u00fcter durch Vater des Br\u00e4utigams und dessen Erben ausgeschlossen, es sei denn, Sophia erh\u00e4lt eine finanzielle Kompensation\r\n\r\nArtikel 22 (fol. 166v-167r): Nutzung der Eink\u00fcnfte aus zu Witweng\u00fctern geh\u00f6renden geistlichen und weltlichen Lehen geregelt, Ritterlehen ausgeschlossen\r\n\r\nArtikel 23 (fol. 167r): ggf. Kompensation der Lehensleute durch Joachim II., Johann Georg und ihre Erben geregelt\r\n\r\nArtikel 24 (fol. 167r): Steuereinnahmen auf den Witwen- und Morgengabeng\u00fctern sind Joachim, Johann Georg und ihren Nachkommen vorbehalten\r\n\r\nArtikel 25 (fol. 167r-167v): \u00dcberf\u00fchrung der Braut und Beilager und Kosten\u00fcbernahme geregelt\r\n\r\nArtikel 26 (fol. 167v-168r): Wenn Braut oder Br\u00e4utigam vor dem Beilager versterben, ist Ehevertrag nichtig, Regelungen bez\u00fcglich Nicht-Zustandekommens der Ehe\r\n\r\nArtikel 27 (fol. 168v): Einhaltung des Vertrages zugesichert","Regelungen \u00fcber Thronfolge und Regentschaft":"","konfessionelle Regelungen":"","erbrechtliche Regelungen":"Artikel 13 (fol. 163v): Erbverzicht der Braut auf alles v\u00e4terliche, m\u00fctterliche und br\u00fcderliche Erbe, solange noch Erben aus dieser Linie am Leben sind\r\n\r\nArtikel 14 (fol. 164r): Falls die Braut nach dem ehelichen Beilager ohne eheliche Leibeserben verstirbt, erbt der Br\u00e4utigam die 12.000 Gulden der Mitgift, die m\u00e4nnliche Verwandtschaft der Baut erbt die Kleinodien, Kleider etc.\r\n\r\nArtikel 15 (fol. 164r-165r): falls der Br\u00e4utigam verstirbt, egal ob Leibeserben vorhanden sind oder nicht, erh\u00e4lt die Braut die Mitgift, die Morgengabe, die Widerlage und die genannten G\u00fcter, sowie die Verf\u00fcgungsrechte \u00fcber dieselben, Besitzrechte, Erstattung und Versorgung durch Nachkommen geregelt\r\n\r\nArtikel 17 (fol. 165v-166r): falls Braut und Br\u00e4utigam ohne Leibeserben versterben, f\u00e4llt das Erbe, u. a. die 12.000 Gulden der Mitgift, Kleider und Kleinodien, an den Brautvater und dessen m\u00e4nnliche Erben\r\n\r\nArtikel 18 (fol. 166r): Vererbung der Morgengabe geregelt, verbleibt bei Br\u00e4utigam, dessen Vater und Erben"},"Einordnung des Vertrags":{"Textbezug zu vergangenen Ereignissen?":"","st\u00e4ndische Instanzen beteiligt?":"","externe Instanzen beteiligt?":"Artikel 19 (fol. 166v): Leibgedinge Brief und Best\u00e4tigung durch den Kaiser n\u00f6tig","Ratifikationen, Best\u00e4tigungen, Genehmigungen erw\u00e4hnt?":"Artikel 19 (fol. 166v): Leibgedinge Brief und Best\u00e4tigung durch den Kaiser n\u00f6tig","weitere Vertr\u00e4ge zwischen Vertragsparteien im Zusammenhang mit dieser Ehe":"","Schlagw\u00f6rter":"","Kommentar":"Vertrag verf\u00fcgt im Original \u00fcber keine Nummerierung der Artikel.","Literatur":"-"}}}