{"Dokument":{"Name":"W\u00fcrttemberg - Braunschweig-L\u00fcneburg-Wolfenb\u00fcttel","In Bearbeitung":"Nein","main":{"Name":"Ehevertrag W\u00fcrttemberg - Braunschweig-L\u00fcneburg-Wolfenb\u00fcttel 1780","Zuletzt ge\u00e4ndert":"2022-01 KZ"},"Br\u00e4utigam":{"Br\u00e4utigam Name, Titel":"Friedrich Wilhelm Karl von W\u00fcrttemberg","Br\u00e4utigam Geburtsjahr":"1754-00-00","Br\u00e4utigam Sterbejahr":"1816-00-00","Br\u00e4utigam Dynastie":"W\u00fcrttemberg","Br\u00e4utigam Konfession":"Evangelisch-Lutherisch","Br\u00e4utigam GND":"https:\/\/d-nb.info\/gnd\/118703218"},"Grunddaten Ehevertrag":{"Vertragspartner Br\u00e4utigam":"W\u00fcrttemberg","Vertragspartner Braut":"Braunschweig-L\u00fcneburg-Wolfenb\u00fcttel","Datum Vertragsschlie\u00dfung":"1780-10-15","Ort Vertragsschlie\u00dfung":"Stuttgart","Eheschlie\u00dfung vollzogen?":"Ja","verschiedenkonfessionelle Ehe?":"Nein"},"Vertragstext":{"Digitalisat Archivexemplar":"","Drucknachweis":"nicht nachgewiesen","Vertragssprache Druck":"nicht nachgewiesen","Digitalisat Druck":"","erbrechtliche Regelungen":"","Vertragssprache Archivexemplar":"Deutsch","Archivexemplar":"NLA Wf 3 Urk 5 Nr. 65","Vertragsinhalt":"Artikel 1:\nEhe wird beschlossen\n\nArtikel 2:\nMitgift 18.000 Reichstaler, den Taler zu 24 Ggl. [sic!]. Dies soll mit 5% j\u00e4hrlich verzinst werden\n\nArtikel 3:\nAuguste Caroline wird mit Schmuck, Silbergeschirr, Kleidung u.a. standesgem\u00e4\u00df ausgestattet\n\nArtikel 4:\nNach dem braunschweigischen Pactis Familiae\n1) Verzicht auf braunschweigisch-l\u00fcneburgisches Erbe solange der Mannesstamm existiert.\n2) auf alle anderen Erbschaften sollen Auguste Caroline sowie ihr Gemahl verzichten, es sei denn es wurde testamentarisch anders festgelegt\n\nArtikel 5:\nMorgengabe: Kleinod sowie 2.000 Reichstaler.\nDies soll j\u00e4hrlich mit 10% verzinst werden.\nAuguste Caroline soll Brief und Siegel erhalten, um \u00fcber das Geld verf\u00fcgen zu k\u00f6nnen\n\nArtikel 6:\nFriedrich Wilhelm Karl sichert seiner Frau \"Hand- und Spielgeld\" zu. Sie soll 3.000 Reichstaler j\u00e4hrl. erhalten, immer 750 Reichstaler im Quartal. F\u00fcr alle anderen unmittelbaren Ausgaben soll gesorgt sein\n\nArtikel 7:\nDie Begleitdamen von Auguste Caroline und weitere Bedienstete sollen finanziert werden. Dabei wird gerechnet mit: zwei Hofdamen, zwei Kammerfrauen, eine Kammerjungfer, ein Cavalier, ein L\u00e4ufer und drei Laquais, ein Kammerdiener, ein Koch, ein Page, zwei Kammerfrauen f\u00fcr die beiden Hofdamen, ein Kutscher und ein Postillon.\nFriedrich Wilhelm Karl bestimmt \u00fcber die Dienerschaft, jedoch soll niemand eingestellt werden, mit dem Auguste Caroline nicht einverstanden ist\n\nArtikel 8:\nSollte Friedrich Wilhelm Karl vor seiner Frau sterben, soll Auguste Caroline j\u00e4hrlich 10.000 rheinische Gulden, den Gulden zu 60 Creuzern, ausgezahlt bekommen. Davon werden 6.000 Gulden (quartalsweise 1.500 Gulden) bar aus der w\u00fcrttembergischen Generalkasse bezahlt. Die restlichen 4.000 Gulden (quartalsweise 1.000 Gulden) von der Landgrafschaft in W\u00fcrttemberg\n\nArtikel 9:\nNach Friedrich Wilhelm Karls Tod werden die \"Hand- und Spielgelder\" aus Artikel 6 eingestellt. Auguste Caroline soll dann aus den paraten Mitteln der f\u00fcrstlichen Verlassenschaft finanziert werden\n\nArtikel 10:\nAlles, was Auguste Caroline geschenkt bekommen oder erworben hat, darf sie behalten\n\nArtikel 11:\nNach Friedrich Wilhelm Karls Tod soll die Morgengabe aus dessen Verlassenschaft bar bezahlt werden. Sollte dies nicht m\u00f6glich sein, verspricht Friedrich Eugen - sollte er noch am Leben sein - die Morgengabe aus der f\u00fcrstlichen Hofkasse aufzubringen.\nSollten beide nicht mehr am Leben sein, sollen deren Erben f\u00fcr die Morgengabe aufkommen\n\nArtikel 12:\nAuguste Caroline soll, egal wo sie als Witwe wohnen wird (ob W\u00fcrttemberg oder Braunschweig), ihr Witwengehalt bezahlt werden. Transportierbare M\u00f6bel und Ger\u00e4tschaften sollen auf Kosten der Verlassenschaft transportiert werden. Eine Carosse mit sieben Pferden und zugeh\u00f6riger Equipage aus dem Ehestand steht ihr auch als Witwe zur Verf\u00fcgung. Allerdings muss Auguste Caroline f\u00fcr deren Unterhalt selbst aufkommen.\nSollte Auguste Caroline in W\u00fcrttemberg bleiben, wird f\u00fcr sie Schloss Neuenstatt am Kocher standesgem\u00e4\u00df hergerichtet\n\nArtikel 13:\nHerzog Karl, regierender Herzog zu W\u00fcrttemberg und Teck, verschreibt eine Spezialhypothek auf die 6.000 rheinischen Gulden, damit Auguste Caroline finanziell abgesichert ist. Die Hypothek wird auf Neuenstatt am Kocher aufgenommen.\nSollten die 6.000 Gulden nicht aus Neuenstatt erwirtschaftet werden k\u00f6nnen, soll Auguste Caroline aus anderen Gef\u00e4llen verglichen werden\n\nArtikel 14:\nNach Friedrich Wilhelm Karls Tod darf Auguste Caroline noch ein Vierteljahr Gelder - bis auf das Handgeld, welches umgehend eingestellt wird - nutzen\n\nArtikel 15:\nSollte Auguste Caroline ihr Wittum in W\u00fcrttemberg beziehen, soll sie kosteng\u00fcnstig Wildbret geliefert bekommen\n\nArtikel 16:\nWie in Artikel 12 erw\u00e4hnt, soll der Wittumssitz standesgem\u00e4\u00df ausgestattet werden. Dazu soll ein Inventarium angelegt werden\n\nArtikel 17:\nDer Wittumssitz soll vom Haus W\u00fcrttemberg instandgehalten werden\n\nArtikel 18:\nAuguste Caroline darf die Niedergerichtsbarkeit gegen\u00fcber ihrer Dienerschaft aus\u00fcben\n\nArtikel 19:\nAuguste Caroline darf ihre Religion nach Augsburgischer Konfession w\u00e4hrend der Ehe und als Witwe aus\u00fcben, ohne dass dadurch anderen ein Nachteil entsteht\n\nArtikel 20:\nSollten Kinder existieren, bestimmt der Vater \u00fcber die Vormundschaft. Sollten keine Anordnungen gemacht werden, bliebe die Vormundschaft bei der Mutter, solange sie in W\u00fcrttemberg bleibt.\nDie Kinder sollen \u00fcber den Vater und Gro\u00dfvater finanziell abgesichert sein. Sollte der Vater sterben, sollen von Friedrich Eugen den Kindern j\u00e4hrl. 4.000 Gulden aus der Hofkasse ausgezahlt werden, die sonst der Vater erhalten h\u00e4tte\n\nArtikel 21:\nSollte Auguste Caroline erneut heiraten, soll das Wittum cesieren und sollen die ausgestellten Verschreibungen zur\u00fcckgegeben werden\n\nArtikel 22:\nSollte auch Auguste Caroline sterben, soll ihr gesamtes Verm\u00f6gen ihren Kindern, die sie mit Friedrich Wilhelm Karl hat, vermacht werden.\nAuch wenn die Kinder sterben, soll das Heiratsgut an das f\u00fcrstl. Haus W\u00fcrttemberg vererbt werden. Das \u00fcbrige Erbe geht an Auguste Carolines Leibeserben.\nSollten keinerlei Kinder und keine von Auguste Caroline testamentarische Verordnung existieren, so geht die H\u00e4lfte des Heirats- und Ehegeldes an das Haus W\u00fcrttemberg, die andere H\u00e4lfte an den regierenden Herzog von Braunschweig-L\u00fcneburg.\nKleinodien, Schmuck, Geschirr usw. (auch die Morgengabe) soll dem Haus Braunschweig-L\u00fcneburg vermacht werden\n\nArtikel 23:\nSollten w\u00e4hrend der Ehe Schulden angeh\u00e4uft worden sein, so soll Friedrich Wilhelm Karl oder seine Erben, nicht Auguste Caroline, daf\u00fcr aufkommen\n\nArtikel 24:\nSollte ein Ehepartner nach dem ehelichen Beilager, aber noch vor der in Artikel 2 zugesicherten, \u00fcbergebenen Verbriefung sterben, so m\u00fcssen die in diesem Vertrag vereinbarten Punkte trotzdem eingehalten werden\n\nArtikel 25:\nSollte einer der Verlobten noch vor dem ehelichen Beilager sterben, so ist der Vertrag null und nichtig\n\nArtikel 26:\nDas Testamentum Codicillum Donationes mortis causa ist zwar f\u00fcr die Verlobten g\u00fcltig, jedoch soll den Pactis Familia beider hochf\u00fcrstlicher H\u00e4user nicht zuwider gehandelt werden\n\nArtikel 27:\nEhe wird beglaubigt","Regelungen \u00fcber Thronfolge und Regentschaft":"Artikel 4: \nNach dem braunschweigischen Pactis Familiae \n1) Verzicht auf braunschweigisch-l\u00fcneburgisches Erbe solange der Mannesstamm existiert. \n2) auf alle anderen Erbschaften soll Auguste Caroline sowie ihr Gemahl verzichten, es sei denn es wurde testamentarisch anders festgelegt. ","konfessionelle Regelungen":"Artikel 19:\nAuguste Caroline darf ihre Religion nach Augsburgischer Konfession w\u00e4hrend der Ehe und als Witwe aus\u00fcben, ohne dass dadurch anderen ein Nachteil entsteht"},"Braut":{"Braut Name, Titel":"Auguste Caroline Friederike Louise von Braunschweig-L\u00fcneburg-Wolfenb\u00fcttel","Braut Geburtsjahr":"1764-00-00","Braut Sterbejahr":"1788-00-00","Braut Dynastie":"Braunschweig-Bevern","Braut Konfession":"Evangelisch-Lutherisch","Braut GND":"https:\/\/d-nb.info\/gnd\/129059846"},"Einordnung des Vertrags":{"weitere Vertr\u00e4ge zwischen Vertragsparteien im Zusammenhang mit dieser Ehe":"","Schlagw\u00f6rter":"","Literatur":"","Textbezug zu vergangenen Ereignissen?":"","st\u00e4ndische Instanzen beteiligt?":"","externe Instanzen beteiligt?":"","Ratifikationen, Best\u00e4tigungen, Genehmigungen erw\u00e4hnt?":"","Kommentar":"Das Paar lebte seit 1786 getrennt."},"Akteur Br\u00e4utigam":{"Akteur Br\u00e4utigam Name, Titel":"Friedrich Eugen von W\u00fcrttemberg, Herzog","Akteur Br\u00e4utigam Verh\u00e4ltnis zu Br\u00e4utigam":"Vater","Akteur Br\u00e4utigam Dynastie":"W\u00fcrttemberg","Akteur Br\u00e4utigam GND":"https:\/\/d-nb.info\/gnd\/117753416","Akteur Br\u00e4utigam Name, Titel (32)":"Friederike Dorothee Sophie von Brandenburg","Akteur Br\u00e4utigam Verh\u00e4ltnis zu Br\u00e4utigam (34)":"Mutter","Akteur Br\u00e4utigam GND (65)":"https:\/\/d-nb.info\/gnd\/136923534","Akteur Br\u00e4utigam Dynastie (35)":"Brandenburg-Schwedt"},"Akteur Braut":{"Akteur Braut Name, Titel":"Karl Wilhelm Ferdinand von Braunschweig-L\u00fcneburg-Wolfenb\u00fcttel, Herzog","Akteur Braut Verh\u00e4ltnis zu Braut":"Vater","Akteur Braut Dynastie":"Braunschweig-Bevern","Akteur Braut GND":"https:\/\/d-nb.info\/gnd\/11913988X","Akteur Braut Name, Titel (36)":"Augusta Friederike Luise von Hannover, Prinzessin von Gro\u00dfbritannien","Akteur Braut Verh\u00e4ltnis zu Braut (38)":"Mutter","Akteur Braut Dynastie (40)":"Hannover","Akteur Braut GND (66)":"https:\/\/d-nb.info\/gnd\/133498050"}}}