{"Dokument":{"Name":"D\u00e4nemark - \u00d6sterreich\/Spanien","In Bearbeitung":"Nein","main":{"Name":"Ehevertrag D\u00e4nemark - \u00d6sterreich\/Spanien 1514","Zuletzt ge\u00e4ndert":"2017-09 BB"},"Grunddaten Ehevertrag":{"Vertragspartner Br\u00e4utigam":"D\u00e4nemark","Vertragspartner Braut":"\u00d6sterreich\/Spanien","Datum Vertragsschlie\u00dfung":"1514-04-29","Ort Vertragsschlie\u00dfung":"Enns","Eheschlie\u00dfung vollzogen?":"Ja","verschiedenkonfessionelle Ehe?":"Nein"},"Br\u00e4utigam":{"Br\u00e4utigam Name, Titel":"Christian II., K\u00f6nig von D\u00e4nemark","Br\u00e4utigam GND":"http:\/\/d-nb.info\/gnd\/119195380","Br\u00e4utigam Geburtsjahr":"1481-00-00","Br\u00e4utigam Sterbejahr":"1559-00-00","Br\u00e4utigam Dynastie":"Oldenburg (D\u00e4nemark)","Br\u00e4utigam Konfession":"R\u00f6misch-Katholisch"},"Braut":{"Braut Name, Titel":"Isabella von Spanien (Elisabeth)","Braut GND":"http:\/\/d-nb.info\/gnd\/137068956","Braut Geburtsjahr":"1501-00-00","Braut Sterbejahr":"1526-00-00","Braut Dynastie":"Habsburg (Spanien)","Braut Konfession":"R\u00f6misch-Katholisch"},"Akteur Br\u00e4utigam":{"Akteur Br\u00e4utigam Name, Titel":"Christian II., K\u00f6nig von D\u00e4nemark","Akteur Br\u00e4utigam GND":"http:\/\/d-nb.info\/gnd\/119195380","Akteur Br\u00e4utigam Dynastie":"Oldenburg (D\u00e4nemark)","Akteur Br\u00e4utigam Verh\u00e4ltnis zu Br\u00e4utigam":"selbst"},"Akteur Braut":{"Akteur Braut Name, Titel":"Maximilian I., erw\u00e4hlter Kaiser, r\u00f6mischer K\u00f6nig (sp\u00e4ter Kaiser)","Akteur Braut GND":"http:\/\/d-nb.info\/gnd\/118579371","Akteur Braut Dynastie":"Habsburg (\u00d6sterreich)","Akteur Braut Verh\u00e4ltnis zu Braut":"Gro\u00dfvater, Vormund"},"Vertragstext":{"Archivexemplar":"nicht nachgewiesen","Vertragssprache Archivexemplar":"nicht nachgewiesen","Digitalisat Archivexemplar":"-","Drucknachweis":"Danske Magazin, V, Rk., Bd. 6 (1909), S. 186-192","Vertragssprache Druck":"Lateinisch","Digitalisat Druck":"-","Vertragsinhalt":"[Pr\u00e4] \u2013 zu Lob und Ehren Gottes, Christi und Mariens, zur Vermehrung des christlichen Glaubens, zu Ehren, Nutzen, Schutz, Frieden, Ruhe und Bewahrung der Reiche, Herrschaften und Untertanen der Vertragspartner sowie des Prinzen von Spanien, zur Erneuerung der alten Freundschaft und des br\u00fcderlichen Wohlwollens zwischen den d\u00e4nischen K\u00f6nigen und den H\u00e4usern \u00d6sterreich und Burgund, zu deren Bewahrung und zu Kn\u00fcpfung engerer Verwandschaftsbande, im Namen des Prinzen von Spanien und seiner Geschwister: inserierte Vollmacht der d\u00e4nischen Verhandler 06.11.1513 bekundet, Vertragsabschluss \u00fcber Verlobung und Eheschlie\u00dfung mit d\u00e4nischen Verhandlern bekundet (186-189)\r\n\r\n[1] \u2013 Eheschlie\u00dfung vereinbart: Trauung durch Prokurator des Br\u00e4utigams in Niederlanden geregelt (189)\r\n\r\n[2] \u2013 Mitgift festgelegt, Aussteuer geregelt (189)\r\n\r\n[3] \u2013 \u00dcberf\u00fchrung der Braut geregelt (189)\r\n\r\n[4] \u2013 Zahlung der Mitgift geregelt: anteilig durch beide Kaiser und K\u00f6nig von Spanien, in Raten bis 1518 (189f.)\r\n\r\n[5] \u2013 Erbverzicht der Braut geregelt: durch Braut und Br\u00e4utigam, auf v\u00e4terliches und m\u00fctterliches Erbe, ausgenommen Erbfall nach Aussterben von Brautgeschwistern (190)\r\n\r\n[6] \u2013 Witweneink\u00fcnfte und Witweng\u00fcter festgelegt: aus Z\u00f6llen und Vogteien in Schleswig-Holstein und D\u00e4nemark, ggf. Nachbesserung zugesichert (190)\r\n\r\n[7] \u2013 Morgengabe geregelt: nach Ermessen des Br\u00e4utigams (190)\r\n\r\n[8] \u2013 Defensivb\u00fcndnis zwischen allen Reichen der Vertragspartner geregelt (190f.)\r\n\r\n[9] \u2013 ggf. d\u00e4nischer Beitritt zum B\u00fcndnis zwischen dem Kaiser, Sachsen und Brandenburg gegen Feinde des Deutschen Ordens vereinbart: f\u00fcr den Fall des Beitritts von Sachsen und Brandenburg, zum Schutz des Deutschen Ordens als Reichsstands des R\u00f6mischen Reichs vor Feinden (191)\r\n\r\n[10] \u2013 Austausch von Versicherungsurkunden zwischen D\u00e4nemark, Reich und Spanien vereinbart (191)\r\n\r\n[11] \u2013 Einhaltung zugesichert, Verzicht auf Einreden zugesichert: f\u00fcr Reich, Spanien, K\u00f6nig und Reichsst\u00e4nde von D\u00e4nemark, Ratifikation durch K\u00f6nig und Reichsst\u00e4nde von D\u00e4nemark zugesichert (191)\r\n","Regelungen \u00fcber Thronfolge und Regentschaft":"","konfessionelle Regelungen":"","erbrechtliche Regelungen":"[5] \u2013 Erbverzicht der Braut geregelt: durch Braut und Br\u00e4utigam, auf v\u00e4terliches und m\u00fctterliches Erbe, ausgenommen Erbfall nach Aussterben von Brautgeschwistern (190)"},"Einordnung des Vertrags":{"Textbezug zu vergangenen Ereignissen?":"","st\u00e4ndische Instanzen beteiligt?":"Einhaltung f\u00fcr und Ratifikation durch K\u00f6nig und Reichsst\u00e4nde von D\u00e4nemark zugesichert - 11","externe Instanzen beteiligt?":"","Ratifikationen, Best\u00e4tigungen, Genehmigungen erw\u00e4hnt?":"Ratifikation durch K\u00f6nig und Reichsst\u00e4nde von D\u00e4nemark zugesichert - 11","weitere Vertr\u00e4ge zwischen Vertragsparteien im Zusammenhang mit dieser Ehe":"","Schlagw\u00f6rter":"","Kommentar":"NB politische B\u00fcndnisartikel 8-9","Literatur":"-"}}}