{"Dokument":{"Name":"Anhalt-Harzgerode - Nassau-Dillenburg (Nebenlinie)","In Bearbeitung":"Nein","main":{"Name":"Ehevertrag Anhalt-Harzgerode - Nassau-Dillenburg 1695 (Nebenlinie)","Zuletzt ge\u00e4ndert":"2020-01 KZ"},"Grunddaten Ehevertrag":{"Vertragspartner Br\u00e4utigam":"Anhalt-Harzgerode","Vertragspartner Braut":"Nassau-Dillenburg","Datum Vertragsschlie\u00dfung":"1695-10-20","Ort Vertragsschlie\u00dfung":"Frederiksborg","Eheschlie\u00dfung vollzogen?":"Ja","verschiedenkonfessionelle Ehe?":"unbekannt"},"Br\u00e4utigam":{"Br\u00e4utigam Name, Titel":"Wilhelm von Anhalt-Harzgerode","Br\u00e4utigam GND":"http:\/\/d-nb.info\/gnd\/104173548","Br\u00e4utigam Geburtsjahr":"1643-00-00","Br\u00e4utigam Sterbejahr":"1709-00-00","Br\u00e4utigam Dynastie":"Askanier (Anhalt)","Br\u00e4utigam Konfession":"unbekannt"},"Braut":{"Braut Name, Titel":"Sophie Auguste von Nassau-Dillenburg","Braut GND":"","Braut Geburtsjahr":"1666-00-00","Braut Sterbejahr":"1733-00-00","Braut Dynastie":"Nassau-Dillenburg","Braut Konfession":"unbekannt"},"Akteur Br\u00e4utigam":{"Akteur Br\u00e4utigam Name, Titel":"Wilhelm von Anhalt-Harzgerode","Akteur Br\u00e4utigam GND":"http:\/\/d-nb.info\/gnd\/104173548","Akteur Br\u00e4utigam Dynastie":"Askanier (Anhalt)","Akteur Br\u00e4utigam Verh\u00e4ltnis zu Br\u00e4utigam":"selbst"},"Akteur Braut":{"Akteur Braut Name, Titel":"Heinrich, F\u00fcrst von Nassau-Dillenburg","Akteur Braut GND":"http:\/\/d-nb.info\/gnd\/104189444","Akteur Braut Dynastie":"Nassau-Dillenburg","Akteur Braut Verh\u00e4ltnis zu Braut":"Vater"},"Vertragstext":{"Archivexemplar":"nicht nachgewiesen","Vertragssprache Archivexemplar":"nicht nachgewiesen","Digitalisat Archivexemplar":"-","Drucknachweis":"CTS 21, S. 85-97","Vertragssprache Druck":"Deutsch","Digitalisat Druck":"-","Vertragsinhalt":"Artikel 1: Eheschlie\u00dfung vereinbart\r\n\r\nArtikel 2: Mitgift (in H\u00f6he von 20.000 Thaler), Aussteuer festgelegt, im Gegenzug Erbverzicht Sophie Augustes, au\u00dfer auf Muttererbe\r\n\r\nArtikel 3: Morgengabe festgelegt; Leibgedinge festgelegt, Anlage, Verzinsung, Verwaltung geregelt\r\n\r\nArtikel 4-5: Witwensitz geregelt; Witwenversorgung geregelt\r\n\r\nArtikel 6-8: pers\u00f6nlicher Besitz Sophie Augustes geregelt\r\n\r\nArtikel 9: Erbrecht der Kinder geregelt: Primogenitur best\u00e4tigt\r\n\r\nArtikel 10: Einhaltung durch gesamtes Haus Anhalt zugesichert\r\n\r\nArtikel 11-12: bei zweiter Ehe Sophie Augustes: R\u00fcckfall der Mitgift und Abl\u00f6sung von Witwengut geregelt, sowohl wenn Kinder aus erster Ehe vorhanden als wenn keine Kinder vorhanden sind\r\n\r\nArtikel 13: Erbrecht der Kinder an Nachla\u00df Sophie Augustes geregelt\r\n\r\nArtikel 14: bei Tod Sophie Augustes ohne Kinder: Nutzung der Eheg\u00fcter zu Lebzeiten Wilhelms geregelt\r\n\r\nArtikel 15: bei Tod eines Ehepartners vor Mitgiftzahlung: Geltung des Vertrags vereinbart\r\n\r\nArtikel 16: Einhaltung zugesichert, Unterzeichnung geregelt\r\n","Regelungen \u00fcber Thronfolge und Regentschaft":"","konfessionelle Regelungen":"","erbrechtliche Regelungen":"Artikel 2: Mitgift (in H\u00f6he von 20.000 Thaler), Aussteuer festgelegt, im Gegenzug Erbverzicht Sophie Augustes, au\u00dfer auf Muttererbe\r\n\r\nArtikel 9: Erbrecht der Kinder geregelt: Primogenitur best\u00e4tigt\r\n\r\nArtikel 13: Erbrecht der Kinder an Nachla\u00df Sophie Augustes geregelt"},"Einordnung des Vertrags":{"Textbezug zu vergangenen Ereignissen?":"","st\u00e4ndische Instanzen beteiligt?":"","externe Instanzen beteiligt?":"","Ratifikationen, Best\u00e4tigungen, Genehmigungen erw\u00e4hnt?":"Ratifikation best\u00e4tigt von Heinrich von Nassau-Dillenburg am 25.05.1696\r\nund von Viktor Amadeus, Carl Wilhelm und Emanuel Lebrecht von Nassau im Juni 1696","weitere Vertr\u00e4ge zwischen Vertragsparteien im Zusammenhang mit dieser Ehe":"","Schlagw\u00f6rter":"","Kommentar":"Verweis auf Zustimmung des d\u00e4nischen K\u00f6nigspaars (Narratio), vgl. Abschlu\u00dfort - Sophia Augusta: aufgef\u00fchrt als Mitglied im Hofstaat der d\u00e4nischen K\u00f6nigin Charlotte Amalie (J\u00e4ger \/ Burmeister 2010)\r\n","Literatur":"J\u00e4ger \/ Burmeister 2010, S. 41"}}}