{"Dokument":{"Name":"\u00d6sterreich - Frankreich","In Bearbeitung":"Nein","main":{"Name":"Ehevertrag \u00d6sterreich - Frankreich 1501","Zuletzt ge\u00e4ndert":"2020-02 JK"},"Grunddaten Ehevertrag":{"Vertragspartner Br\u00e4utigam":"\u00d6sterreich","Vertragspartner Braut":"Frankreich","Datum Vertragsschlie\u00dfung":"1501-10-13","Ort Vertragsschlie\u00dfung":"Trient","Eheschlie\u00dfung vollzogen?":"Nein","verschiedenkonfessionelle Ehe?":"Nein"},"Br\u00e4utigam":{"Br\u00e4utigam Name, Titel":"Karl, Sohn von Erzherzog Philipp, Enkel Maximilians","Br\u00e4utigam GND":"http:\/\/d-nb.info\/gnd\/118560093","Br\u00e4utigam Geburtsjahr":"1500-00-00","Br\u00e4utigam Sterbejahr":"1558-00-00","Br\u00e4utigam Dynastie":"Habsburg (Spanien)","Br\u00e4utigam Konfession":"R\u00f6misch-Katholisch"},"Braut":{"Braut Name, Titel":"Claudia, Tochter von K\u00f6nig Ludwig XII. von Frankreich","Braut GND":"http:\/\/d-nb.info\/gnd\/12406163X","Braut Geburtsjahr":"1499-00-00","Braut Sterbejahr":"1524-00-00","Braut Dynastie":"Valois","Braut Konfession":"R\u00f6misch-Katholisch"},"Akteur Br\u00e4utigam":{"Akteur Br\u00e4utigam Name, Titel":"Maximilian I., Kaiser","Akteur Br\u00e4utigam GND":"http:\/\/d-nb.info\/gnd\/118579371","Akteur Br\u00e4utigam Dynastie":"Habsburg (\u00d6sterreich)","Akteur Br\u00e4utigam Verh\u00e4ltnis zu Br\u00e4utigam":"Gro\u00dfvater"},"Akteur Braut":{"Akteur Braut Name, Titel":"Ludwig XII., K\u00f6nig von Frankreich","Akteur Braut GND":"http:\/\/d-nb.info\/gnd\/118780735","Akteur Braut Dynastie":"Valois","Akteur Braut Verh\u00e4ltnis zu Braut":"Vater"},"Vertragstext":{"Archivexemplar":"nicht nachgewiesen","Vertragssprache Archivexemplar":"nicht nachgewiesen","Digitalisat Archivexemplar":"-","Drucknachweis":"Dumont 1726-1739, Bd. IV:1, S. 15 f.","Vertragssprache Druck":"Latein","Digitalisat Druck":"https:\/\/gallica.bnf.fr\/ark:\/12148\/bpt6k12634404\/f35.image","Vertragsinhalt":"Artikel 1: Ende aller Streitigkeiten, B\u00fcndnis, Eintracht vereinbart: inkl. Spanien\r\nArtikel 2: Eheschlie\u00dfung Karl-Claudia vereinbart\r\nArtikel 3: Eheschlie\u00dfung zwischen gegenw\u00e4rtigem oder zuk\u00fcnftigem Dauphin, Tochter Erzherzog Philipps NN erneut vereinbart\r\nArtikel 4: franz\u00f6sische Unterst\u00fctzung Maximilians, Philipps und des HRR w\u00e4hrend T\u00fcrkenfeldzug zugesichert\r\nArtikel 5: 3j\u00e4hrige franz\u00f6sische Hilfe gegen T\u00fcrken zugesichert\r\nArtikel 6: franz\u00f6sische Hilfe f\u00fcr Erwerb B\u00f6hmens, Ungarns durch Maximilian, Spaniens durch Philipp, deren Erben zugesichert\r\nArtikel 7: Hilfe Frankreichs f\u00fcr Kr\u00f6nung des zuk\u00fcnftigen Kaisers in Rom vereinbart\r\nArtikel 8: Verzicht auf franz\u00f6sische Einmischung im Reich zugesichert \r\nArtikel 9: weitere Verhandlungen \u00fcber Geldzahlung vorbehalten\r\nArtikel 10: \u00e4ltere Vertr\u00e4ge best\u00e4tigt\r\nArtikel 11: Versorgung von Ludwig (Sforza) geregelt\r\nArtikel 12: Freilassung, Restituierung, Exil von Kardinal Ascanius (Sforza) geregelt\r\nArtikel 13: franz\u00f6sische Entsch\u00e4digung kaisertreuer Mail\u00e4nder zugesichert\r\nArtikel 14: Belehnung Ludwigs mit Mailand auf n\u00e4chstem Reichstag zugesichert\r\nArtikel 15: kaiserliche Unterst\u00fctzung Ludwigs in Mailand und anderswo zugesichert\r\nArtikel 16: Eintreten Maximilians f\u00fcr Ratifikation durch Reichsst\u00e4nde zugesichert\r\n","Regelungen \u00fcber Thronfolge und Regentschaft":"","konfessionelle Regelungen":"","erbrechtliche Regelungen":""},"Einordnung des Vertrags":{"Textbezug zu vergangenen Ereignissen?":"","st\u00e4ndische Instanzen beteiligt?":"Artikel 16: Eintreten Maximilians f\u00fcr Ratifikation durch Reichsst\u00e4nde zugesichert","externe Instanzen beteiligt?":"","Ratifikationen, Best\u00e4tigungen, Genehmigungen erw\u00e4hnt?":"Artikel 16: Eintreten Maximilians f\u00fcr Ratifikation durch Reichsst\u00e4nde zugesichert","weitere Vertr\u00e4ge zwischen Vertragsparteien im Zusammenhang mit dieser Ehe":"Punktation von Lyon 21.02.1504 - Heiratsvertrag von Lyon 10.08.1501 - Friedensvertrag von Blois 22.08.1504 - Offensivb\u00fcndnis von Blois 22.09.1504 gegen Venedig - weitere?","Schlagw\u00f6rter":"","Kommentar":"Artikel im Originalvertrag ohne Nummerierung.","Literatur":"Wiesflecker 1971-1986, Bd. III, S. 89-100, bes. S. 92"}}}