{"Dokument":{"Name":"Portugal - Spanien","In Bearbeitung":"Nein","main":{"Name":"Ehevertrag Portugal - Spanien 1727","Zuletzt ge\u00e4ndert":"2019-12 KZ"},"Grunddaten Ehevertrag":{"Vertragspartner Br\u00e4utigam":"Portugal","Vertragspartner Braut":"Spanien","Datum Vertragsschlie\u00dfung":"1727-10-01","Ort Vertragsschlie\u00dfung":"Madrid","Eheschlie\u00dfung vollzogen?":"Ja","verschiedenkonfessionelle Ehe?":"Nein"},"Br\u00e4utigam":{"Br\u00e4utigam Name, Titel":"Josef (Jos\u00e9), von Portugal","Br\u00e4utigam GND":"http:\/\/d-nb.info\/gnd\/101081715","Br\u00e4utigam Geburtsjahr":"1713-00-00","Br\u00e4utigam Sterbejahr":"1777-00-00","Br\u00e4utigam Dynastie":"Braganza","Br\u00e4utigam Konfession":"R\u00f6misch-Katholisch"},"Braut":{"Braut Name, Titel":"Maria Anna Victoria von Spanien","Braut GND":"http:\/\/d-nb.info\/gnd\/129817929","Braut Geburtsjahr":"1718-00-00","Braut Sterbejahr":"1781-00-00","Braut Dynastie":"Bourbon (Spanien)","Braut Konfession":"R\u00f6misch-Katholisch"},"Akteur Br\u00e4utigam":{"Akteur Br\u00e4utigam Name, Titel":"Johann V. (Jo\u00e3o), K\u00f6nig von Portugal","Akteur Br\u00e4utigam GND":"http:\/\/d-nb.info\/gnd\/119362341","Akteur Br\u00e4utigam Dynastie":"Braganza","Akteur Br\u00e4utigam Verh\u00e4ltnis zu Br\u00e4utigam":"Vater"},"Akteur Braut":{"Akteur Braut Name, Titel":"Philipp V., K\u00f6nig von Spanien","Akteur Braut GND":"http:\/\/d-nb.info\/gnd\/119186640","Akteur Braut Dynastie":"Bourbon (Spanien)","Akteur Braut Verh\u00e4ltnis zu Braut":"Vater"},"Vertragstext":{"Archivexemplar":"","Vertragssprache Archivexemplar":"","Digitalisat Archivexemplar":"","Drucknachweis":"CTS 32, S. 481-487 (spanisch), 488-494 (frz.)","Vertragssprache Druck":"Franz\u00f6sisch und Spanisch","Digitalisat Druck":"","Vertragsinhalt":"Artikel 1: Eheschlie\u00dfung vereinbart: wenn Maria Anna 12 Jahre alt, Hochzeit am spanischen Hof, Verl\u00f6bnis vereinbart: wenn Brautleute 7 bzw. 8 Jahre alt, mit p\u00e4pstlichem Dispens, am spanischen Hof\r\n\r\nArtikel 2: Mitgift festgelegt\r\n\r\nArtikel 3: Anlage, ggf. R\u00fcckzahlung von Mitgift geregelt\r\n\r\nArtikel 4: Erbverzicht Maria Annas geregelt\r\n\r\nArtikel 5: Brautschatz geregelt\r\n\r\nArtikel 6: Witwenversorgung, Verwaltung von Witwengut geregelt\r\n\r\nArtikel 7: Unterhalt Maria Annas und ihres Hofstaats w\u00e4hrend der Ehe geregelt\r\n\r\nArtikel 8: \u00dcberf\u00fchrung Maria Annas geregelt\r\n\r\nArtikel 9: R\u00fcckkehrrecht als Witwe zugesichert\r\n\r\nArtikel 10: Papst um Zustimmung gebeten\r\n\r\nArtikel 11: Einhaltung zugesichert, Ratifikation geregelt","Regelungen \u00fcber Thronfolge und Regentschaft":"","konfessionelle Regelungen":"","erbrechtliche Regelungen":"Artikel 4: Erbverzicht Maria Annas geregelt"},"Einordnung des Vertrags":{"Textbezug zu vergangenen Ereignissen?":"","st\u00e4ndische Instanzen beteiligt?":"","externe Instanzen beteiligt?":"Artikel 1: Eheschlie\u00dfung vereinbart: wenn Maria Anna 12 Jahre alt, Hochzeit am spanischen Hof, Verl\u00f6bnis vereinbart: wenn Brautleute 7 bzw. 8 Jahre alt, mit p\u00e4pstlichem Dispens [...]; Artikel 10: Papst um Zustimmung gebeten","Ratifikationen, Best\u00e4tigungen, Genehmigungen erw\u00e4hnt?":"Artikel 11: Einhaltung zugesichert, Ratifikation geregelt","weitere Vertr\u00e4ge zwischen Vertragsparteien im Zusammenhang mit dieser Ehe":"Abkommen von Madrid 1728.01.05 \u00fcber Auslieferung von Deserteuren","Schlagw\u00f6rter":"","Kommentar":"\u00dc - wortgleich mit Vorvertrag 1725.10.07 (Enr. 136)\r\n\r\nAls abweichendes Geburtsjahr ist f\u00fcr Josef (Jos\u00e9), von Portugal 1714 \u00fcberliefert.","Literatur":""}}}