{"Dokument":{"Name":"Frankreich - Savoyen","In Bearbeitung":"Nein","main":{"Name":"Ehevertrag Frankreich - Savoyen 1696","Zuletzt ge\u00e4ndert":"2020-04 JK"},"Grunddaten Ehevertrag":{"Vertragspartner Br\u00e4utigam":"Frankreich","Vertragspartner Braut":"Savoyen-Piemont","Datum Vertragsschlie\u00dfung":"1696-09-15","Ort Vertragsschlie\u00dfung":"Turin","Eheschlie\u00dfung vollzogen?":"Ja","verschiedenkonfessionelle Ehe?":"Nein"},"Br\u00e4utigam":{"Br\u00e4utigam Name, Titel":"Ludwig von Frankreich, Herzog von Burgund","Br\u00e4utigam GND":"http:\/\/d-nb.info\/gnd\/119544687","Br\u00e4utigam Geburtsjahr":"1682-00-00","Br\u00e4utigam Sterbejahr":"1712-00-00","Br\u00e4utigam Dynastie":"Bourbon (Frankreich)","Br\u00e4utigam Konfession":"R\u00f6misch-Katholisch"},"Braut":{"Braut Name, Titel":"Maria Adelaide von Savoyen","Braut GND":"http:\/\/d-nb.info\/gnd\/11899610X","Braut Geburtsjahr":"1685-00-00","Braut Sterbejahr":"1712-00-00","Braut Dynastie":"Savoyen","Braut Konfession":"R\u00f6misch-Katholisch"},"Akteur Br\u00e4utigam":{"Akteur Br\u00e4utigam Name, Titel":"Ludwig XIV., K\u00f6nig von Frankreich","Akteur Br\u00e4utigam GND":"http:\/\/d-nb.info\/gnd\/118816829","Akteur Br\u00e4utigam Dynastie":"Bourbon (Frankreich)","Akteur Br\u00e4utigam Verh\u00e4ltnis zu Br\u00e4utigam":"Gro\u00dfvater, Vater und selbst","Akteur Br\u00e4utigam Name, Titel (32)":"Ludwig, Herzog von Burgund","Akteur Br\u00e4utigam GND (65)":"http:\/\/d-nb.info\/gnd\/119544687","Akteur Br\u00e4utigam Dynastie (35)":"Bourbon (Frankreich)","Akteur Br\u00e4utigam Verh\u00e4ltnis zu Br\u00e4utigam (34)":"selbst"},"Akteur Braut":{"Akteur Braut Name, Titel":"Viktor Amadeus II., Herzog von Savoyen-Piemont","Akteur Braut GND":"http:\/\/d-nb.info\/gnd\/118804537","Akteur Braut Dynastie":"Savoyen","Akteur Braut Verh\u00e4ltnis zu Braut":"Vater"},"Vertragstext":{"Archivexemplar":"nicht nachgewiesen","Vertragssprache Archivexemplar":"nicht nachgewiesen","Digitalisat Archivexemplar":"-","Drucknachweis":"CTS 21, S. 207-217","Vertragssprache Druck":"Franz\u00f6sisch","Digitalisat Druck":"-","Vertragsinhalt":"Pr\u00e4amble:  Eheschlie\u00dfung wird als Fortsetzung jahrhundertelanger Allianzen zwischen Frankreich und Savoyen bewertet\r\n\r\nArtikel 1: Eheschlie\u00dfung vereinbart, sobald Maria Adelaide 12 Jahre alt ist, Dispens des Papstes aufgrund des Verwandtschaftsgrades der Eheleute erw\u00e4hnt, Eheschlie\u00dfung soll am franz\u00f6sischen Hof stattfinden, standesgem\u00e4\u00dfe Behandlung Maria Adelaides zugesichert, genauer Termin wird von Ludwig XIV. und Viktor Amadeus II. bestimmt\r\n\r\nArtikel 2: Mitgift auf 200.000 Gold-\u00c9cu festgelegt, Schenkung von Brautschmuck und Morgenhabe geregelt\r\n\r\nArtikel 3: Verzinsung und Anlage geregelt der Mitgift geregelt, R\u00fcckgabe der Mitgift und des Brautschmucks an Maria Adelaide oder ihre Erben im Falle der Aufl\u00f6sung der Ehe zugesichert \r\n\r\nArtikel 4: Schenkung eines Brautschatzes durch die franz\u00f6sische Seite im Wert von 50.000 Gold-\u00c9cus festgelegt\r\n\r\nArtikel 5: Witwenversorgung als j\u00e4hrliche Zahlung von 20.000 Gold-\u00c9cus zugesichert, Leibgedinge und Wittum geregelt, Nutzungsrechte der Witwe und Verwaltung der Witweng\u00fcter geregelt\r\n\r\nArtikel 6: Erbverzicht Maria Adelaides ausf\u00fchrlich geregelt: Best\u00e4tigung durch Eid Maria Adelaides, Dispens f\u00fcr ungen\u00fcgendes Eidesalter geregelt, Eidesleistung bekundet mit Geltung f\u00fcr sich selbst und alle Nachkommen zugunsten der m\u00e4nnlichen Linie und Nebenlinie des Hauses Savoyen, unter Verzicht auf alle Einspruchsm\u00f6glichkeiten, Einhaltung durch Frankreich zugesichert, als Teil des Friedensvertrags von Turin 1696.08.29\r\n\r\nArtikel 7: Unterhalt Maria Adelaides entsprechend ihres Standes geregelt\r\n\r\nArtikel 8: \u00dcberf\u00fchrung Maria Adelaides an den franz\u00f6sischen Hof geregelt\r\n\r\nArtikel 9: R\u00fcckkehrrecht als Witwe nach Savoyen zugesichert, Mitf\u00fchrung ihres mobilen Besitzes und ihrer Dienerschaft zugesichert, Ausstellung aller n\u00f6tigen Geleitbriefe durch die franz\u00f6sische Krone zugesichert\r\n\r\nArtikel 10: Bitte an den Papst um Zustimmung zum Vertrag formuliert, Ratifikation geregelt, Einhaltung zugesichert\r\n\r\nAnhang: Ratifikation durch den K\u00f6nig von Frankreich und den Dauphin enthalten, p\u00e4pstliche Zustimmungen enthalten (datiert auf 1696-09-25)","Regelungen \u00fcber Thronfolge und Regentschaft":"","konfessionelle Regelungen":"","erbrechtliche Regelungen":"Artikel 6: Erbverzicht Maria Adelaides ausf\u00fchrlich geregelt: Best\u00e4tigung durch Eid Maria Adelaides, Dispens f\u00fcr ungen\u00fcgendes Eidesalter geregelt, Eidesleistung bekundet mit Geltung f\u00fcr sich selbst und alle Nachkommen zugunsten der m\u00e4nnlichen Linie und Nebenlinie des Hauses Savoyen, unter Verzicht auf alle Einspruchsm\u00f6glichkeiten, Einhaltung durch Frankreich zugesichert, als Teil des Friedensvertrags von Turin 1696.08.29"},"Einordnung des Vertrags":{"Textbezug zu vergangenen Ereignissen?":"Pr\u00e4amble:  Eheschlie\u00dfung wird als Fortsetzung jahrhundertelanger Allianzen zwischen Frankreich und Savoyen bewertet; Artikel 6: Bezug auf Friedensvertrags von Turin 1696.08.29","st\u00e4ndische Instanzen beteiligt?":"","externe Instanzen beteiligt?":"Artikel 1: Eheschlie\u00dfung vereinbart, sobald Maria Adelaide 12 Jahre alt ist, Dispens des Papstes aufgrund des Verwandtschaftsgrades der Eheleute erw\u00e4hnt [...]; Artikel 10: Bitte an den Papst um Zustimmung zum Vertrag formuliert [...]; Anhang: [...] p\u00e4pstliche Zustimmungen enthalten (datiert auf 1696-09-25) ","Ratifikationen, Best\u00e4tigungen, Genehmigungen erw\u00e4hnt?":"Artikel 10: Bitte an den Papst um Zustimmung zum Vertrag formuliert, Ratifikation geregelt, Einhaltung zugesichert\r\n\r\nAnhang: Ratifikation durch den K\u00f6nig von Frankreich und den Dauphin enthalten, p\u00e4pstliche Zustimmungen enthalten (datiert auf 1696-09-25)\r\n","weitere Vertr\u00e4ge zwischen Vertragsparteien im Zusammenhang mit dieser Ehe":"Vertrag von Vigone 1690.10.19 \u00fcber Austausch von Kriegsgefangenen - Friedensvertrag von Turin 1696.08.29 - Friedensvertrag von Vigevano 1696.10.07","Schlagw\u00f6rter":"Beteiligung Savoyens am Pf\u00e4lzischen Erbfolgekrieg (1688-1697) auf habsburgischer Seite bis 1696","Kommentar":"\u00dc - Frieden: ausdr\u00fccklich als Vertragszweck erw\u00e4hnt (Art. 6) - vgl. Friedensvertrag von Turin 1696.08.29: Art. 3 Eheschlie\u00dfung, Auslieferung, Erbverzicht Maria Adelaides, Mitgift, Brautschatz als Teil des Friedensvertrags vereinbart, Art. 5 zeremonielle Aufwertung savoyischer Diplomaten durch Frankreich ab Eheschlie\u00dfung vereinbart (CTS 21, S. 196 f., 197 f.)","Literatur":"-"}}}