{"Dokument":{"Name":"Brandenburg - Sachsen","In Bearbeitung":"Nein","Vertragstext":{"Regelungen \u00fcber Thronfolge und Regentschaft":"","Archivexemplar":"GStA, I. HA Rep. 78, Nr. 24, fol. 1r-2v, 6r-9r","Vertragssprache Archivexemplar":"Deutsch","Digitalisat Archivexemplar":"https:\/\/archivdatenbank.gsta.spk-berlin.de\/midosasearch-gsta\/MidosaSEARCH\/i_ha_rep_78_und_78_a\/index.htm?kid=GStA_i_ha_rep_78_und_78_a_8&uid=GStA_i_ha_rep_78_und_78_a_I_HA_Rep_78_Nr_24","Drucknachweis":"nicht nachgewiesen","Vertragssprache Druck":"nicht nachgewiesen","Digitalisat Druck":"-","Vertragsinhalt":"Artikel 1 (fol. 1r): 4 000 Gulden Zins Rente, Nutzungsrecht der Schl\u00f6sser, Regelungen bez\u00fcglich \u00c4mter \r\n\r\nArtikel 2 (fol. 1r): Morgengabe und Widerlage beschlossen\r\n\r\nArtikel 3 (fol. 1r): Spandau als Wohnsitz festgelegt, sofern die Braut damit einverstanden ist, Nutzungsrechte festgelegt\r\n\r\nArtikel 4 (fol. 1r): Festlegung finanzieller Mittel und \u00c4mter auf Schl\u00f6ssern\r\n\r\nArtikel 5(fol. 1r): Festlegung der Witwenrente auf 4 000 Gulden\r\n\r\nArtikel 6 (fol. 1r): Witwensitz Spandau festgelegt, wenn die Witwe dies w\u00fcnscht, Nutzungsrechte, Regelungen bez\u00fcglich der \u00c4mter\r\n\r\nArtikel 7 (fol. 1r-1v): Finanzielle Regelungen\r\n\r\nArtikel 8 (fol. 1v): Leibgedinge und Finanzierung durch Erben festgelegt\r\n\r\nArtikel 9 (fol. 1v): Verbot, das Leibgedinge und die Besitzt\u00fcmer der Braut\/Witwe zu verpf\u00e4nden, verkaufen o.\u00e4.\r\n\r\nArtikel 10 (fol. 1v\u20132r): Recht des Br\u00e4utigams Amtm\u00e4nner auf Schloss Spandau zu bestellen, weitere Regelungen bez\u00fcglich der Besetzung von nachfolgenden Amtm\u00e4nnern, Schw\u00f6ren des Amtseides\r\n\r\nArtikel 11 (fol. 6r): Mitgift auf 20 000 Gulden und Verschreibung festgelegt\r\n\r\nArtikel 12 (fol. 6r-6v): Erbverzicht auf Sachsen und s\u00e4mtliche Anspr\u00fcche der m\u00fctterlichen Linie, daf\u00fcr Mitgift als Entsch\u00e4digung\r\n\r\nArtikel 13 (fol. 7r): Unterhalt der Gattin auf 4 000 Gulden festgelegt, zus\u00e4tzliche Ausgaben \r\n\r\nArtikel 14 (fol. 7v)\r\n\r\nArtikel 15 (fol. 8r): Bewilligung des Leibgedinges durch den Kaiser\r\n\r\nArtikel 16 (fol. 8r): 1 000 Gulden zur j\u00e4hrlichen Nutzung\r\n\r\nArtikel 17 (fol. 8r): Einwilligung des Kaisers erteilt\r\n\r\nArtikel 18 (fol. 8v-9r): Zahlungsprobleme erw\u00e4hnt\r\n","konfessionelle Regelungen":"","erbrechtliche Regelungen":"Artikel 12 (fol. 6r-6v): Erbverzicht auf Sachsen und s\u00e4mtliche Anspr\u00fcche der m\u00fctterlichen Linie, daf\u00fcr Mitgift als Entsch\u00e4digung"},"Einordnung des Vertrags":{"st\u00e4ndische Instanzen beteiligt?":"","Textbezug zu vergangenen Ereignissen?":"","externe Instanzen beteiligt?":"Artikel 15 (fol. 8r): Bewilligung des Leibgedinges durch den Kaiser Artikel 17 (fol. 8r): Einwilligung des Kaisers erteilt","Ratifikationen, Best\u00e4tigungen, Genehmigungen erw\u00e4hnt?":"Artikel 15 (fol. 8r): Bewilligung des Leibgedinges durch den Kaiser\r\n\r\nArtikel 17 (fol. 8r): Einwilligung des Kaisers erteilt\r\n","weitere Vertr\u00e4ge zwischen Vertragsparteien im Zusammenhang mit dieser Ehe":"","Schlagw\u00f6rter":"","Kommentar":"Der Ehevertrag selbst ist nicht nachgewiesen, das Regest leitet daher die Vertragsbestimmungen indirekt aus zugeh\u00f6rigen Dokumenten wie Verschreibungsbriefen ab.","Literatur":"- "},"main":{"Name":"Ehevertrag Brandenburg - Sachsen 1476","Zuletzt ge\u00e4ndert":"2021-03 JT"},"Grunddaten Ehevertrag":{"Vertragspartner Br\u00e4utigam":"Brandenburg","Vertragspartner Braut":"Sachsen","Datum Vertragsschlie\u00dfung":"1476-00-00","Ort Vertragsschlie\u00dfung":"Berlin\/K\u00f6ln","Eheschlie\u00dfung vollzogen?":"Ja","verschiedenkonfessionelle Ehe?":"Nein"},"Br\u00e4utigam":{"Br\u00e4utigam Name, Titel":"Johann Cicero Kurf\u00fcrst von Brandenburg","Br\u00e4utigam GND":"http:\/\/d-nb.info\/gnd\/128964421","Br\u00e4utigam Geburtsjahr":"1455-00-00","Br\u00e4utigam Sterbejahr":"1499-00-00","Br\u00e4utigam Dynastie":"Hohenzollern","Br\u00e4utigam Konfession":"R\u00f6misch-Katholisch"},"Braut":{"Braut Name, Titel":"Margaretha von Sachsen","Braut GND":"http:\/\/d-nb.info\/gnd\/140846425","Braut Geburtsjahr":"1449-00-00","Braut Sterbejahr":"1501-00-00","Braut Dynastie":"Wettiner (Albertiner)","Braut Konfession":"R\u00f6misch-Katholisch"},"Akteur Br\u00e4utigam":{"Akteur Br\u00e4utigam Name, Titel":"Johann Cicero, Kurf\u00fcrst von Brandenburg","Akteur Br\u00e4utigam GND":"http:\/\/d-nb.info\/gnd\/128964421","Akteur Br\u00e4utigam Dynastie":"Hohenzollern","Akteur Br\u00e4utigam Verh\u00e4ltnis zu Br\u00e4utigam":"Selbst"},"Akteur Braut":{"Akteur Braut Name, Titel":"Wilhelm III., Herzog von Sachsen","Akteur Braut GND":"http:\/\/d-nb.info\/gnd\/118632965","Akteur Braut Dynastie":"Wettin (Albertiner)","Akteur Braut Verh\u00e4ltnis zu Braut":"Vater"}}}