{"Dokument":{"Name":"Bayern - \u00d6sterreich","In Bearbeitung":"Nein","main":{"Name":"Ehevertrag Bayern - \u00d6sterreich 1685","Zuletzt ge\u00e4ndert":"2019-05 KZ"},"Grunddaten Ehevertrag":{"Vertragspartner Br\u00e4utigam":"Bayern","Vertragspartner Braut":"\u00d6sterreich","Datum Vertragsschlie\u00dfung":"1685-05-15","Ort Vertragsschlie\u00dfung":"Wien","Eheschlie\u00dfung vollzogen?":"Ja","verschiedenkonfessionelle Ehe?":"Nein"},"Br\u00e4utigam":{"Br\u00e4utigam Name, Titel":"Maximilian II. Emanuel, Kurf\u00fcrst von Bayern","Br\u00e4utigam GND":"http:\/\/d-nb.info\/gnd\/11857941X","Br\u00e4utigam Geburtsjahr":"1662-00-00","Br\u00e4utigam Sterbejahr":"1726-00-00","Br\u00e4utigam Dynastie":"Wittelsbach (Bayern)","Br\u00e4utigam Konfession":"R\u00f6misch-Katholisch"},"Braut":{"Braut Name, Titel":"Maria Antonia von \u00d6sterreich","Braut GND":"http:\/\/d-nb.info\/gnd\/100976905","Braut Geburtsjahr":"1669-00-00","Braut Sterbejahr":"1692-00-00","Braut Dynastie":"Habsburg (\u00d6sterreich)","Braut Konfession":"R\u00f6misch-Katholisch"},"Akteur Br\u00e4utigam":{"Akteur Br\u00e4utigam Name, Titel":"Maximilian II. Emanuel, Kurf\u00fcrst von Bayern","Akteur Br\u00e4utigam GND":"http:\/\/d-nb.info\/gnd\/11857941X","Akteur Br\u00e4utigam Dynastie":"Wittelsbach (Bayern)","Akteur Br\u00e4utigam Verh\u00e4ltnis zu Br\u00e4utigam":"selbst"},"Akteur Braut":{"Akteur Braut Name, Titel":"Leopold I., Kaiser","Akteur Braut GND":"http:\/\/d-nb.info\/gnd\/118571869","Akteur Braut Dynastie":"Habsburg (\u00d6sterreich)","Akteur Braut Verh\u00e4ltnis zu Braut":"Vater"},"Vertragstext":{"Archivexemplar":"nicht nachgewiesen","Vertragssprache Archivexemplar":"nicht nachgewiesen","Digitalisat Archivexemplar":"-","Drucknachweis":"Bartenstein 1741, Beilage Urk. 43","Vertragssprache Druck":"Deutsch","Digitalisat Druck":"-","Vertragsinhalt":"Pr\u00e4ambel: Eheschlie\u00dfung zur Best\u00e4tigung der Freundschaft beider H\u00e4user, Zustimmung Maria Antonias bekundet\r\n\r\nArtikel 1: Verlobung vereinbart: mit p\u00e4pstlicher Dispens (zum Zeitpunkt des Vertragsschlusses noch ausstehend)\r\n\r\nArtikel 2: Mitgift festgelegt (100.000 Rheinische Gulden), Ausstattung der Braut geregelt \r\n\r\nArtikel 3: Erbverzicht der Braut in \u00f6sterreichischen Erblanden geregelt: mit Zustimmung Maximilian Emanuels, au\u00dfer bei Aussterben aller m\u00e4nnlichen Stammhalter des Hauses \u00d6sterreich\r\n\r\nArtikel 4: Widerlage (100.000 Gulden), Morgengabe (50.000 Gulden) festgelegt, \r\n\r\nArtikel 5: Leibgedingeg\u00fcter und Witwensitz festgelegt\r\n\r\nArtikel 6-7: bei Tod des Br\u00e4utigams mit oder ohne Kinder: Herausgabe des Heiratsguts, Herausgabe der Fahrhabe der Witwe gem\u00e4\u00df anzufertigendem Inventar, Witwenversorgung, Witwensitz geregelt, Witwenrente festgelegt\r\n\r\nArtikel 8: bei Tod der Braut: Kinder bleiben in Maximilian Emanuels Obhut, Nachlass der Braut verbleibt bei Ehemann; bei Tod der Braut ohne Kinder: Vererbung von Nachlass geregelt\r\n\r\nArtikel 9: bei Tod eines Ehepartners vor Hochzeit bzw. Vollzug der Ehe: Vertrag nichtig; Einhaltung zugesichert\r\n","Regelungen \u00fcber Thronfolge und Regentschaft":"","konfessionelle Regelungen":"","erbrechtliche Regelungen":"Artikel 3: Erbverzicht der Braut in \u00f6sterreichischen Erblanden geregelt: mit Zustimmung Maximilian Emanuels, au\u00dfer bei Aussterben aller m\u00e4nnlichen Stammhalter des Hauses \u00d6sterreich"},"Einordnung des Vertrags":{"Textbezug zu vergangenen Ereignissen?":"","st\u00e4ndische Instanzen beteiligt?":"","externe Instanzen beteiligt?":"","Ratifikationen, Best\u00e4tigungen, Genehmigungen erw\u00e4hnt?":"","weitere Vertr\u00e4ge zwischen Vertragsparteien im Zusammenhang mit dieser Ehe":"(Auswahl von insges. 20 Vertr\u00e4gen 1680-1690 bei Bittner 1903-1917:) Defensivb\u00fcndnis o. Ort 1683.01.26 \r\nKonvention von Linz 01.11.1683 \u00fcber gemeinsames Vorgehen gegen Frankreich  B\u00fcndnis, Subsidienvertrag von Linz 22.04.1684 \r\nVertrag von Wien 03.09.1684 \u00fcber T\u00fcrkenhilfe \r\nDefensivb\u00fcndnis von Augsburg 29.06\/09.07.1686 inkl. SP, S, Sachsen \r\nVertrag o. Ort 09.04.1688 \u00fcber Verl\u00e4ngerung von Defensivb\u00fcndnis 1683  \r\nB\u00fcndnis von Wien 04.05.1689 gegen Frankreich","Schlagw\u00f6rter":"","Kommentar":"\u00dc - Abdruck bei Bartenstein 1741 vollst\u00e4ndig? Vgl. Geheimartikel \u00fcber Erbverzicht der Braut in Spanien bei Aettenkhover 1767, S. 639-650","Literatur":"-"}}}