{"Dokument":{"Name":"England - Spanien (Kastilien\/Aragon)","In Bearbeitung":"Nein","main":{"Name":"Ehevertrag England - Spanien (Kastilien\/Aragon) 1496","Zuletzt ge\u00e4ndert":"2020-07 JK"},"Akteur Braut":{"Akteur Braut Verh\u00e4ltnis zu Braut":"Vater","Akteur Braut Name, Titel":"Ferdinand II., K\u00f6nig von Aragon","Akteur Braut GND":"http:\/\/d-nb.info\/gnd\/118686712","Akteur Braut Dynastie":"Trast\u00e1mara"},"Vertragstext":{"Archivexemplar":"nicht nachgewiesen","Vertragssprache Archivexemplar":"nicht nachgewiesen","Digitalisat Archivexemplar":"-","Drucknachweis":"Rymer 1704-17, Bd. XII, S. 658-666","Vertragssprache Druck":"Latein","Digitalisat Druck":"https:\/\/gallica.bnf.fr\/ark:\/12148\/bpt6k93491s\/f672.image","Vertragsinhalt":"Pr\u00e4ambel: Eheschlie\u00dfung und Vertragsschlie\u00dfung vereinbart, zur Bewahrung und St\u00e4rkung der freundschaftlichen Verbindung beider H\u00e4user in der Zukunft, zum allgemeinen Frieden der Christenheit, Benennung der Verhandler und Prokuratoren sowie Spezifikation ihrer Vollmachten durch beide Seiten, Eheschluss bei Vollj\u00e4hrigkeit von Braut und Br\u00e4utigam angek\u00fcndigt\r\n\r\nArtikel 1: Eheschluss zugesichert, Mitgift und Widerlage zugesichert\r\n\r\nArtikel 2: Eheschluss und Vollzug, sobald Br\u00e4utigam 14 Jahre alt\r\n\r\nArtikel 3: ggf. Vorziehung des Heiratstermins vor 12. Lebensjahr Arthurs vereinbart: mit p\u00e4pstlicher Dispens, falls aus dringenden Gr\u00fcnden notwendig\r\n\r\nArtikel 4: \u00dcberf\u00fchrung der Braut, wenn Br\u00e4utigam 14 Jahre alt ist, geregelt\r\n\r\nArtikel 5: Art und H\u00f6he von Mitgift und Widerlage, Modus und Zeitraum der Zahlung geregelt \r\n\r\nArtikel 6: Braut erh\u00e4lt als Brautgeschenk ein Drittel der L\u00e4ndereien des Br\u00e4utigams, Schenkungsfrist geregelt \r\n\r\nArtikel 7: Wenn Braut K\u00f6nigin von England wird, traditionsgem\u00e4\u00dfe Schenkung durch englischen K\u00f6nig vertraglich zugesichert\r\n\r\nArtikel 8: Wenn Braut durch Tod \u00e4lterer Geschwister Erbfolge in Kastilien, Le\u00f3n, Aragon zuf\u00e4llt: R\u00fcckkehr dorthin und Verbleib \r\n\r\nArtikel 9: Als K\u00f6nigin erh\u00e4lt Braut zus\u00e4tzlich zu Brautgeschenk ein Drittel der L\u00e4ndereien im K\u00f6nigreich England auf Lebenszeit\r\n\r\nBeeidigung der Artikel durch Verhandler \r\n\r\nEinhaltung zugesichert","Regelungen \u00fcber Thronfolge und Regentschaft":"bei Aussterben von Katharinas Geschwistern: Thronfolgerecht Katharinas vorbehalten","konfessionelle Regelungen":"","erbrechtliche Regelungen":""},"Einordnung des Vertrags":{"Textbezug zu vergangenen Ereignissen?":"","st\u00e4ndische Instanzen beteiligt?":"","externe Instanzen beteiligt?":"Artikel 3: ggf. Vorziehung des Heiratstermins vor 12. Lebensjahr Arthurs vereinbart: mit p\u00e4pstlicher Dispens, falls aus dringenden Gr\u00fcnden notwendig","Ratifikationen, Best\u00e4tigungen, Genehmigungen erw\u00e4hnt?":"","weitere Vertr\u00e4ge zwischen Vertragsparteien im Zusammenhang mit dieser Ehe":"Beistandsvertrag 10.07.1499 (Rymer, Bd. XII, S. 741-746)\r\n","Schlagw\u00f6rter":"","Kommentar":"Keine Nummerierung der Artikel in Rymer.","Literatur":"-"},"Grunddaten Ehevertrag":{"Vertragspartner Br\u00e4utigam":"England","Vertragspartner Braut":"Spanien (Kastilien\/Aragon)","Datum Vertragsschlie\u00dfung":"1496-10-01","Ort Vertragsschlie\u00dfung":"ohne Ort","Eheschlie\u00dfung vollzogen?":"Ja","verschiedenkonfessionelle Ehe?":"Nein"},"Br\u00e4utigam":{"Br\u00e4utigam Name, Titel":"Arthur, Prinz von Wales","Br\u00e4utigam GND":"http:\/\/d-nb.info\/gnd\/119048914","Br\u00e4utigam Geburtsjahr":"1486-00-00","Br\u00e4utigam Sterbejahr":"1502-00-00","Br\u00e4utigam Dynastie":"Tudor","Br\u00e4utigam Konfession":"R\u00f6misch-Katholisch"},"Braut":{"Braut Name, Titel":"Katharina von Aragon","Braut GND":"http:\/\/d-nb.info\/gnd\/118721135","Braut Geburtsjahr":"1485-00-00","Braut Sterbejahr":"1536-00-00","Braut Dynastie":"Trast\u00e1mara","Braut Konfession":"R\u00f6misch-Katholisch"},"Akteur Br\u00e4utigam":{"Akteur Br\u00e4utigam Name, Titel":"Heinrich VII., K\u00f6nig von England","Akteur Br\u00e4utigam GND":"http:\/\/d-nb.info\/gnd\/118773712","Akteur Br\u00e4utigam Dynastie":"Tudor","Akteur Br\u00e4utigam Verh\u00e4ltnis zu Br\u00e4utigam":"Vater"}}}