{"Dokument":{"Name":"Mecklenburg-Schwerin - D\u00e4nemark","In Bearbeitung":"Nein","main":{"Name":"Ehevertrag Mecklenburg-Schwerin - D\u00e4nemark 1542","Zuletzt ge\u00e4ndert":"2017-08 BB"},"Grunddaten Ehevertrag":{"Vertragspartner Br\u00e4utigam":"Mecklenburg-Schwerin","Vertragspartner Braut":"D\u00e4nemark","Datum Vertragsschlie\u00dfung":"1542-11-09","Ort Vertragsschlie\u00dfung":"L\u00fcbeck","Eheschlie\u00dfung vollzogen?":"Ja","verschiedenkonfessionelle Ehe?":"Nein"},"Br\u00e4utigam":{"Br\u00e4utigam Name, Titel":"Magnus III., Herzog von Mecklenburg","Br\u00e4utigam GND":"http:\/\/d-nb.info\/gnd\/122842472","Br\u00e4utigam Geburtsjahr":"1509-00-00","Br\u00e4utigam Sterbejahr":"1550-00-00","Br\u00e4utigam Dynastie":"Mecklenburg","Br\u00e4utigam Konfession":"Evangelisch-Lutherisch"},"Braut":{"Braut Name, Titel":"Elisabeth von D\u00e4nemark","Braut GND":"http:\/\/d-nb.info\/gnd\/135659299","Braut Geburtsjahr":"1524-00-00","Braut Sterbejahr":"1597-00-00","Braut Dynastie":"Oldenburg (D\u00e4nemark)","Braut Konfession":"Evangelisch-Lutherisch"},"Akteur Br\u00e4utigam":{"Akteur Br\u00e4utigam Name, Titel":"Heinrich V., Herzog von Mecklenburg","Akteur Br\u00e4utigam GND":"http:\/\/d-nb.info\/gnd\/102111871","Akteur Br\u00e4utigam Dynastie":"Mecklenburg","Akteur Br\u00e4utigam Verh\u00e4ltnis zu Br\u00e4utigam":"Vater"},"Akteur Braut":{"Akteur Braut Name, Titel":"Christian III., K\u00f6nig von D\u00e4nemark","Akteur Braut GND":"http:\/\/d-nb.info\/gnd\/119217120","Akteur Braut Dynastie":"Oldenburg (D\u00e4nemark)","Akteur Braut Verh\u00e4ltnis zu Braut":"Bruder"},"Vertragstext":{"Archivexemplar":"nicht nachgewiesen","Vertragssprache Archivexemplar":"nicht nachgewiesen","Digitalisat Archivexemplar":"-","Drucknachweis":"DNT I, S. 423-425","Vertragssprache Druck":"Deutsch","Digitalisat Druck":"-","Vertragsinhalt":"[Pr\u00e4] \u2013 Entsendung von Verhandlern, Eheverhandlungen bekundet: zum Lob Gottes und der heiligen Dreifaltigkeit, Einigung im Namen der heiligen Dreifaltigkeit bekundet (423f.)\r\n\r\n1 \u2013 Eheschlie\u00dfung vereinbart, Mitgift festgelegt: Mitgiftzahlung, Aussteuer geregelt\r\n\r\n2 \u2013 Verhandlungen \u00fcber Termin f\u00fcr Beilager vereinbart: Aufwandsbeschr\u00e4nkung vereinbart\r\n\r\n3 \u2013 Austausch von Urkunden \u00fcber Eheg\u00fcterverschreibung, Erbverzicht der Braut vereinbart: Erbverzicht mit Zustimmung von Br\u00e4utigam geregelt\r\n","Regelungen \u00fcber Thronfolge und Regentschaft":"","konfessionelle Regelungen":"","erbrechtliche Regelungen":"Austausch von Urkunden \u00fcber Eheg\u00fcterverschreibung, Erbverzicht der Braut vereinbart: Erbverzicht mit Zustimmung von Br\u00e4utigam geregelt - 3\r\n"},"Einordnung des Vertrags":{"Textbezug zu vergangenen Ereignissen?":"","st\u00e4ndische Instanzen beteiligt?":"","externe Instanzen beteiligt?":"","Ratifikationen, Best\u00e4tigungen, Genehmigungen erw\u00e4hnt?":"","weitere Vertr\u00e4ge zwischen Vertragsparteien im Zusammenhang mit dieser Ehe":"","Schlagw\u00f6rter":"","Kommentar":"vgl. Erbverzichtserkl\u00e4rung der Braut 29.08.1543 (DNT I, S. 426f.)\r\n\r\nvgl. zweite Eheschlie\u00dfung der Braut 1556 mit Herzog Ulrich von Mecklenburg","Literatur":"Laursen in DNT I, S. 422 f."}}}