{"Dokument":{"Name":"Frankreich - England","In Bearbeitung":"Nein","main":{"Name":"Ehevertrag Frankreich - England 1527","Zuletzt ge\u00e4ndert":"2020-12 JK"},"Braut":{"Braut Name, Titel":"Maria (Mary) von England","Braut GND":"http:\/\/d-nb.info\/gnd\/118640917","Braut Geburtsjahr":"1516-00-00","Braut Sterbejahr":"1558-00-00","Braut Dynastie":"Tudor","Braut Konfession":"R\u00f6misch-Katholisch"},"Akteur Br\u00e4utigam":{"Akteur Br\u00e4utigam Name, Titel":"Franz I. (Francois), K\u00f6nig von Frankreich","Akteur Br\u00e4utigam GND":"http:\/\/d-nb.info\/gnd\/118534947","Akteur Br\u00e4utigam Dynastie":"Habsburg (Spanien)","Akteur Br\u00e4utigam Verh\u00e4ltnis zu Br\u00e4utigam":"selbst oder Vater"},"Akteur Braut":{"Akteur Braut Name, Titel":"Heinrich VIII., K\u00f6nig von England","Akteur Braut GND":"http:\/\/d-nb.info\/gnd\/118548204","Akteur Braut Dynastie":"Tudor","Akteur Braut Verh\u00e4ltnis zu Braut":"Vater"},"Vertragstext":{"Archivexemplar":"nicht nachgewiesen","Vertragssprache Archivexemplar":"nicht nachgewiesen","Digitalisat Archivexemplar":"-","Drucknachweis":"Dumont 1726-1739, Bd. IV:1, S. 476-481; Perry\/Hopkins 1970, Bd. II, S. 41","Vertragssprache Druck":"Latein","Digitalisat Druck":"https:\/\/gallica.bnf.fr\/ark:\/12148\/bpt6k12634404\/f496.item","Vertragsinhalt":"Artikel 1: Friedens- und Freundschaftsvertrag von Moore zwischen England und Frankreich vom 30.08.1525 best\u00e4tigt\r\n\r\nArtikel 2: Vereinbarung, Verhandlungen und Vertr\u00e4ge mit dem Kaiser k\u00fcnftig nur gemeinsam einzugehen, gilt u. a. f\u00fcr Eheverhandlungen und -vertr\u00e4ge und speziell f\u00fcr Franz hinsichtlich der Freilassung seiner S\u00f6hne aus kaiserlicher Geiselhaft\r\n\r\nArtikel 3: gemeinsame Gesandtschaft an Kaiser vereinbart, um Freilassung der S\u00f6hne von Franz und die R\u00fcckzahlung kaiserlicher Schulden an Heinrich zu erreichen\r\n\r\nArtikel 4: zur Wahrung des Friedens zuk\u00fcnftige Eheschlie\u00dfung Marias entweder mit Franz selbst oder mit dessen zweitgeborenem Sohn Heinrich vereinbart, sobald Maria 12 Jahre alt ist, sp\u00e4tere Entscheidung und Verhandlungen vereinbart, R\u00fccktritt vorbehalten\r\n\r\nArtikel 5: bei Eheschlie\u00dfung Marias mit Franz und ihrer Thronfolge in England wird eine englische Regentschaftsregierung eingesetzt, damit es nicht zu \u00c4nderungen im englischen Gemeinwesen kommt, Verhandlungen \u00fcber Leibgedinge und Mitgift vereinbart, Erziehung des erstgeborenen Kindes und somit englischen Thronfolgers in England vereinbart, R\u00fcckkehrrecht Marias als Witwe zugesagt, Best\u00e4tigung und Ratifikation des Vertrags geregelt\r\n\r\nArtikel 6: falls Maria oder die Nachkommen aus der Ehe mit Franz nicht die englische Thronfolge antreten und es zu keinem gemeinsamen Offensivkrieg Englands und Frankreichs gegen den Kaiser kommt, ist der Vertrag vom 30.04.1527 nichtig\r\n\r\nArtikel 7: falls Eheschlie\u00dfung mit Heinrich vereinbart wird, erfolgt zwei Monate nach seiner Freilassung und R\u00fcckkehr nach Frankreich die \u00dcbersendung Heinrichs nach England, um dort erzogen zu werden, Verhandlungen \u00fcber Leibgedinge und Mitgift vereinbart, Best\u00e4tigung und Ratifikation des Vertrags geregelt\r\n\r\nArtikel 8-9: Offensivkrieg gegen den Kaiser vereinbart, falls er die gemeinsamen Friedensbedingungen Englands und Frankreichs ablehnt\r\n\r\nArtikel 10: falls aufgrund englischer Bedenken keine der beiden m\u00f6glichen Ehen zustande kommt, ist der franz\u00f6sische K\u00f6nig nicht verpflichtet, dem englischen K\u00f6nig seine Kriegskosten zu erstatten, wenn aber aufgrund franz\u00f6sischer Bedenken keine Ehe zustande kommt, erstattet der franz\u00f6sische dem englischen K\u00f6nig die Kriegskosten und leistet Zahlungen dar\u00fcber hinaus\r\n\r\nArtikel 11: K\u00f6nigstreffen in Calais vereinbart, Regelungen des Zeremoniells vorbehalten\r\n\r\nArtikel 12: Ratifikation geregelt","Regelungen \u00fcber Thronfolge und Regentschaft":"Artikel 5: bei Eheschlie\u00dfung Marias mit Franz und ihrer Thronfolge in England wird eine englische Regentschaftsregierung eingesetzt, damit es nicht zu \u00c4nderungen im englischen Gemeinwesen kommt, Verhandlungen \u00fcber Leibgedinge und Mitgift vereinbart, Erziehung des erstgeborenen Kindes und somit englischen Thronfolgers in England vereinbart, R\u00fcckkehrrecht Marias als Witwe zugesagt, Best\u00e4tigung und Ratifikation des Vertrags geregelt\r\n\r\nArtikel 6: falls Maria oder die Nachkommen aus der Ehe mit Franz nicht die englische Thronfolge antreten und es zu keinem gemeinsamen Offensivkrieg Englands und Frankreichs gegen den Kaiser kommt, ist der Vertrag vom 30.04.1527 nichtig","konfessionelle Regelungen":"","erbrechtliche Regelungen":""},"Einordnung des Vertrags":{"Textbezug zu vergangenen Ereignissen?":"Bezug auf Geiselnahme der S\u00f6hne Franz","st\u00e4ndische Instanzen beteiligt?":"","externe Instanzen beteiligt?":"","Ratifikationen, Best\u00e4tigungen, Genehmigungen erw\u00e4hnt?":"Artikel 5: bei Eheschlie\u00dfung Marias mit Franz und ihrer Thronfolge in England wird eine englische Regentschaftsregierung eingesetzt, damit es nicht zu \u00c4nderungen im englischen Gemeinwesen kommt, Verhandlungen \u00fcber Leibgedinge und Mitgift vereinbart, Erziehung des erstgeborenen Kindes und somit englischen Thronfolgers in England vereinbart, R\u00fcckkehrrecht Marias als Witwe zugesagt, Best\u00e4tigung und Ratifikation des Vertrags geregelt\r\n\r\nArtikel 7: falls Eheschlie\u00dfung mit Heinrich vereinbart wird, erfolgt zwei Monate nach seiner Freilassung und R\u00fcckkehr nach Frankreich die \u00dcbersendung Heinrichs nach England, um dort erzogen zu werden, Verhandlungen \u00fcber Leibgedinge und Mitgift vereinbart, Best\u00e4tigung und Ratifikation des Vertrags geregelt\r\n\r\nArtikel 12: Ratifikation geregelt","weitere Vertr\u00e4ge zwischen Vertragsparteien im Zusammenhang mit dieser Ehe":"5 Vertr\u00e4ge von More 1525.08.30 - Vertrag von Hampton Court 1526.08.08 - Friedensvertrag von Westminster 1527.04.30 - Offensivb\u00fcndnisvertrag von Westminster 1527.04.30 - Zusatzvertrag von Westminster 1527.05.19 - 3 Vertr\u00e4ge von London 1530.02.18 - Vertrag von Hampton Court 1530.12.02 - B\u00fcndnisvertrag von London 1532.06.23 - B\u00fcndnisvertrag von Calais 1532.10.28","Schlagw\u00f6rter":"1522 und 1523 englische Angriffe auf Morlaix und Tr\u00e9port (vgl. Gunn 2018, S. 6)","Kommentar":"zus\u00e4tzlicher Vertragszweck Hausmacht? Offenbar franz\u00f6sische Hoffnungen auf Erbfall in England\r\n\r\nVertrag selbst ist nicht explizit in Artikel unterteilt.","Literatur":"-"},"Grunddaten Ehevertrag":{"Vertragspartner Br\u00e4utigam":"Frankreich","Vertragspartner Braut":"England","Datum Vertragsschlie\u00dfung":"1527-04-30","Ort Vertragsschlie\u00dfung":"Westminster","Eheschlie\u00dfung vollzogen?":"Nein","verschiedenkonfessionelle Ehe?":"Nein"},"Br\u00e4utigam":{"Br\u00e4utigam Name, Titel":"Franz I., K\u00f6nig von Frankreich ","Br\u00e4utigam GND":"http:\/\/d-nb.info\/gnd\/118534947","Br\u00e4utigam Geburtsjahr":"1494-00-00","Br\u00e4utigam Sterbejahr":"1547-00-00","Br\u00e4utigam Dynastie":"Habsburg (Spanien)","Br\u00e4utigam Konfession":"R\u00f6misch-Katholisch","Br\u00e4utigam Name, Titel (10)":"Heinrich, Herzog von Orl\u00e9ans","Br\u00e4utigam GND (63)":"http:\/\/d-nb.info\/gnd\/118548166","Br\u00e4utigam Geburtsjahr (18)":"1519-00-00","Br\u00e4utigam Sterbejahr (19)":"1559-00-00","Br\u00e4utigam Dynastie (22)":"Valois","Br\u00e4utigam Konfession (23)":"R\u00f6misch-Katholisch"}}}