{"Dokument":{"Name":"Hessen - Sachsen","In Bearbeitung":"Nein","main":{"Name":"Ehevertrag Hessen - Sachsen 1523","Zuletzt ge\u00e4ndert":"2021-04 JT"},"Grunddaten Ehevertrag":{"Vertragspartner Br\u00e4utigam":"Hessen","Vertragspartner Braut":"Sachsen","Datum Vertragsschlie\u00dfung":"1523-12-11","Ort Vertragsschlie\u00dfung":"nicht genannt","Eheschlie\u00dfung vollzogen?":"Ja","verschiedenkonfessionelle Ehe?":"Nein"},"Br\u00e4utigam":{"Br\u00e4utigam Name, Titel":"Philipp I. \u201eder Gro\u00dfm\u00fctige\u201c, Landgraf von Hessen","Br\u00e4utigam GND":"http:\/\/d-nb.info\/gnd\/11859382X","Br\u00e4utigam Geburtsjahr":"1504-00-00","Br\u00e4utigam Sterbejahr":"1567-00-00","Br\u00e4utigam Dynastie":"Hessen (Kassel)","Br\u00e4utigam Konfession":"R\u00f6misch-Katholisch"},"Braut":{"Braut Name, Titel":"Christine von Sachsen","Braut GND":"http:\/\/d-nb.info\/gnd\/136840736","Braut Geburtsjahr":"1505-00-00","Braut Sterbejahr":"1549-00-00","Braut Dynastie":"Wettiner (Albertiner)","Braut Konfession":"R\u00f6misch-Katholisch"},"Akteur Br\u00e4utigam":{"Akteur Br\u00e4utigam Name, Titel":"Philipp I. \u201eder Gro\u00dfm\u00fctige\u201c, Landgraf von Hessen","Akteur Br\u00e4utigam GND":"http:\/\/d-nb.info\/gnd\/11859382X","Akteur Br\u00e4utigam Dynastie":"Hessen (Kassel)","Akteur Br\u00e4utigam Verh\u00e4ltnis zu Br\u00e4utigam":"Selbst"},"Akteur Braut":{"Akteur Braut Name, Titel":"Georg \u201eder B\u00e4rtige\u201c, Herzog von Sachsen","Akteur Braut GND":"http:\/\/d-nb.info\/gnd\/118716921","Akteur Braut Dynastie":"Wettin (Albertiner)","Akteur Braut Verh\u00e4ltnis zu Braut":"Vater"},"Vertragstext":{"Archivexemplar":"HStA Drd, 10001 O.U. 10426","Vertragssprache Archivexemplar":"Deutsch","Digitalisat Archivexemplar":"-","Drucknachweis":"nicht nachgewiesen","Vertragssprache Druck":"nicht nachgewiesen","Digitalisat Druck":"-","Vertragsinhalt":"Artikel 1: Eheschlie\u00dfung vereinbart, Verweis auf hessisch-s\u00e4chsische Erbverbr\u00fcderung\r\n\r\nArtikel 2: Heiratsgut auf 20.000 Gulden festgesetzt, Zahlung nach Beilager geregelt, Quittierung der gezahlten Summen zugesichert\r\n\r\nArtikel 3: Aussteuer in Form von Kleidern, Silbergeschirr und Kleinodien zugesichert, wie es einer F\u00fcrstin von Sachsen zusteht\r\n\r\nArtikel 4: Widerlage auf 20.000 Gulden festgesetzt \r\n\r\nArtikel 5: Morgengabe von 5.000 Gulden zugesichert \r\n\r\nArtikel 6 (S. 1): G\u00fcter d\u00fcrfen nicht verschrieben oder behaftet werden\r\n\r\nArtikel 7: f\u00fcrstlicher Sitz der Braut in Gie\u00dfen und Gr\u00fcnberg und obrigkeitliche Rechte sowie Nutzungsrechte der Braut \u00fcber die genannten Orte und alle zugeh\u00f6rigen G\u00fcter geregelt; 6.500 Gulden als j\u00e4hrliche Eink\u00fcnfte der Braut aus den verschriebenen G\u00fctern in Gie\u00dfen und Gr\u00fcnberg zugesichert; Beibehaltung des alten Herkommens der dortigen Rechtsprechung vereinbart; Huldigung durch Amtsleute und Untertanen und Treuepflichten gegen\u00fcber Christine oder, im Fall ihres Todes, gegen\u00fcber ihrem Vater bzw. ihren Erben bis zum Widerfall der Mitgift geregelt\r\n\r\nArtikel 8: Instandhaltung des Wittums und angemessener Ersatz geregelt, falls das vereinbarte j\u00e4hrliche Einkommen aus den G\u00fctern nicht erzielt werden kann; bei bestimmten Sch\u00e4den, etwa durch Br\u00e4nde, tragen Philipps Erben sowie der Brautvater oder dessen Erben je eine H\u00e4lfte der Instandsetzungskosten \r\n\r\nArtikel 9: Schutz und Versicherung des Wittums durch Philipps Erben und Nachkommen zugesichert\r\n\r\nArtikel 10: vorherige Besichtigung der ausgewiesenen Wittumsg\u00fcter durch die s\u00e4chsische Seite vereinbart, um Geb\u00e4ude zu \u00fcberpr\u00fcfen und zu erfahren, ob die zugesicherten 6.500 Gulden an j\u00e4hrlichen Ertr\u00e4gen erbracht werden k\u00f6nnen\r\n\r\nArtikel 11: falls von s\u00e4chsischer Seite M\u00e4ngel an den Wittumsg\u00fctern festgestellt werden, ist Philipp zur umgehenden standesgem\u00e4\u00dfen Ausbesserung verpflichtet\r\n\r\nArtikel 12: \u00dcberf\u00fchrung der Braut geregelt \r\n\r\nArtikel 13: Erbverzicht der Braut auf alles v\u00e4terliche, m\u00fctterliche und br\u00fcderliche Erbe, solange noch m\u00e4nnliche Erben aus dieser Linie am Leben sind\r\n\r\nArtikel 14: Regelung der Verf\u00fcgungsrechte \u00fcber die von Christine in die Ehe eingebrachte Aussteuer falls die sie nach dem Beilager vor dem Br\u00e4utigam verstirbt und keine Leibeserben hinterl\u00e4sst; Anfertigung eines Inventars \u00fcber ihren Besitz f\u00fcr die s\u00e4chsische Seite vereinbart; Philipp wird lebenslange Nutzung der Aussteuer zugesprochen, nach seinem Tod: R\u00fcckfall an die v\u00e4terliche Linie der Braut, sofern keine Erben aus der Ehe vorhanden sind; falls Erben aus der Ehe vorhanden sind, f\u00e4llt die Aussteuer an sie\r\n\r\nArtikel 15: Philipp wird au\u00dferdem lebenslange Nutzung der Mitgift nach Christines Tod zugesprochen, nach seinem Tod: R\u00fcckfall an die s\u00e4chsische Seite\r\n\r\nArtikel 16: nach Christines Tod: Verf\u00fcgungs- und Hoheitsrechte des Brautvaters oder seiner Erben \u00fcber die Wittumsg\u00fcter bis zu deren Abl\u00f6sung durch R\u00fcckzahlung von Mitgift etc. geregelt\r\n\r\nArtikel 17: Treueverpflichtung der Amtsleute und Untertanen auf den Wittumsg\u00fctern gegen\u00fcber der s\u00e4chsischen Seite bis zur Abl\u00f6sung geregelt, \u00dcberlassung der Eink\u00fcnfte aus den G\u00fctern an Sachsen bis dahin geregelt\r\n\r\nArtikel 18: falls Braut und Br\u00e4utigam versterben und keine lebenden Leibeserben vorhanden sind, wird mit Mitgift, Widerlage etc. wie vorangehend verfahren; falls noch lebende Leibeserben aus der Ehe vorhanden sind, erben sie Mitgift, Widerlage etc. \r\n\r\nArtikel 19: wenn Philipp verstirbt, erh\u00e4lt Christine sofortigen Anspruch auf Heiratsgut, Widerlage und Morgengabe und die genannten G\u00fcter, Gie\u00dfen und Gr\u00fcnberg, samt der Herrschaft und Rechtsprechung dar\u00fcber; Nutzungsrechte an Aussteuer, erhaltenen Geschenken und ehelichem Hausrat etc. geregelt, sofern sie nicht erneut heiratet\r\n\r\nArtikel 20: falls Christine nach dem Tod Philipps erneut heiratet: Abl\u00f6sung des Leibgedinges, der 20.000 Gulden Widerlage, der 20.000 Gulden Mitgift und der 5.000 Gulden Morgengabe geregelt, sobald Gesamtsumme von 45.000 Gulden ausgezahlt ist, hat sie das Leibgedinge abzutreten und alle Amtsleute und Untertanen in Gie\u00dfen und Gr\u00fcnberg aus der Treuepflicht zu entlassen; Vererbung der Summe an vorhandene Leibeserben aus der Ehe mit Philipp oder deren Erben geregelt\r\n\r\nArtikel 21: falls beide Eheleute versterben, ohne noch lebende Leibeserben zu hinterlassen, f\u00e4llt die Mitgift an das Haus Sachsen, die Widerlage an das Haus Hessen zur\u00fcck; die Morgengabe unterliegt der freien Verf\u00fcgung Christines \r\n\r\nArtikel 22: eigene Eink\u00fcnfte und Zugewinne sollen Christine nicht verwehrt werden\r\n\r\nArtikel 23: Christine wird mit keinerlei Schulden, die von Philipp vor oder w\u00e4hrend der Ehe erworben wurden, belastet werden\r\n\r\nArtikel 24: Verkauf und Versetzung der Witweng\u00fcter durch Christine ohne Einverst\u00e4ndnis von Philipps Erben und Nachfolgern ausgeschlossen\r\n\r\nArtikel 25: Christine dar nicht zum Schaden der Erben und Nachkommen Philipps von ihrem Wittum Gebrauch machen, es sei denn sie w\u00fcrde von jenen Erben und Nachkommen in ihren Rechten eingeschr\u00e4nkt\r\n\r\nArtikel 26: Ausr\u00fcstung und Bewaffnung der zum Wittum geh\u00f6renden Schl\u00f6sser geregelt\r\n\r\n\r\nArtikel 27: Regelung zum Umgang mit landgr\u00e4flichen Lehen auf den Wittumsg\u00fctern\r\n\r\nArtikel 28: Regelungen bez\u00fcglich der Geistlichen und Burgmannen auf den Wittumsg\u00fctern\r\n\r\nArtikel 29: Steuereinnahmen und Beleihung von Ritterlehen bleiben Philipp und seinen Erben und Nachkommen vorbehalten; beiderseitige Einhaltung des Vertrags zugesichert","Regelungen \u00fcber Thronfolge und Regentschaft":"","konfessionelle Regelungen":"","erbrechtliche Regelungen":"Artikel 13: Erbverzicht der Braut auf alles v\u00e4terliche, m\u00fctterliche und br\u00fcderliche Erbe, solange noch m\u00e4nnliche Erben aus dieser Linie am Leben sind\r\n\r\nArtikel 14: Regelung der Verf\u00fcgungsrechte \u00fcber die von Christine in die Ehe eingebrachte Aussteuer falls die sie nach dem Beilager vor dem Br\u00e4utigam verstirbt und keine Leibeserben hinterl\u00e4sst; Anfertigung eines Inventars \u00fcber ihren Besitz f\u00fcr die s\u00e4chsische Seite vereinbart; Philipp wird lebenslange Nutzung der Aussteuer zugesprochen, nach seinem Tod: R\u00fcckfall an die v\u00e4terliche Linie der Braut, sofern keine Erben aus der Ehe vorhanden sind; falls Erben aus der Ehe vorhanden sind, f\u00e4llt die Aussteuer an sie\r\n\r\nArtikel 15: Philipp wird au\u00dferdem lebenslange Nutzung der Mitgift nach Christines Tod zugesprochen, nach seinem Tod: R\u00fcckfall an die s\u00e4chsische Seite\r\n\r\nArtikel 20: falls Christine nach dem Tod Philipps erneut heiratet: Abl\u00f6sung des Leibgedinges, der 20.000 Gulden Widerlage, der 20.000 Gulden Mitgift und der 5.000 Gulden Morgengabe geregelt, sobald Gesamtsumme von 45.000 Gulden ausgezahlt ist, hat sie das Leibgedinge abzutreten und alle Amtsleute und Untertanen in Gie\u00dfen und Gr\u00fcnberg aus der Treuepflicht zu entlassen; Vererbung der Summe an vorhandene Leibeserben aus der Ehe mit Philipp oder deren Erben geregelt\r\n\r\nArtikel 21: falls beide Eheleute versterben, ohne noch lebende Leibeserben zu hinterlassen, f\u00e4llt die Mitgift an das Haus Sachsen, die Widerlage an das Haus Hessen zur\u00fcck; die Morgengabe unterliegt der freien Verf\u00fcgung Christines \r\n\r\nArtikel 16: nach Christines Tod: Verf\u00fcgungs- und Hoheitsrechte des Brautvaters oder seiner Erben \u00fcber die Wittumsg\u00fcter bis zu deren Abl\u00f6sung durch R\u00fcckzahlung von Mitgift etc. geregelt\r\n\r\nArtikel 18: falls Braut und Br\u00e4utigam versterben und keine lebenden Leibeserben vorhanden sind, wird mit Mitgift, Widerlage etc. wie vorangehend verfahren; falls noch lebende Leibeserben aus der Ehe vorhanden sind, erben sie Mitgift, Widerlage etc. "},"Einordnung des Vertrags":{"Textbezug zu vergangenen Ereignissen?":"Artikel 1: [...] Verweis auf hessisch-s\u00e4chsische Erbverbr\u00fcderung","st\u00e4ndische Instanzen beteiligt?":"","externe Instanzen beteiligt?":"","Ratifikationen, Best\u00e4tigungen, Genehmigungen erw\u00e4hnt?":"","weitere Vertr\u00e4ge zwischen Vertragsparteien im Zusammenhang mit dieser Ehe":"Erneuerung der hessisch-s\u00e4chsischen Erbverbr\u00fcderung 09.07.1520 - hessisch-s\u00e4chsischer B\u00fcndnisvertrag zur Verteidigung des Glaubens 02.05.1526 ","Schlagw\u00f6rter":"","Kommentar":"Vertrag verf\u00fcgt im Original \u00fcber keine Nummerierung der Artikel.","Literatur":"-"}}}