{"Dokument":{"Name":"Salm-Reifferscheidt - Hessen-Kassel","In Bearbeitung":"Nein","main":{"Name":"Ehevertrag Salm-Reifferscheidt - Hessen-Kassel 1646 ","Zuletzt ge\u00e4ndert":"2021-03 KZ"},"Grunddaten Ehevertrag":{"Vertragspartner Br\u00e4utigam":"Salm-Reifferscheid","Vertragspartner Braut":"Hessen-Kassel","Datum Vertragsschlie\u00dfung":"1646-04-24","Ort Vertragsschlie\u00dfung":"Kassel","Eheschlie\u00dfung vollzogen?":"Ja","verschiedenkonfessionelle Ehe?":"unbekannt"},"Br\u00e4utigam":{"Br\u00e4utigam Name, Titel":"Erich Adolph, Altgraf zu Salm-Reifferscheid","Br\u00e4utigam GND":"http:\/\/d-nb.info\/gnd\/139641572","Br\u00e4utigam Geburtsjahr":"1619-00-00","Br\u00e4utigam Sterbejahr":"1673-00-00","Br\u00e4utigam Dynastie":"unbekannt","Br\u00e4utigam Konfession":"unbekannt"},"Braut":{"Braut Name, Titel":"Magdalena, Landgr\u00e4fin von Hessen-Kassel","Braut GND":"http:\/\/d-nb.info\/gnd\/1033766402","Braut Geburtsjahr":"1611-00-00","Braut Sterbejahr":"1671-00-00","Braut Dynastie":"Hessen (Kassel)","Braut Konfession":"Evangelisch-Lutherisch"},"Akteur Br\u00e4utigam":{"Akteur Br\u00e4utigam Name, Titel":"Erich Adolph, Altgraf zu Salm-Reifferscheid","Akteur Br\u00e4utigam GND":"http:\/\/d-nb.info\/gnd\/139641572","Akteur Br\u00e4utigam Dynastie":"unbekannt","Akteur Br\u00e4utigam Verh\u00e4ltnis zu Br\u00e4utigam":"selbst"},"Akteur Braut":{"Akteur Braut Name, Titel":"Amalie Elisabteh, Landgr\u00e4fin von Hessen-Kassel","Akteur Braut GND":"http:\/\/d-nb.info\/gnd\/119207826","Akteur Braut Dynastie":"Hessen (Kassel)","Akteur Braut Verh\u00e4ltnis zu Braut":"Schw\u00e4gerin","Akteur Braut Name, Titel (36)":"Wilhelm VI., Landgraf von Hessen-Kassel","Akteur Braut GND (66)":"http:\/\/d-nb.info\/gnd\/102035229","Akteur Braut Dynastie (40)":"Hessen (Kassel)","Akteur Braut Verh\u00e4ltnis zu Braut (38)":"Neffe"},"Vertragstext":{"Archivexemplar":"HStAM, Urk. 3, Nr. 279","Vertragssprache Archivexemplar":"Deutsch","Digitalisat Archivexemplar":"-","Drucknachweis":"nicht nachgewiesen","Vertragssprache Druck":"nicht nachgewiesen","Digitalisat Druck":"-","Vertragsinhalt":"Artikel 1: die Heirat wurde beschlossen mit dem Einverst\u00e4ndnis der Br\u00fcder Hermann von Hessen-Rotenburg und Ernst von Hessen-Rheinfels-Rotenburg\r\n\r\nArtikel 2: Mitgift auf 20.000 Gulden festgesetzt, im Wert gem\u00e4\u00df der M\u00fcnzordnung Kaiser Ferdinands I. von 1559, entsprechend dem Brauch des Hauses Hessen, Zahlung geregelt\r\n\r\nArtikel 3: Amalie Elisabeth stattet Magdalena mit Silbergeschirr, Kleidung und Kleinodien aus, daf\u00fcr muss Magdalena darauf einen schriftlichen wie m\u00fcndlichen Verzicht leisten\r\n\r\nArtikel 4: Ernst Adolph zahlt Magdalena mit Einverst\u00e4ndnis seiner beiden Br\u00fcder Ernst Valentin und Ferdinand Albrecht 20.000 Gulden und t\u00e4tigt eine Wittumsverschreibung, Anlage der Widerlage auf verschiedenen G\u00fctern Ernst Adolphs geregelt, au\u00dferdem soll Ernst Adolphs Besitz in seinem Todesfall f\u00fcr Magdalenas Auskommen sorgen, sofern kein Vergleich ausgehandelt wird, Magdalena erh\u00e4lt 4.000 Gulden im Jahr nebst der Wittumsresidenz mit angemessener Ausstattung und Mobiliar als Leibgedinge\r\n\r\nArtikel 5: falls sich nach dem Tod von Ernst Adolph die Wirtschaft verschlechtert, z. B. durch Rezession, Kriege, Pl\u00fcnderungen, soll Magdalenas Witwenversorgung aus anderen G\u00fctern finanziert werden, damit die 4.000 Gulden Witwenrente gesichert sind\r\n\r\nArtikel 6: Morgengabe festgelegt: stattliches Kleinod, 2.000 Goldgulden und zus\u00e4tzlich 100 Goldgulden j\u00e4hrlich, falls Magdalena ohne Leibeserben stirbt, f\u00e4llt die Morgengabe an Ernst Adolph oder seine Erben zur\u00fcck\r\n\r\nArtikel 7: der Vertrag gilt auch nach Erich Adolphs Tod f\u00fcr dessen Erben und ebenso f\u00fcr die Nachfolger von Amalie Elisabeth\r\n\r\nArtikel 8: Treue- und Dienstpflichten von Amtsleute, Bedienstete und Untertanen gegen\u00fcber Magdalene und ihren Erben nach dem Tod Erich Adolphs geregelt\r\n\r\nArtikel 9: falls Magdalena ohne Erben stirbt, soll das Heiratsgut, Wiederlage etc. nicht vererbt werden, falls Leibeserben vorhanden sind, sollen das Heiratsgut, Wiederlage etc. an diese vererbt werden\r\n\r\nArtikel 10: falls Erich Adolph vor Magdalena stirbt, darf sie alle Geschenke (Silbergeschirr, Kleinodien, Schmuck etc.) behalten\r\n\r\nArtikel 11: falls Erich Adolph vor Magdalena stirbt, kann Magdalena ihren Wittumssitz mit allen Ausstattungen beziehen, wenn sie stirbt, fallen diese Besitzt\u00fcmer an Erich Adolphs Nachfolger zur\u00fcck\r\n\r\nArtikel 12: sollte Magdalena nach Erich Adolphs Tod wieder heiraten, sollen die 20.000 Gulden Heiratsgeld an Erich Adolphs Erben und Nachkommen fallen, ebenso die Wiederlage, Bedienstete und Untertanen schulden Magdalena keine Eide und Pflichten mehr, sie muss auch Brief und Siegel zur\u00fcckgeben\r\n\r\nArtikel 13: Verschreibung Erich Adolphs wird aufgesetzt, dass Magdalena die 20.000 Gulden erhalten soll und nach ihrem Tod das Geld an die Leibeserben gehen soll, falls keine Leibeserben vorhanden sind, fallen die 20.000 Gulden an den regierenden hessischen Landesf\u00fcrsten \r\n\r\nArtikel 14: falls Magdalena nach Erich Adolphs Tod wieder heiratet und zu eventuellen Kindern mit Erich Adolph noch Kinder aus der zweiten Ehe hinzukommen, soll das Heiratsgeld unter allen Erben aufgeteilt werden, Morgengabe soll nur an gemeinsame Kinder mit Erich Adolph fallen; wenn aus der zweiten Ehe keine Kinder hervorgehen, fallen zwei Drittel des Heiratsgeldes und der Morgengabe an die Leibeserben aus der Ehe mit Erich Adolph, ein Drittel darf Magdalena behalten, falls beiden Ehen kinderlos sind, f\u00e4llt das Heiratsgeld zur\u00fcck an Hessen-Kassel\r\n\r\nArtikel 15: Magdalena von Haftung f\u00fcr Schulden, die Erich Adolph macht, ausgenommen\r\n\r\nArtikel 16: falls Magdalena sterben oder neu heiraten sollte, soll der Wittumssitz mit allem Inventar zur\u00fcckgegeben werden, ihr ist untersagt, den Besitz ohne Wissen Erich Adolphs und seiner Erben zu verkaufen, versetzen oder verpf\u00e4nden\r\n\r\nArtikel 17: Erich Adolph beh\u00e4lt sich und seinen Erben die Superiorit\u00e4t und Hoheit des eigenen Landes vor\r\n\r\nArtikel 18: Vertrag wird best\u00e4tigt\r\n\r\nAnhang: Beglaubigung durch Ernst Valentin und Ferdinand Albrecht von Salm-Reifferscheidt","Regelungen \u00fcber Thronfolge und Regentschaft":"","konfessionelle Regelungen":"","erbrechtliche Regelungen":"Artikel 3: Amalie Elisabeth stattet Magdalena mit Silbergeschirr, Kleidung und Kleinodien aus, daf\u00fcr muss Magdalena darauf einen schriftlichen wie m\u00fcndlichen Verzicht leisten\r\n\r\nArtikel 9: falls Magdalena ohne Erben stirbt, soll das Heiratsgut, Wiederlage etc. nicht vererbt werden, falls Leibeserben vorhanden sind, sollen das Heiratsgut, Wiederlage etc. an diese vererbt werden\r\n\r\nArtikel 10: falls Erich Adolph vor Magdalena stirbt, darf sie alle Geschenke (Silbergeschirr, Kleinodien, Schmuck etc.) behalten\r\n\r\nArtikel 11: falls Erich Adolph vor Magdalena stirbt, kann Magdalena ihren Wittumssitz mit allen Ausstattungen beziehen, wenn sie stirbt, fallen diese Besitzt\u00fcmer an Erich Adolphs Nachfolger zur\u00fcck\r\n\r\nArtikel 12: sollte Magdalena nach Erich Adolphs Tod wieder heiraten, sollen die 20.000 Gulden Heiratsgeld an Erich Adolphs Erben und Nachkommen fallen, ebenso die Wiederlage, Bedienstete und Untertanen schulden Magdalena keine Eide und Pflichten mehr, sie muss auch Brief und Siegel zur\u00fcckgeben\r\n\r\nArtikel 13: Verschreibung Erich Adolphs wird aufgesetzt, dass Magdalena die 20.000 Gulden erhalten soll und nach ihrem Tod das Geld an die Leibeserben gehen soll, falls keine Leibeserben vorhanden sind, fallen die 20.000 Gulden an den regierenden hessischen Landesf\u00fcrsten \r\n\r\nArtikel 14: falls Magdalena nach Erich Adolphs Tod wieder heiratet und zu eventuellen Kindern mit Erich Adolph noch Kinder aus der zweiten Ehe hinzukommen, soll das Heiratsgeld unter allen Erben aufgeteilt werden, Morgengabe soll nur an gemeinsame Kinder mit Erich Adolph fallen; wenn aus der zweiten Ehe keine Kinder hervorgehen, fallen zwei Drittel des Heiratsgeldes und der Morgengabe an die Leibeserben aus der Ehe mit Erich Adolph, ein Drittel darf Magdalena behalten, falls beiden Ehen kinderlos sind, f\u00e4llt das Heiratsgeld zur\u00fcck an Hessen-Kassel"},"Einordnung des Vertrags":{"Textbezug zu vergangenen Ereignissen?":"Artikel 2: Mitgift auf 20.000 Gulden festgelegt im Wert gem\u00e4\u00df der M\u00fcnzordnung Kaiser Ferdinands I. von 1559 [...]","st\u00e4ndische Instanzen beteiligt?":"","externe Instanzen beteiligt?":"Artikel 1: die Heirat wurde beschlossen mit dem Einverst\u00e4ndnis der Br\u00fcder Hermann von Hessen-Rotenburg und Ernst von Hessen-Rheinfels-Rotenburg; Anhang: Beglaubigung durch Ernst Valentin und Ferdinand Albrecht von Salm-Reifferscheidt","Ratifikationen, Best\u00e4tigungen, Genehmigungen erw\u00e4hnt?":"Artikel 1: die Heirat wurde beschlossen mit dem Einverst\u00e4ndnis der Br\u00fcder Hermann von Hessen-Rotenburg und Ernst von Hessen-Rheinfels-Rotenburg\r\n\r\nArtikel 18: Vertrag wird best\u00e4tigt","weitere Vertr\u00e4ge zwischen Vertragsparteien im Zusammenhang mit dieser Ehe":"","Schlagw\u00f6rter":"","Kommentar":"Vertrag selbst ist nicht in Artikel unterteilt.\r\n\r\nDer in Artikel 3 erw\u00e4hnte Verzicht der Braut ist vermutlich als Erbverzicht aufzufassen.","Literatur":"-"}}}