{"Dokument":{"Name":"Anhalt - Brandenburg","In Bearbeitung":"Nein","main":{"Name":"Ehevertrag Anhalt - Brandenburg 1534","Zuletzt ge\u00e4ndert":"2021-03 JT"},"Grunddaten Ehevertrag":{"Vertragspartner Br\u00e4utigam":"Anhalt ","Vertragspartner Braut":"Brandenburg","Datum Vertragsschlie\u00dfung":"1534-02-15","Ort Vertragsschlie\u00dfung":"nicht genannt","Eheschlie\u00dfung vollzogen?":"Ja","verschiedenkonfessionelle Ehe?":"unbekannt"},"Br\u00e4utigam":{"Br\u00e4utigam Name, Titel":"Johann IV. von Anhalt-Zerbst","Br\u00e4utigam GND":"http:\/\/d-nb.info\/gnd\/104173734","Br\u00e4utigam Geburtsjahr":"1504-00-00","Br\u00e4utigam Sterbejahr":"1551-00-00","Br\u00e4utigam Dynastie":"Askanier (Anhalt)","Br\u00e4utigam Konfession":"unbekannt"},"Braut":{"Braut Name, Titel":"Margareta von Brandenburg","Braut GND":"http:\/\/d-nb.info\/gnd\/1025868862","Braut Geburtsjahr":"1511-00-00","Braut Sterbejahr":"1577-00-00","Braut Dynastie":"Hohenzollern","Braut Konfession":"unbekannt"},"Akteur Br\u00e4utigam":{"Akteur Br\u00e4utigam Name, Titel":"Johann IV. von Anhalt","Akteur Br\u00e4utigam GND":"http:\/\/d-nb.info\/gnd\/104173734","Akteur Br\u00e4utigam Dynastie":"Askanier (Anhalt)","Akteur Br\u00e4utigam Verh\u00e4ltnis zu Br\u00e4utigam":"Selbst"},"Akteur Braut":{"Akteur Braut Name, Titel":"Philipp I. Herzog von Pommern","Akteur Braut GND":"http:\/\/d-nb.info\/gnd\/102324212","Akteur Braut Dynastie":"Greifen","Akteur Braut Verh\u00e4ltnis zu Braut":"Stiefsohn"},"Vertragstext":{"Archivexemplar":"GStA, I. HA Rep. 78, Nr. 24, fol. 126r-130r","Vertragssprache Archivexemplar":"Deutsch","Digitalisat Archivexemplar":"https:\/\/archivdatenbank.gsta.spk-berlin.de\/midosasearch-gsta\/MidosaSEARCH\/i_ha_rep_78_und_78_a\/index.htm?kid=GStA_i_ha_rep_78_und_78_a_8&uid=GStA_i_ha_rep_78_und_78_a_I_HA_Rep_78_Nr_24","Drucknachweis":"nicht nachgewiesen","Vertragssprache Druck":"nicht nachgewiesen","Digitalisat Druck":"-","Vertragsinhalt":"Artikel 1 (fol. 126r-127r): Ehe vereinbart, Brief \u00fcber die Abl\u00f6sung des Leibgedinges der Braut aus erster Ehe\r\n\r\nArtikel 2 (fol. 126): verstorbener erster Ehemann der Braut erw\u00e4hnt (Georg I. von Pommern)\r\n\r\nArtikel 3 (fol. 126r-127r): Beilager geregelt, 20.000 Gulden Mitgift und 20 000 Gulden Widerlage festgelegt, bereits vor der Eheschlie\u00dfung verstorbener Vater der Braut erw\u00e4hnt, 5.000 Gulden zur j\u00e4hrlichen Nutzung und Leibedinge zugesprochen, Morgengabe geregelt\r\n\r\nArtikel 5 (fol. 126v-127r): Abl\u00f6sung des Leibgedinges aus der ersten Ehe der Braut geregelt\r\n\r\nArtikel 6 (fol. 127r): Wert der Leibgedingeg\u00fcter festgelegt auf 20.000 Gulden; 1.200 Gulden an j\u00e4hrlichen Zinsen, Verschreibung eines Ehegeldes von 2.000 Gulden, \r\n\r\nArtikel 7 (fol. 127v-128v): erbrechtliche Regelungen im Todesfall der Braut: Erbfall f\u00fcr den Stiefbruder der Braut, sowie dessen Erben geregelt, Erbfall f\u00fcr die Tochter der Braut aus erster Ehe und deren Erben geregelt (betrifft die 20.000 Gulden Mitgift); wenn Leibeserben aus der der Ehe der Braut vorhanden sind, erben diese ebenfalls von den 20 000 Gulden der Mitgift, dem Silbergeschirr, Kleinodien, Kleider etc., Aufteilung des Erbes beschlossen\r\n\r\nArtikel 8 (fol. 128v-129r): finanzielle Regelungen \u00fcber die Mitgift etc. der Tochter aus erster Ehe der Braut, falls Philipp I. von Pommern, Stiefsohn der Braut, und dessen Erben vor der Eheschlie\u00dfung versterben\r\n\r\nArtikel 9 (fol. 129r): Verfahren mit der Widerlage, falls alle Leibeserben versterben, geregelt\r\n\r\nArtikel 10 (fol. 129r-129v): Zeugenliste f\u00fcr den Vertrag und abschlie\u00dfende finanzielle Regelungen","Regelungen \u00fcber Thronfolge und Regentschaft":"","konfessionelle Regelungen":"","erbrechtliche Regelungen":"Artikel 7 (fol. 127v-128v): erbrechtliche Regelungen im Todesfall der Braut: Erbfall f\u00fcr den Stiefbruder der Braut, sowie dessen Erben geregelt, Erbfall f\u00fcr die Tochter der Braut aus erster Ehe und deren Erben geregelt (betrifft die 20.000 Gulden Mitgift); wenn Leibeserben aus der der Ehe der Braut vorhanden sind, erben diese ebenfalls von den 20 000 Gulden der Mitgift, dem Silbergeschirr, Kleinodien, Kleider etc., Aufteilung des Erbes beschlossen\r\n\r\nArtikel 9 (fol. 129r): Verfahren mit der Widerlage, falls alle Leibeserben versterben, geregelt"},"Einordnung des Vertrags":{"Textbezug zu vergangenen Ereignissen?":"Artikel 2 (fol. 126): Verstorbener erster Ehemann der Braut erw\u00e4hnt (Georg I. von Pommern)","st\u00e4ndische Instanzen beteiligt?":"","externe Instanzen beteiligt?":"Artikel 10 (fol. 129r-129v): Zeugenliste f\u00fcr den Vertrag und finanzielle Regelungen","Ratifikationen, Best\u00e4tigungen, Genehmigungen erw\u00e4hnt?":"","weitere Vertr\u00e4ge zwischen Vertragsparteien im Zusammenhang mit dieser Ehe":"","Schlagw\u00f6rter":"","Kommentar":"Vertrag verf\u00fcgt im Original \u00fcber keine Nummerierung der Artikel.","Literatur":"-"}}}