{"Dokument":{"Name":"Niederlande - Gro\u00dfbritannien","In Bearbeitung":"Nein","main":{"Name":"Ehevertrag Niederlande - Gro\u00dfbritannien 1640","Zuletzt ge\u00e4ndert":"2017-09 BB"},"Grunddaten Ehevertrag":{"Vertragspartner Br\u00e4utigam":"Niederlande","Vertragspartner Braut":"Gro\u00dfbritannien ","Datum Vertragsschlie\u00dfung":"1640-01-01","Ort Vertragsschlie\u00dfung":"nicht nachgewiesen","Eheschlie\u00dfung vollzogen?":"Ja","verschiedenkonfessionelle Ehe?":"Ja"},"Br\u00e4utigam":{"Br\u00e4utigam Name, Titel":"Wilhelm II., Prinz von Oranien","Br\u00e4utigam GND":"http:\/\/d-nb.info\/gnd\/119357577","Br\u00e4utigam Geburtsjahr":"1626-00-00","Br\u00e4utigam Sterbejahr":"1650-00-00","Br\u00e4utigam Dynastie":"Oranien-Nassau","Br\u00e4utigam Konfession":"Evangelisch-Reformiert"},"Braut":{"Braut Name, Titel":"Maria Henriette, Prinzessin von England und Schottland (Mary)","Braut GND":"http:\/\/d-nb.info\/gnd\/121551075","Braut Geburtsjahr":"1631-00-00","Braut Sterbejahr":"1660-00-00","Braut Dynastie":"Stuart","Braut Konfession":"Anglikanisch"},"Akteur Br\u00e4utigam":{"Akteur Br\u00e4utigam Name, Titel":"Friedrich Heinrich, Prinz von Oranien, Statthalter der Niederlande","Akteur Br\u00e4utigam GND":"http:\/\/d-nb.info\/gnd\/118590200","Akteur Br\u00e4utigam Dynastie":"Oranien-Nassau","Akteur Br\u00e4utigam Verh\u00e4ltnis zu Br\u00e4utigam":"Vater"},"Akteur Braut":{"Akteur Braut Name, Titel":"Karl I., K\u00f6nig von Gro\u00dfbritannien (Charles)","Akteur Braut GND":"http:\/\/d-nb.info\/gnd\/118720856","Akteur Braut Dynastie":"Stuart","Akteur Braut Verh\u00e4ltnis zu Braut":"Vater"},"Vertragstext":{"Archivexemplar":"nicht nachgewiesen","Vertragssprache Archivexemplar":"nicht nachgewiesen","Digitalisat Archivexemplar":"-","Drucknachweis":"Dumont 1726-1739, Bd. VI:1, S. 189 f. ","Vertragssprache Druck":"Franz\u00f6sisch","Digitalisat Druck":"https:\/\/gallica.bnf.fr\/ark:\/12148\/bpt6k1263173g\/f229.item","Vertragsinhalt":"[Pr\u00e4] \u2013 nach mehrfacher Brautwerbung, im Wunsch von Br\u00e4utigam nach weiterer St\u00e4rkung von Freundschaft und gutem Einvernehmen zwischen englischem K\u00f6nig und Generalstaaten und ihrer Kronen und Staaten, im Wunsch des Br\u00e4utigams nach weiterer St\u00e4rkung von Ehre und Zuwachs von Haus Orange durch Eheschlie\u00dfung des Br\u00e4utigams: Ernennung von Verhandlern, Verhandlungen und Vertragschlie\u00dfung bekundet (189 li)\r\n\r\n[1] \u2013 pers\u00f6nliche Eheschlie\u00dfung in England vereinbart, \u00dcberf\u00fchrung der Braut nach Vollendung von 12. Lebensjahr geregelt (189 li)\r\n\r\n2 \u2013 \u00dcberf\u00fchrung der Braut geregelt\r\n\r\n3 \u2013 Mitgift festgelegt: Zahlung geregelt\r\n\r\n4 \u2013 Witweneink\u00fcnfte und zwei Witwensitze festgelegt: Zahlung geregelt\r\n\r\n5 \u2013 Anweisung von Witweng\u00fctern geregelt\r\n\r\n6 \u2013 Unterhalt f\u00fcr Braut w\u00e4hrend der Ehe festgelegt: zus\u00e4tzlich zu Kosten f\u00fcr Hofstaat\r\n\r\n7 \u2013 Hofstaat der Braut w\u00e4hrend der Ehe festgelegt: Bestellung von Bediensteten geregelt\r\n\r\n8 \u2013 anglikanische Religionsaus\u00fcbung f\u00fcr Braut und ihren Hofstaat geregelt\r\n\r\n9 \u2013 nach Tod von Br\u00e4utigam ohne Kinder: Auszahlung von Mitgift an Braut geregelt\r\n\r\n10 \u2013 nach Tod von Br\u00e4utigam mit Kindern: Auszahlung von H\u00e4lfte der Mitgift an Braut geregelt, Verzinsung der anderen H\u00e4lfte geregelt\r\n\r\n11 \u2013 nach Tod der Braut ohne Kinder: R\u00fcckfall von H\u00e4lfte der Mitgift geregelt \u2013 nach Tod der Braut mit Kindern: \u00dcbergang von Mitgift an Br\u00e4utigam geregelt, Eheschlie\u00dfung der Kinder mit Zustimmung vom englischen K\u00f6nig geregelt, ggf. Mitgiftzahlung f\u00fcr T\u00f6chter geregelt\r\n\r\n12 \u2013 Vererbung von H\u00e4lfte der Mitgift an Kinder geregelt: bei zweiter Ehe der Braut ggf. Vererbung an Kinder aus erster und zweiter Ehe geregelt\r\n\r\n13 \u2013 nach Tod von Br\u00e4utigam: freie Wahl von Wohnsitz zugesichert an Braut, Witwenversorgung geregelt\r\n\r\n14 \u2013 Abzugsrecht der Braut w\u00e4hrend Witwenzeit nach England geregelt\r\n","Regelungen \u00fcber Thronfolge und Regentschaft":"","konfessionelle Regelungen":"8 \u2013 anglikanische Religionsaus\u00fcbung f\u00fcr Braut und ihren Hofstaat geregelt","erbrechtliche Regelungen":"Vererbung von H\u00e4lfte der Mitgift an Kinder geregelt: bei zweiter Ehe der Braut ggf. Vererbung an Kinder aus erster und zweiter Ehe geregelt - 12"},"Einordnung des Vertrags":{"Textbezug zu vergangenen Ereignissen?":"","st\u00e4ndische Instanzen beteiligt?":"","externe Instanzen beteiligt?":"","Ratifikationen, Best\u00e4tigungen, Genehmigungen erw\u00e4hnt?":"","weitere Vertr\u00e4ge zwischen Vertragsparteien im Zusammenhang mit dieser Ehe":"","Schlagw\u00f6rter":"","Kommentar":"Tag und Monat der Vertragsschlie\u00dfung sind in Dumont 1726-1739, Bd. VI:1, S. 189 f. nicht angegeben.","Literatur":"-"}}}