{"Dokument":{"Name":"Schweden - D\u00e4nemark","In Bearbeitung":"Nein","main":{"Name":"Ehevertrag Schweden - D\u00e4nemark 1679","Zuletzt ge\u00e4ndert":"2017-09 BB"},"Grunddaten Ehevertrag":{"Vertragspartner Br\u00e4utigam":"Schweden","Vertragspartner Braut":"D\u00e4nemark","Datum Vertragsschlie\u00dfung":"1679-12-21","Ort Vertragsschlie\u00dfung":"Lund","Eheschlie\u00dfung vollzogen?":"Ja","verschiedenkonfessionelle Ehe?":"Nein"},"Br\u00e4utigam":{"Br\u00e4utigam Name, Titel":"Karl XI., K\u00f6nig von Schweden","Br\u00e4utigam GND":"http:\/\/d-nb.info\/gnd\/119160978","Br\u00e4utigam Geburtsjahr":"1655-00-00","Br\u00e4utigam Sterbejahr":"1697-00-00","Br\u00e4utigam Dynastie":"Wittelsbach (Schweden)","Br\u00e4utigam Konfession":"Evangelisch-Lutherisch"},"Braut":{"Braut Name, Titel":"Ulrike Eleonore, Prinzessin von D\u00e4nemark","Braut GND":"http:\/\/d-nb.info\/gnd\/119550660","Braut Geburtsjahr":"1656-00-00","Braut Sterbejahr":"1693-00-00","Braut Dynastie":"Oldenburg (D\u00e4nemark)","Braut Konfession":"Evangelisch-Lutherisch"},"Akteur Br\u00e4utigam":{"Akteur Br\u00e4utigam Name, Titel":"Karl XI., K\u00f6nig von Schweden","Akteur Br\u00e4utigam GND":"http:\/\/d-nb.info\/gnd\/119160978","Akteur Br\u00e4utigam Dynastie":"Wittelsbach (Schweden)","Akteur Br\u00e4utigam Verh\u00e4ltnis zu Br\u00e4utigam":"selbst"},"Akteur Braut":{"Akteur Braut Name, Titel":"Christian V., K\u00f6nig von D\u00e4nemark","Akteur Braut GND":"http:\/\/d-nb.info\/gnd\/119175800","Akteur Braut Dynastie":"Oldenburg (D\u00e4nemark)","Akteur Braut Verh\u00e4ltnis zu Braut":"Bruder"},"Vertragstext":{"Archivexemplar":"Stockholm, Riksarkivet, Kunungahusens urkunder, 41 Urkunder r\u00f6rande konung Karl XI:s och prinsessan Ulrika Eleonoras af Danmark gifterm\u00e5l 1679 \u2013 1680, nr. 41 d Gifterm\u00e5lskontrakt","Vertragssprache Archivexemplar":"nicht nachgewiesen","Digitalisat Archivexemplar":"-","Drucknachweis":"DNT VII, S. 288-296","Vertragssprache Druck":"Schwedisch","Digitalisat Druck":"-","Vertragsinhalt":"[Pr\u00e4] \u2013 zur Ehre Gottes, zu St\u00e4rkung und Wohlstand von beiden K\u00f6nigsh\u00e4usern und Reichen, mit Zustimmung der Brautmutter, nach Eheanbahnung vor Krieg, nach verschobener Vollziehung bis nach Friedensschluss: Eheabrede bekundet \u2013 als Zeichen der Liebe des Br\u00e4utigams zur Braut, als Zeichen der Freundschaftsabsicht des Br\u00e4utigams zum d\u00e4nischen K\u00f6nig: Ernennung von Verhandlern, Verhandlungen und Vertragsabschluss bekundet: (388f.)\r\n\r\n1 \u2013 \u00dcberf\u00fchrung der Braut, kirchliche Trauung in Schweden geregelt \u2013 lutherische Religionsaus\u00fcbung der Braut und ihrer Bediensteten geregelt, lutherische Kindererziehung geregelt \u2013 Hofstaat der Braut geregelt: Bestellung und Besoldung der Bediensteten geregelt \u2013 Unterhalt der Braut w\u00e4hrend der Ehe geregelt\r\n\r\n2 \u2013 Mitgift festgelegt: Zahlung geregelt, Nutzung und R\u00fcckfall nach Tod der Braut ohne \u00fcberlebende Kinder geregelt, Anlage geregelt\r\n\r\n3 \u2013 Aussteuer geregelt: Nutzung geregelt, R\u00fcckfall oder Vererbung von Aussteuer und Mitgift nach Tod der Braut ohne oder mit \u00fcberlebenden Kindern geregelt\r\n\r\n4 \u2013 Morgengabe festgelegt: Nutzung, Auszahlung geregelt\r\n\r\n5 \u2013 Witweneink\u00fcnfte und Witweng\u00fcter festgelegt: Nutzung geregelt, ggf. Nachbesserung geregelt\r\n\r\n6 \u2013 Zulage zu Witweneink\u00fcnften zugesichert: nach Vorbild von Br\u00e4utigammutter\r\n\r\n7 \u2013 Finanzierung der Kindererziehung geregelt: unabh\u00e4ngig von Witwenversorgung\r\n\r\n8 \u2013 Nutzung von Witweng\u00fctern geregelt: Huldigungseid von Untertanen an Braut zugesichert, Vertauschung und Besteuerung der Witweng\u00fcter vorbehalten, Bestellung von Amtleuten geregelt\r\n\r\n9-10 \u2013 Ausstattung von Witweng\u00fctern geregelt: ggf. R\u00fcckfall von Ausstattung geregelt\r\n\r\n11 \u2013 Zustand und Erhaltung von Witweng\u00fctern geregelt\r\n\r\n12 \u2013 Indemnit\u00e4t der Witweng\u00fcter von Schulden zugesichert\r\n\r\n13 \u2013 Witwenversorgung zusammengefasst\r\n\r\n14 \u2013 bei Abzug der Braut im Witwenstand ins Ausland: Auszahlung von Mitgift, Widerlage und Morgengabe an Braut geregelt, Abfindung von Witwensitz und Witweneink\u00fcnften geregelt, nach Tod der Braut R\u00fcckfall von Widerlage geregelt\r\n\r\n15 \u2013 Abfassung und Austausch von Urkunden \u00fcber Erbverzicht der Braut, Mitgiftzahlung und Eheg\u00fcterverschreibung geregelt\r\n","Regelungen \u00fcber Thronfolge und Regentschaft":"","konfessionelle Regelungen":"lutherische Religionsaus\u00fcbung der Braut und ihrer Bediensteten geregelt, lutherische Kindererziehung geregelt \u2013 1","erbrechtliche Regelungen":"Aussteuer geregelt: Nutzung geregelt, R\u00fcckfall oder Vererbung von Aussteuer und Mitgift nach Tod der Braut ohne oder mit \u00fcberlebenden Kindern geregelt - 3\r\n\r\nAbfassung und Austausch von Urkunden \u00fcber Erbverzicht der Braut, Mitgiftzahlung und Eheg\u00fcterverschreibung geregelt - 15\r\n"},"Einordnung des Vertrags":{"Textbezug zu vergangenen Ereignissen?":"Schonischer Krieg, anschlie\u00dfender Friedensschluss erw\u00e4hnt - Pr\u00e4","st\u00e4ndische Instanzen beteiligt?":"","externe Instanzen beteiligt?":"","Ratifikationen, Best\u00e4tigungen, Genehmigungen erw\u00e4hnt?":"","weitere Vertr\u00e4ge zwischen Vertragsparteien im Zusammenhang mit dieser Ehe":"Friedensvertrag von Lund 26.09.1679\r\n\r\nDefensivb\u00fcndnis von Lund 27.09.1679","Schlagw\u00f6rter":"Schonischer Krieg 1675-1679","Kommentar":"Verlobung geschlossen Juni 1675 vor Kriegsausbruch, vgl. Laursen in DNT VII, S. 610 f.","Literatur":"Laursen in DNT VII, S. 376-387"}}}