{"Dokument":{"Name":"Frankreich - Modena","In Bearbeitung":"Nein","main":{"Name":"Ehevertrag Frankreich - Modena 1759","Zuletzt ge\u00e4ndert":"2020-12 JK"},"Grunddaten Ehevertrag":{"Vertragspartner Br\u00e4utigam":"Frankreich","Vertragspartner Braut":"Modena ","Datum Vertragsschlie\u00dfung":"1759-01-02","Ort Vertragsschlie\u00dfung":"Mailand","Eheschlie\u00dfung vollzogen?":"Ja","verschiedenkonfessionelle Ehe?":"Nein"},"Br\u00e4utigam":{"Br\u00e4utigam Name, Titel":"Ludwig Franz II. Joseph von Bourbon, Graf von Marche","Br\u00e4utigam GND":"http:\/\/d-nb.info\/gnd\/118871684","Br\u00e4utigam Geburtsjahr":"1734-00-00","Br\u00e4utigam Sterbejahr":"1814-00-00","Br\u00e4utigam Dynastie":"Bourbon (Frankreich)","Br\u00e4utigam Konfession":"R\u00f6misch-Katholisch"},"Braut":{"Braut Name, Titel":"Fortunata Maria von Este","Braut GND":"http:\/\/d-nb.info\/gnd\/134165446","Braut Geburtsjahr":"1731-00-00","Braut Sterbejahr":"1803-00-00","Braut Dynastie":"Este","Braut Konfession":"R\u00f6misch-Katholisch"},"Akteur Br\u00e4utigam":{"Akteur Br\u00e4utigam Name, Titel":"Ludwig Franz I. von Bourbon, Prinz von Conty","Akteur Br\u00e4utigam GND":"http:\/\/d-nb.info\/gnd\/119249928","Akteur Br\u00e4utigam Dynastie":"Bourbon (Frankreich)","Akteur Br\u00e4utigam Verh\u00e4ltnis zu Br\u00e4utigam":"Vater"},"Akteur Braut":{"Akteur Braut Name, Titel":"Francesco III. von Este","Akteur Braut GND":"http:\/\/d-nb.info\/gnd\/118863525","Akteur Braut Dynastie":"Este","Akteur Braut Verh\u00e4ltnis zu Braut":"Vater"},"Vertragstext":{"Archivexemplar":"Trait\u00e9s et accords de la France, TRA17590006","Vertragssprache Archivexemplar":"Franz\u00f6sisch","Digitalisat Archivexemplar":"https:\/\/basedoc.diplomatie.gouv.fr\/exl-php\/recherche\/mae_internet___traites","Drucknachweis":"nicht nachgewiesen","Vertragssprache Druck":"nicht nachgewiesen","Digitalisat Druck":"-","Vertragsinhalt":"Artikel 1: Eheschlie\u00dfung vereinbart\r\n\r\nArtikel 2: Verlobung, Eheschlie\u00dfung in Mailand, \u00dcberf\u00fchrung geregelt\r\n\r\nArtikel 3: G\u00fctergemeinschaft nach Pariser Recht vereinbart\r\n\r\nArtikel 4-6: bei Tod eines Ehepartners ohne Kinder sowie mit Kindern: Erbrecht an Zugewinnen geregelt\r\n\r\nArtikel 7: Haftung von Schulden vor der Ehe ausgeschlossen\r\n\r\nArtikel 8: Eheg\u00fcter Ludwig Franz Jospehs definiert: zuz\u00fcglich weitere Erwerbungen, Geldsummen, Juwelen, Ausstattung\r\n\r\nArtikel 9: Mitgift festgelegt, Zahlung geregelt\r\n\r\nArtikel 10: Anlage von Mitgift geregelt\r\n\r\nArtikel 11-12: Eigentumsrecht an Mitgift geregelt\r\n\r\nArtikel 13: bei Tod eines Ehepartners ohne m\u00e4nnlichen Erben: R\u00fcckfall von Mitgiftanteil vereinbart\r\n\r\nArtikel 14-16: bei Tod eines Ehepartners: Mitgiftanteil f\u00fcr m\u00e4nnlichen Erben reserviert\r\n\r\nArtikel 17: Erbverzicht Fortunata Marias geregelt: au\u00dfer bei Aussterben des Hauses Este in m\u00e4nnlicher Linie, m\u00fctterliches Erbe Fortunata Maria vorbehalten\r\n\r\nArtikel 18: Fortunata Maria von allen Schulden bis Eheschlie\u00dfung befreit\r\n\r\nArtikel 19: Gelder f\u00fcr G\u00fctergemeinschaft festgelegt\r\n\r\nArtikel 20: Geldschenkung von K\u00f6nig Ludwig an Ludwig Franz Joseph festgelegt\r\n\r\nArtikel 21: Leibgedinge zur Witwenversorgung festgelegt\r\n\r\nArtikel 22: Witwensitz geregelt\r\n\r\nArtikel 23: bei Tod eines Ehepartners: \u00dcbergang von Mobilien an \u00fcberlebenden Ehepartner geregelt\r\n\r\nArtikel 24: bei Entfremdung von Eigeng\u00fctern der Eheleute: Ausgleich geregelt\r\n\r\nArtikel 25: Aufl\u00f6sung der G\u00fctergemeinschaft geregelt\r\n\r\nArtikel 26: Einhaltung zugesichert\r\n","Regelungen \u00fcber Thronfolge und Regentschaft":"","konfessionelle Regelungen":"","erbrechtliche Regelungen":"Artikel 4-6: bei Tod eines Ehepartners ohne Kinder sowie mit Kindern: Erbrecht an Zugewinnen geregelt\r\n\r\nArtikel 14-16: bei Tod eines Ehepartners: Mitgiftanteil f\u00fcr m\u00e4nnlichen Erben reserviert\r\n\r\nArtikel 17: Erbverzicht Fortunata Marias geregelt: au\u00dfer bei Aussterben des Hauses Este in m\u00e4nnlicher Linie, m\u00fctterliches Erbe Fortunata Maria vorbehalten"},"Einordnung des Vertrags":{"Textbezug zu vergangenen Ereignissen?":"","st\u00e4ndische Instanzen beteiligt?":"","externe Instanzen beteiligt?":"","Ratifikationen, Best\u00e4tigungen, Genehmigungen erw\u00e4hnt?":"","weitere Vertr\u00e4ge zwischen Vertragsparteien im Zusammenhang mit dieser Ehe":"","Schlagw\u00f6rter":"","Kommentar":"vgl. Europ. Stammtf. NF III:1, 192 (Bourbon-Conty), I:1, 36 (Este) - Herzog Franz III. von Modena: seit 1754 Statthalter der \u00f6sterr. Lombardei - nach Werbung durch, mit Zustimmung von K\u00f6nig Ludwig XV. von Frankreich\r\n\r\nDigitalisat: fol. 2-13, 27-29 von 40 (ggf. unvollst\u00e4ndig).\r\n\r\nDigitalisat kann unter der angegebenen URL unter Verwendung der Signatur (TRA17590006) abgerufen werden.","Literatur":"-"}}}