{"Dokument":{"Name":"Sachsen - Hessen","In Bearbeitung":"Nein","main":{"Name":"Ehevertrag Sachsen - Hessen 1541","Zuletzt ge\u00e4ndert":"2021-04 JT"},"Grunddaten Ehevertrag":{"Vertragspartner Br\u00e4utigam":"Sachsen","Vertragspartner Braut":"Hessen","Datum Vertragsschlie\u00dfung":"1541-08-11","Ort Vertragsschlie\u00dfung":"Am\u00f6neburg? ","Eheschlie\u00dfung vollzogen?":"Ja","verschiedenkonfessionelle Ehe?":"Nein"},"Br\u00e4utigam":{"Br\u00e4utigam Name, Titel":"Moritz Herzog von Sachsen","Br\u00e4utigam GND":"http:\/\/d-nb.info\/gnd\/118584138","Br\u00e4utigam Geburtsjahr":"1521-00-00","Br\u00e4utigam Sterbejahr":"1553-00-00","Br\u00e4utigam Dynastie":"Wettin (Albertiner)","Br\u00e4utigam Konfession":"Evangelisch-Lutherisch"},"Braut":{"Braut Name, Titel":"Agnes von Hessen","Braut GND":"http:\/\/d-nb.info\/gnd\/104173815","Braut Geburtsjahr":"1527-00-00","Braut Sterbejahr":"1555-00-00","Braut Dynastie":"Hessen (Kassel)","Braut Konfession":"Evangelisch-Lutherisch"},"Akteur Br\u00e4utigam":{"Akteur Br\u00e4utigam Name, Titel":"Moritz Herzog von Sachsen","Akteur Br\u00e4utigam GND":"http:\/\/d-nb.info\/gnd\/118584138","Akteur Br\u00e4utigam Dynastie":"Wettin (Albertiner)","Akteur Br\u00e4utigam Verh\u00e4ltnis zu Br\u00e4utigam":"Selbst"},"Akteur Braut":{"Akteur Braut Name, Titel":"Philipp I. \u201eder Gro\u00dfm\u00fctige\u201c Landgraf von Hessen","Akteur Braut GND":"http:\/\/d-nb.info\/gnd\/11859382X","Akteur Braut Dynastie":"Hessen (Kassel)","Akteur Braut Verh\u00e4ltnis zu Braut":"Vater"},"Vertragstext":{"Archivexemplar":"HStA Drd 10001, O.U. 10968","Vertragssprache Archivexemplar":"Deutsch","Digitalisat Archivexemplar":"-","Drucknachweis":"nicht nachgewiesen","Vertragssprache Druck":"nicht nachgewiesen","Digitalisat Druck":"-","Vertragsinhalt":"Artikel 1: Eheschlie\u00dfung vereinbart, Zustimmung Herzog Heinrichs von Sachsen bekundet\r\n\r\nArtikel 2-3: Erbfall Herzog Georgs von Sachsen erw\u00e4hnt; Erlegung des Heiratszinses durch ein Burglehen mit Ratifikation Herzog Heinrichs als Vergleich vereinbart, entsprechend dem besagten Erbfall; Einhaltung des Vergleichs durch Herzog Moritz von Sachsen zugesichert; falls Herzog Moritz seinen Vater, Herzog Heinrich, \u00fcberlebt: Erbverzicht Christines von Sachsen, Landgr\u00e4fin von Hessen und Tochter Herzog Georgs, geregelt; nach Heinrichs Tod erh\u00e4lt Agnes von Moritz insgesamt 50.000 Gulden (25.000 Gulden Heiratsgut und 25.000 Gulden Widerlage) f\u00fcr ihr Wittum; Elisabeth von Hessen, Herzogin von Sachsen und Schwester Landgraf Philipps soll 15.000 Gulden erhalten, noch vor der \u00dcberf\u00fchrung der Braut, Aussteuer erw\u00e4hnt\r\n\r\nArtikel 4: Morgengabe auf 5.000 Gulden festgesetzt, Nutzungsrechte daran geregelt\r\n\r\nArtikel 5: nach dem Tod Herzog Heinrichs, sollen noch 10.000 Gulden innerhalb eines Jahres an Christine von Sachsen gegeben werden\r\n\r\nArtikel 6: Erbverzicht durch Christine von Saschen und ihres Ehemanns, Landgraf Philipp, zugunsten Herzog Heinrichs und seiner Leibeserben vereinbart\r\n\r\nArtikel 7: Verfahren f\u00fcr den Fall der Ratifikation der Erbforderung durch Herzog Heinrich vereinbart\r\n\r\nArtikel 8: Mitgift bzw. Brautschatz f\u00fcr Agnes auf 25.000 Gulden festgesetzt, zu Zahlen durch Landgraf Philipp innerhalb von zwei Jahren, materielle Aussteuer geregelt \r\n\r\nArtikel 9: Widerlage auf 25.000 Gulden festgesetzt, angemessenes Wittum zugesichert: Agnes sollen alle Wittumsg\u00fcter und Nutzungsrechte \u00fcbertragen werden, die bisher zum Wittum Elisabeths von Hessen, der Ehefrau Herzog Heinrichs, geh\u00f6ren; Morgengabe von 5.000 Gulden zugesichert, entweder als Anlage oder Barschaft \r\n\r\nArtikel 10: mit Zustimmung Heinrichs von Sachsen: Erbverzicht der Braut auf das landgr\u00e4flich-hessische Erbe geregelt, entsprechend dem Verzicht Elisabeths von Hessen, vor der \u00dcberf\u00fchrung der Braut\r\n\r\nArtikel 11: falls beide Eheleute versterben und keine gemeinsamen Kinder hinterlassen: R\u00fcckfall von Heiratsgut bzw. Mitgift und Aussteuer an Landgraf Philipps S\u00f6hne mit Christine von Sachsen, falls keine S\u00f6hne vorhanden: Vererbung an Philipps T\u00f6chter; allerdings wird Moritz lebenslange Nutzung der 25.000 Gulden zugesichert\r\n\r\nArtikel 12: Agnes wird Recht auf Verschenkung und Vererbung von Teilen der Aussteuer zugesprochen\r\n\r\nArtikel 13: Regelung bez\u00fcglich der Mitgift und Aussteuer f\u00fcr Agnes, falls bei Herzog Heinrichs Tod die in Artikel 5 zugesicherte Zugabe zu Christinas Mitgift nicht ratifiziert wurde\r\n\r\nArtikel 14: gesonderte Verschreibung \u00fcber den R\u00fcckfall von Mitgift, Widerlage etc. vereinbart, entsprechend \u00e4lteren \u00dcbereink\u00fcnften zwischen den H\u00e4usern Sachsen und Hessen\r\n\r\nArtikel 15-16: falls Heinrich von Sachsen Einw\u00e4nde gegen die Erbregelung erheben sollte, ist zur Zahlung von 30.000 Gulden an Philipps Ehefrau Christine von Sachsen verpflichtet; in diesem Fall sollen au\u00dferdem Landschaften Th\u00fcringen und Mei\u00dfen f\u00fcr zehn Jahren an Philipp von Hessen fallen und er erh\u00e4lt 50.000 Gulden, Nutzungsrechte f\u00fcr Christine geregelt\r\n\r\nArtikel 17: Regelung, falls Heinrich die Ratifikation der Erbregelung verweigert; Vergleich unter Heranziehung eines unparteiischen Vermittlers erw\u00e4hnt\r\n\r\nArtikel 18-19: auch wenn Heinrich den Erbregelung nicht zustimmt, erfolgt die Zahlung der Mitgift und Aush\u00e4ndigung der Aussteuer f\u00fcr Agens regul\u00e4r; in diesem Fall best\u00e4tigt Christine allerdings ihren Erbverzicht nicht\r\n\r\nArtikel 20: Unterzeichnung und Beurkundung geregelt \r\n","Regelungen \u00fcber Thronfolge und Regentschaft":"","konfessionelle Regelungen":"","erbrechtliche Regelungen":"Artikel 2-3: Erbfall Herzog Georgs von Sachsen erw\u00e4hnt; Erlegung des Heiratszinses durch ein Burglehen mit Ratifikation Herzog Heinrichs als Vergleich vereinbart, entsprechend dem besagten Erbfall; Einhaltung des Vergleichs durch Herzog Moritz von Sachsen zugesichert; falls Herzog Moritz seinen Vater, Herzog Heinrich, \u00fcberlebt: Erbverzicht Christines von Sachsen, Landgr\u00e4fin von Hessen und Tochter Herzog Georgs, geregelt; nach Heinrichs Tod erh\u00e4lt Agnes von Moritz insgesamt 50.000 Gulden (25.000 Gulden Heiratsgut und 25.000 Gulden Widerlage) f\u00fcr ihr Wittum; Elisabeth von Hessen, Herzogin von Sachsen und Schwester Landgraf Philipps soll 15.000 Gulden erhalten, noch vor der \u00dcberf\u00fchrung der Braut, Aussteuer erw\u00e4hnt\r\n\r\nArtikel 6: Erbverzicht durch Christine von Saschen und ihres Ehemanns, Landgraf Philipp, zugunsten Herzog Heinrichs und seiner Leibeserben vereinbart\r\n\r\nArtikel 7: Verfahren f\u00fcr den Fall der Ratifikation der Erbforderung durch Herzog Heinrich vereinbart\r\n\r\nArtikel 10: mit Zustimmung Heinrichs von Sachsen: Erbverzicht der Braut auf das landgr\u00e4flich-hessische Erbe geregelt, entsprechend dem Verzicht Elisabeths von Hessen, vor der \u00dcberf\u00fchrung der Braut\r\n\r\nArtikel 11: falls beide Eheleute versterben und keine gemeinsamen Kinder hinterlassen: R\u00fcckfall von Heiratsgut bzw. Mitgift und Aussteuer an Landgraf Philipps S\u00f6hne mit Christine von Sachsen, falls keine S\u00f6hne vorhanden: Vererbung an Philipps T\u00f6chter; allerdings wird Moritz lebenslange Nutzung der 25.000 Gulden zugesichert\r\n\r\nArtikel 12: Agnes wird Recht auf Verschenkung und Vererbung von Teilen der Aussteuer zugesprochen\r\n\r\nArtikel 15-16: falls Heinrich von Sachsen Einw\u00e4nde gegen die Erbregelung erheben sollte, ist zur Zahlung von 30.000 Gulden an Philipps Ehefrau Christine von Sachsen verpflichtet; in diesem Fall sollen au\u00dferdem Landschaften Th\u00fcringen und Mei\u00dfen f\u00fcr zehn Jahren an Philipp von Hessen fallen und er erh\u00e4lt 50.000 Gulden, Nutzungsrechte f\u00fcr Christine geregelt\r\n\r\nArtikel 17: Regelung, falls Heinrich die Ratifikation der Erbregelung verweigert; Vergleich unter Heranziehung eines unparteiischen Vermittlers erw\u00e4hnt\r\n\r\nArtikel 18-19: auch wenn Heinrich den Erbregelung nicht zustimmt, erfolgt die Zahlung der Mitgift und Aush\u00e4ndigung der Aussteuer f\u00fcr Agens regul\u00e4r; in diesem Fall best\u00e4tigt Christine allerdings ihren Erbverzicht nicht"},"Einordnung des Vertrags":{"Textbezug zu vergangenen Ereignissen?":"Artikel 2-3: Erbfall Herzog Georgs von Sachsen erw\u00e4hnt [...]","st\u00e4ndische Instanzen beteiligt?":"","externe Instanzen beteiligt?":"","Ratifikationen, Best\u00e4tigungen, Genehmigungen erw\u00e4hnt?":"Artikel 2-3: Erbfall Herzog Georgs von Sachsen erw\u00e4hnt; Erlegung des Heiratszinses durch ein Burglehen mit Ratifikation Herzog Heinrichs als Vergleich vereinbart [...]\r\n\r\nArtikel 7: Verfahren f\u00fcr den Fall der Ratifikation der Erbforderung durch Herzog Heinrich vereinbart\r\n\r\nArtikel 17: Regelung, falls Heinrich die Ratifikation der Erbregelung verweigert; Vergleich unter Heranziehung eines unparteiischen Vermittlers erw\u00e4hnt","weitere Vertr\u00e4ge zwischen Vertragsparteien im Zusammenhang mit dieser Ehe":"B\u00fcndnis Johann Friedrichs von Sachsen und Philipps von Hessen gegen den Herzog von Braunschweig 20.07.1542 - Rezess zwischen Johann Friedrich von Sachsen und Philipp von Hessen \u00fcber gemeinsame F\u00fcrhung der Schmalkaldischen Bundestruppen 04.07.1546","Schlagw\u00f6rter":"","Kommentar":"Vertrag verf\u00fcgt im Original \u00fcber keine Nummerierung der Artikel.\r\n","Literatur":"-"}}}