{"Dokument":{"Name":"Frankreich - Spanien","In Bearbeitung":"Nein","main":{"Name":"Ehevertrag Frankreich - Spanien 1744","Zuletzt ge\u00e4ndert":"2021-04 JK"},"Grunddaten Ehevertrag":{"Vertragspartner Br\u00e4utigam":"Frankreich","Vertragspartner Braut":"Spanien","Datum Vertragsschlie\u00dfung":"1744-12-11","Ort Vertragsschlie\u00dfung":"Madrid (Buen Retiro)","Eheschlie\u00dfung vollzogen?":"Ja","verschiedenkonfessionelle Ehe?":"Nein"},"Br\u00e4utigam":{"Br\u00e4utigam Name, Titel":"Ludwig, Dauphin von Frankreich","Br\u00e4utigam GND":"http:\/\/d-nb.info\/gnd\/132343762","Br\u00e4utigam Geburtsjahr":"1729-00-00","Br\u00e4utigam Sterbejahr":"1765-00-00","Br\u00e4utigam Dynastie":"Bourbon (Frankreich)","Br\u00e4utigam Konfession":"R\u00f6misch-Katholisch"},"Braut":{"Braut Name, Titel":"Maria Theresia von Spanien","Braut GND":"http:\/\/d-nb.info\/gnd\/142707007","Braut Geburtsjahr":"1726-00-00","Braut Sterbejahr":"1746-00-00","Braut Dynastie":"Bourbon (Spanien)","Braut Konfession":"R\u00f6misch-Katholisch"},"Akteur Br\u00e4utigam":{"Akteur Br\u00e4utigam Name, Titel":"Ludwig XV. von Frankreich","Akteur Br\u00e4utigam GND":"http:\/\/d-nb.info\/gnd\/118729438","Akteur Br\u00e4utigam Dynastie":"Bourbon (Frankreich)","Akteur Br\u00e4utigam Verh\u00e4ltnis zu Br\u00e4utigam":"Vater"},"Akteur Braut":{"Akteur Braut Name, Titel":"Philipp V., K\u00f6nig von Spanien","Akteur Braut GND":"http:\/\/d-nb.info\/gnd\/119186640","Akteur Braut Dynastie":"Bourbon (Spanien)","Akteur Braut Verh\u00e4ltnis zu Braut":"Vater"},"Vertragstext":{"Archivexemplar":"Trait\u00e9s et accords de la France, TRA17440006","Vertragssprache Archivexemplar":"Spanisch ","Digitalisat Archivexemplar":"https:\/\/basedoc.diplomatie.gouv.fr\/exl-php\/recherche\/mae_internet___traites","Drucknachweis":"nicht nachgewiesen","Vertragssprache Druck":"nicht nachgewiesen","Digitalisat Druck":"-","Vertragsinhalt":"Artikel 1: Eheschlie\u00dfung vereinbart: mit p\u00e4pstlicher Dispens aufgrund des Verwandtschaftsgrades der Eheleute, in Madrid, mit Prokurator f\u00fcr den Dauphin\r\n\r\nArtikel 2: Mitgift auf 500.000 Escudos festgelegt\r\n\r\nArtikel 3: Anlage der Mitgift in Frankreich zur Zufriedenheit des spanischen K\u00f6nigs geregelt, R\u00fcckzahlung im Falle der Aufl\u00f6sung der Ehe an die Infantin oder ihre Rechtsnachfolger geregelt\r\n\r\nArtikel 4: im Gegenzug f\u00fcr Mitgift: Erbverzicht Maria Theresias geregelt, formeller Rechtsverzicht und Ratifikation im Vorfeld der Eheschlie\u00dfung vereinbart\r\n\r\nArtikel 5: wie im Friedensvertrag von Utrecht (1713) und fr\u00fcheren Vertr\u00e4gen zum Wohle Europas festgelegt, sind Maria Theresia und alle ihre Nachkommen f\u00fcr immer von der Thronfolge in Spanien und allen spanischen Territorien ausgeschlossen, au\u00dfer Maria Theresia tritt diese Thronfolge als Witwe ohne leibliche Nachkommen an\r\n\r\nArtikel 6: f\u00f6rmliche und rechtlich bindende Erkl\u00e4rung Maria Theresias \u00fcber Thronfolgeverzicht vereinbart: vor Eheschlie\u00dfung abzugeben, Ratifikation durch Frankreich und Spanien vereinbart\r\n\r\nArtikel 7: Brautgeschenke des franz\u00f6sischen K\u00f6nigs im Wert von 50.000 Escudos festgelegt, Besitzrecht Maria Theresias und ihrer Erben daran geregelt\r\n\r\nArtikel 8: Witwenversorgung und Leibgedinge Maria Theresias festgelegt, Recht Maria Theresias zur Besetzung vakanter \u00c4mter auf den Leibgedingeg\u00fctern geregelt, \u00c4mtervergabe allerdings nur an Untertanen der franz\u00f6sischen Krone, Verwaltung der Leibgedingeg\u00fcter geregelt\r\n\r\nArtikel 9: Unterhalt Maria Theresias und ihres Hofstaats w\u00e4hrend der Ehe geregelt\r\n\r\nArtikel 10: \u00dcberf\u00fchrung Maria Theresias nach Frankreich geregelt\r\n\r\nArtikel 11: nach Verwitterung: freie Wahl des Wohnorts bzw. R\u00fcckkehrrecht Maria Theresias nach Spanien als Witwe zugesichert, Mitf\u00fchrung ihres mobilen Besitzes und ihrer Dienerschaft geregelt\r\n\r\nArtikel 12: Ratifikation geregelt","Regelungen \u00fcber Thronfolge und Regentschaft":"Artikel 5: wie im Friedensvertrag von Utrecht (1713) und fr\u00fcheren Vertr\u00e4gen zum Wohle Europas festgelegt, sind Maria Theresia und alle ihre Nachkommen f\u00fcr immer von der Thronfolge in Spanien und allen spanischen Territorien ausgeschlossen, au\u00dfer Maria Theresia tritt diese Thronfolge als Witwe ohne leibliche Nachkommen an\r\n\r\nArtikel 6: f\u00f6rmliche und rechtlich bindende Erkl\u00e4rung Maria Theresias \u00fcber Thronfolgeverzicht vereinbart: vor Eheschlie\u00dfung abzugeben, Ratifikation durch Frankreich und Spanien vereinbart","konfessionelle Regelungen":"","erbrechtliche Regelungen":"Artikel 4: im Gegenzug f\u00fcr Mitgift: Erbverzicht Maria Theresias geregelt, formeller Rechtsverzicht und Ratifikation im Vorfeld der Eheschlie\u00dfung vereinbart"},"Einordnung des Vertrags":{"Textbezug zu vergangenen Ereignissen?":"Artikel 5: Bezugnahme auf Frieden von Utrecht (1713)","st\u00e4ndische Instanzen beteiligt?":"","externe Instanzen beteiligt?":"Artikel 1: Eheschlie\u00dfung vereinbart: mit p\u00e4pstlicher Dispens aufgrund des Verwandtschaftsgrades der Eheleute [...]","Ratifikationen, Best\u00e4tigungen, Genehmigungen erw\u00e4hnt?":"Artikel 4: im Gegenzug f\u00fcr Mitgift: Erbverzicht Maria Theresias geregelt, formeller Rechtsverzicht und Ratifikation im Vorfeld der Eheschlie\u00dfung vereinbart\r\n\r\nArtikel 6: f\u00f6rmliche und rechtlich bindende Erkl\u00e4rung Maria Theresias \u00fcber Thronfolgeverzicht vereinbart: vor Eheschlie\u00dfung abzugeben, Ratifikation durch Frankreich und Spanien vereinbart\r\n\r\nArtikel 13: Ratifikation geregelt","weitere Vertr\u00e4ge zwischen Vertragsparteien im Zusammenhang mit dieser Ehe":"B\u00fcndnis von Fontainebleau 1743.10.25 - B\u00fcndnis- und Subsidienvertrfag von Aranjuez 1745.05.01 inkl. Genua, Neapel - spanischer Beitrtitt zum Frieden von Aachen 1748.10.20","Schlagw\u00f6rter":"","Kommentar":"Digitalisat kann unter der angegebenen URL unter Verwendung der Signatur (TRA17440006) abgerufen werden.","Literatur":"- "}}}