{"Dokument":{"Name":"Lothringen - Frankreich","In Bearbeitung":"Nein","main":{"Name":"Ehevertrag Lothringen - Frankreich 1698","Zuletzt ge\u00e4ndert":"2020-12 JK"},"Grunddaten Ehevertrag":{"Vertragspartner Br\u00e4utigam":"Lothringen","Vertragspartner Braut":"Frankreich","Datum Vertragsschlie\u00dfung":"1698-10-12","Ort Vertragsschlie\u00dfung":"Fontainebleau","Eheschlie\u00dfung vollzogen?":"Ja","verschiedenkonfessionelle Ehe?":"Nein"},"Br\u00e4utigam":{"Br\u00e4utigam Name, Titel":"Leopold I., Herzog von Lothringen","Br\u00e4utigam GND":"http:\/\/d-nb.info\/gnd\/118835785","Br\u00e4utigam Geburtsjahr":"1679-00-00","Br\u00e4utigam Sterbejahr":"1729-00-00","Br\u00e4utigam Dynastie":"Lothringen","Br\u00e4utigam Konfession":"R\u00f6misch-Katholisch"},"Braut":{"Braut Name, Titel":"Elisabeth Charlotte von Orl\u00e9ans","Braut GND":"http:\/\/d-nb.info\/gnd\/1023911299","Braut Geburtsjahr":"1676-00-00","Braut Sterbejahr":"1744-00-00","Braut Dynastie":"Orl\u00e9ans","Braut Konfession":"R\u00f6misch-Katholisch"},"Akteur Br\u00e4utigam":{"Akteur Br\u00e4utigam Name, Titel":"Leopold I., Herzog von Lothringen","Akteur Br\u00e4utigam GND":"http:\/\/d-nb.info\/gnd\/118835785","Akteur Br\u00e4utigam Dynastie":"Lothringen","Akteur Br\u00e4utigam Verh\u00e4ltnis zu Br\u00e4utigam":"selbst"},"Akteur Braut":{"Akteur Braut Name, Titel":"Ludwig XIV., K\u00f6nig von Frankreich","Akteur Braut GND":"http:\/\/d-nb.info\/gnd\/118816829","Akteur Braut Dynastie":"Bourbon (Frankreich)","Akteur Braut Verh\u00e4ltnis zu Braut":"Onkel"},"Vertragstext":{"Archivexemplar":"Trait\u00e9s et accords de la France, TRA16980003","Vertragssprache Archivexemplar":"Franz\u00f6sisch","Digitalisat Archivexemplar":"https:\/\/basedoc.diplomatie.gouv.fr\/exl-php\/recherche\/mae_internet___traites","Drucknachweis":"nicht nachgewiesen","Vertragssprache Druck":"nicht nachgewiesen","Digitalisat Druck":"-","Vertragsinhalt":"Pr\u00e4ambel: aufgrund verwandtschaftlicher N\u00e4he der Eheleute, Zustimmung des Papstes zur Eheschlie\u00dfung eingeholt\r\n\r\nArtikel 1: Eheschlie\u00dfung vereinbart: am franz\u00f6sischen Hof durch Prokurator\r\n\r\nArtikel 2: Mitgift festgelegt: wird zum Teil von K\u00f6nig Ludwig XIV. gezahlt, Zahlung geregelt, Anteil der Brauteltern an Mitgift wird erst nach dem Tod von Elisabeth Charlottes Eltern ausgezahlt, zzgl. Brautjuwelen; im Gegenzug f\u00fcr Mitgiftzahlung verzichtet Elisabeth Charlotte auf elterliches Erbe; Eigentumsrecht Elisabeth Charlottes und Erbrecht an Mitgift geregelt\r\n\r\nArtikel 3: Anlage von Mitgift geregelt: inkl. Verwaltung der Mitgiftg\u00fcter durch Elisabeth Charlotte\r\n\r\nArtikel 4: Brautgeschenke festgelegt, Erbrecht an Brautgeschenken geregelt\r\n\r\nArtikel 5: Unterhalt Elisabeth Charlottes festgelegt\r\n\r\nArtikel 6-7: Leibgedinge festgelegt: als Witwenversorgung\r\n\r\nArtikel 8: R\u00fcckkehrrecht Elisabeth Charlottes im Fall ihrer Verwitwung zugesichert, Witwenversorgung geregelt\r\n\r\nArtikel 9: bei Tod Elisabeth Charlottes ohne Kinder: Erbrecht an Nachlass geregelt, R\u00fcckgabe ihrer Brautjuwelen an Frankreich geregelt\r\n\r\nArtikel 10: \u00dcberf\u00fchrung geregelt\r\n\r\nArtikel 11: Einhaltung zugesichert, Ratifikation geregelt\r\n\r\nVollmachten des Herzogs von Lothringen enthalten. \r\n","Regelungen \u00fcber Thronfolge und Regentschaft":"","konfessionelle Regelungen":"","erbrechtliche Regelungen":"Artikel 2: [...] im Gegenzug f\u00fcr Mitgiftzahlung verzichtet Elisabeth Charlotte auf elterliches Erbe [...]"},"Einordnung des Vertrags":{"Textbezug zu vergangenen Ereignissen?":"","st\u00e4ndische Instanzen beteiligt?":"","externe Instanzen beteiligt?":"","Ratifikationen, Best\u00e4tigungen, Genehmigungen erw\u00e4hnt?":"","weitere Vertr\u00e4ge zwischen Vertragsparteien im Zusammenhang mit dieser Ehe":"(Frieden von Rijswijk 1697.10.30 Reich-Frankreich: inkl. Lothringen) - Vertrag von Besancon 1705.08.25 \u00fcber Gebietsaustausch","Schlagw\u00f6rter":"","Kommentar":"\u00dc - bis auf erste, letzte Bestimmung fast wortgleich mit Vorvertrag 1698.08.01 (Enr. 167)\r\n\r\nVertrag selbst nicht in Artikel unterteilt.\r\n\r\nDigitalisat kann unter der angegebenen URL unter Verwendung der Signatur (TRA16980003) abgerufen werden.","Literatur":"Berenger 1998, S. 98"}}}