{"Dokument":{"Name":"Sachsen-Coburg - Sachsen","In Bearbeitung":"Nein","Vertragstext":{"Digitalisat Druck":"","Digitalisat Archivexemplar":"","Drucknachweis":"","Vertragssprache Druck":"","Archivexemplar":"HStA Drd 10001 O.U. 12152 (1584 V 5)","Vertragssprache Archivexemplar":"Deutsch","Vertragsinhalt":"Artikel 1 (S. 1): Einwilligung von Johann Georg, Markgraf von Brandenburg (Kurf\u00fcrst) (http:\/\/d-nb.info\/gnd\/102111588) und von Georg Friedrich erw\u00e4hnt\n\nArtikel 2 (S. 1): Eheschlie\u00dfung beschlossen\n\nArtikel 3 (S. 1-2): Nach dem vollzogenen Beilager erh\u00e4lt die Braut 30.000 Taler als Mitgift, Quittung f\u00fcr gezahlte Summen notwendig\n\nArtikel 4 (S. 2): Aussteuer an Kleinodien, Silbergeschirr, Kleidern, etc. zugesprochen, wie es dem Stand der Braut entspricht\n\nArtikel 5 (S. 2): Die Morgengabe betr\u00e4gt 7.000 Taler Hauptgeld oder 350 Taler als j\u00e4hrliche Rente, Verschreibung und Versicherung erw\u00e4hnt\n\nArtikel 6 (S. 2): Die Widerlage betr\u00e4gt 30.000 Taler\n\nArtikel 7 (S. 2): Witwensitz R\u00f6mhild und \u00c4mter Leutenberg, Veilsdorf, Eiffelt samt den Zugeh\u00f6rungen festgelegt, Verf\u00fcgungsrechte geregelt, Einwilligung und Konsens von Johann Georg und Georg Friedrich erw\u00e4hnt\n\nArtikel 8 (S. 2): Kammergerichte erw\u00e4hnt\n\nArtikel 9 (S. 2-3): 6.000 Taler zur Versorgung der Braut auf ihren G\u00fctern festgelegt, Tierzucht und -haltung geregelt\n\nArtikel 10 (S. 3): M\u00e4ngel des Unterhalts werden aus der Kammer Coburg gezahlt\n\nArtikel 11 (S. 3): Frondienste, Fischereirechte, Holzversorgung etc. geregelt\n\nArtikel 12 (S. 3): Besoldung der Amtleute auf dem Leibgedinge geregelt, Konsens des Herzogs von Sachsen erw\u00e4hnt\n\nArtikel 13 (S. 3): Der Braut steht es frei, die Amtleute selbst zu besolden\n\nArtikel 14 (S. 3): Die Braut darf die Amtleute bestellen und entlassen\n\nArtikel 15 (S. 3): Huldigung der Amtleute nach vollzogenem Beilager geregelt\n\nArtikel 16 (S. 3): Nach dem Tod des Brautpaares erben der Herzog von Sachsen und dessen Erben die H\u00e4lfte der Widerlage\n\nArtikel 17 (S. 3): Herrschaft der Braut auf dem Leibgedinge geregelt, Versorgung durch Verschreibung geregelt\n\nArtikel 18 (S. 3-4): Erbhuldigung erw\u00e4hnt\n\nArtikel 19 (S. 4): Verteidigung der G\u00fcter und des Besitzes geregelt\n\nArtikel 20 (S. 4): Nutzung des Wittums ist der Braut vorbehalten\n\nArtikel 21 (S. 4): Vor dem Beilager: Besichtigung der Wittumsg\u00fcter durch den Brautvater geregelt, M\u00e4ngel sollen durch den Br\u00e4utigam und die Kammer Coburg erstattet werden\n\nArtikel 22 (S. 4): Zustand des Wittums und der Gem\u00e4cher geregelt\n\nArtikel 23 (S. 4-5): Schutz des Wittums und Versicherung geregelt\n\nArtikel 24 (S. 5): Die weltlichen und geistlichen Untertanen des Wittums verbleiben in den vom Br\u00e4utigam festgelegten Rechten\n\nArtikel 25 (S. 5): \u00d6ffnung der Witweng\u00fcter durch die Braut ohne die Erlaubnis des Br\u00e4utigams oder dessen Erben untersagt, die G\u00fcter d\u00fcrfen nicht mit Schulden belastet oder als Lehen vergeben werden\n\nArtikel 26 (S. 5): Verbesserung des Witwensitzes versprochen, falls notwendig\n\nArtikel 27 (S. 5): Erbverzicht der Braut f\u00fcr sich und ihre Nachkommen auf das Erbe des Hauses Sachsen, Anfertigung eines Verzichtbriefs erw\u00e4hnt; Der Erbfall f\u00fcr die Braut und ihre Erben tritt erst ein, wenn alle m\u00e4nnlichen Erben des Hauses Sachsen verstorben sind\n\nArtikel 28 (S. 5-6): Wenn die Braut nach dem Beilager und vor dem Br\u00e4utigam ohne Leibserben verstirbt: Der Br\u00e4utigam erh\u00e4lt das lebenslange Nutzungsrecht an den 30.000 Talern der Mitgift; Nach dem Tod des Br\u00e4utigams f\u00e4llt die Mitgift zur\u00fcck an das Haus Sachsen, bis die R\u00fcckzahlung erfolgt, verf\u00fcgt der Brautvater oder verf\u00fcgen dessen Erben \u00fcber die genannten Herrschaften sowie \u00fcber j\u00e4hrlich 3.000 Taler\n\nArtikel 29 (S. 6): Antritt des Wittums durch die Witwe oder den Brautvater bzw. dessen Erben geregelt, Erbhuldigung und Eide durch Amtleute geregelt\n\nArtikel 30 (S. 6): Die \u00dcbergabe der 30.000 Gulden soll in Leipzig erfolgen\n\nArtikel 31 (S. 6): Die Morgengabe soll gem\u00e4\u00df des Testaments der Braut vererbt werden; wenn sie die Vererbung nicht selbst bestimmt, soll die Morgengabe beim Br\u00e4utigam verbleiben \n\nArtikel 32 (S. 7): Wenn die Braut vor dem Br\u00e4utigam ohne vorhandene Leibserben verstirbt: Der Br\u00e4utigam erh\u00e4lt das lebenslange Verf\u00fcgungsrecht \u00fcber die Aussteuer gegen die \u00dcbergabe einer Inventarliste, nach dem Tod des Br\u00e4utigams f\u00e4llt die Aussteuer zur\u00fcck an den Brautvater oder dessen Erben\n\nArtikel 33 (S. 7): Sollten Leibserben aus der Ehe existieren, aber vor dem Erbfall versterben, gelten die bereits genannten Regeln der Vererbung\n\nArtikel 34 (S. 7): Wenn Leibserben aus der Ehe existieren: Der Br\u00e4utigam und die Leibserben erben die Mitgift und die Aussteuer\n\nArtikel 35 (S. 7-8): Wenn der Br\u00e4utigam vor der Braut verstirbt und unm\u00fcndige Leibserben vorhanden sind: Die Braut erh\u00e4lt die Herrschaft \u00fcber die genannten G\u00fcter; Nutzungsrechte und Versorgung geregelt, \u00fcber diese Rechte verf\u00fcgt die Witwe solange, wie sie keine zweite Ehe eingeht\n\nArtikel 36 (S. 8): Versorgung des Witwensitzes mit Wein, Bier, Nahrungsmitteln etc. zugesagt\n\nArtikel 37 (S. 8): Nach dem Tod des Br\u00e4utigams erh\u00e4lt die Braut das Leibgedinge, die Morgengabe, 6.350 Taler j\u00e4hrlich und die Aussteuer\n\nArtikel 38 (S. 8-9): Wenn die Braut nach dem Tod des Br\u00e4utigams erneut heiratet: Die Erben des Br\u00e4utigams k\u00f6nnen das Leibgedinge gegen 30.000 Taler der Mitgift, 350 Taler der Morgengabe und 7.000 Taler abl\u00f6sen, statt der Widerlage erh\u00e4lt die Witwe j\u00e4hrlich 3.000 Taler, nach ihrem Tod f\u00e4llt diese Summe an die gemeinsamen Leibserben aus der ersten Ehe oder an die n\u00e4chsten Erben des Br\u00e4utigams\n\nArtikel 39 (S. 9): Wenn die Braut nach dem Tod des Br\u00e4utigams erneut heiratet und Leibserben aus der zweiten Ehe entstehen und sie Leibserben aus der ersten Ehe hat: Die Mitgift der 30.000 Taler soll auf die Kinder aus der ersten und der zweiten Ehe aufgeteilt werden\n\nArtikel 40 (S. 9): Abtretung des Leibgedinges geregelt, Entbindung der Amtleute von ihren Eiden der Braut gegen\u00fcber geregelt\n\nArtikel 41 (S. 9): Wenn die Witwe nicht erneut heiratet und keine Leibserben hat, soll sie ihren Witwenstand auf dem Leibgedinge verbringen, die Mitgift f\u00e4llt zur\u00fcck an den Brautvater und dessen Erben, die Widerlage geht an die Erben des Br\u00e4utigams\n\nArtikel 42 (S. 10): Auch nach dem Tod des Br\u00e4utigams darf die Braut f\u00fcr keinerlei Schulden des Br\u00e4utigams haftbar gemacht werden, unabh\u00e4ngig davon, ob diese vor oder nach dem vollzogenen Beilager gemacht wurden, die Forderungen d\u00fcrfen sich auch nicht auf die Mitgift, die Aussteuer, etc. beziehen\n\nArtikel 43 (S. 10): Ritterdienste bei der Besichtigung des Leibgedinges geregelt\n\nArtikel 44 (S. 10): Einhaltung des Vertrages versprochen\n","Regelungen \u00fcber Thronfolge und Regentschaft":"","konfessionelle Regelungen":"","erbrechtliche Regelungen":"Artikel 16 (S. 3): Nach dem Tod des Brautpaares erbt der Herzog von Sachsen und dessen Erben die H\u00e4lfte der Widerlage\n\nArtikel 18 (S. 3-4): Erbhuldigung erw\u00e4hnt\n\nArtikel 27 (S. 5): Erbverzicht der Braut f\u00fcr sich und ihre Nachkommen auf das Erbe des Hauses Sachsen, Anfertigung eines Verzichtbriefs erw\u00e4hnt; Der Erbfall f\u00fcr die Braut und ihre Erben tritt erst ein, wenn alle m\u00e4nnlichen Erben des Hauses Sachsen verstorben sind\n\nArtikel 28 (S. 5-6): Wenn die Braut nach dem Beilager und vor dem Br\u00e4utigam ohne Leibserben verstirbt: Der Br\u00e4utigam erh\u00e4lt das lebenslange Nutzungsrecht an den 30.000 Talern der Mitgift; Nach dem Tod des Br\u00e4utigams f\u00e4llt die Mitgift zur\u00fcck an das Haus Sachsen, bis die R\u00fcckzahlung erfolgt, verf\u00fcgt der Brautvater oder dessen Erben \u00fcber die genannten Herrschaften sowie \u00fcber j\u00e4hrlich 3.000 Taler\n\nArtikel 29 (S. 6): Antritt des Wittums durch die Witwe oder den Brautvater bzw. dessen Erben geregelt, Erbhuldigung und Eide durch Amtleute geregelt\n\nArtikel 31 (S. 6): Die Morgengabe soll gem\u00e4\u00df dem Testament der Braut vererbt werden, wenn sie die Vererbung nicht selbst bestimmt, soll die Morgengabe beim Br\u00e4utigam verbleiben \n\nArtikel 32 (S. 7): Wenn die Braut vor dem Br\u00e4utigam ohne vorhandene Leibserben verstirbt: Der Br\u00e4utigam erh\u00e4lt das lebenslange Verf\u00fcgungsrecht \u00fcber die Aussteuer gegen die \u00dcbergabe einer Inventarliste, nach dem Tod des Br\u00e4utigams f\u00e4llt die Aussteuer zur\u00fcck an den Brautvater oder dessen Erben\n\nArtikel 33 (S. 7): Sollten Leibserben aus der Ehe existieren, aber vor dem Erbfall versterben, gelten die bereits genannten Regeln der Vererbung\n\nArtikel 34 (S. 7): Wenn Leibserben aus der Ehe existieren: Der Br\u00e4utigam und die Leibserben erben die Mitgift und die Aussteuer\n\nArtikel 35 (S. 7-8): Wenn der Br\u00e4utigam vor der Braut verstirbt und unm\u00fcndige Leibserben vorhanden sind: Die Braut erh\u00e4lt die Herrschaft \u00fcber die genannten G\u00fcter, Nutzungsrechte und Versorgung geregelt, \u00fcber diese Rechte verf\u00fcgt die Witwe solange, wie sie keine zweite Ehe eingeht\n\nArtikel 37 (S. 8): Nach dem Tod des Br\u00e4utigams erh\u00e4lt die Braut das Leibgedinge, die Morgengabe, 6.350 Taler j\u00e4hrlich und die Aussteuer\n\nArtikel 38 (S. 8-9): Wenn die Braut nach dem Tod des Br\u00e4utigams erneut heiratet: Die Erben des Br\u00e4utigams k\u00f6nnen das Leibgedinge gegen 30.000 Taler der Mitgift, 350 Taler der Morgengabe und 7.000 Taler abl\u00f6sen, statt der Widerlage erh\u00e4lt die Witwe j\u00e4hrlich 3.000 Taler, nach ihrem Tod f\u00e4llt diese Summe an die gemeinsamen Leibserben aus der ersten Ehe oder an die n\u00e4chsten Erben des Br\u00e4utigams\n\nArtikel 39 (S. 9): Wenn die Braut nach dem Tod des Br\u00e4utigams erneut heiratet und Leibserben aus der zweiten Ehe entstehen und sie Leibserben aus der ersten Ehe hat: Die Mitgift der 30.000 Taler soll auf die Kinder aus der ersten und der zweiten Ehe aufgeteilt werden\n\nArtikel 41 (S. 9): Wenn die Witwe nicht erneut heiratet und keine Leibserben hat, soll sie ihren Witwenstand auf dem Leibgedinge verbringen, die Mitgift f\u00e4llt zur\u00fcck an den Brautvater und dessen Erben, die Widerlage geht an die Erben des Br\u00e4utigams\n"},"Einordnung des Vertrags":{"Schlagw\u00f6rter":"","Literatur":"","weitere Vertr\u00e4ge zwischen Vertragsparteien im Zusammenhang mit dieser Ehe":"","Textbezug zu vergangenen Ereignissen?":"","st\u00e4ndische Instanzen beteiligt?":"","externe Instanzen beteiligt?":"Artikel 1 (S. 1): Einwilligung von Johann Georg, Markgraf von Brandenburg (Kurf\u00fcrst) (http:\/\/d-nb.info\/gnd\/102111588) und von Georg Friedrich erw\u00e4hnt  Artikel 7 (S. 2): Witwensitz R\u00f6mhild und \u00c4mter Leutenberg, Veilsdorf, Eiffelt samt den Zugeh\u00f6rungen festgelegt, Verf\u00fcgungsrechte geregelt, Einwilligung und Konsens von Johann Georg und Georg Friedrich erw\u00e4hnt  Artikel 12 (S. 3): Besoldung der Amtleute auf dem Leibgedinge geregelt, Konsens des Herzogs von Sachsen erw\u00e4hnt","Ratifikationen, Best\u00e4tigungen, Genehmigungen erw\u00e4hnt?":"","Kommentar":"1593 wurde die Ehe geschieden\r\n\r\nDer Vertrag ist im Original nicht in Artikel unterteilt"},"main":{"Name":"Ehevertrag Sachsen-Coburg - Sachsen 1584","Zuletzt ge\u00e4ndert":"2021-05 JT"},"Grunddaten Ehevertrag":{"Vertragspartner Br\u00e4utigam":"Sachsen-Coburg","Vertragspartner Braut":"Sachsen","Datum Vertragsschlie\u00dfung":"1584-05-05","Ort Vertragsschlie\u00dfung":"Dresden ","Eheschlie\u00dfung vollzogen?":"Ja","verschiedenkonfessionelle Ehe?":"Nein"},"Br\u00e4utigam":{"Br\u00e4utigam Name, Titel":"Johann Casimir, Herzog von Sachsen-Coburg","Br\u00e4utigam GND":"http:\/\/d-nb.info\/gnd\/118883151","Br\u00e4utigam Geburtsjahr":"1564-00-00","Br\u00e4utigam Sterbejahr":"1633-00-00","Br\u00e4utigam Dynastie":"Wettin (Ernestiner)","Br\u00e4utigam Konfession":"Evangelisch-Lutherisch"},"Braut":{"Braut Name, Titel":"Anna von Sachsen","Braut GND":"http:\/\/d-nb.info\/gnd\/121696782","Braut Geburtsjahr":"1567-00-00","Braut Sterbejahr":"1613-00-00","Braut Dynastie":"Wettiner (Albertiner)","Braut Konfession":"Evangelisch-Lutherisch"},"Akteur Br\u00e4utigam":{"Akteur Br\u00e4utigam Name, Titel":"Johann Casimir, Herzog von Sachsen-Coburg","Akteur Br\u00e4utigam GND":"http:\/\/d-nb.info\/gnd\/118883151","Akteur Br\u00e4utigam Dynastie":"Wettin (Ernestiner)","Akteur Br\u00e4utigam Verh\u00e4ltnis zu Br\u00e4utigam":"Selbst"},"Akteur Braut":{"Akteur Braut Name, Titel":"August, Kurf\u00fcrst von Sachsen","Akteur Braut GND":"http:\/\/d-nb.info\/gnd\/119458446","Akteur Braut Dynastie":"Wettin (Albertiner)","Akteur Braut Verh\u00e4ltnis zu Braut":"Vater"}}}