{"Dokument":{"Name":"Spanien (Kastilien\/Aragon) - \u00d6sterreich","In Bearbeitung":"Nein","main":{"Zuletzt ge\u00e4ndert":"2020-09 JK","Name":"Ehevertrag Spanien (Kastilien\/Aragon) - \u00d6sterreich 1495"},"Grunddaten Ehevertrag":{"Vertragspartner Br\u00e4utigam":" Spanien (Kastilien\/Aragon)","Vertragspartner Braut":"\u00d6sterreich","Datum Vertragsschlie\u00dfung":"1495-11-05","Ort Vertragsschlie\u00dfung":"Mecheln","Eheschlie\u00dfung vollzogen?":"Ja","verschiedenkonfessionelle Ehe?":"Nein"},"Br\u00e4utigam":{"Br\u00e4utigam Name, Titel":"Johann (Juan) von Aragon und Kastilien (Infant)","Br\u00e4utigam GND":"http:\/\/d-nb.info\/gnd\/122752082","Br\u00e4utigam Geburtsjahr":"1478-00-00","Br\u00e4utigam Sterbejahr":"1497-00-00","Br\u00e4utigam Dynastie":"Trast\u00e1mara","Br\u00e4utigam Konfession":"R\u00f6misch-Katholisch"},"Braut":{"Braut Name, Titel":"Margarete von \u00d6sterreich (Erzherzogin)","Braut GND":"http:\/\/d-nb.info\/gnd\/118730983","Braut Geburtsjahr":"1480-00-00","Braut Sterbejahr":"1530-00-00","Braut Dynastie":"Habsburg (\u00d6sterreich)","Braut Konfession":"R\u00f6misch-Katholisch"},"Akteur Br\u00e4utigam":{"Akteur Br\u00e4utigam Name, Titel":"Ferdinand II., K\u00f6nig von Aragon","Akteur Br\u00e4utigam GND":"http:\/\/d-nb.info\/gnd\/118686712","Akteur Br\u00e4utigam Dynastie":"Trast\u00e1mara","Akteur Br\u00e4utigam Verh\u00e4ltnis zu Br\u00e4utigam":"Vater","Akteur Br\u00e4utigam Name, Titel (32)":"Isabella I., K\u00f6nigin von Kastilien","Akteur Br\u00e4utigam GND (65)":"http:\/\/d-nb.info\/gnd\/11863982X","Akteur Br\u00e4utigam Dynastie (35)":"Trast\u00e1mara","Akteur Br\u00e4utigam Verh\u00e4ltnis zu Br\u00e4utigam (34)":"Mutter"},"Akteur Braut":{"Akteur Braut Name, Titel":" Maximilian I., Kaiser","Akteur Braut GND":"http:\/\/d-nb.info\/gnd\/118579371","Akteur Braut Dynastie":"Habsburg (\u00d6sterreich)","Akteur Braut Verh\u00e4ltnis zu Braut":"Vater "},"Vertragstext":{"Archivexemplar":"Archivo General de Simancas (AGS), Patronato, Legajo 56, Nr. 2,1","Vertragssprache Archivexemplar":"Latein","Digitalisat Archivexemplar":"http:\/\/pares.mcu.es\/ParesBusquedas20\/catalogo\/show\/2207472","Drucknachweis":"Wiesflecker 1959, S. 48-52","Vertragssprache Druck":"Latein","Digitalisat Druck":"-","Vertragsinhalt":"Pr\u00e4ambel: Ank\u00fcndigung der Eheschlie\u00dfung und Verlobung, Doppelhochzeit (zwischen Philipp von \u00d6sterreich und Johanna von Kastilien sowie Johann von Kastiliens und Margarete von \u00d6sterreich zu Ruhm und Ehre Gottes, Christi und zur Bewahrung und Mehrung des christlichen Glaubens, zur ewigen Ehre, zum B\u00fcndnis, Freundschaft, Union der beteiligten Reiche, Monarchien, Benennung des Prokurators der Katholischen K\u00f6nige\r\n\r\nArt. 1: Mitgift geregelt, jede Partei zahlt gleiche Mitgift\r\n\r\nArt. 2-3: Widerlage oder Morgengabe geregelt, soll den Br\u00e4uten standesgem\u00e4\u00dfe Hofhaltung, Lebensf\u00fchrung erm\u00f6glichen, j\u00e4hrliche Zahlung 20.000 Gold-Scuti, sichere Anlage der Gelder in verschiedenen innerhalb von zwei Monaten nach Eheschluss auszuweisenden Orten, St\u00e4dten, Schl\u00f6ssern etc. anzulegen zur Sicherheit\r\n\r\nArt. 4: Zuweisung geeigneter Witweng\u00fcter zugesichert\r\n\r\nArt. 5: \u00dcberf\u00fchrung von Margarethe nach Spanien zugesichert, innerhalb eines Monat Vertragsschluss\r\n\r\nArt. 6: \u00dcberf\u00fchrung von Johanna nach Flandern zugesichert, innerhalb von zwei Monaten nach Vertragsschluss\r\n\r\nArt. 7: Sukzessionsregelung f\u00fcr beide Paare nach den jeweils geltenden Erbfolgeregeln\r\n\r\nArt. 8: allgemeiner und ewiger B\u00fcndnisschluss zwischen Maximilian und Habsburg und den Katholischen K\u00f6nigen bzw. Spanien sowie ihren Kindern und Nachfolgern und Nachkommen, zur Ehre, Konservation, Wachstum ihrer Reiche\r\n\r\nArt. 9: Verst\u00e4ndigung und Zusammenarbeit bez\u00fcglich aller Fragen, die Italien betreffen, zum gemeinen Nutzen und Wohl der Christenheit\r\n\r\nArt. 10: gemeinsame Kriegsf\u00fchrung in Italien\r\n\r\nArt. 11: Einhaltung und Ratifikation wechselseitig zugesichert\r\n\r\nArt.12: Erkl\u00e4rung des spanischen Prokurators Francisco Rojas bzgl. Einhaltung\r\n\r\nArt. 13: Zusicherung von Zustimmung und Ratifikation durch Philipp, Margarethe, Johann, Johanna\r\n\r\n14-15: Ratifikation innerhalb von f\u00fcnf Monaten und pers\u00f6nliche Unterzeichnung der Monarchen geregelt ","Regelungen \u00fcber Thronfolge und Regentschaft":"Art. 7: Sukzessionsregelung f\u00fcr beide Paare nach den jeweils geltenden Erbfolgeregeln","konfessionelle Regelungen":"","erbrechtliche Regelungen":""},"Einordnung des Vertrags":{"Textbezug zu vergangenen Ereignissen?":"","st\u00e4ndische Instanzen beteiligt?":"","externe Instanzen beteiligt?":"","Ratifikationen, Best\u00e4tigungen, Genehmigungen erw\u00e4hnt?":"Art. 11: Einhaltung und Ratifikation wechselseitig zugesichert\r\n\r\n14-15: Ratifikation innerhalb von f\u00fcnf Monaten und pers\u00f6nliche Unterzeichnung der Monarchen geregelt ","weitere Vertr\u00e4ge zwischen Vertragsparteien im Zusammenhang mit dieser Ehe":"","Schlagw\u00f6rter":"","Kommentar":"Der Vertrag regelt zwei Eheschlie\u00dfungen, vgl. Ehevertrag \u00d6sterreich - Spanien (Kastilien\/Aragon) 1495.\r\n\r\nVertrag seitens der Katholischen K\u00f6nige durch Prokurator Francisco de Rojas geschlossen.\r\n\r\nArtikel im Originalvertrag nicht nummeriert.","Literatur":"Wiesflecker 1959; Kohler 1992"}}}