{"Dokument":{"Name":"Henneberg - Braunschweig-Calenberg ","In Bearbeitung":"Ja","main":{"Name":"Henneberg-Schleusingen - Braunschweig-Calenberg ","Zuletzt ge\u00e4ndert":"2021-11 JT"},"Grunddaten Ehevertrag":{"Vertragspartner Br\u00e4utigam":"Henneberg","Vertragspartner Braut":"Braunschweig-Calenberg","Datum Vertragsschlie\u00dfung":"1543-01-21","Ort Vertragsschlie\u00dfung":"","Eheschlie\u00dfung vollzogen?":"Ja","verschiedenkonfessionelle Ehe?":"unbekannt"},"Akteur Br\u00e4utigam":{"Akteur Br\u00e4utigam Name, Titel":"Georg Ernst Graf von Henneberg-Schleusingen","Akteur Br\u00e4utigam Name, Titel (32)":"Georg Ernst Graf von Henneberg-Schleusingen","Akteur Br\u00e4utigam GND":"","Akteur Br\u00e4utigam Dynastie":"Henneberg-Schleusingen","Akteur Br\u00e4utigam Verh\u00e4ltnis zu Br\u00e4utigam":"Vater","Akteur Br\u00e4utigam GND (65)":"http:\/\/d-nb.info\/gnd\/118557556","Akteur Br\u00e4utigam Dynastie (35)":"Henneberg-Schleusingen","Akteur Br\u00e4utigam Verh\u00e4ltnis zu Br\u00e4utigam (34)":"Selbst"},"Br\u00e4utigam":{"Br\u00e4utigam GND":"http:\/\/d-nb.info\/gnd\/118958097","Br\u00e4utigam Geburtsjahr":"1511-00-00","Br\u00e4utigam Sterbejahr":"1583-00-00","Br\u00e4utigam Dynastie":"Henneberg-Schleusingen"},"Braut":{"Braut Name, Titel":"Elisabeth von Braunschweig-Calenberg","Braut GND":"http:\/\/d-nb.info\/gnd\/1013427327","Braut Geburtsjahr":"1526-00-00","Braut Sterbejahr":"1566-00-00","Braut Dynastie":"Welfen","Braut Konfession":"Evangelisch-Lutherisch"},"Akteur Braut":{"Akteur Braut Name, Titel":"Elisabeth von Brandenburg, in erster Ehe: Herzogin zu Braunschweig-Calenberg","Akteur Braut GND":"http:\/\/d-nb.info\/gnd\/118688626","Akteur Braut Dynastie":"Hohenzollern","Akteur Braut Verh\u00e4ltnis zu Braut":"Mutter","Akteur Braut Name, Titel (36)":"Joachim II. Hector Kurf\u00fcrst von Brandenburg","Akteur Braut Dynastie (40)":"Hohenzollern","Akteur Braut Verh\u00e4ltnis zu Braut (38)":"Onkel"},"Vertragstext":{"Archivexemplar":"Hannover HStA NLA Ha Cal. Br. 22 Nr. 1747 (1543 I 21)-1 Cal. Br. 22 Nr. 1747 ","Vertragssprache Archivexemplar":"Deutsch","Digitalisat Archivexemplar":"","Drucknachweis":"nicht nachgewiesen","Vertragssprache Druck":"nicht nachgewiesen","Digitalisat Druck":"","Vertragsinhalt":"Artikel 1 (fol. 26r-27r): Ehe beschlossen; Einverst\u00e4ndnis der Braut erw\u00e4hnt\n\nArtikel 2 (fol. 27v-28r): Mitgift von 20.000 Gulden durch die Brautmutter, den Vetter der Braut und den Bruder der Braut geregelt; Quittungen bez\u00fcglich der Witwenversorgung notwendig; Zahlungsregelungen festgelegt\n\nArtikel 4 (fol. 28v-29r): Standesgem\u00e4\u00dfe Aussteuer (Silbergeschirr, Kleider, Kleinodien, etc.) geregelt\n\nArtikel 5 (fol. 29r): Die Widerlage betr\u00e4gt 20.000 Gulden\n\nArtikel 6 (fol. 29r-30v): F\u00fcrstlicher Sitz der Braut erw\u00e4hnt; die Braut erh\u00e4lt Schleusingen, Themar und Suhl mit allen Nutzungsrechten als Leibgedinge; Nutzungsrechte genannt; die Braut erh\u00e4lt ein j\u00e4hrliches Einkommen von 4.000 Gulden, j\u00e4hrliche Gabe von 200 Gulden als Morgengabe geregelt; finanzielle Regelungen, Silber erw\u00e4hnt; die Braut bleibt von Strafen etc. unber\u00fchrt, Regelungen bez\u00fcglich der Amtleute und Untertanen; Schwur und Huldigung der Mannschaft nach vollzogenem Beilager und Tod des Br\u00e4utigams geregelt\n\nArtikel 7 (fol. 30v-31v): Regelungen bez\u00fcglich des Wittums; nach dem Tod der Braut f\u00e4llt das Wittum an die Brautmutter, deren Sohn und dessen m\u00e4nnliche Erben, weitere Regelungen bez\u00fcglich des Wittums; Leibgedinge und Morgengabe erw\u00e4hnt; Regelungen bez\u00fcglich der Einstellung der Amtleute\n\nArtikel 8 (fol. 31v-32v): Wittum, Leibgedinge, Morgengabe und f\u00fcrstlicher Sitz der Braut erw\u00e4hnt; bei M\u00e4ngeln oder Zerst\u00f6rung des Wittums durch einen Brand oder Mangel des j\u00e4hrlichen Einkommens: teilweise Erstattung geregelt; Schutz der Braut auf dem Wittum und des Leibgedinges versprochen\n\nArtikel 9 (fol. 32v-33r): Besichtigung der Witweng\u00fcter geregelt, j\u00e4hrliches Einkommen von 4.000 Gulden erw\u00e4hnt, j\u00e4hrlich 200 Gulden als Morgengabe erw\u00e4hnt; Verweisung erw\u00e4hnt\n\nArtikel 10 (fol. 33r-33v): Erbverzicht der Braut auf alles v\u00e4terliche und br\u00fcderliche Erbe; Forderungen des Herzogs Erichs und seiner m\u00e4nnlichen Nachkommen ausgeschlossen; wenn Herzog Erich ohne m\u00e4nnliche Leibeserben verstirbt, erh\u00e4lt die Braut ihre Erbteile aus dem v\u00e4terlichen und m\u00fctterlichen Erbe; Verzichtbrief erw\u00e4hnt\n\nArtikel 11 (fol. 33v-35r): Wenn die Braut vor dem Br\u00e4utigam verstirbt und keine gemeinsamen Leibeserben vorhanden sind: Der Br\u00e4utigam erh\u00e4lt das lebenslange Verf\u00fcgungsrecht \u00fcber die Aussteuer, Anfertigung einer Inventarliste notwendig; nach dem Tod des Br\u00e4utigams f\u00e4llt die Aussteuer zur\u00fcck an die Brautmutter, an Herzog Erich, dessen m\u00e4nnliche Erben oder an die n\u00e4chsten Erben der Braut\n\nArtikel 12 (fol. 35r-37r): Vererbung des Heiratsguts geregelt: nach dem Tod der Braut erh\u00e4lt der Br\u00e4utigam das lebenslange Verf\u00fcgungsrecht \u00fcber das Heiratsgut, nach dessen Tod f\u00e4llt das Heiratsgut an die Erben und Nachkommen des Brautpaares, wenn keine Erben aus der Ehe vorhanden sind, f\u00e4llt das Heiratsgut an die Brautmutter, Herzog Erich und dessen m\u00e4nnliche Erben, wenn dieser keine m\u00e4nnlichen Erben hinterl\u00e4sst, f\u00e4llt das Heiratsgut an die n\u00e4chsten Erben der Braut; Eide und Gel\u00fcbde geregelt; Regelungen bez\u00fcglich der Amtleute und Schulthei\u00dfen: 2.000 Gulden j\u00e4hrlicher Nutzung und Gehorsam f\u00fcr die Brautmutter geregelt bis das Heiratsgut und Aussteuer zur\u00fcckgezahlt wurden; weitere erbrechtliche Regelungen; Rente erw\u00e4hnt; kein Erbverzicht auf den m\u00fctterlichen Erbteil; Inventarliste erw\u00e4hnt; Regelungen bez\u00fcglich der Kleinodien und des Schmucks, Verkauf und Versetzung ausgeschlossen; Inventarliste notwendig; Geldzahlungen festgelegt; Erbhuldigung geregelt\n\nArtikel 13 (fol. 37r): Wenn gemeinsame Leibeserben vorhanden sind, diese keine Erben hinterlassen und zu Lebzeiten des Brautpaares versterben: Vererbung anders geregelt\n\nArtikel 14 (fol. 37r-37v): Wenn gemeinsame Leibeserben vorhanden sind: Vererbung an die Nachkommen geregelt\n\nArtikel 15 (fol. 37v-38v): Wenn der Br\u00e4utigam vor der Braut verstirbt und Nachkommen aus der Ehe vorhanden sind oder nicht: Die Braut erh\u00e4lt das Heiratsgut, Antritt und lebenslange Nutzung des Wittums geregelt; Nutzung von Aussteuer und Geschenken geregelt; Leibgedinge-Brief erw\u00e4hnt; Versorgung auch durch die Erben und Nachkommen des Br\u00e4utigams geregelt\n\nArtikel 16 (fol. 38v-39v): Wenn die Braut nach dem Tod des Br\u00e4utigams erneut heiratet: Abl\u00f6sung des Wittums mit 42.000 Gulden geregelt; Abtretung geregelt; Verschreibung erw\u00e4hnt\n\nArtikel 17 (fol. 39v-40v): Wenn keine Leibeserben aus der Ehe vorhanden sind: Vererbung der 20.000 Gulden an den Br\u00e4utigam, dessen Erben, die Brautmutter geregelt; bis die Summen zur\u00fcckgezahlt wurden: die Brautmutter erh\u00e4lt das Verf\u00fcgungsrecht am Leibgedinge; die Widerlage f\u00e4llt an den Br\u00e4utigam oder dessen Erben; die Morgengabe darf von der Braut nach ihrem Gefallen vererbt werden, legt sie keine Erben fest, verbleibt die Morgengabe bei dem Br\u00e4utigam oder dessen Erben\n\nArtikel 18 (fol. 40v): Weitere erbrechtliche Regelungen\n\nArtikel 19 (fol. 40v-41r): Amt Schleusing als Lehen geregelt; Leibgedingebrief notwendig\n\nArtikel 20 (fol. 41r): Die Braut darf mit keinerlei Schulden des Br\u00e4utigams belastet werden, die vor der Eheschlie\u00dfung oder w\u00e4hrend der Ehe gemacht wurden \n\nArtikel 21 (fol. 41r): Verkauf oder Versetzung des Wittums ohne Einverst\u00e4ndnis der Erben des Br\u00e4utigams ausgeschlossen\n\nArtikel 22 (fol. 41r-41v): Gebrauch der Witweng\u00fcter, des Leibgedinges und der Morgengabe durch die Erben des Br\u00e4utigams ausgeschlossen\n\nArtikel 23 (fol. 41v-42r): Regelungen bez\u00fcglich der geistlichen und weltlichen Lehen auf den Witweng\u00fctern: Die Braut kann diese vergeben; die ritterlichen Lehen sind hiervon ausgenommen; Regelungen bez\u00fcglich der Lehnsm\u00e4nner; steuerliche Regelungen erw\u00e4hnt\n\nArtikel 24 (fol. 42r): Die Inventarliste soll der Brautmutter \u00fcbergeben werden\n\nArtikel 25 (fol. 42v): Einhaltung des Vertrages versprochen, Datierung und Unterschriften der Akteure\n","Regelungen \u00fcber Thronfolge und Regentschaft":"","konfessionelle Regelungen":"keine","erbrechtliche Regelungen":"Artikel 7 (fol. 30v-31v): Regelungen bez\u00fcglich des Wittums; nach dem Tod der Braut f\u00e4llt das Wittum an die Brautmutter, deren Sohn und dessen m\u00e4nnliche Erben, weitere Regelungen bez\u00fcglich des Wittums; Leibgedinge und Morgengabe erw\u00e4hnt; Regelungen bez\u00fcglich der Einstellung der Amtleute\n\nArtikel 10 (fol. 33r-33v): Erbverzicht der Braut auf alles v\u00e4terliche und br\u00fcderliche Erbe; Forderungen des Herzogs Erichs und seiner m\u00e4nnlichen Nachkommen ausgeschlossen; wenn Herzog Erich ohne m\u00e4nnliche Leibeserben verstirbt, erh\u00e4lt die Braut ihre Erbteile aus dem v\u00e4terlichen und m\u00fctterlichen Erbe; Verzichtbrief erw\u00e4hnt\n\nArtikel 11 (fol. 33v-35r): Wenn die Braut vor dem Br\u00e4utigam verstirbt und keine gemeinsamen Leibeserben vorhanden sind: Der Br\u00e4utigam erh\u00e4lt das lebenslange Verf\u00fcgungsrecht \u00fcber die Aussteuer, Anfertigung einer Inventarliste notwendig; nach dem Tod des Br\u00e4utigams f\u00e4llt die Aussteuer zur\u00fcck an die Brautmutter, an Herzog Erich, dessen m\u00e4nnliche Erben oder an die n\u00e4chsten Erben der Braut\n\nArtikel 12 (fol. 35r-37r): Vererbung des Heiratsguts geregelt: nach dem Tod der Braut erh\u00e4lt der Br\u00e4utigam das lebenslange Verf\u00fcgungsrecht \u00fcber das Heiratsgut, nach dessen Tod f\u00e4llt das Heiratsgut an die Erben und Nachkommen des Brautpaares, wenn keine Erben aus der Ehe vorhanden sind, f\u00e4llt das Heiratsgut an die Brautmutter, Herzog Erich und dessen m\u00e4nnliche Erben, wenn dieser keine m\u00e4nnlichen Erben hinterl\u00e4sst, f\u00e4llt das Heiratsgut an die n\u00e4chsten Erben der Braut; Eide und Gel\u00fcbde geregelt; Regelungen bez\u00fcglich der Amtleute und Schulthei\u00dfen: 2.000 Gulden j\u00e4hrlicher Nutzung und Gehorsam f\u00fcr die Brautmutter geregelt bis das Heiratsgut und Aussteuer zur\u00fcckgezahlt wurden; weitere erbrechtliche Regelungen; Rente erw\u00e4hnt; kein Erbverzicht auf den m\u00fctterlichen Erbteil; Inventarliste erw\u00e4hnt; Regelungen bez\u00fcglich der Kleinodien und des Schmucks, Verkauf und Versetzung ausgeschlossen; Inventarliste notwendig; Geldzahlungen festgelegt; Erbhuldigung geregelt\n\nArtikel 13 (fol. 37r): Wenn gemeinsame Leibeserben vorhanden sind, diese keine Erben hinterlassen und zu Lebzeiten des Brautpaares versterben: Vererbung anders geregelt\n\nArtikel 14 (fol. 37r-37v): Wenn gemeinsame Leibeserben vorhanden sind: Vererbung an die Nachkommen geregelt\n\nArtikel 15 (fol. 37v-38v): Wenn der Br\u00e4utigam vor der Braut verstirbt und Nachkommen aus der Ehe vorhanden sind oder nicht: Die Braut erh\u00e4lt das Heiratsgut, Antritt und lebenslange Nutzung des Wittums geregelt; Nutzung von Aussteuer und Geschenken geregelt; Leibgedinge-Brief erw\u00e4hnt; Versorgung auch durch die Erben und Nachkommen des Br\u00e4utigams geregelt\n\nArtikel 17 (fol. 39v-40v): Wenn keine Leibeserben aus der Ehe vorhanden sind: Vererbung der 20.000 Gulden an den Br\u00e4utigam, dessen Erben, die Brautmutter geregelt; bis die Summen zur\u00fcckgezahlt wurden: die Brautmutter erh\u00e4lt das Verf\u00fcgungsrecht am Leibgedinge; die Widerlage f\u00e4llt an den Br\u00e4utigam oder dessen Erben; die Morgengabe darf von der Braut nach ihrem Gefallen vererbt werden, legt sie keine Erben fest, verbleibt die Morgengabe bei dem Br\u00e4utigam oder dessen Erben\n\nArtikel 18 (fol. 40v): Weitere erbrechtliche Regelungen\n"},"Einordnung des Vertrags":{"Textbezug zu vergangenen Ereignissen?":"","st\u00e4ndische Instanzen beteiligt?":"","externe Instanzen beteiligt?":"","Ratifikationen, Best\u00e4tigungen, Genehmigungen erw\u00e4hnt?":"","weitere Vertr\u00e4ge zwischen Vertragsparteien im Zusammenhang mit dieser Ehe":"","Schlagw\u00f6rter":"","Kommentar":"Vertrag im Original nicht in Artikel unterteilt\n\nVertragsfolien nachtr\u00e4glich nummeriert\n","Literatur":""}}}