{"Dokument":{"Name":"Frankreich - England","In Bearbeitung":"Nein","main":{"Name":"Ehevertrag Frankreich - England 1514","Zuletzt ge\u00e4ndert":"2017-07 BB"},"Grunddaten Ehevertrag":{"Vertragspartner Br\u00e4utigam":"Frankreich","Vertragspartner Braut":"England","Datum Vertragsschlie\u00dfung":"1514-10-09","Ort Vertragsschlie\u00dfung":"London","Eheschlie\u00dfung vollzogen?":"Ja","verschiedenkonfessionelle Ehe?":"Nein"},"Br\u00e4utigam":{"Br\u00e4utigam Name, Titel":"Ludwig XII., K\u00f6nig von Frankreich","Br\u00e4utigam GND":"http:\/\/d-nb.info\/gnd\/118780735","Br\u00e4utigam Geburtsjahr":"1462-00-00","Br\u00e4utigam Sterbejahr":"1515-00-00","Br\u00e4utigam Dynastie":"Valois","Br\u00e4utigam Konfession":"R\u00f6misch-Katholisch"},"Braut":{"Braut Name, Titel":"Maria Tudor von England (Mary)","Braut GND":"http:\/\/d-nb.info\/gnd\/121150445","Braut Geburtsjahr":"1496-00-00","Braut Sterbejahr":"1533-00-00","Braut Dynastie":"Tudor","Braut Konfession":"R\u00f6misch-Katholisch"},"Akteur Br\u00e4utigam":{"Akteur Br\u00e4utigam Name, Titel":"Ludwig XII., K\u00f6nig von Frankreich","Akteur Br\u00e4utigam GND":"http:\/\/d-nb.info\/gnd\/118780735","Akteur Br\u00e4utigam Dynastie":"Valois","Akteur Br\u00e4utigam Verh\u00e4ltnis zu Br\u00e4utigam":"selbst"},"Akteur Braut":{"Akteur Braut Name, Titel":"Heinrich VIII., K\u00f6nig von England","Akteur Braut GND":"http:\/\/d-nb.info\/gnd\/118548204","Akteur Braut Dynastie":"Tudor","Akteur Braut Verh\u00e4ltnis zu Braut":"Bruder"},"Vertragstext":{"Archivexemplar":"TNA E 30 \/ 751 (nach Parry\/Hopkins 1970, Bd. II, S. 36)","Vertragssprache Archivexemplar":"nicht nachgewiesen","Digitalisat Archivexemplar":"-","Drucknachweis":"Rymer 1704-1717, Bd. XIII, S. 423-427","Vertragssprache Druck":"Latein","Digitalisat Druck":"-","Vertragsinhalt":"[Pr\u00e4] \u2013 nach dem Abschluss von Frieden und B\u00fcndnis zwischen beiden L\u00e4ndern unter Vermittlung von Papst Leo X., zur Festigung, Bewahrung und Vermehrung der Freundschaft zwischen F\u00fcrsten: Blutsbande beschlossen, Brautwerbung von Br\u00e4utigam bekundet und von Bruder der Braut angenommen: als n\u00fctzlich f\u00fcr Frieden, Nutzen, Ruhe der Christenheit (423 li \u2013 re),  Aushandlung von Ehevertrag bekundet: zwischen Verhandlern, zu Lob und Ehre Gottes, zu Nutzen und Frieden der Christenheit, beider L\u00e4nder und ihrer Untertanen (423 re \u2013 424 li)\r\n\r\n[1-3] \u2013 Eheschlie\u00dfung vereinbart: durch Prokurator von Br\u00e4utigam innerhalb von zehn Tagen nach Vertragsabschluss, danach durch Br\u00e4utigam pers\u00f6nlich (424 li \u2013 424 re)\r\n\r\n[4] \u2013 \u00dcberf\u00fchrung der Braut nach Frankreich, feierliche Eheschlie\u00dfung vereinbart: inkl. Aussteuer, innerhalb von zwei Monaten nach Vertragsabschluss, in Abb\u00e9ville (424 re)\r\n\r\n[5] \u2013 Mitgift festgelegt: verrechnet zur H\u00e4lfte mit \u00dcberf\u00fchrung und Aussteuer der Braut sowie franz\u00f6sischer Tributzahlung an England gem\u00e4\u00df Urkunde von 07.08.1514 (424re \u2013 425 re)\r\n\r\n[6] \u2013 Witweng\u00fcter f\u00fcr Braut zugesagt: nach dem Vorbild von K\u00f6nigin Anna von Frankreich, nutzbar in Frankreich oder England je nach gew\u00e4hltem Aufenthalt der Braut als Witwe, garantiert durch Urkunden (425 re \u2013 426 li)\r\n\r\n[7] \u2013 Nutzungsrechte der Braut an Witweng\u00fctern, Aussteuer geregelt (426 li)\r\n\r\n[8] \u2013 nach Tod von Braut: ggf. Nutzung von Mitgift, Witweng\u00fctern, Aussteuer durch Br\u00e4utigam geregelt (426 li \u2013 re)\r\n\r\n[9] \u2013 Ratifikation, Urkundenaustausch geregelt: innerhalb von 40 Tagen nach Vertragsabschluss (426 re)\r\n\r\n(Vollmachten der Verhandler inseriert) (426 re \u2013 427 re)\r\n","Regelungen \u00fcber Thronfolge und Regentschaft":"","konfessionelle Regelungen":"","erbrechtliche Regelungen":""},"Einordnung des Vertrags":{"Textbezug zu vergangenen Ereignissen?":"Friedens- und Freundschaftsvertrag von London 07.08.1514 erw\u00e4hnt - Pr\u00e4","st\u00e4ndische Instanzen beteiligt?":"","externe Instanzen beteiligt?":"","Ratifikationen, Best\u00e4tigungen, Genehmigungen erw\u00e4hnt?":"","weitere Vertr\u00e4ge zwischen Vertragsparteien im Zusammenhang mit dieser Ehe":"Friedens- und Freundschaftsvertrag von London 07.08.1514\r\n\r\nHandelsvertrag von London 15.04.1515\r\n\r\nB\u00fcndnis von London 02.10.1518\r\n\r\nVertr\u00e4ge von London 04.10.1518\r\n\r\nLiga von Saragossa 14.01.1519\r\n","Schlagw\u00f6rter":"Krieg der Heiligen Liga 1511-1514","Kommentar":"-","Literatur":"-"}}}