{"Dokument":{"Name":"Russland - Braunschweig-L\u00fcneburg-Wolfenb\u00fcttel","In Bearbeitung":"Nein","main":{"Name":"Ehevertrag Russland - Braunschweig-L\u00fcneburg-Wolfenb\u00fcttel 1711","Zuletzt ge\u00e4ndert":"2017-10 BB"},"Grunddaten Ehevertrag":{"Vertragspartner Br\u00e4utigam":"Russland","Vertragspartner Braut":"Braunschweig-L\u00fcneburg-Wolfenb\u00fcttel ","Datum Vertragsschlie\u00dfung":"1711-05-20","Ort Vertragsschlie\u00dfung":"Jaworowo","Eheschlie\u00dfung vollzogen?":"Ja","verschiedenkonfessionelle Ehe?":"Ja"},"Br\u00e4utigam":{"Br\u00e4utigam Name, Titel":"Alexei, Kronprinz von Russland","Br\u00e4utigam GND":"http:\/\/d-nb.info\/gnd\/119135361","Br\u00e4utigam Geburtsjahr":"1690-00-00","Br\u00e4utigam Sterbejahr":"1718-00-00","Br\u00e4utigam Dynastie":"Romanow","Br\u00e4utigam Konfession":"Russisch-Orthodox"},"Braut":{"Braut Name, Titel":"Charlotte Christine von Braunschweig-L\u00fcneburg","Braut GND":"http:\/\/d-nb.info\/gnd\/104207205","Braut Geburtsjahr":"1694-00-00","Braut Sterbejahr":"1715-00-00","Braut Dynastie":"Welfen","Braut Konfession":"Evangelisch-Lutherisch"},"Akteur Br\u00e4utigam":{"Akteur Br\u00e4utigam Name, Titel":"Peter I., Zar von Russland","Akteur Br\u00e4utigam GND":"http:\/\/d-nb.info\/gnd\/118592955","Akteur Br\u00e4utigam Dynastie":"Romanow","Akteur Br\u00e4utigam Verh\u00e4ltnis zu Br\u00e4utigam":"Vater"},"Akteur Braut":{"Akteur Braut Name, Titel":"Anton Ulrich, Herzog von Braunschweig-L\u00fcneburg","Akteur Braut GND":"http:\/\/d-nb.info\/gnd\/118503472","Akteur Braut Dynastie":"Welfen","Akteur Braut Verh\u00e4ltnis zu Braut":"Gro\u00dfvater"},"Vertragstext":{"Archivexemplar":"Wolfenb\u00fcttel, NLA Wf, 3 Urk. 5 Nr. 32","Vertragssprache Archivexemplar":"Russisch, Deutsch","Digitalisat Archivexemplar":"-","Drucknachweis":"Boetticher 1998, S. 51-60 (deutsch), 60-66 (russ.) - CTS 27, S. 109-113","Vertragssprache Druck":"Russisch, Deutsch","Digitalisat Druck":"-","Vertragsinhalt":"[Pr\u00e4] \u2013 aus g\u00f6ttlicher F\u00fcgung, zu Ehren Gottes, zur Vereinigung der Christenheit, zur Stiftung von B\u00fcndnis und Freundschaft, zu Nutzen, Festigung und Nachfolge der russischen Monarchie, zur Mehrung von Glanz und Nutzen des Hauses Braunschweig: Vorschlag von Ehevertrag bekundet, Verhandlungen und Vertragsabschluss bekundet (51f.)\r\n\r\n1 \u2013 Einwilligung in Brautwerbung bekundet, Eheversprechen f\u00fcr Braut erteilt: mit Zustimmung von Brauteltern\r\n\r\n2 \u2013 Regelung von Mitgift und Aussteuer angek\u00fcndigt: nach Vorbild von Brautschwester, der K\u00f6nigin von Spanien\r\n\r\n3 \u2013 \u00dcberf\u00fchrung der Braut mit ihrem Hofstaat nach Russland geregelt\r\n\r\n4 \u2013 Schutz der Braut und ihres Hofstaats zugesichert\r\n\r\n5 \u2013 lutherische Religionsaus\u00fcbung f\u00fcr Braut und ihren Hofstaat geregelt: nach Vorbild der K\u00f6nige von England und D\u00e4nemark\r\n\r\n6 \u2013 Hofstaat der Braut geregelt: Bestellung, Rechtsstellung und Vereidigung der Bediensteten geregelt, Gerichtsbarkeit \u00fcber Bedienstete geregelt\r\n\r\n7 \u2013 Unterhalt f\u00fcr Braut und ihren Hofstaat w\u00e4hrend der Ehe festgelegt\r\n\r\n8 \u2013 Morgengabe festgelegt\r\n\r\n9 \u2013 Witweneink\u00fcnfte festgelegt: spezifiziert nach Nutzung durch Braut innerhalb oder au\u00dferhalb von Russland, ggf. Kauf von F\u00fcrstentum in Deutschland zugesichert \u2013 nach Tod der Braut ohne Kinder: R\u00fcckfall von Mitgift zugesichert\r\n\r\n10 \u2013 nach Tod von Br\u00e4utigam: Abzug der Braut in Witwenzeit geregelt, Mitnahme von pers\u00f6nlichem Besitz und Hofstaat der Braut geregelt\r\n\r\n11 \u2013 Kindererziehung und orthodoxe Religion der Kinder geregelt\r\n\r\n12 \u2013 Freundschaft, Beistand und F\u00f6rderung versprochen von Br\u00e4utigamvater an Gro\u00dfvater und Eltern der Braut: Erweiterung von Freundschaft auf Haus \u00d6sterreich angek\u00fcndigt \u2013 F\u00f6rderung und Beratung von Braunschweiger Herz\u00f6gen an russischen Zaren versprochen\r\n\r\n13 \u2013 Erbverzicht der Braut geregelt: auf v\u00e4terliches und m\u00fctterliches Erbe, nach Vorbild der Brautschwester, K\u00f6nigin von Spanien, Erbfall nach Aussterben der welfischen Herz\u00f6ge ausgenommen\r\n\r\n[Suppl] \u2013 Anlage: Personal von Hofstaat der Braut festgelegt (60)\r\n","Regelungen \u00fcber Thronfolge und Regentschaft":"","konfessionelle Regelungen":"lutherische Religionsaus\u00fcbung f\u00fcr Braut und ihren Hofstaat geregelt: nach Vorbild der K\u00f6nige von England und D\u00e4nemark - 5\r\n\r\nKindererziehung und orthodoxe Religion der Kinder geregelt - 11","erbrechtliche Regelungen":"Erbverzicht der Braut geregelt: auf v\u00e4terliches und m\u00fctterliches Erbe, nach Vorbild der Brautschwester, K\u00f6nigin von Spanien, Erbfall nach Aussterben der welfischen Herz\u00f6ge ausgenommen - 13"},"Einordnung des Vertrags":{"Textbezug zu vergangenen Ereignissen?":"","st\u00e4ndische Instanzen beteiligt?":"","externe Instanzen beteiligt?":"","Ratifikationen, Best\u00e4tigungen, Genehmigungen erw\u00e4hnt?":"","weitere Vertr\u00e4ge zwischen Vertragsparteien im Zusammenhang mit dieser Ehe":"","Schlagw\u00f6rter":"","Kommentar":"Aufgrund des Konfessionsunterschieds kommen bei der Datierung des Vertrags der Julianische und der Gregorianische Kalender zum Einsatz; daraus resultiert eine Doppeldatierung: 29.04.1711 \/ 20.05.1711; oben angegeben ist das Datum nach dem Gregorianischen Kalender.\r\n\r\n\r\n","Literatur":"Boetticher 1998, S. 24-42"}}}