{"Dokument":{"Name":"Schleswig-Holstein-Gottorf - D\u00e4nemark","In Bearbeitung":"Nein","main":{"Zuletzt ge\u00e4ndert":"2017-08 BB","Name":"Ehevertrag Schleswig-Holstein-Gottorf - D\u00e4nemark 1596"},"Grunddaten Ehevertrag":{"Vertragspartner Br\u00e4utigam":"Schleswig-Holstein-Gottorf","Vertragspartner Braut":"D\u00e4nemark","Datum Vertragsschlie\u00dfung":"1596-07-20","Ort Vertragsschlie\u00dfung":"Frederiksborg","Eheschlie\u00dfung vollzogen?":"Ja","verschiedenkonfessionelle Ehe?":"Nein"},"Br\u00e4utigam":{"Br\u00e4utigam Name, Titel":"Johann Adolf, Herzog von Schleswig-Holstein, Elekt von Bremen und L\u00fcbeck","Br\u00e4utigam GND":"http:\/\/d-nb.info\/gnd\/102032491","Br\u00e4utigam Geburtsjahr":"1575-00-00","Br\u00e4utigam Sterbejahr":"1616-00-00","Br\u00e4utigam Dynastie":"Oldenburg (Gottorf)","Br\u00e4utigam Konfession":"Evangelisch-Lutherisch"},"Braut":{"Braut Name, Titel":"Augusta von D\u00e4nemark","Braut GND":"http:\/\/d-nb.info\/gnd\/12112357X","Braut Geburtsjahr":"1580-00-00","Braut Sterbejahr":"1649-00-00","Braut Dynastie":"Oldenburg (D\u00e4nemark)","Braut Konfession":"Evangelisch-Lutherisch"},"Akteur Br\u00e4utigam":{"Akteur Br\u00e4utigam Name, Titel":"Johann Adolf, Herzog von Schleswig-Holstein, Elekt von Bremen, L\u00fcbeck","Akteur Br\u00e4utigam GND":"http:\/\/d-nb.info\/gnd\/102032491","Akteur Br\u00e4utigam Dynastie":"Oldenburg (Gottorf)","Akteur Br\u00e4utigam Verh\u00e4ltnis zu Br\u00e4utigam":"selbst"},"Akteur Braut":{"Akteur Braut Name, Titel":"Christian IV., K\u00f6nig von D\u00e4nemark","Akteur Braut GND":"http:\/\/d-nb.info\/gnd\/118676059","Akteur Braut Dynastie":"Oldenburg (D\u00e4nemark)","Akteur Braut Verh\u00e4ltnis zu Braut":"Bruder"},"Vertragstext":{"Archivexemplar":"nicht nachgewiesen","Vertragssprache Archivexemplar":"nicht nachgewiesen","Digitalisat Archivexemplar":"-","Drucknachweis":"DNT III, S. 75-82","Vertragssprache Druck":"Deutsch","Digitalisat Druck":"-","Vertragsinhalt":"zu Lob und Ehre Gottes, zu Nutzen und Wohlfahrt beider L\u00e4nder, zur Vermehrung von Freundschaft und Vertrauen zwischen beiden Seiten: (75f.)\r\n\r\n1 \u2013 Einwilligung f\u00fcr Braut erteilt, Beilager festgelegt\r\n\r\n2 \u2013 Mitgift festgelegt, Aussteuer geregelt: nach Tod der Braut ohne Kinder Weiternutzung durch Br\u00e4utigam, R\u00fcckfall geregelt\r\n\r\n3 \u2013 Witweng\u00fcter, Witweneink\u00fcnfte festgelegt: Witwensitz, Nutzungsrechte geregelt\r\n\r\n4 \u2013 Nutzung der Witweng\u00fcter geregelt: Register und Verschreibungsurkunden geregelt, Anweisung und Rechtsstellung von Bediensteten und Untertanen geregelt, Bestellung von Bediensteten geregelt, Herrschaftsrechte vorbehalten\r\n\r\n5 \u2013 Besoldung und Bestellung von Amtleuten auf Witweng\u00fctern geregelt\r\n\r\n6 \u2013 ggf. Nachbesserung von Witweng\u00fctern geregelt\r\n\r\n7 \u2013 Morgengabe festgelegt\r\n\r\n8-11 \u2013 Zustand, Nutzungsbeginn, Erhaltung von Witweng\u00fctern geregelt: \u00d6ffnung gegen\u00fcber Dritten verboten, Schadenersatz geregelt\r\n\r\n12 \u2013 bei zweiter Ehe von Braut: Abfindung von Witweng\u00fctern, Verzinsung von Widerlage, Auslieferung von pers\u00f6nlichem Besitz der Braut geregelt, Morgengabe f\u00fcr Braut vorbehalten\r\n\r\n13 \u2013 Erbverzicht von Braut geregelt: im Gegenzug f\u00fcr Mitgiftzahlung, auf v\u00e4terliches und br\u00fcderliches Erbe, mit Zustimmung von Br\u00e4utigam\r\n\r\n14 \u2013 Einhaltung zugesichert\r\n","Regelungen \u00fcber Thronfolge und Regentschaft":"Nutzung der Witweng\u00fcter geregelt: Herrschaftrechte vorbehalten - 4\r\n","konfessionelle Regelungen":"","erbrechtliche Regelungen":"Erbverzicht von Braut geregelt: im Gegenzug f\u00fcr Mitgiftzahlung, auf v\u00e4terliches und br\u00fcderliches Erbe, mit Zustimmung von Br\u00e4utigam - 13\r\n"},"Einordnung des Vertrags":{"Textbezug zu vergangenen Ereignissen?":"","st\u00e4ndische Instanzen beteiligt?":"","externe Instanzen beteiligt?":"","Ratifikationen, Best\u00e4tigungen, Genehmigungen erw\u00e4hnt?":"","weitere Vertr\u00e4ge zwischen Vertragsparteien im Zusammenhang mit dieser Ehe":"erneuerter Unionsvertrag 06.09.1593 (DNT III, S. 68-70)","Schlagw\u00f6rter":"","Kommentar":"vgl. Augustas Erbverzichtserkl\u00e4rung 30.08.1596 (DNT III, S. 82-86)","Literatur":"Laursen in DNT III, S. 71-75"}}}