{"Dokument":{"Name":"Hessen-Marburg - Mansfeld","In Bearbeitung":"Nein","main":{"Name":"Ehevertrag Hessen-Marburg - Mansfeld 1591","Zuletzt ge\u00e4ndert":"2017-12 BB"},"Grunddaten Ehevertrag":{"Vertragspartner Br\u00e4utigam":"Hessen-Marburg","Vertragspartner Braut":"Mansfeld","Datum Vertragsschlie\u00dfung":"1591-05-30","Ort Vertragsschlie\u00dfung":"nicht nachgewiesen","Eheschlie\u00dfung vollzogen?":"Ja","verschiedenkonfessionelle Ehe?":"Nein"},"Br\u00e4utigam":{"Br\u00e4utigam Name, Titel":"Ludwig IV., Landgraf von Hessen-Marburg","Br\u00e4utigam GND":"http:\/\/d-nb.info\/gnd\/119021854","Br\u00e4utigam Geburtsjahr":"1537-00-00","Br\u00e4utigam Sterbejahr":"1604-00-00","Br\u00e4utigam Dynastie":"Z\u00e4hringer","Br\u00e4utigam Konfession":"Evangelisch-Lutherisch"},"Braut":{"Braut Name, Titel":"Maria von Mansfeld-Hinterort","Braut GND":"http:\/\/d-nb.info\/gnd\/1074217144","Braut Geburtsjahr":"1567-00-00","Braut Sterbejahr":"1625-00-00","Braut Dynastie":"Savoyen","Braut Konfession":"Evangelisch-Lutherisch"},"Akteur Br\u00e4utigam":{"Akteur Br\u00e4utigam Name, Titel":"Ludwig IV., Landgraf von Hessen-Marburg","Akteur Br\u00e4utigam GND":"http:\/\/d-nb.info\/gnd\/119021854","Akteur Br\u00e4utigam Dynastie":"Z\u00e4hringen","Akteur Br\u00e4utigam Verh\u00e4ltnis zu Br\u00e4utigam":"selbst"},"Akteur Braut":{"Akteur Braut Name, Titel":"Margarethe von Braunschweig-L\u00fcneburg-Celle, Gr\u00e4finwitwe von Mansfeld-Hinterort","Akteur Braut GND":"http:\/\/d-nb.info\/gnd\/132020408","Akteur Braut Dynastie":"Welfen","Akteur Braut Verh\u00e4ltnis zu Braut":"Mutter","Akteur Braut Name, Titel (36)":"Friedrich Christoph, Graf von Mansfeld-Hinterort","Akteur Braut GND (66)":"http:\/\/d-nb.info\/gnd\/123159962","Akteur Braut Dynastie (40)":"Savoyen","Akteur Braut Verh\u00e4ltnis zu Braut (38)":"Bruder"},"Vertragstext":{"Archivexemplar":"Marburg, Staatsarchiv, Urk. 3, Nr. 128","Vertragssprache Archivexemplar":"Deutsch","Digitalisat Archivexemplar":"-","Drucknachweis":"nicht nachgewiesen","Vertragssprache Druck":"nicht nachgewiesen","Digitalisat Druck":"-","Vertragsinhalt":"[Pr\u00e4] \u2013 im Namen der heiligen Dreifaltigkeit, zu Lob und Ehren Gottes, zur Vermehrung guter Freundschaft, mit Zustimmung der Braut: Eheabrede getroffen, Vertraschlie\u00dfung bekundet (1)\r\n\r\n[1] \u2013 Eheversprechen ausgetauscht: f\u00fcr Braut, von Br\u00e4utigam (1)\r\n\r\n[2] \u2013 Mitgift festgelegt: herabgesetzt nach mansfeldischem Hausrecht, erg\u00e4nzt um nachstellige Unterhaltszahlung, zahlbar durch Stadt Eisleben, Aussteuer geregelt (1-2)\r\n\r\n[3] \u2013 Erbverzicht der Braut geregelt: mit Zustimmung des Br\u00e4utigams, auf Vatererbem Muttererbe, Brudererbe und Schwestererbe, Erbanspr\u00fcche bei Aussterben der Grafen von Mansfeld in m\u00e4nnlicher Linie vorbehalten (2)\r\n\r\n[4] \u2013 Witweng\u00fcter und Witweneink\u00fcnfte festgelegt: im Gegenzug f\u00fcr Mitgiftzahlung, Nutzungsrechte geregelt, Vereidigung und Rechtsstellung von Amtleuten geregelt (2-3)\r\n\r\n[5-6] \u2013 Witweng\u00fcter geregelt: Vereidigung und Rechtsstellung der Untertanen geregelt (3)\r\n\r\n[7] \u2013 Witweng\u00fcter geregelt: weltliche und geistliche Herrschaftsrechte, Gerichtsbarkeit und Kirchenvisitation vorbehalten, \u00d6ffnung und Schadenersatz geregelt (3)\r\n\r\n[8] \u2013 Witweng\u00fcter geregelt: Holznutzung geregelt (3)\r\n\r\n[9] \u2013 Witweng\u00fcter geregelt: Schutz durch Landgrafen von Hessen zugesichert (3-4)\r\n\r\n[10] \u2013 Witweng\u00fcter geregelt: \u00d6ffnung und Ver\u00e4u\u00dferung an Dritte, B\u00fcndnis mit Dritten verboten (4)\r\n\r\n[11-12] \u2013 Witweng\u00fcter geregelt: Erhaltung und Schadenersatz geregelt (4)\r\n\r\n[13-15] \u2013 nach Tod von Br\u00e4utigam: Vormundschaft \u00fcber unm\u00fcndige Kinder geregelt gem\u00e4\u00df hessischem Hausrecht, Bezug von Witweng\u00fctern geregelt, pers\u00f6nlicher Besitz der Braut als Witwe geregelt, Ausstattung und Zustand von Witwensitz geregelt (4-5)\r\n\r\n[16] \u2013 bei zweiter Ehe der Braut: Abl\u00f6sung von Witweng\u00fctern, Auszahlung von Mitgift und lebenslange Verzinsung der Widerlage geregelt, ggf. Vererbung von Mitgift und Nachla\u00df der Braut an Kinder aus erster und zweiter Ehe geregelt (5)\r\n\r\n[17] \u2013 bei Tod der Braut ohne Kinder: R\u00fcckfall von Mitgift und Witweng\u00fctern, Vererbung von Nachla\u00df geregelt (5)\r\n\r\n[18] \u2013 nach Tod der Braut ohne Kinder: lebenslange Nutzung der Mitgift durch Br\u00e4utigam, danach R\u00fcckfall der Mitgift geregelt (5-6)\r\n\r\n[19] \u2013 Silbergeschirr als Hochzeitsgeschenk geregelt: als Eigentum des \u00fcberlebenden Ehepartners (6)\r\n\r\n[20-21] \u2013 Schuldenhaftung der Braut geregelt (6)\r\n\r\n[22] \u2013 Morgengabe festgelegt: Verzinsung, Nutzung, Vererbung und Abl\u00f6sung geregelt (6)\r\n\r\n[23] \u2013 bei Tod von Braut oder Br\u00e4utigam nach Hochzeit vor Mitgiftzahlung: G\u00fcltigkeit von Ehevertrag vereinbart \u2013 bei Tod von Braut oder Br\u00e4utigam vor Hochzeit: Nichtigkeit von Ehevertrag vereinbart (6-7)\r\n\r\n[Esch] \u2013 Einhaltung versprochen (7)\r\n","Regelungen \u00fcber Thronfolge und Regentschaft":"","konfessionelle Regelungen":"","erbrechtliche Regelungen":"Erbverzicht der Braut geregelt: mit Zustimmung des Br\u00e4utigams, auf Vatererbe Muttererbe, Brudererbe und Schwestererbe, Erbanspr\u00fcche bei Aussterben der Grafen von Mansfeld in m\u00e4nnlicher Linie vorbehalten - 3\r\n\r\nbei zweiter Ehe der Braut:  ggf. Vererbung von Mitgift und Nachlass der Braut an Kinder aus erster und zweiter Ehe geregelt - 16\r\n\r\nbei Tod der Braut ohne Kinder: R\u00fcckfall von Mitgift und Witweng\u00fctern, Vererbung von Nachlass geregelt - 17\r\n\r\nMorgengabe festgelegt: Verzinsung, Nutzung, Vererbung und Abl\u00f6sung geregelt - 22"},"Einordnung des Vertrags":{"Textbezug zu vergangenen Ereignissen?":"","st\u00e4ndische Instanzen beteiligt?":"","externe Instanzen beteiligt?":"","Ratifikationen, Best\u00e4tigungen, Genehmigungen erw\u00e4hnt?":"","weitere Vertr\u00e4ge zwischen Vertragsparteien im Zusammenhang mit dieser Ehe":"","Schlagw\u00f6rter":"","Kommentar":"Als abweichendes Sterbejahr f\u00fcr Maria von Mansfeld-Hinterort ist 1535 \u00fcberliefert.","Literatur":"-"}}}