{"Dokument":{"Name":"Savoyen-Piemont - Frankreich","In Bearbeitung":"Nein","main":{"Name":"Ehevertrag Savoyen-Piemont - Frankreich 1559","Zuletzt ge\u00e4ndert":"2017-09 BB"},"Grunddaten Ehevertrag":{"Vertragspartner Br\u00e4utigam":"Savoyen-Piemont","Vertragspartner Braut":"Frankreich","Datum Vertragsschlie\u00dfung":"1559-06-27","Ort Vertragsschlie\u00dfung":"Paris","Eheschlie\u00dfung vollzogen?":"Ja","verschiedenkonfessionelle Ehe?":"Nein"},"Br\u00e4utigam":{"Br\u00e4utigam Name, Titel":"Emanuel Philibert, Herzog von Savoyen","Br\u00e4utigam GND":"http:\/\/d-nb.info\/gnd\/118684450","Br\u00e4utigam Geburtsjahr":"1528-00-00","Br\u00e4utigam Sterbejahr":"1580-00-00","Br\u00e4utigam Dynastie":"Savoyen","Br\u00e4utigam Konfession":"R\u00f6misch-Katholisch"},"Braut":{"Braut Name, Titel":"Margarethe von Frankreich","Braut GND":"","Braut Geburtsjahr":"1523-00-00","Braut Sterbejahr":"1574-00-00","Braut Dynastie":"Valois","Braut Konfession":"R\u00f6misch-Katholisch"},"Akteur Br\u00e4utigam":{"Akteur Br\u00e4utigam Name, Titel":"Emanuel Philibert, Herzog von Savoyen","Akteur Br\u00e4utigam GND":"http:\/\/d-nb.info\/gnd\/118684450","Akteur Br\u00e4utigam Dynastie":"Savoyen","Akteur Br\u00e4utigam Verh\u00e4ltnis zu Br\u00e4utigam":"selbst"},"Akteur Braut":{"Akteur Braut Name, Titel":"Heinrich II., K\u00f6nig von Frankreich","Akteur Braut GND":"http:\/\/d-nb.info\/gnd\/118548166","Akteur Braut Dynastie":"Valois","Akteur Braut Verh\u00e4ltnis zu Braut":"Bruder"},"Vertragstext":{"Archivexemplar":"nicht nachgewiesen","Vertragssprache Archivexemplar":"nicht nachgewiesen","Digitalisat Archivexemplar":"-","Drucknachweis":"Solar 1836-1852, Bd. I, S. 45-50, Dumont 1726-1739, Bd. V:1, S. 50-52","Vertragssprache Druck":"Franz\u00f6sisch","Digitalisat Druck":"https:\/\/gallica.bnf.fr\/ark:\/12148\/bpt6k1262878n\/f98.item","Vertragsinhalt":"[Pr\u00e4] \u2013 Vertragsabschlu\u00df f\u00fcr Eheschlie\u00dfung bekundet: geschlossen gem\u00e4\u00df Friedensvertrag von Cateau-Cambresis 03.04.1559 (46)\r\n\r\n[1] \u2013 Eheversprechen ausgetauscht (46)\r\n\r\n[2] \u2013 Mitgift festgelegt: Zahlung geregelt, im Gegenzug f\u00fcr Erbverzicht der Braut auf v\u00e4terliches und m\u00fctterliches Erbe mit Zustimmung des Br\u00e4utigams (47)\r\n\r\n[3] \u2013 Mitgiftzulage geregelt: auf Lebenszeit der Braut, aus franz\u00f6sischen Eink\u00fcnften und Abgaben, Nutzungsrechte geregelt (47f.)\r\n\r\n[4] \u2013 Witweneink\u00fcnfte und Witweng\u00fcter festgelegt: Nutzungsrechte, Witwensitz und dessen Ausstattung geregelt (48)\r\n\r\n[5] \u2013 Brautjuwelen festgelegt (48)\r\n\r\n[6] \u2013 Unterhalt f\u00fcr Braut und ihren Hofstaat w\u00e4hrend der Ehe festgelegt (48f.)\r\n\r\n[7] \u2013 nach Tod eines Ehepartners: Auszahlung von Mitgift an Braut oder ihre Erben zugesichert, Witweng\u00fcter als Pf\u00e4nder eingesetzt (49)\r\n\r\n[8] \u2013 nach Tod eines Ehepartners: Auslieferung von Zugewinn und Brautjuwelen an Braut oder ihre Erben geregelt - nach Tod von Br\u00e4utigam: Auslieferung von Mitgift, Mitgiftzulage und Brautjuwelen an Braut geregelt \u2013 Indemnit\u00e4t der Braut von Schulden, Verpf\u00e4ndungen und Ver\u00e4u\u00dferungen zugesichert (49f.)\r\n\r\n[Esch] \u2013 Verzicht auf Einrede zugesichert, Einhaltung zugesichert (50)\r\n","Regelungen \u00fcber Thronfolge und Regentschaft":"","konfessionelle Regelungen":"","erbrechtliche Regelungen":"Mitgift festgelegt: im Gegenzug f\u00fcr Erbverzicht der Braut auf v\u00e4terliches und m\u00fctterliches Erbe mit Zustimmung des Br\u00e4utigams - 2\r\n\r\nnach Tod eines Ehepartners: Auszahlung von Mitgift an Braut oder ihre Erben zugesichert - 7\r\n\r\nnach Tod eines Ehepartners: Auslieferung von Zugewinn und Brautjuwelen an Braut oder ihre Erben geregelt - 8"},"Einordnung des Vertrags":{"Textbezug zu vergangenen Ereignissen?":"Friedensvertrag von Cateau-Cambresis 03.04.1559 erw\u00e4hnt - Pr\u00e4","st\u00e4ndische Instanzen beteiligt?":"","externe Instanzen beteiligt?":"Friedensvertrag von Cateau-Cambresis 03.04.1559 erw\u00e4hnt - Pr\u00e4","Ratifikationen, Best\u00e4tigungen, Genehmigungen erw\u00e4hnt?":"","weitere Vertr\u00e4ge zwischen Vertragsparteien im Zusammenhang mit dieser Ehe":"Waffenstillstands- und Neutralit\u00e4tsabkommen 15.03.1554\r\n\r\nErkl\u00e4rung von Lyon 30.01.1562\r\n\r\nRestitutionsvertrag von Fossano 02.11.1562\r\n\r\nSchiedsvertrag von Lausanne 1564.10.30","Schlagw\u00f6rter":"Italienischer Krieg 1551-1559","Kommentar":"-","Literatur":"-"}}}