{"Dokument":{"Name":"Sachsen (Kursachsen) - J\u00fclich-Kleve-Berg","In Bearbeitung":"Nein","main":{"Name":"Ehevertrag Sachsen (Kursachsen) - J\u00fclich-Kleve-Berg 1526","Zuletzt ge\u00e4ndert":"2020-09 JK"},"Grunddaten Ehevertrag":{"Vertragspartner Br\u00e4utigam":"Sachsen (Kursachsen)","Vertragspartner Braut":"J\u00fclich-Kleve-Berg","Datum Vertragsschlie\u00dfung":"1526-08-08","Ort Vertragsschlie\u00dfung":"Mainz","Eheschlie\u00dfung vollzogen?":"Ja","verschiedenkonfessionelle Ehe?":"Ja"},"Br\u00e4utigam":{"Br\u00e4utigam Name, Titel":"Johann Friedrich, Herzog von Sachsen (sp\u00e4ter Kurf\u00fcrst Johann Friedrich I.)","Br\u00e4utigam GND":"http:\/\/d-nb.info\/gnd\/118712373","Br\u00e4utigam Geburtsjahr":"1503-00-00","Br\u00e4utigam Sterbejahr":"1553-00-00","Br\u00e4utigam Dynastie":"Wettin (Ernestiner)","Br\u00e4utigam Konfession":"Evangelisch-Lutherisch"},"Braut":{"Braut Name, Titel":"Sibylle von J\u00fclich-Kleve-Berg","Braut GND":"http:\/\/d-nb.info\/gnd\/100503225","Braut Geburtsjahr":"1512-00-00","Braut Sterbejahr":"1554-00-00","Braut Dynastie":"Mark","Braut Konfession":"R\u00f6misch-Katholisch"},"Akteur Br\u00e4utigam":{"Akteur Br\u00e4utigam Name, Titel":"Johann der Best\u00e4ndige, Kurf\u00fcrst von Sachsen","Akteur Br\u00e4utigam GND":"http:\/\/d-nb.info\/gnd\/100503225","Akteur Br\u00e4utigam Dynastie":"Wettin (Ernestiner)","Akteur Br\u00e4utigam Verh\u00e4ltnis zu Br\u00e4utigam":"Vater"},"Akteur Braut":{"Akteur Braut Name, Titel":"Johann III., Herzog von J\u00fclich-Kleve-Berg","Akteur Braut GND":"http:\/\/d-nb.info\/gnd\/140832165","Akteur Braut Dynastie":"Mark","Akteur Braut Verh\u00e4ltnis zu Braut":"Vater","Akteur Braut Name, Titel (36)":"Maria von J\u00fclich-Berg","Akteur Braut GND (66)":"http:\/\/d-nb.info\/gnd\/1029511500","Akteur Braut Dynastie (40)":"J\u00fclich","Akteur Braut Verh\u00e4ltnis zu Braut (38)":"Mutter"},"Vertragstext":{"Archivexemplar":"nicht nachgewiesen","Vertragssprache Archivexemplar":"nicht nachgewiesen","Digitalisat Archivexemplar":"-","Drucknachweis":"Dumont 1726-1739, Bd. IV:1, S. 459-462","Vertragssprache Druck":"Deutsch","Digitalisat Druck":"https:\/\/gallica.bnf.fr\/ark:\/12148\/bpt6k12634404\/f479.item","Vertragsinhalt":"[Pr\u00e4] \u2013 auf Vermittlung durch Grafen von Nassau, Solms und Neumar (?), nach pers\u00f6nlicher Begegnung der Eheleute, nach Verabredung von Eheverhandlungen: Verhandlungen und Vertragsabschluss durch Verhandler bekundet (460 li)\r\n\r\n[1] \u2013 Eheschlie\u00dfung vereinbart (460 li)\r\n\r\n[2] \u2013 Mitgift festgelegt: Zahlung geregelt, Aussteuer geregelt (460 li \u2013 re)\r\n\r\n[3] \u2013 Witweneink\u00fcnfte festgelegt, Auswahl von Witweng\u00fctern vorbehalten: bis nach Besichtigung der Witweng\u00fcter, Nutzungsrechte festgelegt (460 re)\r\n\r\n[4] \u2013 nach Tod der Eheleute ohne \u00fcberlebende Kinder: Verbleib der Mitgift geregelt, Auslieferung von Nachlass der Braut und Brautjuwelen geregelt (461 li)\r\n\r\n[5] \u2013 bei zweiter Ehe der Braut: ggf. Abl\u00f6sung von Witweng\u00fctern geregelt, Auszahlung von Mitgift und Widerlage geregelt, Abtretung der Witweng\u00fcter geregelt, ggf. Vererbung von Widerlage an Kinder geregelt (461 li \u2013 re)\r\n\r\n[6] \u2013 Morgengabe geregelt (461 re)\r\n\r\n[7] \u2013 nach Aussterben der Brautfamilie in m\u00e4nnlicher Linie: Erbfolge in J\u00fclich-Kleve-Berg an Eheleute und deren Nachkommen zugesichert, Versicherungsurkunden der St\u00e4nde \u00fcber Erbfolge geregelt (461 re)\r\n\r\n[8] \u2013 nach Aussterben der Brautfamilie in m\u00e4nnlicher Linie: Aussetzung von Mitgiftsumme f\u00fcr Brautschwestern geregelt, im Gegenzug f\u00fcr Erbverzicht der Brautschwestern, Verteilung auf Brautschwestern geregelt, Erbverzicht geregelt (461 re \u2013 462 li)\r\n\r\n[9] \u2013 nach Aussterben der Brautfamilie in m\u00e4nnlicher Linie: Anfall von Witweng\u00fctern der Brautmutter an Braut geregelt (462 li)\r\n\r\n[10] \u2013 nach Aussterben der Brautfamilie in m\u00e4nnlicher Linie: Versicherung \u00fcber Mitgiftsumme an Brautschwestern von Br\u00e4utigam geregelt (462 li)\r\n\r\n[11] \u2013 Einholung von kaiserlicher Genehmigung f\u00fcr Eventualerbfolge der Eheleute in J\u00fclich-Kleve-Berg geregelt (462 li \u2013 re)\r\n\r\n[12] \u2013 Geldforderung von Br\u00e4utigamvater an Brautvater vorbehalten (462 re)\r\n\r\n[13] \u2013 Regelung \u00fcber Beilager und \u00dcberf\u00fchrung der Braut vorbehalten (462 re)\r\n\r\n[14] \u2013 Eheversprechen durch Verhandler ausgetauscht, Eheschlie\u00dfung bekundet (462 re)\r\n\r\n[15] \u2013 Einhaltung versprochen (462 re)\r\n","Regelungen \u00fcber Thronfolge und Regentschaft":"nach Aussterben der Brautfamilie in m\u00e4nnlicher Linie: Erbfolge in J\u00fclich-Kleve-Berg an Eheleute und deren Nachkommen zugesichert, Versicherungsurkunden der St\u00e4nde \u00fcber Erbfolge geregelt - 7\r\n\r\nEinholung von kaiserlicher Genehmigung f\u00fcr Eventualerbfolge der Eheleute in J\u00fclich-Kleve-Berg geregelt - 11","konfessionelle Regelungen":"","erbrechtliche Regelungen":"bei zweiter Ehe der Braut: ggf. Abl\u00f6sung von Witweng\u00fctern geregelt, Auszahlung von Mitgift und Widerlage geregelt, Abtretung der Witweng\u00fcter geregelt, ggf. Vererbung von Widerlage an Kinder geregelt - 5\r\n\r\nnach Aussterben der Brautfamilie in m\u00e4nnlicher Linie: Erbfolge in J\u00fclich-Kleve-Berg an Eheleute und deren Nachkommen zugesichert, Versicherungsurkunden der St\u00e4nde \u00fcber Erbfolge geregelt - 7\r\n\r\nnach Aussterben der Brautfamilie in m\u00e4nnlicher Linie: Aussetzung von Mitgiftsumme f\u00fcr Brautschwestern geregelt, im Gegenzug f\u00fcr Erbverzicht der Brautschwestern, Verteilung auf Brautschwestern geregelt, Erbverzicht geregelt - 8"},"Einordnung des Vertrags":{"Textbezug zu vergangenen Ereignissen?":"","st\u00e4ndische Instanzen beteiligt?":"nach Aussterben der Brautfamilie in m\u00e4nnlicher Linie: Versicherungsurkunden der St\u00e4nde \u00fcber Erbfolge geregelt - 7","externe Instanzen beteiligt?":"Einholung von kaiserlicher Genehmigung f\u00fcr Eventualerbfolge der Eheleute in J\u00fclich-Kleve-Berg geregelt - 11","Ratifikationen, Best\u00e4tigungen, Genehmigungen erw\u00e4hnt?":"Einholung von kaiserlicher Genehmigung f\u00fcr Eventualerbfolge der Eheleute in J\u00fclich-Kleve-Berg geregelt - 11","weitere Vertr\u00e4ge zwischen Vertragsparteien im Zusammenhang mit dieser Ehe":"","Schlagw\u00f6rter":"","Kommentar":"-","Literatur":"Kn\u00f6fel 2009, S. 278-283, bes. 279 f. - Preu\u00df 1984, S. 137 - Ritter 1874, S. 7 ff."}}}