{"Dokument":{"Name":"D\u00e4nemark - Hessen-Kassel","In Bearbeitung":"Nein","main":{"Name":"Ehevertrag D\u00e4nemark - Hessen-Kassel 1667","Zuletzt ge\u00e4ndert":"2017-07 BB"},"Grunddaten Ehevertrag":{"Vertragspartner Br\u00e4utigam":"D\u00e4enmark","Vertragspartner Braut":"Hessen-Kassel","Datum Vertragsschlie\u00dfung":"1667-03-15","Ort Vertragsschlie\u00dfung":"Kopenhagen, Kassel","Eheschlie\u00dfung vollzogen?":"Ja","verschiedenkonfessionelle Ehe?":"Ja"},"Br\u00e4utigam":{"Br\u00e4utigam Name, Titel":"Christian, Erbprinz von D\u00e4nemark (sp\u00e4ter K\u00f6nig Christian V.)","Br\u00e4utigam GND":"http:\/\/d-nb.info\/gnd\/119175800","Br\u00e4utigam Geburtsjahr":"1646-00-00","Br\u00e4utigam Sterbejahr":"1699-00-00","Br\u00e4utigam Dynastie":"Oldenburg (D\u00e4nemark)","Br\u00e4utigam Konfession":"Evangelisch-Lutherisch"},"Braut":{"Braut Name, Titel":"Charlotte Amalie von Hessen (sp\u00e4ter K\u00f6nigin Charlotte Amalie von D\u00e4nemark)","Braut GND":"http:\/\/d-nb.info\/gnd\/121096246","Braut Geburtsjahr":"1650-00-00","Braut Sterbejahr":"1714-00-00","Braut Dynastie":"Hessen (Kassel)","Braut Konfession":"Evangelisch-Reformiert"},"Akteur Br\u00e4utigam":{"Akteur Br\u00e4utigam Name, Titel":"Friedrich III., K\u00f6nig von D\u00e4nemark","Akteur Br\u00e4utigam GND":"http:\/\/d-nb.info\/gnd\/118693484","Akteur Br\u00e4utigam Dynastie":"Oldenburg (D\u00e4nemark)","Akteur Br\u00e4utigam Verh\u00e4ltnis zu Br\u00e4utigam":"Vater"},"Akteur Braut":{"Akteur Braut Name, Titel":"Hedwig Sophie, Landgr\u00e4fin von Hessen","Akteur Braut GND":"http:\/\/d-nb.info\/gnd\/102324115","Akteur Braut Dynastie":"Hohenzollern","Akteur Braut Verh\u00e4ltnis zu Braut":"Mutter"},"Vertragstext":{"Archivexemplar":"Marburg: StA, Urk. 3, Nr. 326","Vertragssprache Archivexemplar":"deutsch","Digitalisat Archivexemplar":"-","Drucknachweis":"DNT VI, S. 175-188","Vertragssprache Druck":"deutsch","Digitalisat Druck":"-","Vertragsinhalt":"[Pr\u00e4] \u2013 zu Lob und Ehre Gottes, zur St\u00e4rkung, Wohlfahrt beider L\u00e4nder: Eheschlie\u00dfung verabredet\r\n\r\n1 \u2013 Einwilligung f\u00fcr Br\u00e4utigam erteilt. Eheschlie\u00dfung vereinbart: Termin f\u00fcr Beilager vorbehalten\r\n\r\n2 \u2013 reformierte Religionsaus\u00fcbung der Braut, ihres Hofstaats geregelt: mit Hofprediger\r\n\r\n3 \u2013 Mitgift festgelegt, Aussteuer geregelt: Zahlung geregelt\r\n\r\n4 \u2013 Erbverzicht der Braut geregelt: mit Zustimmung von Br\u00e4utigam, d\u00e4nischem K\u00f6nig\r\n\r\n5 \u2013 Morgengabe festgelegt\r\n\r\n6 \u2013 Unterhalt der Braut w\u00e4hrend der Ehe festgelegt\r\n\r\n7 \u2013 Hofstaat der Braut geregelt: Besoldung festgelegt\r\n\r\n8 \u2013 Hofstaat der Braut geregelt: Bestellung geregelt\r\n\r\n9 \u2013 Widerlage, Witweng\u00fcter festgelegt: inkl. Witwensitz, Nutzungsrechte geregelt, Witweneink\u00fcnfte festgelegt\r\n\r\n10 \u2013 Rechtsstellung der Braut, Anweisung von Untertanen auf Witweng\u00fctern festgelegt\r\n\r\n11 \u2013 Herrschaftsrechte auf Witweng\u00fctern vorbehalten, Rechtsstellung und Gerichtsstand von Untertanen geregelt\r\n\r\n12 \u2013 kgl. Schutz von Braut auf Witweng\u00fctern geregelt, \u00d6ffnung der Witweng\u00fcter gegen\u00fcber Dritten, \u00dcbergabe an Dritte, B\u00fcndnis mit Dritten, Entfremdung, Belastung von Witweng\u00fctern verboten\r\n\r\n13 \u2013 Schuldenhaftung der Braut geregelt\r\n\r\n14 \u2013 Erhaltung von Witweng\u00fctern geregelt\r\n\r\n15 \u2013 Ersetzung von Witweng\u00fctern bei Sch\u00e4den geregelt\r\n\r\n16 \u2013 Vertauschung von Witweng\u00fctern geregelt\r\n\r\n17 \u2013 Bestellung von Bediensteten auf Witweng\u00fctern geregelt\r\n\r\n18 \u2013 Bestellung von Kirchen- und Schuldienern und Richtern auf Witweng\u00fctern geregelt\r\n\r\n19 \u2013 Ausstattung von Witweng\u00fctern bei Bezug geregelt\r\n\r\n20 \u2013 bei 2. Ehe der Braut: Abl\u00f6sung von Witweng\u00fctern, Auszahlung von Mitgift, Verzinsung von Widerlage geregelt\r\n\r\n21 \u2013 Vererbung von Mitgift, Nachlass der Braut an Kinder aus 1. und 2. Ehe geregelt, oder nach Tod der Braut ohne Kinder: Nutzung von Mitgift, Aussteuer durch Br\u00e4utigam\r\n\r\n22 \u2013 nach Tod der Braut ohne Kinder: R\u00fcckfall von Mitgift, Vererbung von Nachlass der Braut geregelt\r\n\r\n23 \u2013 Einhaltung versprochen\r\n","Regelungen \u00fcber Thronfolge und Regentschaft":"","konfessionelle Regelungen":"2 \u2013 reformierte Religionsaus\u00fcbung der Braut, ihres Hofstaats geregelt: mit Hofprediger\r\n","erbrechtliche Regelungen":"4 \u2013 Erbverzicht der Braut geregelt: mit Zustimmung von Br\u00e4utigam, d\u00e4nischem K\u00f6nig\r\n\r\n21 \u2013 Vererbung von Mitgift, Nachlass der Braut an Kinder aus 1. und 2. Ehe geregelt, oder nach Tod der Braut ohne Kinder: Nutzung von Mitgift, Aussteuer durch Br\u00e4utigam\r\n\r\n22 \u2013 nach Tod der Braut ohne Kinder: R\u00fcckfall von Mitgift, Vererbung von Nachlass der Braut geregelt\r\n"},"Einordnung des Vertrags":{"Textbezug zu vergangenen Ereignissen?":"","st\u00e4ndische Instanzen beteiligt?":"","externe Instanzen beteiligt?":"","Ratifikationen, Best\u00e4tigungen, Genehmigungen erw\u00e4hnt?":"","weitere Vertr\u00e4ge zwischen Vertragsparteien im Zusammenhang mit dieser Ehe":"Defensivallianz 12.09.1672 zusammen mit Kaiser, Brandenburg, BrL-Celle, BrL-Wolfenb\u00fcttel","Schlagw\u00f6rter":"","Kommentar":"Aufgrund des Konfessionsunterschieds kommen bei der Datierung des Vertrags der Julianische und der Gregorianische Kalender zum Einsatz; daraus resultiert eine Doppeldatierung: 05.03.1667 \/ 15.03.1667; oben angegeben ist das Datum nach dem Gregorianischen Kalender. ","Literatur":"Haas 2017 Diss., Kap. 9 - Laursen in DNT VI, S.164-175"}}}
