{"Dokument":{"Name":"Frankreich - \u00d6sterreich","In Bearbeitung":"Nein","main":{"Name":"Ehevertrag Frankreich - \u00d6sterreich 1570","Zuletzt ge\u00e4ndert":"2017-07 BB"},"Grunddaten Ehevertrag":{"Vertragspartner Br\u00e4utigam":"Frankreich","Vertragspartner Braut":"\u00d6sterreich","Datum Vertragsschlie\u00dfung":"1570-01-14","Ort Vertragsschlie\u00dfung":"Madrid","Eheschlie\u00dfung vollzogen?":"Ja","verschiedenkonfessionelle Ehe?":"Nein"},"Br\u00e4utigam":{"Br\u00e4utigam Name, Titel":"Karl IX., K\u00f6nig von Frankreich (Charles)","Br\u00e4utigam GND":"http:\/\/d-nb.info\/gnd\/118720880","Br\u00e4utigam Geburtsjahr":"1550-00-00","Br\u00e4utigam Sterbejahr":"1574-00-00","Br\u00e4utigam Dynastie":"Valois","Br\u00e4utigam Konfession":"R\u00f6misch-Katholisch"},"Braut":{"Braut Name, Titel":"Elisabeth, Erzherzogin von \u00d6sterreich","Braut GND":"http:\/\/d-nb.info\/gnd\/120453436","Braut Geburtsjahr":"1554-00-00","Braut Sterbejahr":"1592-00-00","Braut Dynastie":"Habsburg (\u00d6sterreich)","Braut Konfession":"R\u00f6misch-Katholisch"},"Akteur Br\u00e4utigam":{"Akteur Br\u00e4utigam Name, Titel":"Karl IX., K\u00f6nig von Frankreich (Charles)","Akteur Br\u00e4utigam GND":"http:\/\/d-nb.info\/gnd\/118720880","Akteur Br\u00e4utigam Dynastie":"Valois","Akteur Br\u00e4utigam Verh\u00e4ltnis zu Br\u00e4utigam":"selbst"},"Akteur Braut":{"Akteur Braut Name, Titel":"Maximilian II., Kaiser, Erzherzog von \u00d6sterreich","Akteur Braut GND":"http:\/\/d-nb.info\/gnd\/11857928X","Akteur Braut Dynastie":"Habsburg (\u00d6sterreich)","Akteur Braut Verh\u00e4ltnis zu Braut":"Vater"},"Vertragstext":{"Archivexemplar":"nicht nachgewiesen","Vertragssprache Archivexemplar":"nicht nachgewiesen","Digitalisat Archivexemplar":"-","Drucknachweis":"Dumont 1726-1739, Bd. V:1, S. 178 f.","Vertragssprache Druck":"Franz\u00f6sisch","Digitalisat Druck":"https:\/\/gallica.bnf.fr\/ark:\/12148\/bpt6k1262878n\/f226","Vertragsinhalt":"(Verhandler von Brautvater und Br\u00e4utigam vor Abgeordneten des spanischen K\u00f6nigs durch Vollmachten legitimiert, Erkl\u00e4rung der Verhandler bekundet:) (178 li)\r\n\r\n[Pr\u00e4] \u2013 zu Ehren Gottes, zur Erhaltung und Vermehrung der katholischen Religion, zur Stiftung von Frieden und zum Wohl der Christenheit als Ziel von f\u00fcrstlichen Ehen: Eheschlie\u00dfung vereinbart, im Auftrag der Vertragsparteien bekundet durch spanischen K\u00f6nig, vermittelt durch spanische Abgeordnete: (178 li \u2013 re)\r\n\r\n[1] \u2013 Verlobung und Eheschlie\u00dfung geregelt: durch Gesandte des Br\u00e4utigams am kaiserlichen Hof, Ratifikation und kirchliche Hochzeit nach \u00dcberf\u00fchrung der Braut nach Frankreich verabredet, Termin vorbehalten (178 re)\r\n\r\n[2] \u2013 Mitgift festgelegt: Zahlung geregelt (178 re)\r\n\r\n[3] \u2013 Anlage der Mitgift in Landbesitz, Geldabgaben und Nutzungsrechten in Frankreich geregelt (178 re)\r\n\r\n[4] \u2013 Witweneink\u00fcnfte festgelegt: angelegt in Witweng\u00fctern mit Herzogstitel, Nutzungs- und Herrschaftsrechte geregelt, auf Lebenszeit der Braut (178 re \u2013 179 li)\r\n\r\n[5] \u2013 Brautjuwelen festgelegt: zu erblichem Besitz der Braut, ggf. R\u00fcckfall nach Tod der Braut vor Br\u00e4utigam geregelt (179 li)\r\n\r\n[6] \u2013 Unterhalt der Braut und ihres Hofstaats w\u00e4hrend der Ehe geregelt (179 li)\r\n\r\n[7] \u2013 nach Tod der Braut ohne Kinder: R\u00fcckfall von Mitgift und Nachlass der Braut an Brauterben geregelt, bis auf R\u00fcckfall von Brautjuwelen ggf. an Br\u00e4utigam \u2013 nach Tod von Br\u00e4utigam: \u00dcbergang von Mitgift und Brautjuwelen an Braut vereinbart (179 li)\r\n\r\n[8] \u2013 nach Tod der Braut: \u00dcbergang von Brauterbe an \u00fcberlebende Kinder geregelt, bis auf testierte G\u00fcter, Seelger\u00e4tstiftungen (179 li)\r\n\r\n[9] \u2013 Erbverzicht der Braut geregelt: auf v\u00e4terliches und m\u00fctterliches Erbe, im Gegenzug f\u00fcr Mitgiftzahlung (179 li)\r\n\r\n[10] \u2013 Aussteuer, \u00dcberf\u00fchrung geregelt: bis an die Grenze von Frankreich (179 li \u2013 re)\r\n\r\n[11] \u2013 Hofstaat der Braut geregelt: Entlohnung durch Br\u00e4utigam vereinbart (179 re)\r\n\r\n[12] \u2013 freie Wahl von Witwensitz geregelt: in Frankreich oder anderswo, mit allen Witweneink\u00fcnften (179 re) \r\n\r\n[13] \u2013 Einhaltung zugesichert, Ratifikation geregelt (179 re)\r\n","Regelungen \u00fcber Thronfolge und Regentschaft":"","konfessionelle Regelungen":"","erbrechtliche Regelungen":"Brautjuwelen festgelegt: zu erblichem Besitz der Braut, ggf. R\u00fcckfall nach Tod der Braut vor Br\u00e4utigam geregelt - 5\r\n\r\nnach Tod der Braut ohne Kinder: R\u00fcckfall von Mitgift und Nachlass der Braut an Brauterben geregelt, bis auf R\u00fcckfall von Brautjuwelen ggf. an Br\u00e4utigam \u2013 nach Tod von Br\u00e4utigam: \u00dcbergang von Mitgift und Brautjuwelen an Braut vereinbart - 7\r\n\r\nnach Tod der Braut: \u00dcbergang von Brauterbe an \u00fcberlebende Kinder geregelt, bis auf testierte G\u00fcter, Seelger\u00e4tstiftungen - 8\r\n\r\nErbverzicht der Braut geregelt: auf v\u00e4terliches und m\u00fctterliches Erbe, im Gegenzug f\u00fcr Mitgiftzahlung - 9\r\n"},"Einordnung des Vertrags":{"Textbezug zu vergangenen Ereignissen?":"","st\u00e4ndische Instanzen beteiligt?":"","externe Instanzen beteiligt?":"spanische Vermittlung erw\u00e4hnt- Pr\u00e4","Ratifikationen, Best\u00e4tigungen, Genehmigungen erw\u00e4hnt?":"","weitere Vertr\u00e4ge zwischen Vertragsparteien im Zusammenhang mit dieser Ehe":"","Schlagw\u00f6rter":"","Kommentar":"-","Literatur":"-"}}}