{"Dokument":{"Name":"Portugal - Savoyen-Aumale","In Bearbeitung":"Nein","main":{"Name":"Ehevertrag Portugal - Savoyen-Aumale 1666","Zuletzt ge\u00e4ndert":"2021-04 JK"},"Grunddaten Ehevertrag":{"Vertragspartner Br\u00e4utigam":"Portugal","Vertragspartner Braut":"Savoyen-Aumale","Datum Vertragsschlie\u00dfung":"1666-02-24","Ort Vertragsschlie\u00dfung":"Paris","Eheschlie\u00dfung vollzogen?":"Ja","verschiedenkonfessionelle Ehe?":"Nein"},"Br\u00e4utigam":{"Br\u00e4utigam Name, Titel":"Alfons VI., K\u00f6nig von Portugal","Br\u00e4utigam GND":"http:\/\/d-nb.info\/gnd\/119559889","Br\u00e4utigam Geburtsjahr":"1643-00-00","Br\u00e4utigam Sterbejahr":"1683-00-00","Br\u00e4utigam Dynastie":"Braganza","Br\u00e4utigam Konfession":"R\u00f6misch-Katholisch"},"Braut":{"Braut Name, Titel":"Maria Franziska Elisabeth von Savoyen-Aumale","Braut GND":"http:\/\/d-nb.info\/gnd\/119559897","Braut Geburtsjahr":"1646-00-00","Braut Sterbejahr":"1683-00-00","Braut Dynastie":"Savoyen","Braut Konfession":"R\u00f6misch-Katholisch"},"Akteur Br\u00e4utigam":{"Akteur Br\u00e4utigam Name, Titel":"Alfons VI., K\u00f6nig von Portugal","Akteur Br\u00e4utigam GND":"http:\/\/d-nb.info\/gnd\/119559889","Akteur Br\u00e4utigam Dynastie":"Braganza","Akteur Br\u00e4utigam Verh\u00e4ltnis zu Br\u00e4utigam":"selbst"},"Akteur Braut":{"Akteur Braut Name, Titel":"Ludwig, Herzog von Vend\u00f4me","Akteur Braut GND":"http:\/\/d-nb.info\/gnd\/1017912343","Akteur Braut Dynastie":"Bourbon (Frankreich)","Akteur Braut Verh\u00e4ltnis zu Braut":"Onkel ","Akteur Braut Name, Titel (36)":"Fran\u00e7oise von Lorraine-Mercoeur","Akteur Braut GND (66)":"http:\/\/d-nb.info\/gnd\/123036267","Akteur Braut Dynastie (40)":"Lothringen","Akteur Braut Verh\u00e4ltnis zu Braut (38)":"Gro\u00dfmutter"},"Vertragstext":{"Archivexemplar":"nicht nachgewiesen","Vertragssprache Archivexemplar":"nicht nachgewiesen","Digitalisat Archivexemplar":"-","Drucknachweis":"CTS 9, S. 99-107","Vertragssprache Druck":"Franz\u00f6sisch","Digitalisat Druck":"-","Vertragsinhalt":"Artikel 1: Eheschlie\u00dfung durch Prokuratoren am Hof des K\u00f6nigs von England geregelt\r\n\r\nArtiifkel 2: Anerkennung Maria Franziska Elisabeths als K\u00f6nigin von Portugal geregelt\r\n\r\nArtikel 3: Mitgift in H\u00f6he von 600.000 \u00c9cus festgelegt\r\n\r\nArtikel 4: \u00dcbereinkunft zur \u00f6ffentlichen Bekanntgabe, dass die H\u00f6he dieser Mitgift, die Mitgiftsummen anderer Prinzessinnen des Hauses \u00fcbersteigt, um besonderer Bedeutung der Eheschlie\u00dfung mit Portugal zu betonen; umfangreiche Regelungen bez\u00fcglich Zahlungsmodalit\u00e4ten\r\n\r\nArtikel 5: Maria Franziska Elisabeth erh\u00e4lt nach Tod der Mutter Alfons VI. lebenslange Besitz- und Nutzungsrechte an deren G\u00fctern \r\n\r\nArtikel 6: k\u00f6nigliche Ausstattung des Wohnsitzes der Braut in Lissabon geregelt\r\n\r\nArtikel 7: Rechtsstellung Maria Franziska Elisabeths als K\u00f6nigin von Portugal geregelt\r\n\r\nArtikel 8: Unterhalt der Braut w\u00e4hrend der Ehe geregelt \r\n\r\nArtikel 9-10: Witwenversorgung entsprechend anderen K\u00f6niginnen von Portugal geregelt, Ausstattung und Rechtsstellung der Witwe geregelt\r\n\r\nArtikel 11: R\u00fcckkehrrecht Maria Franziska Elisabeths als Witwe in ihre Heimat zugesichert: sofern aus der Ehe keine Kinder hervorgehen, R\u00fcckzahlung der Mitgift, Zahlung einer Zusatzsumme und Mitnahme ihres mobilen Besitzes zugesichert; im Gegenzug: Rechtsverzicht in Portugal\r\n\r\nArtikel 12: sofern aus der Ehe Kinder hervorgehen, bei R\u00fcckkehr der Witwe: teilweise Versorgung der Kinder aus Mitteln der Mitgift in Portugal geregelt\r\n\r\nArtikel 13: bei Tod Maria Franziska Elisabeth: Erbteilung zwischen Alfons sowie ihren Kindern oder Erben geregelt\r\n\r\nArtikel 14: Brautgeschenke festgelegt\r\n\r\nArtikel 15: \u00dcbernahme der Reisekosten f\u00fcr \u00dcberf\u00fchrung Maria Franziska Elisabeth geregelt\r\n\r\nArtikel 16: Kleinodien, M\u00f6bel Maria Franziska Elisabeths nicht zu Mitgift gerechnet\r\n\r\nArtikel 17: aufgrund der Pestepidemie in England: Eheschlie\u00dfung in La Rochelle vereinbart\r\n\r\nArtikel 18: Beschleunigung der Mitgiftzahlung vereinbart: auf portugiesischen Wunsch\r\n\r\nArtikel 19: Austausch von Beauftragten zwischen Alfons, Herzog von Vend\u00f4me vereinbart","Regelungen \u00fcber Thronfolge und Regentschaft":"","konfessionelle Regelungen":"","erbrechtliche Regelungen":"Artikel 13: bei Tod Maria Franziska Elisabeth: Erbteilung zwischen Alfons sowie ihren Kindern oder Erben geregelt"},"Einordnung des Vertrags":{"Textbezug zu vergangenen Ereignissen?":"","st\u00e4ndische Instanzen beteiligt?":"","externe Instanzen beteiligt?":"Artikel 1: Eheschlie\u00dfung durch Prokuratoren am Hof des K\u00f6nigs von England geregelt","Ratifikationen, Best\u00e4tigungen, Genehmigungen erw\u00e4hnt?":"","weitere Vertr\u00e4ge zwischen Vertragsparteien im Zusammenhang mit dieser Ehe":"Defensivb\u00fcndnis von Lissabon 1667.03.31- Heiratsvertrag von Lissabon 1668.03.27","Schlagw\u00f6rter":"","Kommentar":"\u00dc - Maria Franziska Elisabeth: vgl. Europ. Stammtf. NF II, 195 - Herz\u00f6ge von Vend\u00f4me: vgl. Europ. Stammtf. NF III, 338 - Alfons geisteskrank, nur formal m\u00fcndig, 1667 gest\u00fcrzt - Ehe aufgel\u00f6st 1667 zugunsten von Ehe Maria Franziska Elisabeths mit Alfons Bruder Peter, vgl. Enr. 119\r\nBei Fran\u00e7oise von Lorraine-Mercoeur handelt es sich um die Witwe von C\u00e9sar von Bourbon, Herzog von Vend\u00f4me.","Literatur":"-"}}}