{"Dokument":{"Name":"Schottland - England","In Bearbeitung":"Nein","main":{"Name":"Ehevertrag Schottland - England 1502","Zuletzt ge\u00e4ndert":"2017-09 BB"},"Grunddaten Ehevertrag":{"Vertragspartner Br\u00e4utigam":"Schottland","Vertragspartner Braut":"England","Datum Vertragsschlie\u00dfung":"1502-01-24","Ort Vertragsschlie\u00dfung":"Richmond","Eheschlie\u00dfung vollzogen?":"Ja","verschiedenkonfessionelle Ehe?":"Nein"},"Br\u00e4utigam":{"Br\u00e4utigam Name, Titel":"Jakob IV., K\u00f6nig von Schottland (James)","Br\u00e4utigam GND":"http:\/\/d-nb.info\/gnd\/118775839","Br\u00e4utigam Geburtsjahr":"1473-00-00","Br\u00e4utigam Sterbejahr":"1513-00-00","Br\u00e4utigam Dynastie":"Stuart","Br\u00e4utigam Konfession":"R\u00f6misch-Katholisch"},"Braut":{"Braut Name, Titel":"Margarethe Tudor (Margaret)","Braut GND":"http:\/\/d-nb.info\/gnd\/118814133","Braut Geburtsjahr":"1489-00-00","Braut Sterbejahr":"1541-00-00","Braut Dynastie":"Tudor","Braut Konfession":"R\u00f6misch-Katholisch"},"Akteur Br\u00e4utigam":{"Akteur Br\u00e4utigam Name, Titel":"Jakob IV., K\u00f6nig von Schottland","Akteur Br\u00e4utigam GND":"http:\/\/d-nb.info\/gnd\/118775839","Akteur Br\u00e4utigam Dynastie":"Stuart","Akteur Br\u00e4utigam Verh\u00e4ltnis zu Br\u00e4utigam":"selbst"},"Akteur Braut":{"Akteur Braut Name, Titel":"Heinrich VII., K\u00f6nig von England","Akteur Braut GND":"http:\/\/d-nb.info\/gnd\/118773712","Akteur Braut Dynastie":"Tudor","Akteur Braut Verh\u00e4ltnis zu Braut":"Vater"},"Vertragstext":{"Archivexemplar":"nicht nachgewiesen","Vertragssprache Archivexemplar":"nicht nachgewiesen","Digitalisat Archivexemplar":"https:\/\/gallica.bnf.fr\/ark:\/12148\/bpt6k12634404\/f39.item","Drucknachweis":"Dumont 1726-1739, Bd. IV:1, S. 19-23","Vertragssprache Druck":"Lateinisch","Digitalisat Druck":"-","Vertragsinhalt":"[Pr\u00e4] \u2013Frieden als des h\u00f6chsten Geschenks Jesu Christi an die Menschheit bekundet, Ehe als Grundlage f\u00fcr Frieden und Eintracht zwischen K\u00f6nigen und F\u00fcrsten bekundet, Willen beider K\u00f6nige zum Frieden zwischen Schottland und England bekundet \u2013 nach Brautwerbung und Zustimmung des Brautvaters, kraft der k\u00f6niglichen Vollmachten, zum Lob Gottes, zu Ehre, Frieden, Vorteil und Nutzen beider K\u00f6nige, K\u00f6nigreiche und ihrer Untertanen: folgende Artikel zwischen Verhandlern bekundet (19 re \u2013 20 li)\r\n\r\n[1] \u2013 Eheschlie\u00dfung vereinbart: nach Vollendung des 12. Lebensjahr der Braut, Termin festgelegt (20 li)\r\n\r\n[2] \u2013 G\u00fcltigkeit der Ehe zugesichert: trotz Verwandtschaft der Brautleute, mit erlangter p\u00e4pstlicher Dispens, weitere rechtliche Schritte wegen Verwandtschaft ausgeschlossen (20 li)\r\n\r\n[3] \u2013 Termin f\u00fcr Eheschlie\u00dfung festgelegt (20 li)\r\n\r\n[4] \u2013\u00dcberstellung der Braut an Br\u00e4utigam geregelt: nicht vor festgelegtem Termin (20 li)\r\n\r\n[5] \u2013 \u00dcberf\u00fchrung der Braut nach Schottland und kirchliche Trauung geregelt (20 re)\r\n\r\n[6] \u2013 Aussetzung von Witweng\u00fctern geregelt: in schottischen G\u00fctern und Renten, Besitzeinweisung der Braut geregelt, Witweneink\u00fcnfte festgelegt, ggf. Nachbesserung geregelt, garantiert durch schottisches Parlament, Nutzung durch Br\u00e4utigam auf Lebenszeit geregelt (20 re)\r\n\r\n[7] \u2013 Unterhalt f\u00fcr Braut und ihren Hofstaat w\u00e4hrend der Ehe geregelt: auf Kosten von Br\u00e4utigam, Bestellung von Bediensteten geregelt (21 li)\r\n\r\n[8] \u2013 Unterhalt der Braut w\u00e4hrend der Ehe festgelegt: aus Witweng\u00fctern, auf Lebenszeit von Br\u00e4utigam, Zahlung geregelt, Nutzung durch Braut geregelt (21 li)\r\n\r\n[9] \u2013 nach Tod von Br\u00e4utigam: Witwenversorgung aus Witweng\u00fctern geregelt, freie Wahl von Wohnsitz der Witwe geregelt (21 li)\r\n\r\n[10] \u2013 \u00dcbergabe von Dokumenten \u00fcber Witweng\u00fcter an Brautvater geregelt (21 li \u2013 21 re)\r\n\r\n[11] \u2013 Mitgift festgelegt: Zahlung und Quittung geregelt (21 re)\r\n\r\n[12] \u2013 bei Tod der Braut ohne Kinder vor Ende der Mitgiftzahlung: Einstellung der Mitgiftzahlung geregelt (21 re)\r\n\r\n[Esch] \u2013 Vollmachten f\u00fcr Verhandler beider K\u00f6nige angeh\u00e4ngt und inseriert: englische Vollmacht 1501.11.28 (22 li-re), schottische Vollmacht 08.11.1501 (22 re \u2013 23 li)\r\n","Regelungen \u00fcber Thronfolge und Regentschaft":"","konfessionelle Regelungen":"","erbrechtliche Regelungen":""},"Einordnung des Vertrags":{"Textbezug zu vergangenen Ereignissen?":"","st\u00e4ndische Instanzen beteiligt?":"Aussetzung von Witweng\u00fctern geregelt: garantiert durch schottisches Parlament - 6","externe Instanzen beteiligt?":"p\u00e4pstliche Dispens erw\u00e4hnt - 2","Ratifikationen, Best\u00e4tigungen, Genehmigungen erw\u00e4hnt?":"","weitere Vertr\u00e4ge zwischen Vertragsparteien im Zusammenhang mit dieser Ehe":"Waffenstillstand 07.1499\r\n\r\nFriedensvertrag von Richmond 24.01.1502\r\n\r\nVertrag von Richmond 24.01.1502 zur Grenzregulierung","Schlagw\u00f6rter":"","Kommentar":"-","Literatur":"Mackie 1952, S. 157-161, bes. 159 f. - Nicholson 1974, S. 554 f."}}}