{"Dokument":{"Name":"Reu\u00df - Schwarzburg-Sondershausen (Nebenlinie)","In Bearbeitung":"Nein","main":{"Name":"Ehevertrag Reu\u00df - Schwarzburg-Sondershausen 1668 (Nebenlinie)","Zuletzt ge\u00e4ndert":"2021-05 JK"},"Grunddaten Ehevertrag":{"Vertragspartner Br\u00e4utigam":"Reu\u00df","Vertragspartner Braut":"Schwarzburg-Sondershausen","Datum Vertragsschlie\u00dfung":"1668-03-27","Ort Vertragsschlie\u00dfung":"Greiz","Eheschlie\u00dfung vollzogen?":"Ja","verschiedenkonfessionelle Ehe?":"Nein"},"Br\u00e4utigam":{"Br\u00e4utigam Name, Titel":"Heinrich I. \"der \u00c4ltere\" Reu\u00df von Plauen","Br\u00e4utigam GND":"","Br\u00e4utigam Geburtsjahr":"1627-00-00","Br\u00e4utigam Sterbejahr":"1681-00-00","Br\u00e4utigam Dynastie":"unbekannt","Br\u00e4utigam Konfession":"Evangelisch-Lutherisch"},"Braut":{"Braut Name, Titel":"Sibylle Juliane von Schwarzburg-Sondershausen","Braut GND":"http:\/\/d-nb.info\/gnd\/129750263","Braut Geburtsjahr":"1646-00-00","Braut Sterbejahr":"1698-00-00","Braut Dynastie":"unbekannt","Braut Konfession":"Evangelisch-Lutherisch"},"Akteur Br\u00e4utigam":{"Akteur Br\u00e4utigam Name, Titel":"Heinrich I. Reu\u00df von Plauen","Akteur Br\u00e4utigam GND":" \thttp:\/\/d-nb.info\/gnd\/10425422X","Akteur Br\u00e4utigam Dynastie":"unbekannt","Akteur Br\u00e4utigam Verh\u00e4ltnis zu Br\u00e4utigam":"selbst"},"Akteur Braut":{"Akteur Braut Name, Titel":"Ludwig G\u00fcnther II. von Schwarzburg-Sondershausen","Akteur Braut GND":"http:\/\/d-nb.info\/gnd\/102816956","Akteur Braut Dynastie":"unbekannt","Akteur Braut Verh\u00e4ltnis zu Braut":"Onkel ","Akteur Braut Name, Titel (36)":"Sophie Dorothea von M\u00f6rsperg und Beffort","Akteur Braut GND (66)":"","Akteur Braut Dynastie (40)":"unbekannt","Akteur Braut Verh\u00e4ltnis zu Braut (38)":"Mutter"},"Vertragstext":{"Archivexemplar":"nicht nachgewiesen","Vertragssprache Archivexemplar":"nicht nachgewiesen","Digitalisat Archivexemplar":"-","Drucknachweis":"CTS 10, S. 493-505","Vertragssprache Druck":"Deutsch","Digitalisat Druck":"-","Vertragsinhalt":"Pr\u00e4ambel: Eheschlie\u00dfung vereinbart\r\n\r\nArtikel 1: Mitgift festgelegt auf 4.000 Gulden, Mei\u00dfnischer Wehrung, den Gulden zu 21 Groschen, Zahlung geregelt\r\n\r\nArtikel 2: Leibgedinge festgelegt, Witwenversorgung in Naturalien geregelt\r\n\r\nArtikel 3-4: Morgengabe festgelegt\r\n\r\nArtikel 5: Schadloshaltung von Witwengut geregelt; Witwensitz geregelt\r\n\r\nArtikel 6-10: standesgem\u00e4\u00dfe Ausstattung Sibylle Julianes geregelt, Besitzrechte und Eigeng\u00fcter Sibylle Julianes geregelt, Erbrechte daran geregelt\r\n\r\nArtikel 10: bei zweiter Ehe Sibylle Julianes: R\u00fcckfall von Mitgift geregelt; Verzinsung von Leibgedinge geregelt\r\n\r\nArtikel 11: Aufstellung von Inventar \u00fcber Nachla\u00df der ersten Ehefrau Heinrichs vereinbart; Vergleich mit Heinrichs Kindern aus erster Ehe bekundet: Witwengut Sibylle Julianes von Anspr\u00fcchen ausgenommen","Regelungen \u00fcber Thronfolge und Regentschaft":"","konfessionelle Regelungen":"","erbrechtliche Regelungen":"Artikel 6-10: Ausstattung Sibylle Julianes geregelt; Eigeng\u00fcter Sibylle Julianes geregelt: inkl. Erbrecht daran\r\n\r\nArtikel 11: Aufstellung von Inventar \u00fcber Nachla\u00df der 1. Ehefrau vereinbart; Vergleich mit Heinrichs Kindern aus 1. Ehe bekundet: Witwengut Sibylle Julianes von Anspr\u00fcchen ausgenommen"},"Einordnung des Vertrags":{"Textbezug zu vergangenen Ereignissen?":"","st\u00e4ndische Instanzen beteiligt?":"","externe Instanzen beteiligt?":"","Ratifikationen, Best\u00e4tigungen, Genehmigungen erw\u00e4hnt?":"","weitere Vertr\u00e4ge zwischen Vertragsparteien im Zusammenhang mit dieser Ehe":"","Schlagw\u00f6rter":"","Kommentar":"Heinrich: vgl. Europ. Stammtf. NF I:3, 359 - Sibylle Juliane: vgl. Europ. Stammtf. NF Bd. I:3, 317","Literatur":"-"}}}