{"Dokument":{"Name":"Schweden - Baden","In Bearbeitung":"Nein","main":{"Name":"Ehevertrag Schweden - Baden 1797","Zuletzt ge\u00e4ndert":"2017-08 BB"},"Grunddaten Ehevertrag":{"Vertragspartner Br\u00e4utigam":"Schweden","Vertragspartner Braut":"Baden","Datum Vertragsschlie\u00dfung":"1797-10-06","Ort Vertragsschlie\u00dfung":"Stralsund","Eheschlie\u00dfung vollzogen?":"Ja","verschiedenkonfessionelle Ehe?":"Nein"},"Br\u00e4utigam":{"Br\u00e4utigam Name, Titel":"Gustav IV. Adolf, K\u00f6nig von Schweden","Br\u00e4utigam GND":"http:\/\/d-nb.info\/gnd\/122651634","Br\u00e4utigam Geburtsjahr":"1778-00-00","Br\u00e4utigam Sterbejahr":"1837-00-00","Br\u00e4utigam Dynastie":"Oldenburg (Gottorf)","Br\u00e4utigam Konfession":"Evangelisch-Lutherisch"},"Braut":{"Braut Name, Titel":"Friederike von Baden, Tochter von Erbprinz Karl Ludwig von Baden (Friederike Dorothea)","Braut GND":"http:\/\/d-nb.info\/gnd\/102017212","Braut Geburtsjahr":"1781-00-00","Braut Sterbejahr":"1826-00-00","Braut Dynastie":"Baden","Braut Konfession":"Evangelisch-Lutherisch"},"Akteur Br\u00e4utigam":{"Akteur Br\u00e4utigam Name, Titel":"Gustav IV. Adolf, K\u00f6nig von Schweden","Akteur Br\u00e4utigam GND":"http:\/\/d-nb.info\/gnd\/102017212","Akteur Br\u00e4utigam Dynastie":"Oldenburg (Gottorf)","Akteur Br\u00e4utigam Verh\u00e4ltnis zu Br\u00e4utigam":"sebst"},"Akteur Braut":{"Akteur Braut Name, Titel":"Karl Friedrich, Markgraf von Baden (sp\u00e4ter Kurf\u00fcrst, Gro\u00dfherzog)","Akteur Braut GND":"http:\/\/d-nb.info\/gnd\/118560166","Akteur Braut Dynastie":"Baden","Akteur Braut Verh\u00e4ltnis zu Braut":"Gro\u00dfvater"},"Vertragstext":{"Archivexemplar":"Stockholm, Riksarkivet, Konungahusens urkunder, 68 Urkunder r\u00f6rande konung Gustaf IV Adolfs och prinsessan Fredrikas af Baden gifterm\u00e5l 1797 \u2013 1798, nr. 68 b Gifterm\u00e5lskontrakt","Vertragssprache Archivexemplar":"Deutsch","Digitalisat Archivexemplar":"https:\/\/sok.riksarkivet.se\/bildvisning\/R0001260","Drucknachweis":"nicht nachgewiesen","Vertragssprache Druck":"nicht nachgewiesen","Digitalisat Druck":"-","Vertragsinhalt":"[Pr\u00e4] \u2013 Entschluss des Br\u00e4utigams zu Eheschlie\u00dfung, Billigung von Entschluss, Bestellung von Verhandlern, Einigung \u00fcber Ehevertrag bekundet:\r\n\r\n1 \u2013 Eheversprechen von Br\u00e4utigam, Einwilligung f\u00fcr Braut bekundet: Trauung durch Prokurator, \u00dcberf\u00fchrung der Braut, kirchliche Trauung in Schweden geregelt\r\n\r\n2 \u2013 Mitgift und Mitgiftzulage festgelegt: nach Hausregel in Brautfamilie, Zahlung geregelt, Aussteuer geregelt\r\n\r\n3 \u2013 Erbverzicht der Braut geregelt: im Gegenzug f\u00fcr Mitgiftzahlung, auf v\u00e4terliches und br\u00fcderliches Erbe, mit Zustimmung des Br\u00e4utigams, Erbfolge und Thronfolge bei Aussterben von Brautfamilie vorbehalten\r\n\r\n4 \u2013 Morgengabe festgelegt: Zahlung geregelt\r\n\r\n5 \u2013 Unterhalt der Braut w\u00e4hrend der Ehe festgelegt: zus\u00e4tzlich zu Nutzung von Morgengabe und Widerlage, Zahlung geregelt, Nutzung geregelt\r\n\r\n6 \u2013 Hofstaat der Braut geregelt: Bestellung von Bediensteten der Braut geregelt\r\n\r\n7 \u2013 Kindererziehung geregelt: Finanzierung geregelt, lutherische Konfession der Kinder vorgeschrieben\r\n\r\n8 \u2013 Widerlage, Witweneink\u00fcnfte festgelegt: anstatt Anweisung von Witweng\u00fctern, Zahlung und ggf. Nachbesserung geregelt, Sicherheiten gestellt, Witwensitz und dessen Nutzung, Zustand und Ausstattung geregelt \u2013 Abtretung von Witwensitz bei Abzug der Braut w\u00e4hrend  Witwenzeit geregelt \u2013 pers\u00f6nlicher Besitz der Braut in Witwenschaft geregelt\r\n\r\n9 \u2013 Schuldenhaftung der Braut geregelt: Indemnit\u00e4t von schwedischen Schulden zugesichert\r\n\r\n10 \u2013 nach Tod der Braut ohne \u00fcberlebende Kinder: Weiternutzung von Mitgift, Mitgiftzulage, R\u00fcckfall nach Tod des Br\u00e4utigams geregelt, \u00dcbergang von Zugewinn und Aussteuer an Br\u00e4utigam geregelt \u2013 nach Tod von Ehepartnern mit \u00fcberlebenden Kindern: Vererbung von Mitgift, Mitgiftzulage, Aussteuer geregelt \u2013 bei zweiter Ehe der Braut mit oder ohne \u00fcberlebende Kinder: Abl\u00f6sung von Witweneink\u00fcnften, Abtretung von Witwensitz geregelt\r\n\r\n11 \u2013 nach Tod von Braut oder Br\u00e4utigam vor Eheschlie\u00dfung: Ehevertrag f\u00fcr nichtig erkl\u00e4rt, ggf. R\u00fcckzahlung von Mitgift, Mitgiftzulage geregelt\r\n\r\n12 \u2013 Ratifikation und Austausch von Verschreibungsurkunden geregelt\r\n","Regelungen \u00fcber Thronfolge und Regentschaft":"Erbverzicht der Braut geregelt:  Erbfolge und Thronfolge bei Aussterben von Brautfamilie vorbehalten - 3\r\n","konfessionelle Regelungen":"Kindererziehung geregelt: lutherische Konfession der Kinder vorgeschrieben - 7","erbrechtliche Regelungen":"Erbverzicht der Braut geregelt: im Gegenzug f\u00fcr Mitgiftzahlung, auf v\u00e4terliches und br\u00fcderliches Erbe, mit Zustimmung des Br\u00e4utigams, Erbfolge und Thronfolge bei Aussterben von Brautfamilie ausgenommen - 3\r\n\r\nnach Tod von Ehepartnern mit \u00fcberlebenden Kindern: Vererbung von Mitgift, Mitgiftzulage, Aussteuer geregelt \u2013 10\r\n"},"Einordnung des Vertrags":{"Textbezug zu vergangenen Ereignissen?":"","st\u00e4ndische Instanzen beteiligt?":"","externe Instanzen beteiligt?":"","Ratifikationen, Best\u00e4tigungen, Genehmigungen erw\u00e4hnt?":"Ratifikation und Austausch von Verschreibungsurkunden geregelt - 12","weitere Vertr\u00e4ge zwischen Vertragsparteien im Zusammenhang mit dieser Ehe":"","Schlagw\u00f6rter":"","Kommentar":"-","Literatur":"Rangstr\u00f6m 2010, S. 256-273."}}}