{"Dokument":{"Name":"\u00d6sterreich - Frankreich (Fortsetzung zu 1501)","In Bearbeitung":"Nein","main":{"Name":"Fortsetzung des Ehevertrages von 1501 \u00d6sterreich - Frankreich 1504","Zuletzt ge\u00e4ndert":"2020-02 JK"},"Einordnung des Vertrags":{"Kommentar":"vgl. geheime franz\u00f6sische Verf\u00fcgung zur Verheiratung von Claudia mit franz\u00f6sischem Thronfolger Franz von Angouleme 1500: erneuert Jan. 1504! (Wiesflecker 1971-1986, Bd. III, S. 135)\r\n\r\nVertrag selbst ist nicht in Artikel unterteilt.","Literatur":"Wiesflecker 1971-1986, Bd. III, S. 126-135, bes. S. 129","Textbezug zu vergangenen Ereignissen?":"Bezugnahme auf 1501 geschlossenem Ehevertrag","st\u00e4ndische Instanzen beteiligt?":"Kurf\u00fcrsten und Reichsst\u00e4nde HRR als conservatores","externe Instanzen beteiligt?":"","Ratifikationen, Best\u00e4tigungen, Genehmigungen erw\u00e4hnt?":"","weitere Vertr\u00e4ge zwischen Vertragsparteien im Zusammenhang mit dieser Ehe":"Friedensvertrag von Trient 13.10.1501 - Punktation von Lyon 21.02.1504 - Friedensvertrag von Blois 22.09.1504 - Offensivb\u00fcndnis von Blois 22.09.1504 gegen Venedig - Vertrag von Cambrai 10.12.1508 - weitere?","Schlagw\u00f6rter":""},"Grunddaten Ehevertrag":{"Vertragspartner Br\u00e4utigam":"\u00d6sterreich","Vertragspartner Braut":"Frankreich","Datum Vertragsschlie\u00dfung":"1504-09-22","Ort Vertragsschlie\u00dfung":"Blois","Eheschlie\u00dfung vollzogen?":"Nein","verschiedenkonfessionelle Ehe?":"Nein"},"Br\u00e4utigam":{"Br\u00e4utigam Name, Titel":"Karl, Sohn von Erzherzog Philipp, Enkel Maximilians","Br\u00e4utigam GND":"http:\/\/d-nb.info\/gnd\/118560093","Br\u00e4utigam Geburtsjahr":"1500-00-00","Br\u00e4utigam Sterbejahr":"1558-00-00","Br\u00e4utigam Dynastie":"Habsburg (Spanien)","Br\u00e4utigam Konfession":"R\u00f6misch-Katholisch"},"Braut":{"Braut Name, Titel":"Claudia, Tochter von K\u00f6nig Ludwig XII. von Frankreich","Braut GND":"http:\/\/d-nb.info\/gnd\/12406163X","Braut Geburtsjahr":"1499-00-00","Braut Sterbejahr":"1524-00-00","Braut Dynastie":"Valois","Braut Konfession":"R\u00f6misch-Katholisch"},"Akteur Br\u00e4utigam":{"Akteur Br\u00e4utigam Name, Titel":"Maximilian I., Kaiser","Akteur Br\u00e4utigam GND":"http:\/\/d-nb.info\/gnd\/118579371","Akteur Br\u00e4utigam Dynastie":"Habsburg (\u00d6sterreich)","Akteur Br\u00e4utigam Verh\u00e4ltnis zu Br\u00e4utigam":"Gro\u00dfvater"},"Akteur Braut":{"Akteur Braut Name, Titel":"Ludwig XII., K\u00f6nig von Frankreich","Akteur Braut GND":"http:\/\/d-nb.info\/gnd\/118780735","Akteur Braut Dynastie":"Valois","Akteur Braut Verh\u00e4ltnis zu Braut":"Vater"},"Vertragstext":{"Archivexemplar":"nicht nachgewiesen","Vertragssprache Archivexemplar":"nicht nachgewiesen","Digitalisat Archivexemplar":"-","Drucknachweis":"Dumont 1726-1739, Bd. IV:1, S. 56 f.","Vertragssprache Druck":"Latein","Digitalisat Druck":"https:\/\/gallica.bnf.fr\/ark:\/12148\/bpt6k12634404\/f76.image","Vertragsinhalt":"zur Best\u00e4tigung von vorher geschlossenem Ehevertrag\r\nArtikel 1: bei Tod Ludwigs ohne m\u00e4nnliche Erben: Restitution von Burgund zugunsten der Brautleute: falls Ehe vollzogen\r\nArtikel 2: Artikel 1 garantiert durch Herzog von Kleve, Grafen von Dunois und Vend\u00f4me\r\nArtikel 3: bei Tod Ludwigs ohne m\u00e4nnliche Erben: Auslieferung der Patrimonialg\u00fcter Ludwigs zugunsten der Brautleute vereinbart: nachdem Ehe vollzogen\r\nArtikel 4: bei Tod Ludwigs ohne m\u00e4nnliche Erben: Claudia verpflichtet zu Mitgiftzahlung an Schwestern\r\nArtikel 5: falls Ehe nicht zustande kommt durch Verschulden der Brautseite: Verbleib von Burgund, Mailand, Asti bei Karl vereinbart\r\nArtikel 6: falls Ehe nicht zustande kommt durch Verschulden der Br\u00e4utigamseite: Verzicht Maximilians, Philipps auf Mailand, Burgund, andere Reichslehen Ludwigs vereinbart\r\nArtikel 7: Tributzahlung aus Artois von Ludwig verschenkt an Philipp, Karl auf deren Lebzeiten\r\nArtikel 8: Reichsst\u00e4nde zu conservatores des Vertrags ernannt \r\nArtikel 9+10: Einhaltung zugesichert","Regelungen \u00fcber Thronfolge und Regentschaft":"Artikel 1: bei Tod Ludwigs ohne m\u00e4nnliche Erben: Restitution von Burgund zugunsten der Brautleute: falls Ehe vollzogen\r\nArtikel 3: bei Tod Ludwigs ohne m\u00e4nnliche Erben: Auslieferung der Patrimonialg\u00fcter Ludwigs zugunsten der Brautleute vereinbart: nachdem Ehe vollzogen\r\nArtikel 5: falls Ehe nicht zustande kommt durch Verschulden der Brautseite: Verbleib von Burgund, Mailand, Asti bei Karl vereinbart\r\nArtikel 6: falls Ehe nicht zustande kommt durch Verschulden der Br\u00e4utigamseite: Verzicht Maximilians, Philipps auf Mailand, Burgund, andere Reichslehen Ludwigs vereinbart\r\nArtikel 7: Tributzahlung aus Artois von Ludwig verschenkt an Philipp, Karl auf deren Lebzeiten","konfessionelle Regelungen":"","erbrechtliche Regelungen":""}}}