{"Dokument":{"Name":"Braunschweig-L\u00fcneburg-Wolfenb\u00fcttel - D\u00e4nemark","In Bearbeitung":"Nein","main":{"Name":"Ehevertrag Braunschweig-L\u00fcneburg-Wolfenb\u00fcttel - D\u00e4nemark 1589","Zuletzt ge\u00e4ndert":"2017-07 BB"},"Grunddaten Ehevertrag":{"Vertragspartner Br\u00e4utigam":"Braunschweig-L\u00fcneburg-Wolfenb\u00fcttel","Vertragspartner Braut":"D\u00e4nemark","Datum Vertragsschlie\u00dfung":"1589-09-17","Ort Vertragsschlie\u00dfung":"Helsing\u00f6r","Eheschlie\u00dfung vollzogen?":"Ja","verschiedenkonfessionelle Ehe?":"Nein"},"Br\u00e4utigam":{"Br\u00e4utigam Name, Titel":"Heinrich Julius, Herzog von Braunschweig-L\u00fcneburg","Br\u00e4utigam GND":"http:\/\/d-nb.info\/gnd\/118709887","Br\u00e4utigam Geburtsjahr":"1564-00-00","Br\u00e4utigam Sterbejahr":"1613-00-00","Br\u00e4utigam Dynastie":"Welfen","Br\u00e4utigam Konfession":"Evangelisch-Lutherisch"},"Braut":{"Braut Name, Titel":"Elisabeth von D\u00e4nemark","Braut GND":"http:\/\/d-nb.info\/gnd\/101042515","Braut Geburtsjahr":"1573-00-00","Braut Sterbejahr":"1625-00-00","Braut Dynastie":"Oldenburg (D\u00e4nemark)","Braut Konfession":"Evangelisch-Lutherisch"},"Akteur Br\u00e4utigam":{"Akteur Br\u00e4utigam Name, Titel":"Heinrich Julius, Herzog von Braunschweig-L\u00fcneburg","Akteur Br\u00e4utigam GND":"http:\/\/d-nb.info\/gnd\/118709887","Akteur Br\u00e4utigam Dynastie":"Welfen","Akteur Br\u00e4utigam Verh\u00e4ltnis zu Br\u00e4utigam":"selbst"},"Akteur Braut":{"Akteur Braut Name, Titel":"Christian IV., K\u00f6nig von D\u00e4nemark","Akteur Braut GND":"http:\/\/d-nb.info\/gnd\/118676059","Akteur Braut Dynastie":"Oldenburg (D\u00e4nemark)","Akteur Braut Verh\u00e4ltnis zu Braut":"Bruder"},"Vertragstext":{"Archivexemplar":"nicht nachgewiesen","Vertragssprache Archivexemplar":"nicht nachgewiesen","Digitalisat Archivexemplar":"-","Drucknachweis":"DNT III, S. 28-36","Vertragssprache Druck":"deutsch","Digitalisat Druck":"-","Vertragsinhalt":"[Pr\u00e4] \u2013 nach Eheabrede zwischen Brautvater und Br\u00e4utigam, nach Tod von Brautvater: Verhandlungen \u00fcber Vertragsvollziehung 1588 bis zur Einigung bekundet \u2013 nach Tod von Br\u00e4utigamvater: Ehevertrag weiterverhandelt, abgeschlossen mit Zustimmung von Brautmutter, Braut und Reichsr\u00e4ten, zu Lob und Ehre Gottes, zu Nutzen und Wohlfahrt beider L\u00e4nder, zu Erhaltung und Mehrung von Freundschaft und Vertrauen\r\n\r\n1 \u2013 Einwilligung f\u00fcr Braut erteilt, \u00dcberf\u00fchrung und Beilager festgelegt\r\n\r\n2 \u2013 Mitgift festgelegt, Aussteuer geregelt: nach Tod der Braut ohne Kinder Weiternutzung durch Br\u00e4utigam, R\u00fcckfall geregelt\r\n\r\n3 \u2013 Witweng\u00fcter, Witweneink\u00fcfte festgelegt: Witwensitz, Nutzungsrechte geregelt\r\n\r\n4 \u2013 Nutzung der Witweng\u00fcter geregelt: Register und Verschreibungsurkunden geregelt, Anweisung und Rechtsstellung von Bediensteten und Untertanen geregelt, Bestellung von Bediensteten geregelt, Herrschaftsrechte vorbehalten\r\n\r\n5 \u2013 Bestellung und Besoldung von Bediensteten auf Witweng\u00fctern geregelt\r\n\r\n6 \u2013 ggf. Nachbesserung von Witweng\u00fctern geregelt\r\n\r\n7 \u2013 Morgengabe festgelegt\r\n\r\n8-11 \u2013 Zustand, Nutzungsbeginn, Erhaltung von Witweng\u00fctern geregelt: \u00d6ffnung gegen\u00fcber Dritten verboten, Schadenersatz geregelt\r\n\r\n12 \u2013 bei zweiter Ehe von Braut: Abfindung von Witweng\u00fctern, Verzinsung von Widerlage, Auslieferung von pers\u00f6nlichem Besitz der Braut geregelt, Morgengabe f\u00fcr Braut vorbehalten\r\n\r\n13 \u2013 Erbverzicht von Braut geregelt: im Gegenzug f\u00fcr Mitgiftzahlung, auf v\u00e4terliches und br\u00fcderliches Erbe, mit Zustimmung von Br\u00e4utigam\r\n\r\n14 \u2013 Einhaltung zugesichert\r\n","Regelungen \u00fcber Thronfolge und Regentschaft":"Nutzung der Witweng\u00fcter geregelt: Herrschaftsrechte vorbehalten - 4\r\n","konfessionelle Regelungen":"","erbrechtliche Regelungen":"Erbverzicht von Braut geregelt: im Gegenzug f\u00fcr Mitgiftzahlung, auf v\u00e4terliches und br\u00fcderliches Erbe, mit Zustimmung von Br\u00e4utigam - 13\r\n"},"Einordnung des Vertrags":{"Textbezug zu vergangenen Ereignissen?":"Tod von Brautvater, Br\u00e4utigamvater erw\u00e4hnt - Pr\u00e4","st\u00e4ndische Instanzen beteiligt?":"","externe Instanzen beteiligt?":"","Ratifikationen, Best\u00e4tigungen, Genehmigungen erw\u00e4hnt?":"","weitere Vertr\u00e4ge zwischen Vertragsparteien im Zusammenhang mit dieser Ehe":"","Schlagw\u00f6rter":"","Kommentar":"Erbverzichtserkl\u00e4rung der Braut 21.04.1590 (DNT III, S. 36-40)","Literatur":"Laursen in DNT III, S. 24-29"}}}