{"Dokument":{"Name":"Navarra - Frankreich","In Bearbeitung":"Nein","main":{"Name":"Ehevertrag Navarra - Frankreich 1572","Zuletzt ge\u00e4ndert":"2017-08 BB"},"Grunddaten Ehevertrag":{"Vertragspartner Br\u00e4utigam":"Navarra","Vertragspartner Braut":"Frankreich","Datum Vertragsschlie\u00dfung":"1572-08-17","Ort Vertragsschlie\u00dfung":"Paris","Eheschlie\u00dfung vollzogen?":"Ja","verschiedenkonfessionelle Ehe?":"Ja"},"Br\u00e4utigam":{"Br\u00e4utigam Name, Titel":"Heinrich III., K\u00f6nig von Navarra (sp\u00e4ter als Heinrich IV. auch K\u00f6nig von Frankreich)","Br\u00e4utigam GND":"http:\/\/d-nb.info\/gnd\/118548174","Br\u00e4utigam Geburtsjahr":"1553-00-00","Br\u00e4utigam Sterbejahr":"1610-00-00","Br\u00e4utigam Dynastie":"Bourbon (Frankreich)","Br\u00e4utigam Konfession":"Evangelisch-Reformiert"},"Braut":{"Braut Name, Titel":"Margarete von Valois (Marguerite)","Braut GND":"http:\/\/d-nb.info\/gnd\/118577700","Braut Geburtsjahr":"1553-00-00","Braut Sterbejahr":"1615-00-00","Braut Dynastie":"Valois","Braut Konfession":"R\u00f6misch-Katholisch"},"Akteur Br\u00e4utigam":{"Akteur Br\u00e4utigam Name, Titel":"Heinrich III., K\u00f6nig von Navarra (sp\u00e4ter als Heinrich IV. auch K\u00f6nig von Frankreich)","Akteur Br\u00e4utigam GND":"http:\/\/d-nb.info\/gnd\/118548174","Akteur Br\u00e4utigam Dynastie":"Bourbon (Frankreich)","Akteur Br\u00e4utigam Verh\u00e4ltnis zu Br\u00e4utigam":"selbst","Akteur Br\u00e4utigam Name, Titel (32)":"Karl I., Kardinal, Erzbischof von Rouen (Charles)","Akteur Br\u00e4utigam GND (65)":"http:\/\/d-nb.info\/gnd\/120334925","Akteur Br\u00e4utigam Dynastie (35)":"Bourbon (Frankreich)","Akteur Br\u00e4utigam Verh\u00e4ltnis zu Br\u00e4utigam (34)":"Onkel"},"Akteur Braut":{"Akteur Braut Name, Titel":"Karl IX., K\u00f6nig von Frankreich (Charles)","Akteur Braut GND":"http:\/\/d-nb.info\/gnd\/118720880","Akteur Braut Dynastie":"Valois","Akteur Braut Verh\u00e4ltnis zu Braut":"Bruder","Akteur Braut Name, Titel (36)":"Katharina von Medici, K\u00f6niginwitwe von Frankreich","Akteur Braut GND (66)":"http:\/\/d-nb.info\/gnd\/118560557","Akteur Braut Dynastie (40)":"Medici","Akteur Braut Verh\u00e4ltnis zu Braut (38)":"Mutter"},"Vertragstext":{"Archivexemplar":"nicht nachgewiesen","Vertragssprache Archivexemplar":"nicht nachgewiesen","Digitalisat Archivexemplar":"-","Drucknachweis":"Dumont 1726-1739, Bd. V:1, S. 215-217","Vertragssprache Druck":"Franz\u00f6sisch","Digitalisat Druck":"https:\/\/gallica.bnf.fr\/ark:\/12148\/bpt6k1262878n\/f263.item","Vertragsinhalt":"[Pr\u00e4] \u2013 Vertragsschlie\u00dfung \u00fcber Ehe bekundet: baldige kirchliche Eheschlie\u00dfung angek\u00fcndigt, auf Basis von Vorvertrag mit verstorbener Br\u00e4utigammutter (215 re)\r\n\r\n1 \u2013 Braut versprochen an Br\u00e4utigam, Eheversprechen bekundet (215 re)\r\n\r\n2 \u2013 Mitgift festgelegt: im Gegenzug f\u00fcr Erbverzicht der Braut auf v\u00e4terliches und m\u00fctterliches Erbe (215 re \u2013 216 li)\r\n\r\n3 \u2013 Erbverzicht der Braut geregelt: mit Zustimmung von Br\u00e4utigam, Wiederholung nach Eheschlie\u00dfung geregelt (216 li)\r\n\r\n4 \u2013 Zahlung der Mitgift geregelt: Verzinsung, Anteile als Brauterbe und als mobile Ausstattung festgelegt, ggf. Nachbesserung geregelt, G\u00fctergemeinschaft an mobiler Ausstattung und Zugewinn vereinbart (216 li)\r\n\r\n5 \u2013 Zusatzzahlung f\u00fcr Braut festgelegt: von Brautmutter und Brautbr\u00fcdern, als erbliches Eigentum der Braut, zum Unterhalt von Braut und Hofstaat w\u00e4hrend der Ehe (216 li)\r\n\r\n6 \u2013 nach Tod von Br\u00e4utigam: Aufl\u00f6sung der G\u00fctergemeinschaft und Schuldenhaftung geregelt, Erbg\u00fcter der Braut geregelt, Vererbung von Nachlass nach Tod der Braut ohne Kinder geregelt (216 li \u2013 re)\r\n\r\n7 \u2013 nach Tod von Ehepartner: Vormundschaft \u00fcber Kinder geregelt, Weiternutzung der Eheg\u00fcter geregelt (216 re)\r\n\r\n8 \u2013 Witweneink\u00fcnfte, Witweng\u00fcter festgelegt: ggf. Nachbesserung geregelt, Bestellung von Bediensteten, Nutzungsrechte auf Witweng\u00fctern, Witwensitz geregelt (216 re)\r\n\r\n9 \u2013 Brautjuwelen festgelegt (216 re)\r\n\r\n10 \u2013 Eink\u00fcnfte zum Unterhalt der Braut geregelt: verrechnet mit Nachlass von Br\u00e4utigammutter, aus L\u00e4ndereien und Herrschaften in Frankreich, Bestellung von Bediensteten durch Braut geregelt (216 re \u2013 217 li)\r\n\r\n11 \u2013 \u00e4ltester Sohn bestimmt zu Thronfolger in Navarra: Erbfolge der \u00fcbrigen Kinder geregelt, ggf. weibliche Thronfolge geregelt, bei zweiter Ehe von Br\u00e4utigam oder Braut ggf. Erbfolge geregelt (217 li)\r\n\r\n12 \u2013 Schenkungen und Erbverzicht von Br\u00e4utigamonkel zugunsten von Br\u00e4utigamvater und Br\u00e4utigam best\u00e4tigt (217 li)\r\n\r\n13 \u2013 Einhaltung beschworen, Verzicht auf Einspr\u00fcche geregelt (217 li \u2013 re)\r\n","Regelungen \u00fcber Thronfolge und Regentschaft":"\u00e4ltester Sohn bestimmt zu Thronfolger in Navarra: Erbfolge der \u00fcbrigen Kinder geregelt, ggf. weibliche Thronfolge geregelt, bei zweiter Ehe von Br\u00e4utigam oder Braut ggf. Erbfolge geregelt - 11\r\n","konfessionelle Regelungen":"","erbrechtliche Regelungen":"Mitgift festgelegt: im Gegenzug f\u00fcr Erbverzicht der Braut auf v\u00e4terliches und m\u00fctterliches Erbe - 2\r\n\r\nErbverzicht der Braut geregelt: mit Zustimmung von Br\u00e4utigam, Wiederholung nach Eheschlie\u00dfung geregelt - 3\r\n\r\nZahlung der Mitgift geregelt: Verzinsung, Anteile als Brauterbe und als mobile Ausstattung festgelegt - 4\r\n\r\nZusatzzahlung f\u00fcr Braut festgelegt: von Brautmutter und Brautbr\u00fcdern, als erbliches Eigentum der Braut, zum Unterhalt von Braut und Hofstaat - 5\r\n\r\nnach Tod von Br\u00e4utigam: Aufl\u00f6sung der G\u00fctergemeinschaft und Schuldenhaftung geregelt, Erbg\u00fcter der Braut geregelt, Vererbung von Nachla\u00df nach Tod der Braut ohne Kinder geregelt - 6\r\n\r\n\u00e4ltester Sohn bestimmt zu Thronfolger in Navarra: Erbfolge der \u00fcbrigen Kinder geregelt, ggf. weibliche Thronfolge geregelt, bei zweiter Ehe von Br\u00e4utigam oder Braut ggf. Erbfolge geregelt - 11\r\n\r\nSchenkungen und Erbverzicht von Br\u00e4utigamonkel zugunsten von Br\u00e4utigamvater und Br\u00e4utigam best\u00e4tigt - 12\r\n"},"Einordnung des Vertrags":{"Textbezug zu vergangenen Ereignissen?":"","st\u00e4ndische Instanzen beteiligt?":"","externe Instanzen beteiligt?":"","Ratifikationen, Best\u00e4tigungen, Genehmigungen erw\u00e4hnt?":"","weitere Vertr\u00e4ge zwischen Vertragsparteien im Zusammenhang mit dieser Ehe":"","Schlagw\u00f6rter":"","Kommentar":"-","Literatur":"-"}}}