{"Dokument":{"Name":"B\u00f6hmen\/Ungarn - \u00d6sterreich\/Spanien","In Bearbeitung":"Nein","main":{"Name":"Ehevertrag B\u00f6hmen\/Ungarn - \u00d6sterreich\/Spanien 1515","Zuletzt ge\u00e4ndert":"2020-11 JK"},"Grunddaten Ehevertrag":{"Vertragspartner Br\u00e4utigam":"B\u00f6hmen\/Ungarn","Vertragspartner Braut":"\u00d6sterreich\/Spanien","Datum Vertragsschlie\u00dfung":"1515-07-22","Ort Vertragsschlie\u00dfung":"Wien","Eheschlie\u00dfung vollzogen?":"Ja","verschiedenkonfessionelle Ehe?":"Nein"},"Br\u00e4utigam":{"Br\u00e4utigam Name, Titel":"Ludwig, Sohn von K\u00f6nig Wladislaw II. von B\u00f6hmen und Ungarn","Br\u00e4utigam GND":"http:\/\/d-nb.info\/gnd\/119392895","Br\u00e4utigam Geburtsjahr":"1506-00-00","Br\u00e4utigam Sterbejahr":"1526-00-00","Br\u00e4utigam Dynastie":"Jagiellonen","Br\u00e4utigam Konfession":"R\u00f6misch-Katholisch"},"Braut":{"Braut Name, Titel":"Maria, Tochter von K\u00f6nig Philipp I. von Kastilien, Enkelin Kaiser Maximilians I.","Braut GND":"http:\/\/d-nb.info\/gnd\/119170531","Braut Geburtsjahr":"1505-00-00","Braut Sterbejahr":"1558-00-00","Braut Dynastie":"Habsburg (\u00d6sterreich)","Braut Konfession":"R\u00f6misch-Katholisch"},"Akteur Br\u00e4utigam":{"Akteur Br\u00e4utigam Name, Titel":"Wladislaw II., K\u00f6nig von B\u00f6hmen und Ungarn","Akteur Br\u00e4utigam GND":"http:\/\/d-nb.info\/gnd\/118634453","Akteur Br\u00e4utigam Dynastie":"Jagellionen","Akteur Br\u00e4utigam Verh\u00e4ltnis zu Br\u00e4utigam":"Vater"},"Akteur Braut":{"Akteur Braut Name, Titel":"Maximilian I., Kaiser","Akteur Braut GND":"http:\/\/d-nb.info\/gnd\/118579371","Akteur Braut Dynastie":"Habsburg (\u00d6sterreich)","Akteur Braut Verh\u00e4ltnis zu Braut":"Gro\u00dfvater"},"Vertragstext":{"Archivexemplar":"nicht nachgewiesen","Vertragssprache Archivexemplar":"nicht nachgewiesen","Digitalisat Archivexemplar":"-","Drucknachweis":"Dumont 1726-1739, Bd. IV:1, S. 211-214","Vertragssprache Druck":"Latein","Digitalisat Druck":"https:\/\/gallica.bnf.fr\/ark:\/12148\/bpt6k12634404\/f231.item","Vertragsinhalt":"Artikel 1: Eheschlie\u00dfung zwischen Ludwig und Maria bereits vollzogen, bis auf das Beilager, Maximilian und Wladislaw sichern zuk\u00fcnftigen Vollzug zu\r\n\r\nArtikel 2: Eheschlie\u00dfung zwischen Maximilian und Anna von Ungarn vollzogen, Annullierung der Ehe, falls einer von Maximilians Enkeln, entweder Ferdinand oder Karl, sich innerhalb eines Jahres ab Vertragsdatum, zu Eheschlie\u00dfung mit Anna bereiterkl\u00e4rt\r\n\r\nArtikel 3: Anna wird zur Erziehung in Maximilians Obhut \u00fcbergeben\r\n\r\nArtikel 4: Mitgift Annas auf 200.000 ungarischen Florin festgelegt, Zahlung bei Eheschlie\u00dfung bzw. Beilager zwischen Ludwig und Maria, Verrechnung mit Marias Mitgift \r\n\r\nArtikel 5: anstelle von Widerlage oder Morgengabe erh\u00e4lt Anna bei Eheschlie\u00dfung mit Maximilian ein Leibgedinge auf 25.000 ungarischen Dukaten j\u00e4hrlich\r\n\r\nArtikel 6: Regelung von Annas Leibgedinge bei Eheschlie\u00dfung mit Karl oder Ferdinand \r\n\r\nArtikel 7: Mitgift Marias ebenfalls auf 200.000 ungarische Florin festgelegt, zur Verrechnung mit Mitgift Annas\r\n\r\nArtikel 8: anstelle von Widerlage oder Morgengabe erh\u00e4lt Maria ab Eheschlie\u00dfung bzw. Beilager mit Ludwig ebenfalls ein Leibgedinge auf 25.000 ungarischen Dukaten j\u00e4hrlich\r\n\r\nArtikel 9: bei Tod von Annas Br\u00e4utigam vor Beilager: Zahlung von 100.000 Dukaten innerhalb eines Jahres an Anna, B\u00fcrgschaft der \u00f6sterreichischen St\u00e4nde, und R\u00fcckf\u00fchrung Annas nach Ungarn vereinbart\r\n\r\nArtikel 10: bei Tod Annas oder Marias vor Ehevollzug, Auszahlung Mitgift der verstorbenen an die andere Braut vereinbart\r\n\r\nArtikel 11: falls einer der Ehem\u00e4nner stirbt und sich die Witwe erneut verheiraten m\u00f6chte, Auszahlung der Mitgift, Verzicht auf Leibgedinge vereinbart\r\n\r\nArtikel 12: wechselseitige Einhaltung zugesichert, unter ausdr\u00fccklichem Einschluss von Ferdinand und Karl sowie Ludwig und Anna\r\n\r\nArtikel 13: Vertrag durch polnischen K\u00f6nig best\u00e4tigt\r\n\r\nArtikel 14: Best\u00e4tigung durch den Papst erbeten","Regelungen \u00fcber Thronfolge und Regentschaft":"","konfessionelle Regelungen":"","erbrechtliche Regelungen":""},"Einordnung des Vertrags":{"Textbezug zu vergangenen Ereignissen?":"","st\u00e4ndische Instanzen beteiligt?":"B\u00fcrgschaft der \u00f6sterreichischen St\u00e4nde (Artikel 9)","externe Instanzen beteiligt?":"K\u00f6nig von Polen, Papst","Ratifikationen, Best\u00e4tigungen, Genehmigungen erw\u00e4hnt?":"Artikel 14: Best\u00e4tigung durch den Papst erbeten","weitere Vertr\u00e4ge zwischen Vertragsparteien im Zusammenhang mit dieser Ehe":"Ehevertrag von Pre\u00dfburg 1515.05.20 - Ehevertrag von K\u00f6ln 1520.11.07","Schlagw\u00f6rter":"","Kommentar":"weiterer Prinzipal: Sigismund I., K\u00f6nig von Polen, Bruder Wladislaws\r\n\r\n2 Ehen in einem Vertrag geregelt, vgl. Enr. 58 - Charakter als Ehevertrag umstritten (Spekner nach Ogris)\r\n\r\nVertrag selbst ist nicht in Artikel unterteilt.","Literatur":"Spekner 2007, S. 35-38, 39 f. - Wiesflecker 1971-1986, Bd. 4, S. 154-162, 181-204, 218-220"}}}