{"Dokument":{"Name":"Sachsen - Brandenburg","In Bearbeitung":"Nein","main":{"Name":"Ehevertrag Sachsen - Brandenburg 1581","Zuletzt ge\u00e4ndert":"2021-05 JT"},"Akteur Br\u00e4utigam":{"Akteur Br\u00e4utigam Verh\u00e4ltnis zu Br\u00e4utigam":"Vater","Akteur Br\u00e4utigam Name, Titel":"August, Kurf\u00fcrst von Sachsen","Akteur Br\u00e4utigam GND":"http:\/\/d-nb.info\/gnd\/119458446","Akteur Br\u00e4utigam Dynastie":"Wettin (Albertiner)"},"Akteur Braut":{"Akteur Braut Name, Titel":"Johann Georg, Kurf\u00fcrst von Brandenburg","Akteur Braut GND":"http:\/\/d-nb.info\/gnd\/102111588","Akteur Braut Dynastie":"Hohenzollern","Akteur Braut Verh\u00e4ltnis zu Braut":"Vater"},"Vertragstext":{"Archivexemplar":"HStA Drd, 10001 O.U. 12099b","Vertragssprache Archivexemplar":"Deutsch","Digitalisat Archivexemplar":"","Drucknachweis":"","Vertragssprache Druck":"","Digitalisat Druck":"","Vertragsinhalt":"Pr\u00e4ambel: Freundschaft und Vertrauen zwischen den F\u00fcrstenh\u00e4usern Sachsen und Brandenburg bekundet\n\nArtikel 1: Ehe beschlossen zur Mehrung und Best\u00e4tigung der Freundschaft und Einheit, Heiratsgesuch Augusts und Christians von Sachsen und Zustimmung Sophias von Brandenburg bekundet; Beilager geregelt\n\nArtikel 2: Eheversprechen Christians und Einwilligung seiner Mutter in die Eheschlie\u00dfung bekundet\n\nArtikel 3: Mitgift auf 20.000 Gulden festgesetzt, Zahlungsfrist betr\u00e4gt ein Jahr, Quittierung geregelt\n\nArtikel 4: Aussteuer (Kleinodien, Silbergeschirr, Kleider, etc.) geregelt\n\nArtikel 5: Widerlage auf 20.000 Gulden festgesetzt, Anlage von und Widerlage in den kurs\u00e4chsischen L\u00e4ndern geregelt; Schloss und Amt Rochlitz mit allen zugeh\u00f6rigen L\u00e4ndereien, Rechten und Eink\u00fcnften als f\u00fcrstlicher Sitz der Braut ausgewiesen, Nutzungs- und Besitzrechte geregelt; j\u00e4hrliche Eink\u00fcnfte von 4.000 Gulden als Leibgedinge nach Christians Tod zugesichert; falls die 4.000 Gulden j\u00e4hrlich nicht erzielt werden, wird angemessener Ausgleich bereitgestellt\n\nArtikel 6: rechtliches Verh\u00e4ltnis zwischen Sophie und den Untertanen und Amtsleuten auf dem Leibgedingegut geregelt; 40 Pferde zu ihrer Verf\u00fcgung zugesichert; Huldigung und Eidleistung der der Untertanen und Amtleute nach vollzogenem Beilager zugesichert: Treueverpflichtung gegen\u00fcber Sophie nach Christians Tod geregelt; R\u00fcck\u00fcbertragung der Treueverpflichtung auf Christians Erben nach Sophies Tod geregelt; Verschreibungsbrief versprochen; eventuelle Einsetzung neuer Amtsleute geregelt\n\nArtikel 7: falls Leibgedinge und Wittum verw\u00fcstet werden, sodass standesgem\u00e4\u00dfe Versorgung und Unterbringung der Witwe nicht gew\u00e4hrleisten ist, verpflichten sich August, Christian und ihre Erben zur Bereitstellung eines angemessenen Ersatzes; bei Besch\u00e4digungen wird Versorgung mit Baumaterial und Hilfe bei der Instandsetzung versprochen\n\nArtikel 8: Schutz der Braut, des Leibgedinges und der Morgengabe versprochen\n\nArtikel 9: Besichtigung des Wittums durch die R\u00e4te des Brautvaters geregelt, Verbesserung zugesichert, falls Wittum nicht dem Stand der Braut entspricht und die 4.000 Gulden j\u00e4hrlichen Einkommens erbringen kann; falls die brandenburgische Seite M\u00e4ngel feststellt, sind diese zu beheben\n\nArtikel 10: Christian darf das Verm\u00e4chtnis seiner zuk\u00fcnftigen Frau nach eigenem Ermessen aufbessern\n\nArtikel 10: am Tag nach dem vollzogenen Beilager sollen Sophie als Morgengabe ein stattliches Kleinod \u00fcberreicht und eine lebenslange Zahlung von 400 Gulden j\u00e4hrlich zugesprochen werden, Zahlung geregelt\n\nArtikel 11: Erbverzicht der Braut auf alles v\u00e4terliche, m\u00fctterliche und br\u00fcderliche Erbe sowie auf jegliches andere Erbe des Hauses Brandenburg geregelt\n\nArtikel 12: erbrechtliche Sonderregelungen, falls die m\u00e4nnlichen Erben des Hauses Brandenburg aussterben\n\nArtikel 13: falls Sophia vor Christian verstirbt und keine Leibeserben vorhanden sind, f\u00e4llt ihre Aussteuer zum lebenslangen Gebrauch an den Br\u00e4utigam, der Brautvater bzw. dessen Erben erhalten eine Inventarliste, nach Christians Tod f\u00e4llt die Aussteuer zur\u00fcck an das Haus Brandenburg, wenn dort keine Erben vorhanden sind, f\u00e4llt die Aussteuer an die n\u00e4chsten Erben der Braut\n\nArtikel 14: falls Sophia vor Christian verstirbt und keine Leibeserben vorhanden sind, erh\u00e4lt er lebenslanges Gebrauchsrecht \u00fcber das Heiratsgut, nach dessen Tod f\u00e4llt das Ehegeld zur\u00fcck an den Brautvater und dessen Erben, wenn diese verstorben sind, f\u00e4llt das Ehegeld an die n\u00e4chsten Erben der Braut; bis das Heiratsgut zur\u00fcckgezahlt wurde, haben Erben der Braut Verf\u00fcgungsrecht \u00fcber das Wittumsgut und das Recht 2.000 Gulden j\u00e4hrlich daraus einzunehmen \n\nArtikel 15: Erbhuldigung erw\u00e4hnt, wenn die Braut das Wittum antritt, werden die Untertanen und Amtleute angewiesen, ihr zu huldigen und ihren Anweisungen Folge zu leisten\n\nArtikel 16: falls nach dem Tod beider Eheleute gemeinsame Leibeserben vorhanden, erben diese das Heiratsgut, die Widerlage etc.\n\nArtikel 17: falls Christian vor Sophie und ohne Leibeserben verstirbt, erh\u00e4lt sie lebenslanges Verf\u00fcgungsrecht \u00fcber Heiratsgut, Widerlage, die genannten G\u00fcter einschlie\u00dflich aller zu diesem Zeitpunkt auf dem Leibgedinge befindlichen Versorgungsg\u00fcter, die Aussteuer und eventuelle Barschaften und Geschenke; falls die Versorgung der Witwe nicht durch das Leibgedinge gew\u00e4hrleistet werden kann, verpflichten sich die Familie des Br\u00e4utigams, diese abzusichern\n\nArtikel 18: Hausrat der zum Leibgedinge geh\u00f6rt, soll auch nach einer Abl\u00f6sung oder dem Tod der Witwe dort verbleiben\n\nArtikel 19: falls die Witwe erneut heiratet, kann das Leibgedinge durch Zahlung von 40.000 Gulden abgel\u00f6st werden, sofern aus der ersten Ehe keine m\u00e4nnlichen Leibeserben vorhanden sind; falls m\u00e4nnliche Leibeserben vorhanden sind, soll Abl\u00f6sesumme 30.000 Gulden betragen, die Braut erh\u00e4lt die Zinsen aus dem einbehaltenen Teil, Versicherung bzw. B\u00fcrgschaft \u00fcber gezahlte Summen und Abtretung des Leibgedinges geregelt; Widerlage soll f\u00fcr die zu zahlenden Summen genutzt werden; Sophie besitzt dann lebenslanges Verf\u00fcgungsrecht \u00fcber Abl\u00f6sesumme, nach dem Tod der Braut f\u00e4llt diese Summe an eventuelle Leibeserben aus der Ehe mit Christian oder sonstige Erben des Br\u00e4utigams; sind keine Leibeserben aus der Ehe vorhanden, f\u00e4llt die Mitgift an den Brautvater und dessen Erben zur\u00fcck; falls diese verstorben sind, erhalten die n\u00e4chsten Erben der Braut die Mitgift; bis Mitgift zur\u00fcckgezahlt wurde, erhalten Brautvater und dessen Erben die H\u00e4lfte des Leibgedinges\n\nArtikel 20: Sophie und ihr Wittumsgut sind von Haftung f\u00fcr Schulden Christians oder seines Vaters ausgenommen \n\nArtikel 21: falls kurf\u00fcrstlich-s\u00e4chsische Lehensleute Besitz- oder Nutzungsanspr\u00fcche an Teilen des Wittumsguts haben, sollen sie durch den Kurf\u00fcrsten, seinen Sohn oder deren Erben ausbezahlt werden; Sophie darf hierdurch kein Schaden entstehen\n\nArtikel 22: Wittumsg\u00fcter d\u00fcrfen ohne Zustimmung der s\u00e4chsischen Seite nicht verkauft oder versetzt werden; Sophie wird das Gebrauchsrecht an den Witweng\u00fcter zugesichert\n\nArtikel 23: Sophie wird mit kurf\u00fcrstlich-s\u00e4chsische Lehen auf dem Wittumsgut belehnt, Ritterlehen sind hiervon jedoch ausgenommen\n\nArtikel 24: bestimme Steuereinnahmen auf dem Wittumsgut bleiben der kurf\u00fcrstlich-s\u00e4chsischen Landesobrigkeit vorbehalten\n\nArtikel 25: wechselseitige Einhaltung des Ehevertrages zugesichert\n\nArtikel 26: Ratifikation des Vertrages vereinbart ","Regelungen \u00fcber Thronfolge und Regentschaft":"","konfessionelle Regelungen":"","erbrechtliche Regelungen":"Artikel 11: Erbverzicht der Braut auf alles v\u00e4terliche, m\u00fctterliche und br\u00fcderliche Erbe sowie auf jegliches andere Erbe des Hauses Brandenburg geregelt\r\n\r\nArtikel 12: erbrechtliche Sonderregelungen, falls die m\u00e4nnlichen Erben des Hauses Brandenburg aussterben\r\n\r\nArtikel 13: falls Sophia vor Christian verstirbt und keine Leibserben vorhanden sind, f\u00e4llt ihre Aussteuer zum lebenslangen Gebrauch an den Br\u00e4utigam, der Brautvater bzw. dessen Erben erhalten eine Inventarliste, nach Christians Tod f\u00e4llt die Aussteuer zur\u00fcck an das Haus Brandenburg, wenn dort keine Erben vorhanden sind, f\u00e4llt die Aussteuer an die n\u00e4chsten Erben der Braut\r\n\r\nArtikel 14: falls Sophia vor Christian verstirbt und keine Leibserben vorhanden sind, erh\u00e4lt er lebenslanges Gebrauchsrecht \u00fcber das Heiratsgut, nach dessen Tod f\u00e4llt das Ehegeld zur\u00fcck an den Brautvater und dessen Erben, wenn diese verstorben sind, f\u00e4llt das Ehegeld an die n\u00e4chsten Erben der Braut; bis das Heiratsgut zur\u00fcckgezahlt wurde, haben Erben der Braut Verf\u00fcgungsrecht \u00fcber das Wittumsgut und das Recht 2.000 Gulden j\u00e4hrlich daraus einzunehmen \r\n\r\nArtikel 16: falls nach dem Tod beider Eheleute gemeinsame Leibeserben vorhanden, erben diese das Heiratsgut, die Widerlage etc.\r\n\r\nArtikel 17: falls Christian vor Sophie und ohne Leibserben verstirbt, erh\u00e4lt sie lebenslanges Verf\u00fcgungsrecht \u00fcber Heiratsgut, Widerlage, die genannten G\u00fcter einschlie\u00dflich aller zu diesem Zeitpunkt auf dem Leibgedinge befindlichen Versorgungsg\u00fcter, die Aussteuer und eventuelle Barschaften und Geschenke; falls die Versorgung der Witwe nicht durch das Leibgedinge gew\u00e4hrleistet werden kann, verpflichten sich die Familie des Br\u00e4utigams, diese abzusichern\r\n\r\nArtikel 19: falls die Witwe erneut heiratet, kann das Leibgedinge durch Zahlung von 40.000 Gulden abgel\u00f6st werden, sofern aus der ersten Ehe keine m\u00e4nnlichen Leibserben vorhanden sind; falls m\u00e4nnliche Leibserben vorhanden sind, soll Abl\u00f6sesumme 30.000 Gulden betragen, die Braut erh\u00e4lt die Zinsen aus dem einbehaltenen Teil, Versicherung bzw. B\u00fcrgschaft \u00fcber gezahlte Summen und Abtretung des Leibgedinges geregelt; Widerlage soll f\u00fcr die zu zahlenden Summen genutzt werden; Sophie besitzt dann lebenslanges Verf\u00fcgungsrecht \u00fcber Abl\u00f6sesumme, nach dem Tod der Braut f\u00e4llt diese Summe an eventuelle Leibserben aus der Ehe mit Christian oder sonstige Erben des Br\u00e4utigams; sind keine Leibserben aus der Ehe vorhanden, f\u00e4llt die Mitgift an den Brautvater und dessen Erben zur\u00fcck; falls diese verstorben sind, erhalten die n\u00e4chsten Erben der Braut die Mitgift; bis Mitgift zur\u00fcckgezahlt wurde, erhalten Brautvater und dessen Erben die H\u00e4lfte des Leibgedinges"},"Einordnung des Vertrags":{"Textbezug zu vergangenen Ereignissen?":"","st\u00e4ndische Instanzen beteiligt?":"","externe Instanzen beteiligt?":"","Ratifikationen, Best\u00e4tigungen, Genehmigungen erw\u00e4hnt?":"Artikel 26: Ratifikation des Vertrages vereinbart ","weitere Vertr\u00e4ge zwischen Vertragsparteien im Zusammenhang mit dieser Ehe":"","Schlagw\u00f6rter":"","Kommentar":"Der Vertrag ist im Original nicht in Artikel unterteilt, die Einteilung im Regest orientiert sich an inhaltlichen Sinnabschnitten.","Literatur":""},"Grunddaten Ehevertrag":{"Vertragspartner Br\u00e4utigam":"Sachsen","Vertragspartner Braut":"Brandenburg ","Datum Vertragsschlie\u00dfung":"1581-06-26","Ort Vertragsschlie\u00dfung":"nicht genannt","Eheschlie\u00dfung vollzogen?":"Ja","verschiedenkonfessionelle Ehe?":"Nein"},"Br\u00e4utigam":{"Br\u00e4utigam Name, Titel":"Christian I. von Sachsen","Br\u00e4utigam GND":"http:\/\/d-nb.info\/gnd\/118676075","Br\u00e4utigam Geburtsjahr":"1560-00-00","Br\u00e4utigam Sterbejahr":"1591-00-00","Br\u00e4utigam Dynastie":"Wettin (Albertiner)","Br\u00e4utigam Konfession":"Evangelisch-Lutherisch"},"Braut":{"Braut Name, Titel":"Sophie von Brandenburg","Braut GND":"http:\/\/d-nb.info\/gnd\/115841938","Braut Geburtsjahr":"1568-00-00","Braut Sterbejahr":"1622-00-00","Braut Dynastie":"Hohenzollern","Braut Konfession":"Evangelisch-Lutherisch"}}}