{"Dokument":{"Name":"Spanien - Frankreich","In Bearbeitung":"Nein","main":{"Name":"Ehevertrag Spanien - Frankreich 1679","Zuletzt ge\u00e4ndert":"2017-10 BB"},"Grunddaten Ehevertrag":{"Vertragspartner Br\u00e4utigam":"Spanien","Vertragspartner Braut":"Frankreich","Datum Vertragsschlie\u00dfung":"1679-08-30","Ort Vertragsschlie\u00dfung":"Fontainebleau","Eheschlie\u00dfung vollzogen?":"Ja","verschiedenkonfessionelle Ehe?":"Nein"},"Br\u00e4utigam":{"Br\u00e4utigam Name, Titel":"Karl II., K\u00f6nig von Spanien (Carlos)","Br\u00e4utigam GND":"http:\/\/d-nb.info\/gnd\/118776797","Br\u00e4utigam Geburtsjahr":"1661-00-00","Br\u00e4utigam Sterbejahr":"1700-00-00","Br\u00e4utigam Dynastie":"Habsburg (Spanien)","Br\u00e4utigam Konfession":"R\u00f6misch-Katholisch"},"Braut":{"Braut Name, Titel":"Marie Louise von Orleans","Braut GND":"http:\/\/d-nb.info\/gnd\/104189576","Braut Geburtsjahr":"1662-00-00","Braut Sterbejahr":"1689-00-00","Braut Dynastie":"Bourbon (Frankreich)","Braut Konfession":"R\u00f6misch-Katholisch"},"Akteur Br\u00e4utigam":{"Akteur Br\u00e4utigam Name, Titel":"Karl II., K\u00f6nig von Spanien (Carlos)","Akteur Br\u00e4utigam GND":"http:\/\/d-nb.info\/gnd\/118776797","Akteur Br\u00e4utigam Dynastie":"Habsburg (Spanien)","Akteur Br\u00e4utigam Verh\u00e4ltnis zu Br\u00e4utigam":"selbst"},"Akteur Braut":{"Akteur Braut Name, Titel":"Ludwig XIV., K\u00f6nig von Frankreich","Akteur Braut GND":"http:\/\/d-nb.info\/gnd\/118816829","Akteur Braut Dynastie":"Bourbon (Frankreich)","Akteur Braut Verh\u00e4ltnis zu Braut":"Onkel"},"Vertragstext":{"Archivexemplar":"nicht nachgewiesen","Vertragssprache Archivexemplar":"nicht nachgewiesen","Digitalisat Archivexemplar":"-","Drucknachweis":"CTS 15, S. 207-212","Vertragssprache Druck":"Franz\u00f6sisch","Digitalisat Druck":"-","Vertragsinhalt":"Einsicht des Brautonkels in die Brautwerbung des Br\u00e4utigams als Mittel zu besserer Bewahrung von \u00f6ffentlicher Ruhe und Frieden bekundet, Einwilligung von Brautonkel bekundet: als Zeichen f\u00fcr Willen zur ehrlichen und dauerhaften Freundschaft mit Spanien zum Wohl der Christenheit und zur Erneuerung der gl\u00fccklichen Eheverbindungen zwischen Frankreich und Spanien \u2013 Ernennung von Verhandlern und Abschluss von Vorvertrag bekundet, Vertragsabschluss bekundet (207-209)\r\n\r\n1 \u2013 Eheversprechen ausgetauscht, Eheschlie\u00dfung geregelt: durch Prokurator f\u00fcr Br\u00e4utigam am franz\u00f6sischen Hof, nach katholischem Ritus, nach Erlangung von Dispens des Papstes\r\n\r\n2 \u2013 Mitgift festgelegt: im Gegenzug f\u00fcr Erbverzicht der Braut auf v\u00e4terliches und m\u00fctterliches Erbe, aus Schenkungen von m\u00fctterlicher Gro\u00dfmutter und Mutter der Braut, Nachbesserung und Zahlung geregelt\r\n\r\n3 \u2013 Brautjuwelen festgelegt von Brautvater\r\n\r\n4 \u2013 Anlage der Mitgift in G\u00fctern und Renten geregelt\r\n\r\n5 \u2013 Brautjuwelen festgelegt von Br\u00e4utigam: zu erblichem Besitz der Braut\r\n\r\n6 \u2013 Unterhalt f\u00fcr Braut und ihren Hofstaat geregelt\r\n\r\n7 \u2013 anstelle von Witweng\u00fctern: Mitgiftzulage von Br\u00e4utigam festgelegt \u2013 nach Tod von Br\u00e4utigam: Anfall von Mitgift und Mitgiftzulage an Braut zu erblichem Besitz geregelt\r\n\r\n8 \u2013 nach Tod von Br\u00e4utigam: Abzugsrecht von Braut und Hofstaat ins Ausland zugesichert, Besitz von pers\u00f6nlichem Eigentum der Braut und Mitgift zugesichert\r\n\r\n9 \u2013 \u00dcberf\u00fchrung der Braut geregelt\r\n\r\n10 \u2013 Einhaltung und Verzicht auf Einrede zugesichert\r\n","Regelungen \u00fcber Thronfolge und Regentschaft":"","konfessionelle Regelungen":"Eheversprechen ausgetauscht, Eheschlie\u00dfung geregelt:  nach katholischem Ritus, nach Erlangung von Dispens des Papstes - 1","erbrechtliche Regelungen":"Mitgift festgelegt: im Gegenzug f\u00fcr Erbverzicht der Braut auf v\u00e4terliches und m\u00fctterliches Erbe - 2\r\n\r\nBrautjuwelen festgelegt von Br\u00e4utigam: zu erblichem Besitz der Braut - 5\r\n\r\nnach Tod von Br\u00e4utigam: Anfall von Mitgift und Mitgiftzulage an Braut zu erblichem Besitz geregelt - 7"},"Einordnung des Vertrags":{"Textbezug zu vergangenen Ereignissen?":"","st\u00e4ndische Instanzen beteiligt?":"","externe Instanzen beteiligt?":"Dispens des Pastes erw\u00e4hnt - Pr\u00e4","Ratifikationen, Best\u00e4tigungen, Genehmigungen erw\u00e4hnt?":"","weitere Vertr\u00e4ge zwischen Vertragsparteien im Zusammenhang mit dieser Ehe":"Vertrag von Chateau de Freyr sur Meuse 25.10.1675 \u00fcber Wiederaufnahme von Handel in den Spanischen Niederlanden\r\n\r\nKompromiss von Nimwegen 11.09.1679\r\n\r\nFriedensvertrag von Nimwegen 1679.09.17\r\n\r\nVertrag von Regensburg 1684.08.15 \u00fcber 20j\u00e4hrigen Waffenstillstand","Schlagw\u00f6rter":"Holl\u00e4ndischer Krieg 1672-1679","Kommentar":"-","Literatur":"-"}}}