{"Dokument":{"Name":"Schweden - D\u00e4nemark","In Bearbeitung":"Nein","main":{"Name":"Ehevertrag Schweden - D\u00e4nemark 1766","Zuletzt ge\u00e4ndert":"2017-08 BB"},"Grunddaten Ehevertrag":{"Vertragspartner Br\u00e4utigam":"Schweden","Vertragspartner Braut":"D\u00e4nemark","Datum Vertragsschlie\u00dfung":"1766-09-29","Ort Vertragsschlie\u00dfung":"Kopenhagen","Eheschlie\u00dfung vollzogen?":"Ja","verschiedenkonfessionelle Ehe?":"Nein"},"Br\u00e4utigam":{"Br\u00e4utigam Name, Titel":"Gustav, Kronprinz von Schweden (sp\u00e4ter als Gustav III. K\u00f6nig)","Br\u00e4utigam GND":"http:\/\/d-nb.info\/gnd\/118543725","Br\u00e4utigam Geburtsjahr":"1746-00-00","Br\u00e4utigam Sterbejahr":"1792-00-00","Br\u00e4utigam Dynastie":"Oldenburg (Gottorf)","Br\u00e4utigam Konfession":"Evangelisch-Lutherisch"},"Braut":{"Braut Name, Titel":"Sophie Magdalena, Prinzessin von D\u00e4nemark","Braut GND":"http:\/\/d-nb.info\/gnd\/1052478298","Braut Geburtsjahr":"1746-00-00","Braut Sterbejahr":"1813-00-00","Braut Dynastie":"Oldenburg (D\u00e4nemark)","Braut Konfession":"Evangelisch-Lutherisch"},"Akteur Br\u00e4utigam":{"Akteur Br\u00e4utigam Name, Titel":"Adolf Friedrich, K\u00f6nig von Schweden","Akteur Br\u00e4utigam GND":"http:\/\/d-nb.info\/gnd\/116008652","Akteur Br\u00e4utigam Dynastie":"Oldenburg (Gottorf)","Akteur Br\u00e4utigam Verh\u00e4ltnis zu Br\u00e4utigam":"Vater"},"Akteur Braut":{"Akteur Braut Name, Titel":"Christian VII., K\u00f6nig von D\u00e4nemark","Akteur Braut GND":"http:\/\/d-nb.info\/gnd\/118930915","Akteur Braut Dynastie":"Oldenburg (D\u00e4nemark)","Akteur Braut Verh\u00e4ltnis zu Braut":"Bruder"},"Vertragstext":{"Archivexemplar":"Stockholm, Riksarkivet, Konungahusens urkunder, 48 Urkunder r\u00f6rande kronprins Gustafs och prinsessan Sofia Magdalenas gifterm\u00e5l 1766, nr. 48 c \u00c4ktenskapskontrakt","Vertragssprache Archivexemplar":"Schwedisch","Digitalisat Archivexemplar":"https:\/\/sok.riksarkivet.se\/bildvisning\/R0001284","Drucknachweis":"CTS 43, S. 427-442, nach DT, S. 213-226","Vertragssprache Druck":"D\u00e4nisch","Digitalisat Druck":"-","Vertragsinhalt":"[Pr\u00e4] \u2013Einigung auf Abfassung von Ehevertrag bekundet: vor Eheschlie\u00dfung, nach Pr\u00e4liminarvertrag 11.07.1766 \u2013 Ernennung von Verhandlern bekundet: zur Befestigung von alter Freundschaft zwischen Reichen, als Vorbote von gl\u00fccklicher Zukunft \u2013 Verhandlungen, Vertragsabschluss bekundet\r\n\r\n1 \u2013 Eheschlie\u00dfung vereinbart: nach \u00dcberf\u00fchrung der Braut nach Schweden, kirchliche Trauung geregelt\r\n\r\n2 \u2013 Mitgift festgelegt: Zahlung geregelt, im Gegenzug f\u00fcr Erbverzicht der Braut, Nutzung zugunsten von Br\u00e4utigam geregelt, R\u00fcckfall nach Tod der Braut ohne Kinder geregelt, Nutzung durch Braut nach Tod von Br\u00e4utigam geregelt\r\n\r\n3 \u2013 Aussteuer geregelt\r\n\r\n4 \u2013 Morgengabe festgelegt: Nutzung geregelt\r\n\r\n5 \u2013 Unterhalt der Braut w\u00e4hrend der Ehe festgelegt: zus\u00e4tzlich zu Morgengabe und Witweneink\u00fcnften, f\u00fcr Kleidung und pers\u00f6nlichen Bedarf, Zahlung geregelt, Erh\u00f6hung von Unterhalt und Witweneink\u00fcnften nach Thronbesteigung der Braut zugesichert\r\n\r\n6 \u2013 Hofstaat der Braut geregelt: Bestellung und Besoldung der Bediensteten geregelt\r\n\r\n7 \u2013 Widerlage und Witweneink\u00fcnfte festgelegt: anstelle von Anweisung von Witweng\u00fctern, Zahlung geregelt \u2013 Witwensitz festgelegt: Nutzungsrechte, Zustand und Ausstattung geregelt \u2013 Abtretung von Witwensitz bei Abzug der Witwe ins Ausland geregelt \u2013 pers\u00f6nlicher Besitz der Braut als Witwe geregelt\r\n\r\n8 \u2013 Kindererziehung geregelt: lutherische Konfession vorgeschrieben, Finanzierung geregelt\r\n\r\n9 \u2013 Indemnit\u00e4t der Braut von schwedischen Schulden zugesichert\r\n\r\n10 \u2013 nach Tod der Braut ohne \u00fcberlebende Kinder: Weiternutzung von Mitgift, R\u00fcckfall nach Tod des Br\u00e4utigams geregelt, \u00dcbergang von Zugewinn und Aussteuer an Br\u00e4utigam geregelt \u2013 nach Tod von Ehepartnern mit \u00fcberlebenden Kindern: Vererbung von Mitgift, Widerlage und Nachlass der Braut geregelt \u2013 bei zweiter Ehe der Braut mit oder ohne \u00fcberlebende Kinder: mit Zustimmung von schwedischen St\u00e4nden, Abl\u00f6sung von Witweneink\u00fcnften nach Gutd\u00fcnken von schwedischem K\u00f6nig geregelt, Abtretung von Witwensitz geregelt\r\n\r\n11 \u2013 nach Tod von Braut oder Br\u00e4utigam vor Eheschlie\u00dfung: Nichtigkeit von Ehevertrag geregelt\r\n\r\n12 \u2013 Ratifikation geregelt\r\n\r\n[Suppl] \u2013 (Formular f\u00fcr Erbverzichtsurkunde der Braut mit Ratifikation von Br\u00e4utigam inseriert) (437 \u2013 442)\r\n","Regelungen \u00fcber Thronfolge und Regentschaft":"Erh\u00f6hung von Unterhalt und Witweneink\u00fcnften nach Thronbesteigung der Braut zugesichert - 5\r\n","konfessionelle Regelungen":"Kindererziehung geregelt: lutherische Konfession vorgeschrieben - 8\r\n","erbrechtliche Regelungen":"nach Tod von Ehepartnern mit \u00fcberlebenden Kindern: Vererbung von Mitgift, Widerlage und Nachlass der Braut geregelt \u2013 10"},"Einordnung des Vertrags":{"Textbezug zu vergangenen Ereignissen?":"","st\u00e4ndische Instanzen beteiligt?":"bei zweiter Ehe der Braut: Zustimmung von schwedischen St\u00e4nden vorbehalten - 10","externe Instanzen beteiligt?":"","Ratifikationen, Best\u00e4tigungen, Genehmigungen erw\u00e4hnt?":"Ratifikation geregelt - 12","weitere Vertr\u00e4ge zwischen Vertragsparteien im Zusammenhang mit dieser Ehe":"","Schlagw\u00f6rter":"","Kommentar":"Druckfassung: nach Pr\u00e4liminarvertrag 11.07.1766, Pr\u00e4ambel anders, Art. 12 fehlt Inhalt","Literatur":"Rangstr\u00f6m 2010, S. 238-255."}}}