{"Dokument":{"Name":"Preu\u00dfen - D\u00e4nemark","In Bearbeitung":"Nein","main":{"Name":"Ehevertrag Preu\u00dfen - D\u00e4nemark 1526","Zuletzt ge\u00e4ndert":"2017-08 BB"},"Grunddaten Ehevertrag":{"Vertragspartner Br\u00e4utigam":"Preu\u00dfen (Herzogtum)","Vertragspartner Braut":"D\u00e4nemark","Datum Vertragsschlie\u00dfung":"1526-12-02","Ort Vertragsschlie\u00dfung":"Flensburg","Eheschlie\u00dfung vollzogen?":"Ja","verschiedenkonfessionelle Ehe?":"Nein"},"Br\u00e4utigam":{"Br\u00e4utigam Name, Titel":"Albrecht, Markgraf von Brandenburg-Ansbach, Herzog von Preu\u00dfen","Br\u00e4utigam GND":"http:\/\/d-nb.info\/gnd\/118637673","Br\u00e4utigam Geburtsjahr":"1490-00-00","Br\u00e4utigam Sterbejahr":"1658-00-00","Br\u00e4utigam Dynastie":"Hohenzollern","Br\u00e4utigam Konfession":"Evangelisch-Lutherisch"},"Braut":{"Braut Name, Titel":"Dorothea von D\u00e4nemark","Braut GND":"http:\/\/d-nb.info\/gnd\/11868048X","Braut Geburtsjahr":"1504-00-00","Braut Sterbejahr":"1547-00-00","Braut Dynastie":"Oldenburg (D\u00e4nemark)","Braut Konfession":"Evangelisch-Lutherisch"},"Akteur Br\u00e4utigam":{"Akteur Br\u00e4utigam Name, Titel":"Albrecht, Markgraf von Brandenburg-Ansbach, Herzog von Preu\u00dfen","Akteur Br\u00e4utigam GND":"http:\/\/d-nb.info\/gnd\/118637673","Akteur Br\u00e4utigam Dynastie":"Hohenzollern","Akteur Br\u00e4utigam Verh\u00e4ltnis zu Br\u00e4utigam":"selbst"},"Akteur Braut":{"Akteur Braut Name, Titel":"Friedrich I., K\u00f6nig von D\u00e4nemark und Norwegen, Herzog von Schleswig und Holstein","Akteur Braut GND":"http:\/\/d-nb.info\/gnd\/119187620","Akteur Braut Dynastie":"Oldenburg (D\u00e4nemark)","Akteur Braut Verh\u00e4ltnis zu Braut":"Vater"},"Vertragstext":{"Archivexemplar":"nicht nachgewiesen","Vertragssprache Archivexemplar":"nicht nachgewiesen","Digitalisat Archivexemplar":"-","Drucknachweis":"DNT I, S. 54-59","Vertragssprache Druck":"Deutsch","Digitalisat Druck":"-","Vertragsinhalt":"Pr\u00e4ambel: zu Lob und Ehre Gottes, zu Wohlfahrt und Fortbestand beider L\u00e4nder: Vertragschlie\u00dfung bekundet: (54f.)\r\n\r\nArtikel 1: Einwilligung f\u00fcr Braut erteilt, Mitgift festgelegt, Zahlung geregelt, Aussteuer und \u00dcberf\u00fchrung der Braut geregelt\r\n\r\nArtikel 2: Witweng\u00fcter festgelegt: nach Wahl durch Brautvater, Nutzungsrechte und Witwensitz geregelt\r\n\r\nArtikel 3: Witweneink\u00fcnfte festgelegt: ggf. Nachbesserung zugesichert\r\n\r\nArtikel 4: Zubeh\u00f6r auf, Nutzungsrechte an Witweng\u00fctern geregelt\r\n\r\nArtikel 5: Rechtsstellung von Amtmann, Untertanen auf Witwengut geregelt\r\n\r\nArtikel 6: Verschreibungsbrief f\u00fcr Witweng\u00fcter geregelt: mit B\u00fcrgschaft durch preu\u00dfische St\u00e4nde\r\n\r\nArtikel 7: Morgengabe und Erh\u00f6hung von Witweng\u00fctern durch Br\u00e4utigam vorbehalten\r\n\r\nArtikel 8: Genehmigung, \u00dcbergabe von Verschreibungbrief: durch Br\u00fcder, Lehnsnehmer von Br\u00e4utigam\r\n\r\nArtikel 9: Verzicht von Br\u00e4utigam auf v\u00e4terliches und m\u00fctterliches Brauterbe geregelt: im Gegenzug f\u00fcr Mitgiftzahlung, au\u00dfer bei Aussterben der d\u00e4nischen K\u00f6nige\r\n\r\nArtikel 10-11: nach Tod von Braut ohne Kinder: R\u00fcckfall von Mitgift, Aussteuer geregelt, \u00c4nderung vorbehalten\r\n\r\nArtikel 12: B\u00fcrgschaft f\u00fcr, Besiegelung von Ehevertrag durch preu\u00dfische St\u00e4nde vereinbart\r\n\r\n[Esch] \u2013 Einhaltung versprochen (58f.)\r\n","Regelungen \u00fcber Thronfolge und Regentschaft":"","konfessionelle Regelungen":"","erbrechtliche Regelungen":"Verzicht von Br\u00e4uitigam auf v\u00e4terliches und m\u00fctterliches Brauterbe geregelt: im Gegenzug f\u00fcr Mitgiftzahlung, au\u00dfer bei Aussterben der d\u00e4nischen K\u00f6nige - 9\r\n\r\n"},"Einordnung des Vertrags":{"Textbezug zu vergangenen Ereignissen?":"","st\u00e4ndische Instanzen beteiligt?":"B\u00fcrgschaft durch preu\u00dfische St\u00e4nde - 6, Genehmigung von Verschreibungsbrief durch Lehnsnehmer von Br\u00e4utigam - 8, B\u00fcrgschaft f\u00fcr, Besiegelung von Ehevertrag durch preu\u00dfische St\u00e4nde erw\u00e4hnt - 12","externe Instanzen beteiligt?":"","Ratifikationen, Best\u00e4tigungen, Genehmigungen erw\u00e4hnt?":"Genehmigung, \u00dcbergabe von Verschreibungsbrief durch Lehnsnehmer von Br\u00e4utigam erw\u00e4hnt - 8\r\n\r\nB\u00fcrgschaft f\u00fcr, Besiegelung von Ehevertrag durch preu\u00dfische St\u00e4nde vereinbart - 12","weitere Vertr\u00e4ge zwischen Vertragsparteien im Zusammenhang mit dieser Ehe":"","Schlagw\u00f6rter":"","Kommentar":"Vgl. Erbverzichtserkl\u00e4rung der Braut 06.07.1526  (DNT I, S. 60-62)","Literatur":"Laursen in DNT I, S. 52-54 - DUH I, S. 252 f. - Voigt 1851"}}}