{"Dokument":{"Name":"Bayern - Savoyen-Piemont","In Bearbeitung":"Nein","main":{"Name":"Ehevertrag Bayern - Savoyen-Piemont 1650","Zuletzt ge\u00e4ndert":"2021-04 JK"},"Grunddaten Ehevertrag":{"Vertragspartner Br\u00e4utigam":"Bayern","Vertragspartner Braut":"Savoyen-Piemont","Datum Vertragsschlie\u00dfung":"1650-12-04","Ort Vertragsschlie\u00dfung":"Turin","Eheschlie\u00dfung vollzogen?":"Ja","verschiedenkonfessionelle Ehe?":"Nein"},"Br\u00e4utigam":{"Br\u00e4utigam Name, Titel":"Ferdinand Maria von Bayern","Br\u00e4utigam GND":"http:\/\/d-nb.info\/gnd\/119105691","Br\u00e4utigam Geburtsjahr":"1636-00-00","Br\u00e4utigam Sterbejahr":"1679-00-00","Br\u00e4utigam Dynastie":"Wittelsbach (Bayern)","Br\u00e4utigam Konfession":"R\u00f6misch-Katholisch"},"Braut":{"Braut Name, Titel":"Henriette Adelaide von Savoyen","Braut GND":"http:\/\/d-nb.info\/gnd\/118549286","Braut Geburtsjahr":"1636-00-00","Braut Sterbejahr":"1676-00-00","Braut Dynastie":"Savoyen","Braut Konfession":"R\u00f6misch-Katholisch"},"Akteur Br\u00e4utigam":{"Akteur Br\u00e4utigam Name, Titel":"Maximilian I., Kurf\u00fcrst von Bayern","Akteur Br\u00e4utigam GND":"http:\/\/d-nb.info\/gnd\/118579355","Akteur Br\u00e4utigam Dynastie":"Wittelsbach (Bayern)","Akteur Br\u00e4utigam Verh\u00e4ltnis zu Br\u00e4utigam":"Vater","Akteur Br\u00e4utigam Name, Titel (32)":"Maria Anna von \u00d6sterreich","Akteur Br\u00e4utigam GND (65)":"http:\/\/d-nb.info\/gnd\/118893289","Akteur Br\u00e4utigam Dynastie (35)":"Wittelsbach (Bayern)","Akteur Br\u00e4utigam Verh\u00e4ltnis zu Br\u00e4utigam (34)":"Mutter"},"Akteur Braut":{"Akteur Braut Name, Titel":"Christine von Savoyen, als Vormund f\u00fcr Karl Emanuel II. von Savoyen","Akteur Braut GND":"http:\/\/d-nb.info\/gnd\/119164248","Akteur Braut Dynastie":"Savoyen","Akteur Braut Verh\u00e4ltnis zu Braut":"Mutter, als Vormund f\u00fcr den Bruder"},"Vertragstext":{"Archivexemplar":"nicht nachgewiesen","Vertragssprache Archivexemplar":"nicht nachgewiesen","Digitalisat Archivexemplar":"-","Drucknachweis":"CTS 2, S. 249-258","Vertragssprache Druck":"Latein","Digitalisat Druck":"-","Vertragsinhalt":"Pr\u00e4ambel: Einholung p\u00e4pstlicher Dispens aufgrund des Verwandtschaftsgrades der Eheleute erw\u00e4hnt\r\n\r\nArtikel 1: Eheschlie\u00dfung bekundet\r\n\r\nArtikel 2: Mitgift festgelegt auf 200.000 Kronen oder italienische Gold-Scudi\r\n\r\nArtikel 3: Erstellung eines Inventars \u00fcber Kleinodien und mobilen Besitz Adelaides geregelt\r\n\r\nArtikel 4: Zahlung der Mitgift geregelt, Leibgedinge festgelegt, Morgengabe festgelegt, Verf\u00fcgungsrecht Adelaides an der Morgengabe im Falle Ihrer Verwitwung geregelt\r\n\r\nArtikel 5: Grafschaft \u201eMeringen\u201c und die St\u00e4dte Schongau, Landsberg, Friedberg und Aichach werden als Sicherheiten f\u00fcr die Verf\u00fcgung Adelaides \u00fcber Mitgift und Morgengabe angegeben\r\n\r\nArtikel 6: Auszahlung der Mitgift als Witwenversorgung geregelt, \u00dcbergabe von Kleinodien und mobilem Besitz und Morgengabe an Adelaide sowie Witwensitz in Landshut und Witwenrente geregelt\r\n\r\nArtikel 7: bei zweiter Ehe Adelaides nach dem Tod Ferdinand Marias: R\u00fcckfall von Witwensitz, Kompensationszahlungen an Adelaide geregelt\r\n\r\nArtikel 8: bei Tod Adelaides: Erbrecht der Kinder an Heiratsg\u00fctern und Kleinodien geregelt, Nutzungsrecht bei Ferdinand Maria\r\n\r\nArtikel 9: bei Tod Adelaides ohne Kinder: Auslieferung der Kleinodien an ihre Erben zugesichert, lebenslange Nutzung der Mitgift wird Ferdinand Maria vorbehalten\r\n\r\nArtikel 10: Erbverzicht Adelaides hinsichtlich des v\u00e4terlichen und m\u00fctterlichen Erbes bekundet: au\u00dfer bei Aussterben der Herz\u00f6ge von Savoyen und ausgenommen ihres Erbanspruchs auf Montferrat\r\n\r\nArtikel 11: in allen Streit- und Zweifelsf\u00e4llen hinsichtlich der Vertragsbestimmungen: Anwendung des ius commune unter Verzicht auf Zivilrecht, kanonisches Recht Hofrecht oder f\u00fcrstliche Reskripte vereinbart","Regelungen \u00fcber Thronfolge und Regentschaft":"","konfessionelle Regelungen":"","erbrechtliche Regelungen":"Artikel 8: bei Tod Adelaides: Erbrecht der Kinder an Heiratsg\u00fctern und Kleinodien geregelt [...]\r\n\r\nArtikel 10: Erbverzicht Adelaides hinsichtlich des v\u00e4terlichen und m\u00fctterlichen Erbes bekundet: au\u00dfer bei Aussterben der Herz\u00f6ge von Savoyen und ausgenommen ihres Erbanspruchs auf Montferrat"},"Einordnung des Vertrags":{"Textbezug zu vergangenen Ereignissen?":"","st\u00e4ndische Instanzen beteiligt?":"","externe Instanzen beteiligt?":"Pr\u00e4ambel: Einholung p\u00e4pstlicher Dispens aufgrund des Verwandtschaftsgrades der Eheleute erw\u00e4hnt","Ratifikationen, Best\u00e4tigungen, Genehmigungen erw\u00e4hnt?":"","weitere Vertr\u00e4ge zwischen Vertragsparteien im Zusammenhang mit dieser Ehe":"","Schlagw\u00f6rter":"","Kommentar":"\u00dc - nach Scheitern von Heiratsplan Ludwig XIV. mit Adelaide eingeleitet von Mazarin - nach Vorvertrag 1650.05.14 (Albrecht 1998)\r\n\r\nVertrag selbst ist nicht in Artikel unterteilt.","Literatur":"Albrecht 1998, S. 1101 f. - Heigel 1890 - Nicklas 2010, S. 251-254 - Oresko\/Parrott 1998, S. 152"}}}