{"Dokument":{"Name":"Schweden - Sachsen-Lauenburg","In Bearbeitung":"Nein","main":{"Zuletzt ge\u00e4ndert":"2017-09 BB","Name":"Ehevertrag Schweden - Sachsen-Lauenburg 1531"},"Grunddaten Ehevertrag":{"Vertragspartner Br\u00e4utigam":"Schweden","Vertragspartner Braut":"Sachsen-Lauenburg","Datum Vertragsschlie\u00dfung":"1531-03-19","Ort Vertragsschlie\u00dfung":"L\u00fcbeck","Eheschlie\u00dfung vollzogen?":"Ja","verschiedenkonfessionelle Ehe?":"Nein"},"Br\u00e4utigam":{"Br\u00e4utigam Name, Titel":"Gustav I., K\u00f6nig von Schweden","Br\u00e4utigam GND":"http:\/\/d-nb.info\/gnd\/118699431","Br\u00e4utigam Geburtsjahr":"1496-00-00","Br\u00e4utigam Sterbejahr":"1560-00-00","Br\u00e4utigam Dynastie":"Wasa","Br\u00e4utigam Konfession":"Evangelisch-Lutherisch"},"Braut":{"Braut Name, Titel":"Katharina von Sachsen-Lauenburg","Braut GND":"http:\/\/d-nb.info\/gnd\/137979533","Braut Geburtsjahr":"1513-00-00","Braut Sterbejahr":"1535-00-00","Braut Dynastie":"Askanier (Sachsen-Lauenburg)","Braut Konfession":"Evangelisch-Lutherisch"},"Akteur Br\u00e4utigam":{"Akteur Br\u00e4utigam Name, Titel":"Gustav I., K\u00f6nig von Schweden","Akteur Br\u00e4utigam GND":"http:\/\/d-nb.info\/gnd\/118699431","Akteur Br\u00e4utigam Dynastie":"Wasa","Akteur Br\u00e4utigam Verh\u00e4ltnis zu Br\u00e4utigam":"selbst"},"Akteur Braut":{"Akteur Braut Name, Titel":"Magnus I., Herzog von Sachsen-Lauenburg","Akteur Braut GND":"http:\/\/d-nb.info\/gnd\/104176784","Akteur Braut Dynastie":"Askanier (Sachsen-Lauenburg)","Akteur Braut Verh\u00e4ltnis zu Braut":"Vater"},"Vertragstext":{"Archivexemplar":"nicht nachgewiesen","Vertragssprache Archivexemplar":"nicht nachgewiesen","Digitalisat Archivexemplar":"-","Drucknachweis":"Gustaf I:s registratur, del 7, S. 284-290","Vertragssprache Druck":"Deutsch","Digitalisat Druck":"-","Vertragsinhalt":"[Pr\u00e4] \u2013 zum Lob Gottes, zur Vermehrung von Liebe und Freundschaft, zu Nutzen und Wohlfahrt ihrer L\u00e4nder und Untertanen, zur F\u00f6rderung des gemeinen Nutzens: Ehevertrag bekundet (284)\r\n\r\n[1] \u2013 Eheversprechen f\u00fcr Braut gegeben (284)\r\n\r\n[2] \u2013 \u00dcberf\u00fchrung von Braut und Gefolge geregelt, Aussteuer geregelt (284f.)\r\n\r\n[3] \u2013 Eheschlie\u00dfung von Br\u00e4utigam zugesichert, Morgengabe geregelt, \u00dcberf\u00fchrung der Braut und R\u00fcckf\u00fchrung von Gefolge geregelt (285f.)\r\n\r\n[4] \u2013 Witweneink\u00fcnfte und Witweng\u00fcter festgelegt: Huldigung und Rechtsstellung der Untertanen geregelt, Nutzungsrechte und Bestellung von Amtleuten geregelt, R\u00fcckfall an schwedische Krone nach Tod der Braut geregelt (286f.)\r\n\r\n[5] \u2013 nach Tod der Braut: Vererbung von Nachlass geregelt (287f.)\r\n\r\n[6] \u2013 auf Wunsch der Braut ohne \u00fcberlebende Kinder: ggf. Abl\u00f6sung von Witweng\u00fctern w\u00e4hrend Witwenzeit geregelt, Auslieferung von pers\u00f6nlichem Besitz der Braut geregelt (288)\r\n\r\n[7] \u2013 nach Tod von Br\u00e4utigam mit \u00fcberlebenden Kindern: Abl\u00f6sung von Witweng\u00fctern abh\u00e4ngig von schwedischem Reichsrat oder lebenslange Nutzung von Witweneink\u00fcnften durch Braut geregelt, Vererbung von Nachlass der Braut an Kinder geregelt (288f.)\r\n\r\n[8] \u2013 schwedische Thronfolge ggf. f\u00fcr \u00e4ltesten Sohn geregelt, Versorgung der \u00fcbrigen Kinder und Ausstattung der T\u00f6chter zugesichert (289)\r\n\r\n[9] \u2013 Einhaltung zugesichert (289f.)\r\n","Regelungen \u00fcber Thronfolge und Regentschaft":"schwedische Thronfolge ggf. f\u00fcr \u00e4ltesten Sohn geregelt - 8","konfessionelle Regelungen":"","erbrechtliche Regelungen":"nach Tod der Braut: Vererbung von Nachlass geregelt - 5\r\n\r\nnach Tod von Br\u00e4utigam mit \u00fcberlebenden Kindern: Vererbung von Nachlass der Braut an Kinder geregelt - 7\r\n"},"Einordnung des Vertrags":{"Textbezug zu vergangenen Ereignissen?":"","st\u00e4ndische Instanzen beteiligt?":"nach Tod von Br\u00e4utigam mit \u00fcberlebenden Kindern: Abl\u00f6sung von Witweng\u00fctern abh\u00e4ngig von schwedischem Reichsrat geregelt - 7","externe Instanzen beteiligt?":"","Ratifikationen, Best\u00e4tigungen, Genehmigungen erw\u00e4hnt?":"","weitere Vertr\u00e4ge zwischen Vertragsparteien im Zusammenhang mit dieser Ehe":"","Schlagw\u00f6rter":"","Kommentar":"Mitgift nicht erw\u00e4hnt!","Literatur":"Larsson 2002, S. 181-187 - Rangstr\u00f6m 2010, S. 24-33."}}}