{"Dokument":{"Name":"Schleswig-Holstein-Gottorf - Russland","In Bearbeitung":"Nein","main":{"Name":"Ehevertrag Schleswig-Holstein-Gottorf - Russland 1724","Zuletzt ge\u00e4ndert":"2017-10 BB"},"Grunddaten Ehevertrag":{"Vertragspartner Br\u00e4utigam":"Schleswig-Holstein-Gottorf","Vertragspartner Braut":"Russland","Datum Vertragsschlie\u00dfung":"1724-11-24","Ort Vertragsschlie\u00dfung":"St. Petersburg","Eheschlie\u00dfung vollzogen?":"Ja","verschiedenkonfessionelle Ehe?":"Ja"},"Br\u00e4utigam":{"Br\u00e4utigam Name, Titel":"Karl Friedrich, Herzog von Schleswig-Holstein","Br\u00e4utigam GND":"http:\/\/d-nb.info\/gnd\/104193360","Br\u00e4utigam Geburtsjahr":"1700-00-00","Br\u00e4utigam Sterbejahr":"1739-00-00","Br\u00e4utigam Dynastie":"Oldenburg (Gottorf)","Br\u00e4utigam Konfession":"Evangelisch-Lutherisch"},"Braut":{"Braut Name, Titel":"Anna Petrowna","Braut GND":"http:\/\/d-nb.info\/gnd\/130852570","Braut Geburtsjahr":"1708-00-00","Braut Sterbejahr":"1728-00-00","Braut Dynastie":"Romanow","Braut Konfession":"Russisch-Orthodox"},"Akteur Br\u00e4utigam":{"Akteur Br\u00e4utigam Name, Titel":"Karl Friedrich, Herzog von Schleswig-Holstein","Akteur Br\u00e4utigam GND":"http:\/\/d-nb.info\/gnd\/104193360","Akteur Br\u00e4utigam Dynastie":"Oldenburg (Gottorf)","Akteur Br\u00e4utigam Verh\u00e4ltnis zu Br\u00e4utigam":"selbst"},"Akteur Braut":{"Akteur Braut Name, Titel":"Peter I., Zar von Russland","Akteur Braut GND":"http:\/\/d-nb.info\/gnd\/118592955","Akteur Braut Dynastie":"Romanow","Akteur Braut Verh\u00e4ltnis zu Braut":"Vater"},"Vertragstext":{"Archivexemplar":"nicht nachgewiesen","Vertragssprache Archivexemplar":"nicht nachgewiesen","Digitalisat Archivexemplar":"-","Drucknachweis":"CTS 32, S. 1-20","Vertragssprache Druck":"Russisch, Deutsch","Digitalisat Druck":"-","Vertragsinhalt":"[Pr\u00e4] \u2013 Brautwerbung bekundet \u2013 Einwilligung von Brautvater bekundet: aus Zuneigung, Liebe und Freundschaft zum Br\u00e4utigam \u2013 Vertragsabschluss bekundet (3)\r\n\r\n1 \u2013 Eheversprechen ausgetauscht: f\u00fcr Braut, von Br\u00e4utigam\r\n\r\n2 \u2013 Erbverzicht der Braut auf russische Krone geregelt: f\u00fcr Braut und ihre Nachkommen, Erbausschluss auf russische Krone bekundet, mit Zustimmung von Br\u00e4utigam, Einhaltung zugesichert\r\n\r\n3 \u2013 orthodoxe Religionsaus\u00fcbung der Braut zugesichert\r\n\r\n4 \u2013 Kindererziehung geregelt: lutherische Erziehung f\u00fcr S\u00f6hne, orthodoxe Erziehung f\u00fcr T\u00f6chter vorgeschrieben\r\n\r\n5 \u2013 Aussteuer geregelt, Mitgift festgelegt\r\n\r\n6 \u2013 Widerlage festgelegt, Verzinsung geregelt\r\n\r\n7 \u2013 Morgengabe festgelegt\r\n\r\n8 \u2013 Unterhalt der Braut w\u00e4hrend der Ehe festgelegt: f\u00fcr pers\u00f6nlichen Bedarf, zus\u00e4tzlich zu Zinsen aus Morgengabe und Widerlage\r\n\r\n9 \u2013 Verschreibung von Unterhaltsg\u00fctern zugesichert: f\u00fcr Verzinsung von Morgengabe und Widerlage\r\n\r\n10 \u2013 Hofstaat der Braut geregelt: Bestellung und Besoldung von Bediensteten geregelt\r\n\r\n11-12 \u2013 Witweneink\u00fcnfte, Witwensitz und Witweng\u00fcter geregelt: Nachbesserung zugesichert, Rechtsstellung und Huldigung der Untertanen geregelt, Nutzungsrechte geregelt, Verzinsung von Widerlage und Morgengabe geregelt\r\n\r\n13 \u2013 Kindererziehung geregelt: Indemnit\u00e4t von Witweneink\u00fcnften zugesichert\r\n\r\n14-15 \u2013 Witwensitz geregelt: Ausstattung, Schadenersatz und Nutzung geregelt \u2013 pers\u00f6nlicher Besitz der Braut geregelt\r\n\r\n16 \u2013 bei zweiter Ehe der Braut ohne Kinder: Auszahlung von Mitgift und Morgengabe geregelt, Witweng\u00fcter als Pfand eingesetzt f\u00fcr Auszahlung\r\n\r\n17 \u2013 bei zweiter Ehe der Braut mit Kindern: Auszahlung von Aussteuer und H\u00e4lfte von Mitgift und Morgengabe geregelt \u2013 Indemnit\u00e4t der Witweng\u00fcter von Schulden zugesichert\r\n\r\n18 \u2013 Vererbung von Nachlass der Braut an Kinder geregelt\r\n\r\n19-20 \u2013 nach Tod von Braut ohne \u00fcberlebende Kinder: Nutzung von Mitgift und Aussteuer durch Br\u00e4utigam geregelt, nach Tod von Br\u00e4utigam R\u00fcckfall geregelt, Witweng\u00fcter als Pfand eingesetzt f\u00fcr R\u00fcckzahlung\r\n\r\n21 \u2013 bei schwedischer Thronfolge des Br\u00e4utigams: Verbesserung von Unterhalt der Braut w\u00e4hrend der Ehe, Verbesserung von Hofstaat der Braut, Morgengabe, Witwensitz und Witweneink\u00fcnften zugesichert\r\n\r\nDrei Geheimartikel:\r\n\r\n[Sekr 1] \u2013 trotz Erbverzicht der Braut auf russische Krone: ggf. Ernennung von Sohn zu russischem Thronfolger vorbehalten, Auslieferung von Sohn f\u00fcr russische Thronfolge geregelt (16f.)\r\n\r\n[Sekr 2] \u2013 nach Erkl\u00e4rung der schwedischen Reichsst\u00e4nde 19.11.1723 \u00fcber schwedische Thronfolge des Br\u00e4utigams: ggf. russische Unterst\u00fctzung f\u00fcr Thronfolge des Br\u00e4utigams zugesichert, ggf. Billigung aller russisch-schwedischen Vertr\u00e4ge durch Br\u00e4utigam als K\u00f6nig von Schweden zugesichert (17-19)\r\n\r\n[Sekr 3] \u2013 gem\u00e4\u00df russisch-schwedischem Defensivb\u00fcndnis 22.02.1724: russische Unterst\u00fctzung f\u00fcr Wiedergewinn von Gottorfer Anteil am Herzogtum Schleswig zugesichert, ggf. russische Defensivallianz mit Schleswig-Holstein-Gottorf versprochen (19-20)\r\n","Regelungen \u00fcber Thronfolge und Regentschaft":"bei schwedischer Thronfolge des Br\u00e4utigams: Verbesserung von Unterhalt der Braut w\u00e4hrend der Ehe, Verbesserung von Hofstaat der Braut, Morgengabe, Witwensitz und Witweneink\u00fcnften zugesichert - 21\r\n\r\ntrotz Erbverzicht der Braut auf russische Krone: ggf. Ernennung von Sohn zu russischem Thronfolger vorbehalten, Auslieferung von Sohn f\u00fcr russische Thronfolge geregelt - Sekr 1\r\n\r\nnach Erkl\u00e4rung der schwedischen Reichsst\u00e4nde 19.11.1723 \u00fcber schwedische Thronfolge des Br\u00e4utigams: ggf. russische Unterst\u00fctzung f\u00fcr Thronfolge des Br\u00e4utigams zugesichert - Sekr 2","konfessionelle Regelungen":"orthodoxe Religionsaus\u00fcbung der Braut zugesichert - 3\r\n\r\nKindererziehung geregelt: lutherische Erziehung f\u00fcr S\u00f6hne, orthodoxe Erziehung f\u00fcr T\u00f6chter vorgeschrieben - 4","erbrechtliche Regelungen":"Erbverzicht der Braut auf russische Krone geregelt: f\u00fcr Braut und ihre Nachkommen, Erbausschluss auf russische Krone bekundet, mit Zustimmung von Br\u00e4utigam, Einhaltung zugesichert - 2\r\n\r\nVererbung von Nachlass der Braut an Kinder geregelt - 18\r\n\r\ntrotz Erbverzicht der Braut auf russische Krone: ggf. Ernennung von Sohn zu russischem Thronfolger vorbehalten, Auslieferung von Sohn f\u00fcr russische Thronfolge geregelt - Sekr 1"},"Einordnung des Vertrags":{"Textbezug zu vergangenen Ereignissen?":"Erkl\u00e4rung der schwedischen Reichsst\u00e4nde 19.11.1723 \u00fcber schwedische Thronfolge  erw\u00e4hnt - Sekr 2, russisch-schwedisches Defensivb\u00fcndnis 1724.02.22 erw\u00e4hnt - Sekr 3","st\u00e4ndische Instanzen beteiligt?":"Erkl\u00e4rung der schwedischen Reichsst\u00e4nde 19.11.1723 \u00fcber schwedische Thronfolge  erw\u00e4hnt - Sekr 2","externe Instanzen beteiligt?":"Erkl\u00e4rung der schwedischen Reichsst\u00e4nde 19.11.1723 \u00fcber schwedische Thronfolge  erw\u00e4hnt - Sekr 2","Ratifikationen, Best\u00e4tigungen, Genehmigungen erw\u00e4hnt?":"","weitere Vertr\u00e4ge zwischen Vertragsparteien im Zusammenhang mit dieser Ehe":"","Schlagw\u00f6rter":"","Kommentar":"NB politische und milit\u00e4rische Bestimmungen enthalten: russische Unterst\u00fctzung f\u00fcr schwedische Thronfolge des Br\u00e4utigams zugesichert,  russische Unterst\u00fctzung f\u00fcr Wiedergewinn von Gottorfer Anteil am Herzogtum Schleswig zugesichert, ggf. russische Defensivallianz mit Schleswig-Holstein-Gottorf versprochen - Sekr 2-3","Literatur":"Hillenbrand 1996, bes. S. 125 f. zu Erbverzicht"}}}