{"Dokument":{"Name":"Savoyen-Piemont - Frankreich","In Bearbeitung":"Nein","main":{"Name":"Ehevertrag Savoyen-Piemont - Frankreich 1619","Zuletzt ge\u00e4ndert":"2021-04 JK"},"Grunddaten Ehevertrag":{"Vertragspartner Br\u00e4utigam":"Savoyen-Piemont","Vertragspartner Braut":"Frankreich","Datum Vertragsschlie\u00dfung":"1619-01-11","Ort Vertragsschlie\u00dfung":"Paris","Eheschlie\u00dfung vollzogen?":"Ja","verschiedenkonfessionelle Ehe?":"Nein"},"Br\u00e4utigam":{"Br\u00e4utigam Name, Titel":"Viktor Amadeus, Prinz von Savoyen","Br\u00e4utigam GND":"http:\/\/d-nb.info\/gnd\/135979773","Br\u00e4utigam Geburtsjahr":"1587-00-00","Br\u00e4utigam Sterbejahr":"1637-00-00","Br\u00e4utigam Dynastie":"Savoyen","Br\u00e4utigam Konfession":"R\u00f6misch-Katholisch"},"Braut":{"Braut Name, Titel":"Christine von Frankreich","Braut GND":"http:\/\/d-nb.info\/gnd\/119164248","Braut Geburtsjahr":"1606-00-00","Braut Sterbejahr":"1663-00-00","Braut Dynastie":"Bourbon (Frankreich)","Braut Konfession":"R\u00f6misch-Katholisch"},"Akteur Br\u00e4utigam":{"Akteur Br\u00e4utigam Name, Titel":"Karl Emanuel I., Herzog von Savoyen","Akteur Br\u00e4utigam GND":"http:\/\/d-nb.info\/gnd\/118988328","Akteur Br\u00e4utigam Dynastie":"Savoyen","Akteur Br\u00e4utigam Verh\u00e4ltnis zu Br\u00e4utigam":"Vater","Akteur Br\u00e4utigam Name, Titel (32)":"Viktor Amadeus, Prinz von Savoyen","Akteur Br\u00e4utigam GND (65)":"http:\/\/d-nb.info\/gnd\/135979773","Akteur Br\u00e4utigam Dynastie (35)":"Savoyen","Akteur Br\u00e4utigam Verh\u00e4ltnis zu Br\u00e4utigam (34)":"selbst"},"Akteur Braut":{"Akteur Braut Name, Titel":"Ludwig XIII., K\u00f6nig von Frankreich","Akteur Braut GND":"http:\/\/d-nb.info\/gnd\/11872942X","Akteur Braut Dynastie":"Bourbon (Frankreich)","Akteur Braut Verh\u00e4ltnis zu Braut":"Bruder"},"Vertragstext":{"Archivexemplar":"nicht nachgewiesen","Vertragssprache Archivexemplar":"nicht nachgewiesen","Digitalisat Archivexemplar":"-","Drucknachweis":"Dumont 1726-1739, Bd. V:2, S. 326-328","Vertragssprache Druck":"Franz\u00f6sisch","Digitalisat Druck":"https:\/\/gallica.bnf.fr\/ark:\/12148\/bpt6k1263086r\/f336.item.r=dumont%20corps%20universel%20diplomatique%20du%20droit%20des%20gens","Vertragsinhalt":"Artikel 1: Eheschlie\u00dfung zum n\u00e4chsten m\u00f6glichen Zeitpunkt vereinbart, kirchliche Hochzeit in Paris vereinbart, Mitgift auf 400.000 \u00c9cus festgelegt, Zahlung und Anlage der Mitgift im Gegenzug f\u00fcr Erbverzicht Christines geregelt, Best\u00e4tigung und Ratifikation des Erbverzichts durch Christine gefordert\r\n\r\nArtikel 2: \u00dcberf\u00fchrung Christines geregelt\r\n\r\nArtikel 3: Brautschatz im Wert von 40.000 \u00c9cus durch Viktor Amadeus zugesichert, Besitzrechte Christines geregelt\r\n\r\nArtikel 4: Unterhalt f\u00fcr Christines angemessene Unterkunft und ihren Hofstaat durch Karl Emanuel und Viktor Amadeus zugesichert, Geldleistungen in H\u00f6he von 100.000 Livre festgelegt\r\n\r\nArtikel 5: Festlegung des Leibgedinges in H\u00f6he von 40.000 Livre, Zuspruch von G\u00fctern, die die Summe erbringen sollen, Zuspruch des Rechts, Amtsleute in besagten G\u00fctern einzusetzen, Nutzungsrechte geregelt\r\n\r\n6: Residenz der Braut samt angemessener Ausstattung geregelt, Verzicht auf eine Verrechnung mit dem Leibgedinge zugesichert\r\n\r\nArtikel 7: Besitzrechte Christines an Leibgedinge, Brautschatz, Mitgift und weiterem w\u00e4hrend der Ehe erworbenem Besitz nach dem Tod von Viktor Amadeus geregelt, R\u00fcckkehrrecht der Witwe nach Frankreich geregelt, Witwe wird von Haftung f\u00fcr Schulden des Ehemanns befreit \r\n\r\nArtikel 8: f\u00fcr den Fall, dass Christine als Witwe nach Frankreich zur\u00fcckkehr, ungeachtet, ob aus der Ehe Kinder hervorgegangen sind oder nicht: Aush\u00e4ndigung von Mitgift und Brautschatz zugesichert; Einhaltung des Vertrags zugesichert, Ratifikation geregelt","Regelungen \u00fcber Thronfolge und Regentschaft":"","konfessionelle Regelungen":"","erbrechtliche Regelungen":"Artikel 1: [...] Mitgift auf 400.000 \u00c9cus festgelegt, Zahlung und Anlage der Mitgift im Gegenzug f\u00fcr Erbverzicht Christines geregelt, Best\u00e4tigung und Ratifikation des Erbverzichts durch Christine gefordert"},"Einordnung des Vertrags":{"Textbezug zu vergangenen Ereignissen?":"","st\u00e4ndische Instanzen beteiligt?":"","externe Instanzen beteiligt?":"","Ratifikationen, Best\u00e4tigungen, Genehmigungen erw\u00e4hnt?":"Artikel 1: [...] Best\u00e4tigung und Ratifikation des Erbverzichts durch Christine gefordert\r\n\r\nArtikel 8: [...] Ratifikation geregelt","weitere Vertr\u00e4ge zwischen Vertragsparteien im Zusammenhang mit dieser Ehe":"1614-12-01 Erster Friedensvertrag von Asti - 1615-06-21 Zweiter Friedensvertrag von Asti - B\u00fcndnisvertrag von Paris 1623-02-07 - B\u00fcndnis 1624 gegen Genua","Schlagw\u00f6rter":"","Kommentar":"-","Literatur":"Oresko \/ Parrott 1998, S. 143 f., 154"}}}