{"Dokument":{"Name":"Mecklenburg-Schwerin - Brandenburg","In Bearbeitung":"Nein","main":{"Name":"Ehevertrag Mecklenburg-Schwerin - Brandenburg 1524","Zuletzt ge\u00e4ndert":"2021-02 JT"},"Grunddaten Ehevertrag":{"Vertragspartner Br\u00e4utigam":"Mecklenburg-Schwerin","Vertragspartner Braut":"Brandenburg","Datum Vertragsschlie\u00dfung":"1524-01-17","Ort Vertragsschlie\u00dfung":"K\u00f6ln","Eheschlie\u00dfung vollzogen?":"Ja","verschiedenkonfessionelle Ehe?":"Nein"},"Br\u00e4utigam":{"Br\u00e4utigam Name, Titel":"Albrecht VII. von Mecklenburg-Schwerin","Br\u00e4utigam GND":"http:\/\/d-nb.info\/gnd\/120438879","Br\u00e4utigam Geburtsjahr":"1488-00-00","Br\u00e4utigam Sterbejahr":"1547-00-00","Br\u00e4utigam Dynastie":"Mecklenburg","Br\u00e4utigam Konfession":"R\u00f6misch-Katholisch"},"Braut":{"Braut Name, Titel":"Anna von Brandenburg","Braut GND":"http:\/\/d-nb.info\/gnd\/133245128","Braut Geburtsjahr":"1507-00-00","Braut Sterbejahr":"1567-00-00","Braut Dynastie":"Hohenzollern","Braut Konfession":"R\u00f6misch-Katholisch"},"Akteur Br\u00e4utigam":{"Akteur Br\u00e4utigam Name, Titel":"Albrecht VII. zu Mecklenburg","Akteur Br\u00e4utigam GND":"http:\/\/d-nb.info\/gnd\/120438879","Akteur Br\u00e4utigam Dynastie":"Mecklenburg","Akteur Br\u00e4utigam Verh\u00e4ltnis zu Br\u00e4utigam":"selbst"},"Akteur Braut":{"Akteur Braut Name, Titel":"Joachim I. Nestor von Brandenburg","Akteur Braut GND":"http:\/\/d-nb.info\/gnd\/119214644","Akteur Braut Dynastie":"Hohenzollern","Akteur Braut Verh\u00e4ltnis zu Braut":"Vater"},"Vertragstext":{"Archivexemplar":"GStA, I. HA Rep. 78, Nr. 24, fol. 48r-57v, 90r-90v, 94r-95v","Vertragssprache Archivexemplar":"Deutsch","Digitalisat Archivexemplar":"https:\/\/archivdatenbank.gsta.spk-berlin.de\/midosasearch-gsta\/MidosaSEARCH\/i_ha_rep_78_und_78_a\/index.htm?kid=GStA_i_ha_rep_78_und_78_a_8&uid=GStA_i_ha_rep_78_und_78_a_I_HA_Rep_78_Nr_24","Drucknachweis":"nicht nachgewiesen","Vertragssprache Druck":"nicht nachgewiesen","Digitalisat Druck":"-","Vertragsinhalt":"Artikel 1 (fol. 48v): Ehe zur Beilegung der Streitigkeiten zwischen den beiden F\u00fcrstent\u00fcmern beschlossen\r\n\r\nArtikel 2 (fol. 49r): Datum der Eheschlie\u00dfung, Bezahlung der Mitgift und Beilager festgesetzt\r\n\r\nArtikel 3 (fol. 49r): Mitgift betr\u00e4gt \u00fcber 20.000 Gulden, f\u00fcrstlicher Schmuck, Silbergeschirr, etc., Pferde f\u00fcr die Braut zugesichert, Zahlung nach Beilager geregelt\r\n\r\nArtikel 4 (fol. 49r): Erbverzicht der Braut f\u00fcr sich und ihre Nachkommen auf das Erbe ihrer Eltern vereinbart\r\n\r\nArtikel 5 (fol. 49r-49v): Wenn der Brautvater ohne m\u00e4nnliche Erben verstirbt, erben die Braut und ihre Nachkommen einen festgesetzten Anteil\r\n\r\nArtikel 6 (fol. 49v): Regelung bez\u00fcglich der Auswirkungen einer geplanten Erbteilung des Br\u00e4utigams und seines Bruders\r\n\r\nArtikel 7 (fol. 49v-50r): f\u00fcrstlicher Wohnsitz f\u00fcr die Braut zugesprochen, Leibgedinge, Nutzungsrechte, 5 000 Gulden zur j\u00e4hrlichen Versorgung versprochen\r\n\r\nArtikel 8 (fol. 50r-50v): Regelungen bez\u00fcglich der Treuepflichten der Amtleute, Huldigung und Eid\r\n\r\nArtikel 9 (fol. 50r-50v): Zahlung des Ehegeldes durch die Vorm\u00fcnder der Braut oder deren Erben zugesichert\r\n\r\nArtikel 10 (fol. 51r): Morgengabe zugesagt, nach Vollzug der Ehe und Zahlung der Mitgift\r\n\r\nArtikel 11 (fol. 51r): falls Anna nach vollzogenem Beilager stirbt, ohne dass Leibeserben aus der Ehe hervorgehen: R\u00fcckfall der Mitgift nach Gewohnheitsrecht geregelt\r\n\r\nArtikel 12 (fol. 51r-51v): Gegenseitige Hilfe zugesichert\r\n\r\nArtikel 13 (fol. 51v-52r): Unterhalt Annas auf 5.000 Gulden j\u00e4hrlicher Zinsrente festgelegt\r\n\r\nArtikel 14 (fol. 52r): Wohnsitz der Braut geregelt, zugeh\u00f6rige Besitzungen und Rechte sowie Nutzungsrechte geregelt\r\n\r\nArtikel 15 (fol. 52r-52v): Witwensitz bzw. Witweng\u00fcter mit Nutzungsrechten und Ausstattung geregelt\r\n\r\nArtikel 16 (fol. 52v-53rs): Verpflichtung der Nachkommen Albrechts zur Einhaltung der Vertragsbestimmungen nach seinem Tod \r\n\r\nArtikel 17 (fol. 53r): Verkauf und Verpf\u00e4ndung von Erbst\u00fccken durch Albrechts Nachkommen untersagt\r\n\r\nArtikel 18 (fol. 53r): Einsetzung von Amtsleuten auf den Witweng\u00fctern geregelt \r\n\r\nArtikel 19 (fol. 53v-54r): Verschreibung und Verpf\u00e4ndung unter Nachkommen geregelt\r\n\r\nArtikel 20 (fol. 54r): Abl\u00f6sung der Witweng\u00fcter durch Zahlung von 30.000 Gulden durch Albrechts Nachkommen an Anna geregelt, falls sie ihren Witwensitz nicht nach dessen Tod nicht bezieht\r\n\r\nArtikel 21 ( fol. 54r-54v): R\u00fcckkehrrecht Annas zugesichert, Mitf\u00fchrung ihres mobilen Besitzes geregelt\r\n\r\nArtikel 22 (fol. 54v): Nachkommen des Br\u00e4utigams auf Einhaltung des Vertrags verpflichtet\r\n\r\nArtikel 23 (54v-55r): Besiegelung durch Albrecht und seinen Bruder geregelt \r\n\r\nArtikel 24 (55r-56v): Bekundung des Erbverzichts durch Anna gem\u00e4\u00df den entsprechenden Artikeln des Ehevertrags\r\n \r\nArtikel 25 (fol. 57r-57v): Regelungen bez\u00fcglich der Abl\u00f6sung des Leibgedinges durch Albrechts Nachkommen\r\n\r\nArtikel 26 (fol. 94r-94v): Regelungen bez\u00fcglich des Leibgedinges, j\u00e4hrliches Einkommen von 5.000 Gulden nochmals festgehalten, Vererbung geregelt, erbrechtliche Regelungen zwischen Br\u00e4utigam und dessen Bruder erw\u00e4hnt; Verfahren mit Leibgedinge geregelt, falls Erbteilung mit dem Bruder eintritt: in diesem erfolgt die Zuweisung eines anderen Leibgedinges, dass dem eigentlich vereinbarten gleicht","Regelungen \u00fcber Thronfolge und Regentschaft":"","konfessionelle Regelungen":"","erbrechtliche Regelungen":"Artikel 4 (fol. 49r): Erbverzicht der Braut f\u00fcr sich und ihre Nachkommen auf das Erbe ihrer Eltern vereinbart\r\n\r\nArtikel 5 (fol. 49r-49v): Wenn der Brautvater ohne m\u00e4nnliche Erben verstirbt, erben die Braut und ihre Nachkommen einen festgesetzten Anteil\r\n\r\nArtikel 11 (fol. 51r): falls Anna nach vollzogenem Beilager stirbt, ohne dass Leibeserben aus der Ehe hervorgehen: R\u00fcckfall der Mitgift nach Gewohnheitsrecht geregelt\r\n\r\nArtikel 19 (fol. 53v-54r): Verschreibung und Verpf\u00e4ndung unter Nachkommen geregelt\r\n\r\nArtikel 24 (55r-56v): Bekundung des Erbverzichts durch Anna gem\u00e4\u00df den entsprechenden Artikeln des Ehevertrags\r\n \r\nArtikel 25 (fol. 57r-57v): Regelungen bez\u00fcglich der Abl\u00f6sung des Leibgedinges durch Albrechts Nachkommen\r\n\r\nArtikel 26 (fol. 94r-94v): Regelungen bez\u00fcglich des Leibgedinges, j\u00e4hrliches Einkommen von 5.000 Gulden nochmals festgehalten, Vererbung geregelt, erbrechtliche Regelungen zwischen Br\u00e4utigam und dessen Bruder erw\u00e4hnt; Verfahren mit Leibgedinge geregelt, falls Erbteilung mit dem Bruder eintritt: in diesem erfolgt die Zuweisung eines anderen Leibgedinges, dass dem eigentlich vereinbarten gleicht"},"Einordnung des Vertrags":{"Textbezug zu vergangenen Ereignissen?":"","st\u00e4ndische Instanzen beteiligt?":"","externe Instanzen beteiligt?":"","Ratifikationen, Best\u00e4tigungen, Genehmigungen erw\u00e4hnt?":"","weitere Vertr\u00e4ge zwischen Vertragsparteien im Zusammenhang mit dieser Ehe":"","Schlagw\u00f6rter":"","Kommentar":"Als abweichendes Geburtsjahr ist f\u00fcr Albrecht VII. von Mecklenburg-Schwerin 1586 \r\n\u00fcberliefert.\r\n\r\nVertrag verf\u00fcgt im Original \u00fcber keine Nummerierung der Artikel. Regest umfasst zus\u00e4tzliche Dokumente zum Vertrag.","Literatur":"-"}}}