{"Dokument":{"Name":"D\u00e4nemark - Sachsen-Lauenburg","In Bearbeitung":"Nein","main":{"Name":"Ehevertrag D\u00e4nemark - Sachsen-Lauenburg 1525","Zuletzt ge\u00e4ndert":"2017-07 BB"},"Einordnung des Vertrags":{"Schlagw\u00f6rter":"","Kommentar":"Angeregt von Bischof Heinrich von L\u00fcbeck unter Hinweis: Hz. Magnus nur einen einzigen Sohn gehabt, Erbfall des Herzogtums an Braut m\u00f6glich (Laursen).\r\n\r\nVertrag in Edition nicht in Artikel unterteilt.","Literatur":"Laursen in DNT I, S. 35 f.","Textbezug zu vergangenen Ereignissen?":"","st\u00e4ndische Instanzen beteiligt?":"","externe Instanzen beteiligt?":"","Ratifikationen, Best\u00e4tigungen, Genehmigungen erw\u00e4hnt?":"Billigung durch Br\u00e4utigamvater erhofft - 3","weitere Vertr\u00e4ge zwischen Vertragsparteien im Zusammenhang mit dieser Ehe":""},"Grunddaten Ehevertrag":{"Vertragspartner Br\u00e4utigam":"D\u00e4nemark","Vertragspartner Braut":"Sachsen-Lauenburg","Datum Vertragsschlie\u00dfung":"1525-06-25","Ort Vertragsschlie\u00dfung":"Schwarzenbek","Eheschlie\u00dfung vollzogen?":"Ja","verschiedenkonfessionelle Ehe?":"Nein"},"Br\u00e4utigam":{"Br\u00e4utigam Name, Titel":"Christian, Herzog von Schleswig-Holstein (sp\u00e4ter Christian III. K\u00f6nig von D\u00e4nemark)","Br\u00e4utigam GND":"http:\/\/d-nb.info\/gnd\/119217120","Br\u00e4utigam Geburtsjahr":"1503-00-00","Br\u00e4utigam Sterbejahr":"1559-00-00","Br\u00e4utigam Dynastie":"Oldenburg (D\u00e4nemark)","Br\u00e4utigam Konfession":"Evangelisch-Lutherisch"},"Braut":{"Braut Name, Titel":"Dorothea von Sachsen-Lauenburg","Braut GND":"http:\/\/d-nb.info\/gnd\/132140594","Braut Geburtsjahr":"1511-00-00","Braut Sterbejahr":"1571-00-00","Braut Dynastie":"Askanier (Sachsen-Lauenburg)","Braut Konfession":"Evangelisch-Lutherisch"},"Akteur Br\u00e4utigam":{"Akteur Br\u00e4utigam Name, Titel":"Christian, Herzog von Schleswig-Holstein (sp\u00e4ter als Christian III. K\u00f6nig von D\u00e4nemark)","Akteur Br\u00e4utigam GND":"http:\/\/d-nb.info\/gnd\/119217120","Akteur Br\u00e4utigam Dynastie":"Oldenburg (D\u00e4nemark)","Akteur Br\u00e4utigam Verh\u00e4ltnis zu Br\u00e4utigam":"selbst"},"Akteur Braut":{"Akteur Braut Name, Titel":"Magnus I., Herzog von Sachsen-Lauenburg","Akteur Braut GND":"http:\/\/d-nb.info\/gnd\/104176784","Akteur Braut Dynastie":"Askanier (Sachsen-Lauenburg)","Akteur Braut Verh\u00e4ltnis zu Braut":"Vater"},"Vertragstext":{"Archivexemplar":"nicht nachgewiesen","Vertragssprache Archivexemplar":"nicht nachgewiesen","Digitalisat Archivexemplar":"-","Drucknachweis":"DNT I, S. 36-37","Vertragssprache Druck":"deutsch","Digitalisat Druck":"-","Vertragsinhalt":"Artikel 1: Brautwerbung bekundet: durch Br\u00e4utigam bei Brautvater, inkl. Nachfrage nach Mitgift (36)\r\n\r\nArtikel 2: Brautwerbung angenommen: durch Brautvater, Mitgift festgelegt, Aussteuer geregelt: nach Vorbild von Brautmutter (36f.)\r\n\r\nArtikel 3: Mitteilung der Abmachung an Br\u00e4utigamvater angek\u00fcndigt: mit Hoffnung der Billigung, schriftliche Mitteilung an Brautvater angek\u00fcndigt (37)\r\n","Regelungen \u00fcber Thronfolge und Regentschaft":"","konfessionelle Regelungen":"","erbrechtliche Regelungen":""}}}