{"Dokument":{"Name":"Hessen-Kassel - Hessen-Darmstadt","In Bearbeitung":"Nein","main":{"Name":"Ehevertrag Hessen-Kassel - Hessen-Darmstadt 1720","Zuletzt ge\u00e4ndert":"2021-05 JK"},"Grunddaten Ehevertrag":{"Vertragspartner Br\u00e4utigam":"Hessen-Kassel","Vertragspartner Braut":"Hessen-Darmstadt","Datum Vertragsschlie\u00dfung":"1720-11-28","Ort Vertragsschlie\u00dfung":"Darmstadt","Eheschlie\u00dfung vollzogen?":"Ja","verschiedenkonfessionelle Ehe?":"Ja"},"Br\u00e4utigam":{"Br\u00e4utigam Name, Titel":"Maximilian, Landgraf von Hessen-Kassel","Br\u00e4utigam GND":"http:\/\/d-nb.info\/gnd\/137327617","Br\u00e4utigam Geburtsjahr":"1689-00-00","Br\u00e4utigam Sterbejahr":"1753-00-00","Br\u00e4utigam Dynastie":"Hessen (Kassel)","Br\u00e4utigam Konfession":"Evangelisch-Reformiert"},"Braut":{"Braut Name, Titel":"Friederike Charlotte, Landgr\u00e4fin von Hessen-Darmstadt","Braut GND":"http:\/\/d-nb.info\/gnd\/1075223954","Braut Geburtsjahr":"1698-00-00","Braut Sterbejahr":"1777-00-00","Braut Dynastie":"Hessen (Darmstadt)","Braut Konfession":"Evangelisch-Lutherisch"},"Akteur Br\u00e4utigam":{"Akteur Br\u00e4utigam Name, Titel":"Maximilian, Landgraf von Hessen-Kassel","Akteur Br\u00e4utigam GND":"http:\/\/d-nb.info\/gnd\/137327617","Akteur Br\u00e4utigam Dynastie":"Hessen (Kassel)","Akteur Br\u00e4utigam Verh\u00e4ltnis zu Br\u00e4utigam":"selbst","Akteur Br\u00e4utigam Name, Titel (32)":"Karl, Landgraf von Hessen-Kassel","Akteur Br\u00e4utigam GND (65)":"http:\/\/d-nb.info\/gnd\/118560050","Akteur Br\u00e4utigam Dynastie (35)":"Hessen (Kassel)","Akteur Br\u00e4utigam Verh\u00e4ltnis zu Br\u00e4utigam (34)":"Vater"},"Akteur Braut":{"Akteur Braut Name, Titel":"Ernst Ludwig, Landgraf von Hessen-Darmstadt","Akteur Braut GND":"http:\/\/d-nb.info\/gnd\/100455840","Akteur Braut Dynastie":"unbekannt","Akteur Braut Verh\u00e4ltnis zu Braut":"Vater","Akteur Braut Name, Titel (36)":"Friederike Charlotte, Landgr\u00e4fin von Hessen-Darmstadt","Akteur Braut GND (66)":"http:\/\/d-nb.info\/gnd\/1075223954","Akteur Braut Dynastie (40)":"unbekannt","Akteur Braut Verh\u00e4ltnis zu Braut (38)":"selbst"},"Vertragstext":{"Archivexemplar":"HStAM, Urk. 3, Nr. 369","Vertragssprache Archivexemplar":"Deutsch","Digitalisat Archivexemplar":"-","Drucknachweis":"nicht nachgewiesen","Vertragssprache Druck":"nicht nachgewiesen","Digitalisat Druck":"-","Vertragsinhalt":"Artikel 1: Ehe vereinbart zwischen Landgraf Maximilian und Prinzessin Friederike Charlotte, wechselseitiges Eheversprechen bekundet, Eheschlie\u00dfung geregelt\r\n\r\nArtikel 2: Heiratsgut bzw. Mitgift festgelegt auf 20.000 Gulden, zuz\u00fcglich freiwilliger Schenkung weiterer 4.000 Gulden, Zahlung und Verzinsung bei Zahlungsverz\u00f6gerung geregelt\r\n\r\nArtikel 3: Aussteuer in Form von Kleinodien, Silbergeschirr etc. im Wert von 10.000 Gulden zugesichert, gem\u00e4\u00df dem Brauch im Haus Hessen und Testament Landgraf Ludwigs VI. von 1664; Brautschmuck zugesichert, Ausstattung Friederike Charlottes mit Schmuck und M\u00f6beln geregelt, Besitz- und Nutzungsrechte daran geregelt; falls Friederike Charlotte ohne Leibeserben vor Maximilian stirbt, steht ihm Nie\u00dfbrauch der Mitgift und ihres Nachlasses zu, sofern nicht testamentarisch oder durch Fideikommiss anders geregelt; Vererbungsrecht geregelt\r\n\r\nArtikel 4: Friederike Charlotte werden von Landgraf Ernst Ludwig weitere 50.000 Gulden aus ihrem m\u00fctterlichen Erbe zugesprochen, die bisher in Hessen-Darmstadt angelegt waren \r\n\r\nArtikel 5: dem allgemeinen Brauch im Reich und besonders der s\u00e4chsisch-hessischen Erbverbr\u00fcderung gem\u00e4\u00df: Erbverzicht Friederike Charlottes auf v\u00e4terliches, m\u00fctterliches und br\u00fcderliches Erbe, mit Zustimmung Maximilians, Ausfertigung einer Verzichtserkl\u00e4rung (Verzichtsbrief) geregelt, au\u00dfer bei Aussterben der m\u00e4nnlichen Linie des Hauses Hessen-Darmstadt; Ausnahmeregelung in Bezug auf einen testamentarisch festgelegten Teil des m\u00fctterlichen Erbes\r\n\r\nArtikel 6: Landgraf Karl von Hessen-Kassel sichert Morgengabe von 2.000 Reichstalern und j\u00e4hrliche Leibrente von 200 Reichstalern zu, zus\u00e4tzlich dazu: Schenkung von Juwelen nach Vollzug des Beilagers zugesichert, R\u00fcckfall der Morgengabe geregelt\r\n\r\nArtikel 7: Handgeld f\u00fcr Friederike Charlotte von 1.000 Reichstalern j\u00e4hrlich durch Landgraf Karl zugesichert\r\n\r\nArtikel 8: finanzielle Beteiligung Landgraf Karls an Hofhaltung der Eheleute geregelt\r\n\r\nArtikel 9: Bereitstellung und Ausstattung eines standesgem\u00e4\u00dfen Witwensitzes geregelt, j\u00e4hrliche Witwenrente im Wert von 4.000 Reichstalern festgelegt, davon 3.000 als Geldleistung und 1.000 in Naturalien, unabh\u00e4ngig davon, ob aus der Ehe Leibeserben hervorgehen oder nicht; weitere Regelungen bez\u00fcglich der Witwenversorgung und Unterhaltung des Witwensitzes, im Fall der Zerst\u00f6rung des Witwensitzes ist angemessener Ersatz zu stellen\r\n\r\nArtikel 10: Friederike Charlotte werden Jurisdiktion und Verwaltung des Witwenguts zugesprochen, unter Vorbehalt der landesf\u00fcrstlichen Hoheit und Regalien sowie besonderer Bestimmungen der Wittumsverschreibung; Friederike Charlotte erh\u00e4lt begrenzte Jurisdiktion \u00fcber ihre Hofbediensteten, Schutz des Witwenguts durch Landgraf Karl und seine Erben zugesichert\r\n\r\nArtikel 11: Verpflichtung der Beamten und Untertanen auf dem Witwengut gegen\u00fcber Friederike Charlotte geregelt, Inspektion des Witwenguts durch Landgraf Ernst geregelt\r\n\r\nArtikel 12: Friederike Charlotte ist verpflichtet, die Rechte und Freiheiten der Untertanen zu achten\r\n\r\nArtikel 13: eventuelle Abl\u00f6sung des Witwenguts geregelt\r\n\r\nArtikel 14: Schuldenfreiheit des Wittums wird zugesichert \r\n\r\nArtikel 15: gem\u00e4\u00df Erbvereinigung des Hauses Hessen darf das Witwengut nicht ohne Zustimmung der Erben und Nachfolger Landgraf Karls unter fremde Gewalt gestellt, beliehen oder versetzt werden\r\n\r\nArtikel 16: falls Maximilian vor Friederike Charlotte stirbt: Bezug des Witwensitzes geregelt und Unterst\u00fctzung bei Einrichtung des Witwensitzes zugesichert \r\n\r\nArtikel 17: standesgem\u00e4\u00dfe Einrichtung, Ausstattung und Versorgung des Witwensitzes geregelt \r\n\r\nArtikel 18: fristgerechte Zahlung der Witwenrente und Instandhaltung des Witwensitzes durch die Erben und Nachkommen Landgraf Karls zugesichert\r\n\r\nArtikel 19: Friederike Charlotte wird verpflichtet, im Fall von Maximilians Tod keine \u00fcber das verschriebene Wittum hinausgehenden Forderungen zu stellen\r\n\r\nArtikel 20: im Fall einer Verlegung des Witwensitzes ist ein g\u00fctlicher Vergleich bez\u00fcglich des Wittums vorgesehen\r\n\r\nArtikel 21: im Fall von Maximilians Tod: Besitzrechte Friederike Charlottes an allen von ihr in die Ehe eingebrachten und w\u00e4hrend der Ehe erworbenen Besitzt\u00fcmern geregelt; falls auch sie stirbt und keine Leibeserben aus der Ehe hervorgegangen sind: R\u00fcckfall ihres Nachlasses an Hessen-Darmstadt\r\n\r\nArtikel 22: im Fall einer zweiten Ehe Friederike Charlottes: Auszahlung der Mitgift und Nutzung der Morgengabe geregelt\r\n\r\nArtikel 23: Vorbehalt der landesf\u00fcrstlichen Hoheit \u00fcber das Wittumsgut mit allen zugeh\u00f6rigen Rechten f\u00fcr Landgraf Karl und seine Erben vereinbart: dortige Untertanen bleiben dem Landgrafen steuer- und abgabenpflichtig; Verpflichtung Maximilians und seiner Erben, Friederike Charlotte ihre j\u00e4hrlichen Witweneink\u00fcnfte zu verschaffen, geregelt\r\n\r\nArtikel 24: Friederike Charlotte von Haftung f\u00fcr Maximilians zu Lebzeiten erworbene Schulden ausgenommen; f\u00fcr Schulden der Witwe haften deren n\u00e4chste Erben\r\n\r\nArtikel 25: falls bei Maximilians Tod minderj\u00e4hrige Kinder aus der Ehe vorhanden sind, kann Friederike Charlotte mit anderen Vorm\u00fcndern gemeinsam die Vormundschaft wahrnehmen, solange sie nicht erneut heiratet\r\n\r\nArtikel 26: Zusicherung konfessioneller Freiheit: Friederike Charlotte und ihr Haushalt d\u00fcrfen den evangelisch-lutherischen Glauben im Privaten jederzeit ungehindert aus\u00fcben \r\n\r\nArtikel 27: Beilegung eventueller Streitf\u00e4lle hinsichtlich der Eheabrede entsprechend den Reichsgesetzen, sofern nicht g\u00fctlich zwischen den H\u00e4usern Hessen-Darmstadt und Hessen-Kassel verhandelbar; in diesem Fall: Anrufung eines Arbiters vereinbart; Einhaltung vereinbart","Regelungen \u00fcber Thronfolge und Regentschaft":"","konfessionelle Regelungen":"Artikel 26: Zusicherung konfessioneller Freiheit: Friederike Charlotte und ihr Haushalt d\u00fcrfen den evangelisch-lutherischen Glauben im Privaten jederzeit ungehindert aus\u00fcben ","erbrechtliche Regelungen":"Artikel 3: Aussteuer in Form von Kleinodien, Silbergeschirr etc. im Wert von 10.000 Gulden zugesichert, gem\u00e4\u00df dem Brauch im Haus Hessen und Testament Landgraf Ludwigs VI. von 1664; Brautschmuck zugesichert, Ausstattung Friederike Charlottes mit Schmuck und M\u00f6beln geregelt, Besitz- und Nutzungsrechte daran geregelt; falls Friederike Charlotte ohne Leibeserben vor Maximilian stirbt, steht ihm Nie\u00dfbrauch der Mitgift und ihres Nachlasses zu, sofern nicht testamentarisch oder durch Fideikommiss anders geregelt; Vererbungsrecht geregelt\r\n\r\nArtikel 4: Friederike Charlotte werden von Landgraf Ernst Ludwig weitere 50.000 Gulden aus ihrem m\u00fctterlichen Erbe zugesprochen, die bisher in Hessen-Darmstadt angelegt waren \r\n\r\nArtikel 5: dem allgemeinen Brauch im Reich und besonders der s\u00e4chsisch-hessischen Erbverbr\u00fcderung gem\u00e4\u00df: Erbverzicht Friederike Charlottes auf v\u00e4terliches, m\u00fctterliches und br\u00fcderliches Erbe, mit Zustimmung Maximilians, Ausfertigung einer Verzichtserkl\u00e4rung (Verzichtsbrief) geregelt, au\u00dfer bei Aussterben der m\u00e4nnlichen Linie des Hauses Hessen-Darmstadt; Ausnahmeregelung in Bezug auf einen testamentarisch festgelegten Teil des m\u00fctterlichen Erbes\r\n\r\nArtikel 15: gem\u00e4\u00df Erbvereinigung des Hauses Hessen darf das Witwengut nicht ohne Zustimmung der Erben und Nachfolger Landgraf Karls unter fremde Gewalt gestellt, beliehen oder versetzt werden"},"Einordnung des Vertrags":{"Textbezug zu vergangenen Ereignissen?":"Artikel 3: Testament Landgraf Ludwigs VI. von 1664 erw\u00e4hnt; Artikel 5: s\u00e4chsisch-hessischen Erbverbr\u00fcderung erw\u00e4hnt; Artikel 15: Erbvereinigung des Hauses Hessen erw\u00e4hnt  ","st\u00e4ndische Instanzen beteiligt?":"","externe Instanzen beteiligt?":"","Ratifikationen, Best\u00e4tigungen, Genehmigungen erw\u00e4hnt?":"","weitere Vertr\u00e4ge zwischen Vertragsparteien im Zusammenhang mit dieser Ehe":"","Schlagw\u00f6rter":"","Kommentar":"Maximilian von Hessen-Kassel war nicht-regierender Landgraf, weitere Informationen unter: https:\/\/www.lagis-hessen.de\/pnd\/137327617","Literatur":"Franz 2014, S. 22; Philippi 1976, S. 517"}}}