{"Dokument":{"Name":"Frankreich - Bayern","In Bearbeitung":"Nein","main":{"Name":"Ehevertrag Frankreich - Bayern 1806","Zuletzt ge\u00e4ndert":"2017-07 BB"},"Br\u00e4utigam":{"Br\u00e4utigam Konfession":"R\u00f6misch-Katholisch","Br\u00e4utigam Name, Titel":"Eugen de Beauharnais (Eugene)","Br\u00e4utigam GND":"http:\/\/d-nb.info\/gnd\/118727834","Br\u00e4utigam Geburtsjahr":"1781-00-00","Br\u00e4utigam Sterbejahr":"1824-00-00","Br\u00e4utigam Dynastie":"Bonaparte"},"Braut":{"Braut Name, Titel":"Augusta (Auguste Amalie Ludovika) von Bayern, Tochter von K\u00f6nig Maximilian I. Joseph","Braut GND":"http:\/\/d-nb.info\/gnd\/118651110","Braut Geburtsjahr":"1788-00-00","Braut Sterbejahr":"1851-00-00","Braut Dynastie":"Wittelsbach (Bayern)","Braut Konfession":"R\u00f6misch-Katholisch"},"Akteur Br\u00e4utigam":{"Akteur Br\u00e4utigam Name, Titel":"Napoleon I., Kaiser von Frankreich","Akteur Br\u00e4utigam GND":"http:\/\/d-nb.info\/gnd\/118586408","Akteur Br\u00e4utigam Dynastie":"Bonaparte","Akteur Br\u00e4utigam Verh\u00e4ltnis zu Br\u00e4utigam":"Vater (Adoptivvater)"},"Akteur Braut":{"Akteur Braut Name, Titel":"Maximilian I. Joseph, K\u00f6nig von Bayern","Akteur Braut GND":"http:\/\/d-nb.info\/gnd\/118579428","Akteur Braut Dynastie":"Wittelsbach (Bayern)","Akteur Braut Verh\u00e4ltnis zu Braut":"Vater"},"Vertragstext":{"Archivexemplar":"nicht nachgewiesen","Vertragssprache Archivexemplar":"nicht nachgewiesen","Digitalisat Archivexemplar":"-","Drucknachweis":"Grands Trait\u00e9s II, S. 147-150","Vertragssprache Druck":"Franz\u00f6sisch","Digitalisat Druck":"-","Vertragsinhalt":"[Pr\u00e4] \u2013 zur Festigung der bisherigen Freundschaft: Eheschlie\u00dfung als effektivstes Mittel zur festen Erneuerung von B\u00fcndnis eingesch\u00e4tzt, Ernennung von Verhandlern, Vertragsinhalt bekundet:\r\n\r\n1 \u2013 Termin f\u00fcr kirchliche Eheschlie\u00dfung festgelegt\r\n\r\n2 \u2013 Mitgift festgelegt: Zahlung geregelt\r\n\r\n3 \u2013 Widerlage festgelegt, Verzinsung zur Witwenversorgung geregelt\r\n\r\n4 \u2013 Morgengabe festgelegt\r\n\r\n5 \u2013 Unterhalt der Braut w\u00e4hrend der Ehe festgelegt\r\n\r\n6 \u2013 Witwenversorgung festgelegt: aus Eink\u00fcnften des K\u00f6nigreichs Italien, Witwensitz geregelt\r\n\r\n7 \u2013 nach Tod des Br\u00e4utigams: Vormundschaft der Braut \u00fcber Kinder zugesichert\r\n\r\n8 \u2013 nach Tod der Braut: Nutzung von Mitgift, Zugewinn durch Br\u00e4utigam auf Lebenszeit vereinbart\r\n\r\n9 \u2013 Erbverzicht geregelt: im Gegenzug f\u00fcr Mitgiftzahlung, zugunsten der bayerischen F\u00fcrsten, in \u00dcbereinstimmung mit B\u00fcndnisvertrag 10.12.1805\r\n\r\n10 - Stellung als Vizek\u00f6nig von Italien zugesichert an Br\u00e4utigam: souver\u00e4ne Herrschaft \u00fcber Herzogtum Parma und Piacenza oder gleichwertige Herrschaft zugesichert an Br\u00e4utigam und dessen m\u00e4nnliche Erben\r\n\r\n11 \u2013 Geheimhaltung von Vertrag vereinbart\r\n","Regelungen \u00fcber Thronfolge und Regentschaft":"nach Tod des Br\u00e4utigams: Vormundschaft der Braut \u00fcber Kinder zugesichert - 7\r\n\r\nStellung als Vizek\u00f6nig von Italien zugesichert an Br\u00e4utigam: souver\u00e4ne Herrschaft \u00fcber Herzogtum Parma und Piacenza oder gleichwertige Herrschaft zugesichert an Br\u00e4utigam und dessen m\u00e4nnliche Erben - 10\r\n","konfessionelle Regelungen":"","erbrechtliche Regelungen":"9 \u2013 Erbverzicht der Braut geregelt: im Gegenzug f\u00fcr Mitgiftzahlung, zugunsten der bayerischen F\u00fcrsten, in \u00dcbereinstimmung mit B\u00fcndnisvertrag 10.12.1805\r\n"},"Einordnung des Vertrags":{"Textbezug zu vergangenen Ereignissen?":"B\u00fcndnisvertrag 10.12.1805 erw\u00e4hnt - 9","st\u00e4ndische Instanzen beteiligt?":"","externe Instanzen beteiligt?":"","Ratifikationen, Best\u00e4tigungen, Genehmigungen erw\u00e4hnt?":"","weitere Vertr\u00e4ge zwischen Vertragsparteien im Zusammenhang mit dieser Ehe":"Friedensvertrag von  Paris 24.08.1801\r\n\r\nAllianzvertrag 25.08.1805\r\n\r\nB\u00fcndnisvertrag von Br\u00fcnn 10.12.1805\r\n\r\n(Konvention von Sch\u00f6nbrunn 15.12.1805 zwischen Frankreich, Preu\u00dfen \u00fcber Gebietsgewinne f\u00fcr Bayern)\r\n\r\nVertrag 25.05.1806 \u00fcber Tirol\r\n\r\nRheinbundakte 12.07.1806\r\n\r\nVertrag 28.02.1810","Schlagw\u00f6rter":"Zweiter Koalitionskrieg 1798 - 1802","Kommentar":" Br\u00e4utigam: Sohn von Kaiserin Josephine aus 1. Ehe, adoptiert von Napoleon","Literatur":"-"},"Grunddaten Ehevertrag":{"Vertragspartner Br\u00e4utigam":"Frankreich","Vertragspartner Braut":"Bayern","Datum Vertragsschlie\u00dfung":"1806-01-03","Ort Vertragsschlie\u00dfung":"M\u00fcnchen","Eheschlie\u00dfung vollzogen?":"Ja","verschiedenkonfessionelle Ehe?":"Nein"}}}