{"Dokument":{"Name":"Frankreich - Lothringen","In Bearbeitung":"Nein","main":{"Name":"Ehevertrag Frankreich - Lothringen 1575","Zuletzt ge\u00e4ndert":"2017-07 BB"},"Grunddaten Ehevertrag":{"Vertragspartner Br\u00e4utigam":"Frankreich","Vertragspartner Braut":"Lothringen","Datum Vertragsschlie\u00dfung":"1575-02-14","Ort Vertragsschlie\u00dfung":"Reims","Eheschlie\u00dfung vollzogen?":"Ja","verschiedenkonfessionelle Ehe?":"Nein"},"Br\u00e4utigam":{"Br\u00e4utigam Name, Titel":"Heinrich III., K\u00f6nig von Frankreich (Henri)","Br\u00e4utigam GND":"http:\/\/d-nb.info\/gnd\/118773720","Br\u00e4utigam Geburtsjahr":"1551-00-00","Br\u00e4utigam Sterbejahr":"1589-00-00","Br\u00e4utigam Dynastie":"Valois","Br\u00e4utigam Konfession":"R\u00f6misch-Katholisch"},"Braut":{"Braut Name, Titel":"Louise von Lothringen","Braut GND":"http:\/\/d-nb.info\/gnd\/11938793X","Braut Geburtsjahr":"1553-00-00","Braut Sterbejahr":"1601-00-00","Braut Dynastie":"Lothringen","Braut Konfession":"R\u00f6misch-Katholisch"},"Akteur Br\u00e4utigam":{"Akteur Br\u00e4utigam Name, Titel":"Heinrich III., K\u00f6nig von Frankreich (Henri)","Akteur Br\u00e4utigam GND":"http:\/\/d-nb.info\/gnd\/118773720","Akteur Br\u00e4utigam Dynastie":"Valois","Akteur Br\u00e4utigam Verh\u00e4ltnis zu Br\u00e4utigam":"selbst"},"Akteur Braut":{"Akteur Braut Name, Titel":"Nikolaus von Lothringen, Herzog von Mercoeur (Nicolas)","Akteur Braut GND":"http:\/\/d-nb.info\/gnd\/13824488X","Akteur Braut Dynastie":"Lothringen","Akteur Braut Verh\u00e4ltnis zu Braut":"Vater"},"Vertragstext":{"Archivexemplar":"nicht nachgewiesen","Vertragssprache Archivexemplar":"nicht nachgewiesen","Digitalisat Archivexemplar":"-","Drucknachweis":"Dumont 1726-1739, Bd. V:1, S. 234 f.","Vertragssprache Druck":"Franz\u00f6sisch","Digitalisat Druck":"https:\/\/gallica.bnf.fr\/ark:\/12148\/bpt6k1262878n\/f282.item","Vertragsinhalt":"[Pr\u00e4] \u2013 Eheschlie\u00dfung versprochen: zu Ehren Gottes, so schnell wie m\u00f6glich (234 re \u2013 235 li)\r\n\r\n[1] \u2013 Erbanspr\u00fcche der Braut als Mitgift eingesetzt (235 li)\r\n\r\n[2] \u2013 Witweneink\u00fcnfte festgelegt: aus Herzogtum als Witweng\u00fctern, Verwaltung von Witweng\u00fctern geregelt wie \u00fcblich f\u00fcr K\u00f6niginnen von Frankreich (235 li)\r\n\r\n[3] \u2013 Brautjuwelen festgelegt: zu erblichem Besitz bei Witwenschaft der Braut, zu R\u00fcckfall an Br\u00e4utigam nach Vortod der Braut (235 li)\r\n\r\n[4] \u2013 nach Tod der Braut ohne Kinder: Auslieferung von Nachlass der Braut geregelt, bis auf testierte G\u00fcter (235 li)\r\n\r\n[5] \u2013 Hofstaat der Braut geregelt (235 li)\r\n\r\n[6] \u2013 Witwenversorgung geregelt: inkl. Recht zum Verlassen des Landes (235 li)\r\n\r\n[6] \u2013 Einhaltung zugesichert (235 li)\r\n","Regelungen \u00fcber Thronfolge und Regentschaft":"","konfessionelle Regelungen":"","erbrechtliche Regelungen":"Erbanspr\u00fcche der Braut als Mitgift eingesetzt  - 1\r\n\r\nBrautjuwelen festgelegt: zu erblichem Besitz bei Witwenschaft der Braut, zu R\u00fcckfall an Br\u00e4utigam nach Vortod der Braut  - 3\r\n\r\nnach Tod der Braut ohne Kinder: Auslieferung von Nachlass der Braut geregelt, bis auf testierte G\u00fcter - 4\r\n\r\n"},"Einordnung des Vertrags":{"Textbezug zu vergangenen Ereignissen?":"","st\u00e4ndische Instanzen beteiligt?":"","externe Instanzen beteiligt?":"","Ratifikationen, Best\u00e4tigungen, Genehmigungen erw\u00e4hnt?":"","weitere Vertr\u00e4ge zwischen Vertragsparteien im Zusammenhang mit dieser Ehe":"","Schlagw\u00f6rter":"","Kommentar":"Brautvater: nicht regierend, Onkel von Herzog Karl III. von Lothringen","Literatur":"-"}}}