{"Dokument":{"Name":"Lothringen - Frankreich","In Bearbeitung":"Nein","main":{"Name":"Ehevertrag Lothringen - Frankreich 1514","Zuletzt ge\u00e4ndert":"2017-08 BB"},"Vertragstext":{"erbrechtliche Regelungen":"Erbverzicht der Braut geregelt: im Gegenzug f\u00fcr Mitgift, auf v\u00e4terliches, m\u00fctterliches, geschwisterliches Erbe, Best\u00e4tigung von Br\u00e4utigam gefordert - 3\r\n\r\nnach Tod von Br\u00e4utigam: Erbanteile der Braut mit oder ohne \u00fcberlebende Kinder an mobilem Nachlass, Zugewinn, Kleidern und Juwelen geregelt, ggf. Auszahlung von Mitgift an Braut geregelt - 5\r\n\r\nnach Tod der Braut ohne \u00fcberlebende Kinder: Auszahlung von Mitgiftanteil an Br\u00e4utigam, dessen Erben geregelt, Verzugszinsen geregelt, Sicherheiten als Pf\u00e4nder gestellt - 6\r\n","Archivexemplar":"nicht nachgewiesen","Vertragssprache Archivexemplar":"nicht nachgewiesen","Digitalisat Archivexemplar":"https:\/\/gallica.bnf.fr\/ark:\/12148\/bpt6k12634404\/f200.item","Drucknachweis":"Dumont 1726-1739, Bd. IV:1, S. 180-182","Vertragssprache Druck":"Franz\u00f6sisch","Digitalisat Druck":"https:\/\/gallica.bnf.fr\/ark:\/12148\/bpt6k12634404\/f200.item","Vertragsinhalt":"[Pr\u00e4] \u2013 (bekundet vor k\u00f6niglichen Notaren:) folgender Ehevertrag errichtet durch Vertragsparteien: (180 re)\r\n\r\n[1] \u2013 Eheschlie\u00dfung vereinbart (180 re \u2013 181 li)\r\n\r\n[2] \u2013 Mitgift festgelegt: Zahlung und Verzugszinsen geregelt, Sicherheiten als Pf\u00e4nder gestellt (181 li)\r\n\r\n[3] \u2013 Erbverzicht der Braut geregelt: im Gegenzug f\u00fcr Mitgift, auf v\u00e4terliches, m\u00fctterliches, geschwisterliches Erbe, Best\u00e4tigung von Br\u00e4utigam gefordert (181 li)\r\n\r\n[4] \u2013 Witweneink\u00fcnfte, Witweng\u00fcter festgelegt: Nutzungsrechte geregelt (181 li)\r\n\r\n[5] \u2013 nach Tod von Br\u00e4utigam: Erbanteile der Braut mit oder ohne \u00fcberlebende Kinder an mobilem Nachlass, Zugewinn, Kleidern und Juwelen geregelt, ggf. Auszahlung von Mitgift an Braut geregelt (181 li \u2013 re)\r\n\r\n[6] \u2013 nach Tod der Braut ohne \u00fcberlebende Kinder: Auszahlung von Mitgiftanteil an Br\u00e4utigam, dessen Erben geregelt, Verzugszinsen geregelt, Sicherheiten als Pf\u00e4nder gestellt (181 re)\r\n\r\n[7] \u2013 Vertrag von Vertragsparteien beschworen, Einhaltung versprochen: unter Verzicht auf Einrede oder Rechtsmittel (181 re)\r\n","Regelungen \u00fcber Thronfolge und Regentschaft":"","konfessionelle Regelungen":""},"Einordnung des Vertrags":{"Textbezug zu vergangenen Ereignissen?":"","st\u00e4ndische Instanzen beteiligt?":"","externe Instanzen beteiligt?":"","Ratifikationen, Best\u00e4tigungen, Genehmigungen erw\u00e4hnt?":"","weitere Vertr\u00e4ge zwischen Vertragsparteien im Zusammenhang mit dieser Ehe":"","Schlagw\u00f6rter":"","Kommentar":"Akteure Braut: Karl III. von Bourbon-Montpensier = Schwiegersohn von Anne de Beaujeu ","Literatur":"-"},"Grunddaten Ehevertrag":{"Vertragspartner Br\u00e4utigam":"Lothringen","Vertragspartner Braut":"Frankreich","Datum Vertragsschlie\u00dfung":"1514-03-16","Ort Vertragsschlie\u00dfung":"nicht nachgewiesen","Eheschlie\u00dfung vollzogen?":"Ja","verschiedenkonfessionelle Ehe?":"Nein"},"Br\u00e4utigam":{"Br\u00e4utigam Name, Titel":"Anton II., Herzog von Lothringen","Br\u00e4utigam GND":"http:\/\/d-nb.info\/gnd\/101100655","Br\u00e4utigam Geburtsjahr":"1489-00-00","Br\u00e4utigam Sterbejahr":"1544-00-00","Br\u00e4utigam Dynastie":"Lothringen","Br\u00e4utigam Konfession":"R\u00f6misch-Katholisch"},"Braut":{"Braut Name, Titel":"Renate von Bourbon-Montpensier (Ren\u00e9e)","Braut GND":"","Braut Geburtsjahr":"1494-00-00","Braut Sterbejahr":"1539-00-00","Braut Dynastie":"Bourbon (Frankreich)","Braut Konfession":"R\u00f6misch-Katholisch"},"Akteur Br\u00e4utigam":{"Akteur Br\u00e4utigam Name, Titel":"Anton II., Herzog von Lothringen","Akteur Br\u00e4utigam GND":"http:\/\/d-nb.info\/gnd\/101100655","Akteur Br\u00e4utigam Dynastie":"Lothringen","Akteur Br\u00e4utigam Verh\u00e4ltnis zu Br\u00e4utigam":"selbst"},"Akteur Braut":{"Akteur Braut Name, Titel":"Karl III., Herzog von Bourbon-Montpensier und Auvergne","Akteur Braut GND":"http:\/\/d-nb.info\/gnd\/119193833","Akteur Braut Dynastie":"Bourbon (Frankreich)","Akteur Braut Verh\u00e4ltnis zu Braut":"Bruder","Akteur Braut Name, Titel (36)":"Anne de Beaujeu, Herzogin von Bourbon und Auvergne, Tochter von K\u00f6nig Ludwig XI.","Akteur Braut GND (66)":"http:\/\/d-nb.info\/gnd\/118848100","Akteur Braut Dynastie (40)":"Bourbon (Frankreich)","Akteur Braut Verh\u00e4ltnis zu Braut (38)":"Cousine (angeheiratet)"}}}