{"Dokument":{"Name":"Frankreich - Florenz","In Bearbeitung":"Nein","main":{"Name":"Ehevertrag Frankreich - Florenz  1600","Zuletzt ge\u00e4ndert":"2017-07 BB"},"Grunddaten Ehevertrag":{"Vertragspartner Br\u00e4utigam":"Frankreich","Vertragspartner Braut":"Florenz","Datum Vertragsschlie\u00dfung":"1600-04-26","Ort Vertragsschlie\u00dfung":"Florenz","Eheschlie\u00dfung vollzogen?":"Ja","verschiedenkonfessionelle Ehe?":"Nein"},"Br\u00e4utigam":{"Br\u00e4utigam Name, Titel":"Heinrich IV., K\u00f6nig von Frankreich und Navarra (Henri)","Br\u00e4utigam GND":"http:\/\/d-nb.info\/gnd\/118548174","Br\u00e4utigam Geburtsjahr":"1553-00-00","Br\u00e4utigam Sterbejahr":"1610-00-00","Br\u00e4utigam Dynastie":"Bourbon (Frankreich)","Br\u00e4utigam Konfession":"R\u00f6misch-Katholisch"},"Braut":{"Braut Name, Titel":"Maria de Medici","Braut GND":"http:\/\/d-nb.info\/gnd\/118577778","Braut Geburtsjahr":"1573-00-00","Braut Sterbejahr":"1648-00-00","Braut Dynastie":"Medici","Braut Konfession":"R\u00f6misch-Katholisch"},"Akteur Br\u00e4utigam":{"Akteur Br\u00e4utigam Name, Titel":"Heinrich IV., K\u00f6nig von Frankreich und Navarra (Henri)","Akteur Br\u00e4utigam GND":"http:\/\/d-nb.info\/gnd\/118548174","Akteur Br\u00e4utigam Dynastie":"Bourbon (Frankreich)","Akteur Br\u00e4utigam Verh\u00e4ltnis zu Br\u00e4utigam":"selbst"},"Akteur Braut":{"Akteur Braut Name, Titel":"Ferdinand I. de Medici, Gro\u00dfherzog von Florenz (Ferdinando)","Akteur Braut GND":"http:\/\/d-nb.info\/gnd\/118876368","Akteur Braut Dynastie":"Medici","Akteur Braut Verh\u00e4ltnis zu Braut":"Onkel"},"Vertragstext":{"Archivexemplar":"nicht nachgewiesen","Vertragssprache Archivexemplar":"nicht nachgewiesen","Digitalisat Archivexemplar":"-","Drucknachweis":"Dumont 1726-1739, Bd. V:2, S. 4 f.","Vertragssprache Druck":"Franz\u00f6sisch","Digitalisat Druck":"https:\/\/gallica.bnf.fr\/ark:\/12148\/bpt6k1263086r\/f14.item","Vertragsinhalt":"[Pr\u00e4] \u2013 nach vorheriger Eheabrede: Eheverhandlungen, Vertragsbedingungen bekundet (4 re)\r\n\r\n[1] \u2013 gegenseitige Einwilligung erkl\u00e4rt, Eheschlie\u00dfung durch Prokurator von Br\u00e4utigam vereinbart (4 re)\r\n\r\n[2] \u2013 Mitgift vereinbart, Zahlung geregelt (4 re)\r\n\r\n[3] \u2013 \u00dcberf\u00fchrung, Aussteuer der Braut vereinbart (4 re \u2013 5 li)\r\n\r\n[4] \u2013 Erbverzicht der Braut geregelt: mit Best\u00e4tigung durch Br\u00e4utigam (5 li)\r\n\r\n[5] \u2013 Anlage der Mitgift geregelt: als Sicherheit f\u00fcr R\u00fcckfall (5 li)\r\n\r\n[6] \u2013 Witweneink\u00fcnfte festgelegt: aus Witweng\u00fctern im Rang von Herzogtum, Verwaltung und Bestellung von Bediensteten geregelt (5 li)\r\n\r\n[7] \u2013 Ausstattung mit Brautjuwelen geregelt: zu erblichem Besitz der Braut (5 li)\r\n\r\n[8] \u2013 Hofstaat und Unterhalt der Braut w\u00e4hrend der Ehe geregelt (5 li)\r\n\r\n[9] \u2013 nach Tod der Braut ohne Kinder: Auslieferung von Brautjuwelen an Brautfamilie, R\u00fcckfall von Mitgift geregelt: R\u00fcckfall entweder von Zweidrittel-Anteil sofort oder von gesamter Mitgift nach Tod von Br\u00e4utigam (5 li \u2013 re)\r\n\r\n[10] \u2013 Erbrecht der Kinder an Nachlass der Braut geregelt (5 re)\r\n\r\n[11] \u2013 nach Tod von Br\u00e4utigam: Erbrecht der Braut, Witwenversorgung geregelt (5 re)\r\n\r\n[12] \u2013 Einhaltung zugesichert (5 re)\r\n","Regelungen \u00fcber Thronfolge und Regentschaft":"","konfessionelle Regelungen":"","erbrechtliche Regelungen":"Erbverzicht der Braut geregelt: mit Best\u00e4tigung durch Br\u00e4utigam - 4\r\n\r\nAusstattung mit Brautjuwelen geregelt: zu erblichem Besitz der Braut - 7\r\n\r\nErbrecht der Kinder an Nachla\u00df der Braut geregelt - 10\r\n\r\nnach Tod von Br\u00e4utigam: Erbrecht der Braut, Witwenversorgung geregelt - 11\r\n"},"Einordnung des Vertrags":{"Textbezug zu vergangenen Ereignissen?":"","st\u00e4ndische Instanzen beteiligt?":"","externe Instanzen beteiligt?":"","Ratifikationen, Best\u00e4tigungen, Genehmigungen erw\u00e4hnt?":"","weitere Vertr\u00e4ge zwischen Vertragsparteien im Zusammenhang mit dieser Ehe":"Vertrag von Florenz 01.05.1598 \u00fcber R\u00fcckgabe von Chateau d'If, Insel Pomegues (Dumont)","Schlagw\u00f6rter":"nicht nachgewiesen","Kommentar":"-","Literatur":"-"}}}