{"Dokument":{"Name":"Spanien - Frankreich","In Bearbeitung":"Nein","main":{"Name":"Ehevertrag Spanien - Frankreich 1516","Zuletzt ge\u00e4ndert":"2020-02 JK"},"Grunddaten Ehevertrag":{"Vertragspartner Br\u00e4utigam":"Spanien","Vertragspartner Braut":"Frankreich","Datum Vertragsschlie\u00dfung":"1516-08-13","Ort Vertragsschlie\u00dfung":"Noyon","Eheschlie\u00dfung vollzogen?":"Nein","verschiedenkonfessionelle Ehe?":"Nein"},"Br\u00e4utigam":{"Br\u00e4utigam Name, Titel":"Karl V., K\u00f6nig von Spanien","Br\u00e4utigam GND":"http:\/\/d-nb.info\/gnd\/118560093","Br\u00e4utigam Geburtsjahr":"1500-00-00","Br\u00e4utigam Sterbejahr":"1558-00-00","Br\u00e4utigam Dynastie":"Habsburg (Spanien)","Br\u00e4utigam Konfession":"R\u00f6misch-Katholisch"},"Braut":{"Braut Name, Titel":"Louise von Frankreich","Braut GND":"","Braut Geburtsjahr":"1515-00-00","Braut Sterbejahr":"1518-00-00","Braut Dynastie":"Valois","Braut Konfession":"R\u00f6misch-Katholisch"},"Akteur Br\u00e4utigam":{"Akteur Br\u00e4utigam Name, Titel":"Karl V., K\u00f6nig von Spanien","Akteur Br\u00e4utigam GND":"http:\/\/d-nb.info\/gnd\/118560093","Akteur Br\u00e4utigam Dynastie":"Habsburg (Spanien)","Akteur Br\u00e4utigam Verh\u00e4ltnis zu Br\u00e4utigam":"selbst"},"Akteur Braut":{"Akteur Braut Name, Titel":"Franz I., K\u00f6nig von Frankreich","Akteur Braut GND":"http:\/\/d-nb.info\/gnd\/118534947","Akteur Braut Dynastie":"Valois","Akteur Braut Verh\u00e4ltnis zu Braut":"Vater"},"Vertragstext":{"Archivexemplar":"nicht nachgewiesen","Vertragssprache Archivexemplar":"nicht nachgewiesen","Digitalisat Archivexemplar":"-","Drucknachweis":"Dumont 1726-1739, Bd. IV:1, S. 224-228","Vertragssprache Druck":"Franz\u00f6sisch","Digitalisat Druck":"https:\/\/gallica.bnf.fr\/ark:\/12148\/bpt6k12634404\/f244.item","Vertragsinhalt":"Artikel 1: \r\n- B\u00fcndnis best\u00e4tigt: wie in Vertrag von Paris 24.03.1515\r\n- keine Hilfe f\u00fcr Feinde des andern, gegenseitige Unterst\u00fctzung vereinbart: au\u00dfer gegen Kaiser, Venedig\r\n- Offensivb\u00fcndnis vereinbart\r\nArtikel 2: \r\n- freier Handel, Verkehr vereinbart\r\nArtikel 3: \r\n- bei Vertragsverletzungen: Entsch\u00e4digung, Bestrafung der Verletzer vereinbart\r\n- Beitrittspartner aufgez\u00e4hlt, Beitrittsregeln geregelt\r\nArtikel 4: \r\n- im Vertrag von Paris 1515 Ehe Karls mit Renate von Frankreich vereinbart; hier nun auf Begehren Karls, nach Tod Ferdinands von Aragon: Brautwechsel vereinbart\r\n- Verl\u00f6bnis vereinbart: wenn Louise 7 Jahre alt\r\n- Eheschlie\u00dfung vereinbart: wenn Louise 11,5 Jahre alt\r\n- \u00dcberf\u00fchrung der Braut vereinbart\r\n- alle franz\u00f6sischen Anspr\u00fcche auf K\u00f6nigreich Neapel als Mitgift festgelegt\r\n- Erbverzicht Louises geregelt\r\n- bei Tod Karls vor Ehe: Eheschlie\u00dfung mit Karls Bruder Ferdinand vereinbart: falls dieser nicht inzwischen verheiratet mit ungarischer Prinzessin\r\n- bei Tod Louises vor Ehe: Eheschlie\u00dfung mit k\u00fcnftiger Tochter von Franz oder mit Renate vereinbart: falls Renate nicht inzwischen verheiratet\r\n- Sicherheiten bis Eheschlie\u00dfung wie in Vertrag von Paris 24.03.1515 bekr\u00e4ftigt\r\n- Ratifikation des Vertrags durch franz\u00f6sische St\u00e4nde zugesichert, geregelt\r\n- Beschw\u00f6rung des Vertrags durch Franz zugesichert\r\nArtikel 5:\r\n- Leibgedinge, Witwensitz geregelt\r\nArtikel 6: \r\n- bei Scheitern der Ehevereinbarung oder Aussterben der Eheleute ohne Kinder: beiderseitige Anspr\u00fcche auf Neapel vorbehalten\r\n- bei Vertragsausfall, -verletzung durch Karl, Ferdinand: \u00dcbergang von Anspr\u00fcchen Karls, Ferdinands auf Neapel an Frankreich vereinbart \r\n- bei Vertragsausfall, -verletzung durch Frankreich: \u00dcbergang von franz\u00f6sischen Anspr\u00fcchen auf Neapel an Karl vereinbart \r\n- Einholung von p\u00e4pstlicher Zustimmung vereinbart: Papst als Lehnsherr \u00fcber Neapel \r\n- Entsch\u00e4digung an Franz f\u00fcr Neapel vereinbart: Zahlung herabgesetzt nach Geburt von Kindern Karls, Kaufleute als Sicherheit gestellt \r\nArtikel 7: \r\n- bei Witwenschaft Louises, Renates ohne Erben: R\u00fcckkehr der Anspr\u00fcche auf Neapel an Frankreich vereinbart, ohne Ausgleichszahlungen \r\nArtikel 8: \r\n- beiderseitige Anspr\u00fcche auf Neapel vorbehalten \r\nArtikel 9+10: \r\n- Tributzahlung aus Artois an Frankreich von Franz an Karl, dessen Erben zugestanden: inkl. Recht zur Erhebung weiterer Abgaben \r\nArtikel 11: \r\n- Besitzergreifung von strittigen G\u00fctern durch Margarethe von Savoyen vereinbart: auf Befehl von Franz, nach Entsch\u00e4digung der bisherigen Besitzer \r\nArtikel 12+13: \r\n- Schiedsrichter zur Entsch\u00e4digung spanischer Kaufleute eingesetzt: gem\u00e4\u00df Vertrag von Paris 24.03.1515\r\nArtikel 14:\r\n- spanische Besitzergreifung von Navarra vereinbart: gegen Entsch\u00e4digung des K\u00f6nigs von Navarra, franz\u00f6sisches B\u00fcndnis mit Navarra vorbehalten \r\n- Papst, Reichsst\u00e4nde zu Konservatoren des Vertrags ernannt","Regelungen \u00fcber Thronfolge und Regentschaft":"","konfessionelle Regelungen":"Artikel 1: \r\n- B\u00fcndnis best\u00e4tigt: wie in Vertrag von Paris 24.03.1515\r\n- keine Hilfe f\u00fcr Feinde des andern, gegenseitige Unterst\u00fctzung vereinbart: au\u00dfer gegen Kaiser, Venedig \r\n- Offensivb\u00fcndnis vereinbart \r\nArtikel 4: \r\n- alle franz\u00f6sischen Anspr\u00fcche auf K\u00f6nigreich Neapel als Mitgift festgelegt \r\n- Sicherheiten bis Eheschlie\u00dfung wie in Vertrag von Paris 24.03.1515 bekr\u00e4ftigt \r\nArtikel 6: \r\n- bei Scheitern der Ehevereinbarung oder Aussterben der Eheleute ohne Kinder: beiderseitige Anspr\u00fcche auf Neapel vorbehalten \r\n- bei Vertragsausfall, -verletzung durch Karl, Ferdinand: \u00dcbergang von Anspr\u00fcchen Karls, Ferdinands auf Neapel an Frankreich vereinbart \r\n- bei Vertragsausfall, -verletzung durch Frankreich: \u00dcbergang von franz\u00f6sischen Anspr\u00fcchen Auf Neapel an Karl vereinbart \r\n- Entsch\u00e4digung an Franz f\u00fcr Neapel vereinbart: Zahlung herabgesetzt nach Geburt von Kindern Karls, Kaufleute als Sicherheit gestellt \r\nArtikel 7: \r\n- bei Witwenschaft Louises, Renates ohne Erben: R\u00fcckkehr der Anspr\u00fcche auf Neapel an Frankreich vereinbart, ohne Ausgleichszahlungen \r\nArtikel 8: \r\n- beiderseitige Anspr\u00fcche auf Neapel vorbehalten \r\nArtikel 14:\r\n- spanische Besitzergreifung von Navarra vereinbart: gegen Entsch\u00e4digung des K\u00f6nigs von Navarra, franz\u00f6sisches B\u00fcndnis mit Navarra vorbehalten","erbrechtliche Regelungen":""},"Einordnung des Vertrags":{"Textbezug zu vergangenen Ereignissen?":"Artikel 1, 4, 13: Bezugnahme auf Vertrag von Paris 24.03.1515","st\u00e4ndische Instanzen beteiligt?":"Artikel 4: Ratifikation durch franz\u00f6sische St\u00e4nde zugesichert","externe Instanzen beteiligt?":"Artikel 6: Einholung p\u00e4pstlicher Zustimmung zu Vereinbarungen \u00fcber Neapel vereinbart","Ratifikationen, Best\u00e4tigungen, Genehmigungen erw\u00e4hnt?":"Artikel 4: Ratifikation durch franz\u00f6sische St\u00e4nde zugesichert","weitere Vertr\u00e4ge zwischen Vertragsparteien im Zusammenhang mit dieser Ehe":"Waffenstillstand von Huturbia 01.04.1513\r\nAkte von Paris von 31.03.1515 \u00fcber Navarra \r\nFriedens- und Ehevertrag von Noyon 13.08.1516 \r\nFriedensvertrag von Br\u00fcssel 03.12.1516\r\nB\u00fcndnisvertrag von Barcelona 20.03.1519 (nach FVVo)","Schlagw\u00f6rter":"Krieg zwischen dem Kaiser, Frankreich wegen Mailand, Genua, Neapel 1521-1526","Kommentar":"Der Vertrag selbst ist nicht in Artikel unterteilt.\r\nRatifikation durch Franz I.: Archivo Hist\u00f3rico Nacional, ESTADO, 2876, Exp. 24\r\n","Literatur":"-"}}}