{"Dokument":{"Name":"Frankreich - Modena","In Bearbeitung":"Nein","main":{"Name":"Ehevertrag Frankreich - Modena 1744","Zuletzt ge\u00e4ndert":"2021-04 JK"},"Grunddaten Ehevertrag":{"Vertragspartner Br\u00e4utigam":"Frankreich","Vertragspartner Braut":"Modena","Datum Vertragsschlie\u00dfung":"1744-12-28","Ort Vertragsschlie\u00dfung":"Versailles","Eheschlie\u00dfung vollzogen?":"Ja","verschiedenkonfessionelle Ehe?":"Nein"},"Br\u00e4utigam":{"Br\u00e4utigam Name, Titel":"Ludwig Johann, Herzog von Penthi\u00e8vre","Br\u00e4utigam GND":"http:\/\/d-nb.info\/gnd\/119465647","Br\u00e4utigam Geburtsjahr":"1725-00-00","Br\u00e4utigam Sterbejahr":"1793-00-00","Br\u00e4utigam Dynastie":"Bourbon (Frankreich)","Br\u00e4utigam Konfession":"R\u00f6misch-Katholisch"},"Braut":{"Braut Name, Titel":"Maria Theresa Felicitas d'Este","Braut GND":"","Braut Geburtsjahr":"1726-00-00","Braut Sterbejahr":"1754-00-00","Braut Dynastie":"Este","Braut Konfession":"R\u00f6misch-Katholisch"},"Akteur Br\u00e4utigam":{"Akteur Br\u00e4utigam Name, Titel":"Marie Victoria Sophie von Noailles","Akteur Br\u00e4utigam GND":"http:\/\/d-nb.info\/gnd\/143329952","Akteur Br\u00e4utigam Dynastie":"Noailles","Akteur Br\u00e4utigam Verh\u00e4ltnis zu Br\u00e4utigam":"Mutter"},"Akteur Braut":{"Akteur Braut Name, Titel":"Francesco III. d'Este","Akteur Braut GND":"http:\/\/d-nb.info\/gnd\/118863525","Akteur Braut Dynastie":"Este","Akteur Braut Verh\u00e4ltnis zu Braut":"Vater","Akteur Braut Name, Titel (36)":"Charlotte Agla\u00e9 von Orl\u00e9ans, Herzogin von Modena ","Akteur Braut GND (66)":"http:\/\/d-nb.info\/gnd\/136923283","Akteur Braut Dynastie (40)":"unbekannt","Akteur Braut Verh\u00e4ltnis zu Braut (38)":"Mutter"},"Vertragstext":{"Archivexemplar":"Trait\u00e9s et accords de la France, TRA17440001","Vertragssprache Archivexemplar":"Franz\u00f6sisch","Digitalisat Archivexemplar":"https:\/\/basedoc.diplomatie.gouv.fr\/exl-php\/recherche\/mae_internet___traites","Drucknachweis":"nicht nachgewiesen","Vertragssprache Druck":"nicht nachgewiesen","Digitalisat Druck":"-","Vertragsinhalt":"Artikel 1: Eheschlie\u00dfung vereinbart\r\n\r\nArtikel 2: G\u00fctergemeinschaft vereinbart nach Pariser Recht\r\n\r\nArtikel 3: Aufl\u00f6sung der G\u00fctergemeinschaft bei Tod Maria Theresa Felicitas\u2019 ohne Kinder geregelt, Haftung f\u00fcr vor Ehe entstandene Schulden ausgeschlossen\r\n\r\nArtikel 4: Geldschenkung von 150.000 Livre durch K\u00f6nig Ludwig XV.  von Frankreich an Ludwig Johann geregelt: ehrenhalber f\u00fcr Zugeh\u00f6rigkeit zum K\u00f6nigshaus\r\n\r\nArtikel 5: Rechte und G\u00fcter Ludwig Johanns geregelt\r\n\r\nArtikel 6: Mitgift auf 300.000 Livre festgelegt, Zahlungsmodalit\u00e4ten geregelt, im Gegenzug f\u00fcr die Mitgift: Erbverzicht Maria Theresa Felicitas\u2019 zugunsten ihrer Br\u00fcder, Ercole d\u2019Este und Benedetto Filippo d\u2019Este, Ausnahme von der Erbverzichtsregelung im Falle des Aussterbens des Hauses Este in m\u00e4nnlicher Linie vereinbart, m\u00fctterliches Erbe vorbehalten\r\n\r\nArtikel 7: Zustimmung Ludwig Johanns zur Erbverzichtsregelung vor Zeugen geregelt\r\n\r\nArtikel 8: Zugewinne der Eheleute an G\u00fctern und Rechten, die durch Sukzession oder Schenkungen erzielt werden, flie\u00dfen in die G\u00fctergemeinschaft ein\r\n\r\nArtikel 9: Witwenversorgung Maria Theresa Felicitas\u2019 als j\u00e4hrliche Rente geregelt, Versorgung von Kindern geregelt\r\n\r\nArtikel 10: freie Wahl des Witwensitzes durch Maria Theresa Felicitas festgelegt, Ausnahmeregelung bei Vorhandensein von Kindern aus der Ehe festgelegt, angemessene Ausstattung des Witwensitzes bis zu festgelegtem H\u00f6chstwert geregelt\r\n\r\nArtikel 11: Auszahlung aus G\u00fctergemeinschaft f\u00fcr \u00fcberlebenden Ehepartner festgelegt\r\n\r\nArtikel 12: besondere finanzielle Bedarfe Maria Theresa Felicitas\u2019 als Witwe und Besitzrechte an Schmuck und Juwelen geregelt\r\n\r\nArtikel 13: bei Ver\u00e4u\u00dferung gemeinsamer G\u00fcter aus der G\u00fctergemeinschaft: Ausgleich geregelt \r\n\r\nArtikel 14: Maria Theresa Felicitas und Kinder aus der Ehe erhalten bei Aufl\u00f6sung der G\u00fctergemeinschaft allen Besitz, den sie in die Ehe eingebracht oder w\u00e4hrenddessen erworben hat\r\n\r\nArtikel 15: Witwenrente festgelegt: au\u00dfer bei zweiter Ehe Maria Theresa Felicitas\u2019\r\n\r\nArtikel 16: Handgeld Maria Theresa Felicitas festgelegt\r\n\r\nArtikel 17: Recht Maria Theresa Felicitas\u2019 zur Beleihung der G\u00fcter Ludwig Johanns festgelegt\r\n\r\nArtikel 17: Einhaltung zugesichert","Regelungen \u00fcber Thronfolge und Regentschaft":"","konfessionelle Regelungen":"","erbrechtliche Regelungen":"rtikel 6: [...] im Gegenzug f\u00fcr die Mitgift: Erbverzicht Maria Theresa Felicitas\u2019 zugunsten ihrer Br\u00fcder, Ercole d\u2019Este und Benedetto Filippo d\u2019Este, Ausnahme von der Erbverzichtsregelung im Falle des Aussterbens des Hauses Este in m\u00e4nnlicher Linie vereinbart, m\u00fctterliches Erbe vorbehalten\r\n\r\nArtikel 8: Zugewinne der Eheleute an G\u00fctern und Rechten, die durch Sukzession oder Schenkungen erzielt werden, flie\u00dfen in die G\u00fctergemeinschaft ein\r\n\r\nArtikel 7: Zustimmung Ludwig Johanns zur Erbverzichtsregelung vor Zeugen geregelt\r\n"},"Einordnung des Vertrags":{"Textbezug zu vergangenen Ereignissen?":"","st\u00e4ndische Instanzen beteiligt?":"","externe Instanzen beteiligt?":"","Ratifikationen, Best\u00e4tigungen, Genehmigungen erw\u00e4hnt?":"Artikel 7: Zustimmung Ludwig Johanns zur Erbverzichtsregelung vor Zeugen geregelt","weitere Vertr\u00e4ge zwischen Vertragsparteien im Zusammenhang mit dieser Ehe":"","Schlagw\u00f6rter":"","Kommentar":"mit Zustimmung von K\u00f6nig Ludwig XV. (Pr\u00e4ambel) - Ludwig Alexander von Bourbon, Vater von Br\u00e4utigam: legitimierter Sohn von K\u00f6nig Ludwig XIV. von M\u00e4tresse\r\n\r\nVertrag selbst ist nicht in Artikel unterteilt.\r\n\r\nDigitalisat kann unter der angegebenen URL unter Verwendung der Signatur (TRA17440001) abgerufen werden. Relevante Vertragsinhalte im Digitalisat auf fol. 1-6, 22-26.","Literatur":"-"}}}