{"Dokument":{"Name":"Portugal - \u00d6sterreich","In Bearbeitung":"Nein","main":{"Name":"Ehevertrag Portugal - \u00d6sterreich 1708","Zuletzt ge\u00e4ndert":"2020-12 JK"},"Einordnung des Vertrags":{"st\u00e4ndische Instanzen beteiligt?":"","externe Instanzen beteiligt?":"Pr\u00e4ambel: P\u00e4pstliche Dispens erw\u00e4hnt","Ratifikationen, Best\u00e4tigungen, Genehmigungen erw\u00e4hnt?":"Artikel 13-14: Einhaltung, Ratifikation zugesichert","weitere Vertr\u00e4ge zwischen Vertragsparteien im Zusammenhang mit dieser Ehe":"Defensivb\u00fcndnis von Lissabon 16.05.1703 zusammen mit Spanien, Gro\u00dfbritannien, Niederlande","Schlagw\u00f6rter":"","Kommentar":"Vertrag selbst ist nicht in Artikel unterteilt.","Literatur":"-","Textbezug zu vergangenen Ereignissen?":""},"Grunddaten Ehevertrag":{"Vertragspartner Br\u00e4utigam":"Portugal","Vertragspartner Braut":"\u00d6sterreich","Datum Vertragsschlie\u00dfung":"1708-11-24","Ort Vertragsschlie\u00dfung":"Wien","Eheschlie\u00dfung vollzogen?":"Ja","verschiedenkonfessionelle Ehe?":"Nein"},"Br\u00e4utigam":{"Br\u00e4utigam Name, Titel":"Johannes V. (Jo\u00e3o), K\u00f6nig von Portugal","Br\u00e4utigam GND":"http:\/\/d-nb.info\/gnd\/119362341","Br\u00e4utigam Geburtsjahr":"1689-00-00","Br\u00e4utigam Sterbejahr":"1750-00-00","Br\u00e4utigam Dynastie":"Braganza","Br\u00e4utigam Konfession":"R\u00f6misch-Katholisch"},"Braut":{"Braut Name, Titel":"Maria Anna von \u00d6sterreich","Braut GND":"http:\/\/d-nb.info\/gnd\/119360691","Braut Geburtsjahr":"1683-00-00","Braut Sterbejahr":"1754-00-00","Braut Dynastie":"Habsburg (\u00d6sterreich)","Braut Konfession":"R\u00f6misch-Katholisch"},"Akteur Br\u00e4utigam":{"Akteur Br\u00e4utigam Name, Titel":"Johannes V. (Jo\u00e3o), K\u00f6nig von Portugal","Akteur Br\u00e4utigam GND":"http:\/\/d-nb.info\/gnd\/119362341","Akteur Br\u00e4utigam Dynastie":"Braganza","Akteur Br\u00e4utigam Verh\u00e4ltnis zu Br\u00e4utigam":"selbst"},"Akteur Braut":{"Akteur Braut Name, Titel":"Joseph I., Kaiser","Akteur Braut GND":"http:\/\/d-nb.info\/gnd\/118558390","Akteur Braut Dynastie":"Habsburg (\u00d6sterreich)","Akteur Braut Verh\u00e4ltnis zu Braut":"Bruder"},"Vertragstext":{"Archivexemplar":"nicht nachgewiesen","Vertragssprache Archivexemplar":"nicht nachgewiesen","Digitalisat Archivexemplar":"-","Drucknachweis":"CTS 26, S. 188-193","Vertragssprache Druck":"Latein","Digitalisat Druck":"-","Vertragsinhalt":"Pr\u00e4ambel: Verhandler und Prokuratoren benannt; Eheschlie\u00dfung zur Ehre Gottes, Mehrung des katholischen Glaubens, ewigem Frieden zwischen \u00d6sterreich und Portugal, mit Dispens des Papstes\r\n\r\nArtikel 1: Mitgift festgelegt, Zahlung geregelt\r\n\r\nArtikel 2: Wiederlage festgelegt: wie bei Heirat Philipps IV. von Spanien mit Maria Anna von \u00d6sterreich\r\n\r\nArtikel 3: Rechtsstellung Maria Annas als K\u00f6nigin von Portugal geregelt\r\n\r\nArtikel 4: Anlage der Mitgift in Portugal geregelt\r\n\r\nArtikel 5: Witwenversorgung bei Tod des K\u00f6nigs ohne Kinder: wenn Witwe in Portugal bleibt, Besitzrecht an Mitgift, Fahrhabe, Zugewinnen w\u00e4hrend Ehe, die nicht Besitz der Krone sind; Nutzungsrecht an L\u00e4ndereien, Eink\u00fcnften, Privilegien, Hof wie zu Lebzeiten des K\u00f6nigs\r\n\r\nArtikel 6: Witwenversorgung bei Tod des K\u00f6nigs ohne Kinder: wenn Witwe nach Deutschland zur\u00fcckkehrt, R\u00fcckgabe der Mitgift und von Drittel der Anlagegewinne, Mitnahme der Fahrhabe, die nicht Besitz der Krone ist; solange Mitgift, Anlagegewinne nicht ausgezahlt: Nutzungsrecht an L\u00e4ndereien, Eink\u00fcnften, Privilegien, Hof\r\n\r\nArtikel 7: Witwenversorgung bei Tod des K\u00f6nigs mit Kindern: wenn Witwe nach Deutschland zur\u00fcckkehrt, Auszahlung von Drittel der Mitgift und Anlagegewinne, Nutzungsrecht an Anteil w\u00e4hrend Ehe erworbener G\u00fcter, die nicht Besitz der Krone sind, Anteilige \u00dcbergabe der Fahrhabe\r\n\r\nArtikel 8: Witwenversorgung bei Tod des K\u00f6nigs mit Kindern: wenn Witwe in Portugal bleibt, Nutzungsrecht an L\u00e4ndereien, Eink\u00fcnften, Privilegien, Hof; Besitzrecht an Mitgift, Anlagegewinnen, G\u00fctern etc.\r\n\r\nArtikel 9: Bei Tod der K\u00f6nigin ohne Kinder: Erbrecht an Nachlass geregelt\r\n\r\nArtikel 10: bei Tod der K\u00f6nigin mit Kindern: anteiliges Erbrecht an Nachlass geregelt, in \u00dcbereinstimmungen mit portugiesischem Recht\r\n\r\nArtikel 11: Erbverzicht Maria Annas in \u00f6sterreichischen Erblanden gegen Entsch\u00e4digung geregelt\r\n\r\nArtikel 12: Ausstattung, \u00dcberf\u00fchrung Maria Annas geregelt: auf britischen Schiffen \r\n\r\nArtikel 13-14: Einhaltung, Ratifikation zugesichert\r\n\r\nVollmacht f\u00fcr portugiesische Verhandler inseriert\r\n","Regelungen \u00fcber Thronfolge und Regentschaft":"","konfessionelle Regelungen":"","erbrechtliche Regelungen":"Artikel 9: Bei Tod der K\u00f6nigin ohne Kinder: Erbrecht an Nachlass geregelt\r\n\r\nArtikel 10: bei Tod der K\u00f6nigin mit Kindern: anteiliges Erbrecht an Nachlass geregelt, in \u00dcbereinstimmungen mit portugiesischem Recht"}}}