{"Dokument":{"Name":"Schweden - Schleswig-Holstein-Gottorf","In Bearbeitung":"Nein","main":{"Zuletzt ge\u00e4ndert":"2017-08 BB","Name":"Ehevertrag Schweden - Schleswig-Holstein-Gottorf 1774"},"Braut":{"Braut Sterbejahr":"1818-00-00","Braut Dynastie":"Oldenburg (Gottorf)","Braut Konfession":"Evangelisch-Lutherisch","Braut Name, Titel":"Hedwig von Schleswig-Holstein-Gottorf","Braut GND":"http:\/\/d-nb.info\/gnd\/1013594819","Braut Geburtsjahr":"1759-00-00"},"Akteur Br\u00e4utigam":{"Akteur Br\u00e4utigam Name, Titel":"Gustav III., K\u00f6nig von Schweden","Akteur Br\u00e4utigam GND":"http:\/\/d-nb.info\/gnd\/118543725","Akteur Br\u00e4utigam Dynastie":"Oldenburg (Gottorf)","Akteur Br\u00e4utigam Verh\u00e4ltnis zu Br\u00e4utigam":"Bruder"},"Akteur Braut":{"Akteur Braut Name, Titel":"Friedrich August von Schleswig-Holstein-Gottorf, Bischof von L\u00fcbeck (sp\u00e4ter Herzog von Oldenburg)","Akteur Braut GND":"http:\/\/d-nb.info\/gnd\/138778981","Akteur Braut Dynastie":"Oldenburg (Gottorf)","Akteur Braut Verh\u00e4ltnis zu Braut":"Vater"},"Vertragstext":{"Archivexemplar":"Stockholm, Riksarkivet, Konungahusens urkunder, 58 Urkunder r\u00f6rande hertig Karls af S\u00f6dermanland och prinsessan Hedvig Elisabet Charlottas af Holstein-Gottorp gifterm\u00e5l 1774, nr. 58 a Gifterm\u00e5lskontrakt","Vertragssprache Archivexemplar":"Schwedisch, Deutsch (2 Fassungen)","Digitalisat Archivexemplar":"https:\/\/sok.riksarkivet.se\/bildvisning\/R0001259","Drucknachweis":"nicht nachgewiesen","Vertragssprache Druck":"nicht nachgewiesen","Digitalisat Druck":"-","Vertragsinhalt":"[Pr\u00e4] \u2013 Einigung \u00fcber Eheschlie\u00dfung, Ernennung von Verhandlern, Vertragsschlie\u00dfung bekundet\r\n\r\n1 \u2013 \u00dcberf\u00fchrung der Braut geregelt\r\n\r\n2 \u2013 Abdankung von holsteinischem, Annahme von schwedischen Hofstaat der Braut auf \u00dcberf\u00fchrung geregelt\r\n\r\n3 \u2013 Eheschlie\u00dfung und kirchliche Trauung in Schweden geregelt\r\n\r\n4 \u2013 Aussteuer geregelt, Mitgift festgelegt\r\n\r\n5 \u2013 Nutzung der Mitgift geregelt:  zugunsten von Br\u00e4utigam w\u00e4hrend der Ehe, durch Braut w\u00e4hrend Witwenzeit  \u2013 nach Tod der Eheleute: R\u00fcckfall oder Vererbung von Mitgift geregelt \u2013 bei zweiter Ehe der Braut: ggf. Abfindung von Witweneink\u00fcnften nach Gutd\u00fcnken von schwedischem K\u00f6nig geregelt\r\n\r\n6 \u2013 Unterhalt der Braut w\u00e4hrend der Ehe festgelegt: zahlbar durch schwedischen K\u00f6nig, Zahlung geregelt \u2013 Hofstaat der Braut geregelt: nach Anordnung von schwedischem K\u00f6nig, Bestellung und Besoldung von Bediensteten geregelt\r\n\r\n7 \u2013 Witwensitz und Witweneink\u00fcnfte festgelegt: Zustand, Ausstattung und Erhaltung von Witwensitz geregelt, Vermehrung um Eink\u00fcnfte von Br\u00e4utigam zugesichert\r\n\r\n8 \u2013 nach Tod von Br\u00e4utigam als K\u00f6nig von Schweden: Vermehrung von Witweneink\u00fcnften zugesichert \u2013 Abzug der Witwe ins Ausland beschr\u00e4nkt: nur mit Zustimmung des schwedischen K\u00f6nigs, bei Verlust von Witweneink\u00fcnften\r\n\r\n9 \u2013 Brautjuwelen geregelt: aufgebracht vom schwedischen K\u00f6nig, Ver\u00e4u\u00dferung oder Verpf\u00e4ndung verboten, Vererbung als Eigentum der schwedischen Krone geregelt\r\n\r\n10 \u2013 Indemnit\u00e4t der Braut von schwedischen Schulden zugesichert\r\n\r\n11 \u2013 Kindererziehung geregelt: lutherische Konfession vorgeschrieben, Finanzierung durch schwedischen K\u00f6nig geregelt\r\n\r\n12 \u2013 nach Tod von Braut oder Br\u00e4utigam vor Eheschlie\u00dfung: Nichtigkeit von Ehevertrag geregelt\r\n\r\n13 \u2013 Ratifikation geregelt\r\n","Regelungen \u00fcber Thronfolge und Regentschaft":"nach Tod von Br\u00e4utigam als K\u00f6nig von Schweden: Vermehrung von Witweneink\u00fcnften zugesichert - 8","konfessionelle Regelungen":"Kindererziehung geregelt: lutherische Konfession vorgeschrieben - 11","erbrechtliche Regelungen":"nach Tod der Eheleute: R\u00fcckfall oder Vererbung von Mitgift geregelt  - 5\r\n\r\nBrautjuwelen geregelt: Vererbung als Eigentum der schwedischen Krone geregelt - 9\r\n"},"Einordnung des Vertrags":{"Textbezug zu vergangenen Ereignissen?":"","st\u00e4ndische Instanzen beteiligt?":"","externe Instanzen beteiligt?":"","Ratifikationen, Best\u00e4tigungen, Genehmigungen erw\u00e4hnt?":"Ratifikation geregelt - 13","weitere Vertr\u00e4ge zwischen Vertragsparteien im Zusammenhang mit dieser Ehe":"","Schlagw\u00f6rter":"","Kommentar":"-","Literatur":"Rangstr\u00f6m 2010, S. 274-287."},"Grunddaten Ehevertrag":{"Vertragspartner Br\u00e4utigam":"Schweden","Vertragspartner Braut":"Schleswig-Holstein-Gottorf","Datum Vertragsschlie\u00dfung":"1774-03-28","Ort Vertragsschlie\u00dfung":"Eutin","Eheschlie\u00dfung vollzogen?":"Ja","verschiedenkonfessionelle Ehe?":"Nein"},"Br\u00e4utigam":{"Br\u00e4utigam Name, Titel":"Karl von Schweden, Herzog von S\u00f6dermanland (sp\u00e4ter K\u00f6nig Karl XIII. von Schweden)","Br\u00e4utigam GND":"http:\/\/d-nb.info\/gnd\/129053791","Br\u00e4utigam Geburtsjahr":"1748-00-00","Br\u00e4utigam Sterbejahr":"1818-00-00","Br\u00e4utigam Dynastie":"Oldenburg (Gottorf)","Br\u00e4utigam Konfession":"Evangelisch-Lutherisch"}}}