{"Dokument":{"Name":"Schottland - D\u00e4nemark","In Bearbeitung":"Nein","main":{"Name":"Ehevertrag Schottland - D\u00e4nemark 1589","Zuletzt ge\u00e4ndert":"2017-09 BB"},"Grunddaten Ehevertrag":{"Vertragspartner Br\u00e4utigam":"Schottland","Vertragspartner Braut":"D\u00e4nemark","Datum Vertragsschlie\u00dfung":"1589-08-20","Ort Vertragsschlie\u00dfung":"Kronborg","Eheschlie\u00dfung vollzogen?":"Ja","verschiedenkonfessionelle Ehe?":"Ja"},"Br\u00e4utigam":{"Br\u00e4utigam Name, Titel":"Jakob VI., K\u00f6nig von Schottland (sp\u00e4ter als Jakob I. auch K\u00f6nig von England) (James)","Br\u00e4utigam GND":"http:\/\/d-nb.info\/gnd\/118639889","Br\u00e4utigam Geburtsjahr":"1566-00-00","Br\u00e4utigam Sterbejahr":"1625-00-00","Br\u00e4utigam Dynastie":"Stuart","Br\u00e4utigam Konfession":"Evangelisch-Reformiert"},"Braut":{"Braut Name, Titel":"Anna von D\u00e4nemark","Braut GND":"http:\/\/d-nb.info\/gnd\/120844648","Braut Geburtsjahr":"1574-00-00","Braut Sterbejahr":"1619-00-00","Braut Dynastie":"Oldenburg (D\u00e4nemark)","Braut Konfession":"Evangelisch-Lutherisch"},"Akteur Br\u00e4utigam":{"Akteur Br\u00e4utigam Name, Titel":"Jakob VI., K\u00f6nig von Schottland (sp\u00e4ter als Jakob I. auch K\u00f6nig von England) (James)","Akteur Br\u00e4utigam GND":"http:\/\/d-nb.info\/gnd\/118639889","Akteur Br\u00e4utigam Dynastie":"Stuart","Akteur Br\u00e4utigam Verh\u00e4ltnis zu Br\u00e4utigam":"selbst"},"Akteur Braut":{"Akteur Braut Name, Titel":"Christian IV., erw\u00e4hlter K\u00f6nig von D\u00e4nemark","Akteur Braut GND":"http:\/\/d-nb.info\/gnd\/118676059","Akteur Braut Dynastie":"Oldenburg (D\u00e4nemark)","Akteur Braut Verh\u00e4ltnis zu Braut":"Bruder"},"Vertragstext":{"Archivexemplar":"nicht nachgewiesen","Vertragssprache Archivexemplar":"nicht nachgewiesen","Digitalisat Archivexemplar":"-","Drucknachweis":"DNT III, S. 14-21","Vertragssprache Druck":"Lateinisch","Digitalisat Druck":"-","Vertragsinhalt":"[Pr\u00e4] \u2013 erw\u00fcnschte Bewahrung und Fortsetzung von alter Freundschaft und Liebe zwischen beiden L\u00e4ndern bekundet, erw\u00fcnschte Verbindung beider K\u00f6nige und ihrer Magnaten in Einheit von Frieden, B\u00fcndnis und Freundschaft bekundet: m\u00f6glichst durch Zeugung von gemeinsamem f\u00fcrstlichen Nachkommen \u2013 Brautwerbung durch schottische Verhandler, Zustimmung durch Brautbruder, Brautmutter und d\u00e4nische Regentschaftsr\u00e4te, Verhandlungen und Vertragsabschluss bekundet: zur Bekr\u00e4ftigung des alten B\u00fcndnisses zwischen beiden K\u00f6nigen, als ewiges Zeugnis von gegenseitiger Verpflichtung und Wohlwollen (14f.)\r\n\r\n1 \u2013 Brautwerbung, Einwilligung f\u00fcr Braut, \u00dcbergabe der Braut bekundet: gem\u00e4\u00df schottischer inserierter schottischer Vollmacht 1589.06.10\r\n\r\n2 \u2013 Verlobung und Eheschlie\u00dfung bekundet: durch Prokurator von Br\u00e4utigam, Einhaltung durch Br\u00e4utigam zugesichert\r\n\r\n3 \u2013 Mitgift festgelegt: zur Verwurzelung von Liebe, Frieden und Freundschaft zwischen den K\u00f6nigen und Reichen, mit Zustimmung von Brautmutter und d\u00e4nischen Regentschaftsr\u00e4ten, wie vom verstorbenen Brautvater festgelegt, Zahlung geregelt\r\n\r\n4 \u2013 Witweng\u00fcter festgelegt\r\n\r\n5 \u2013 nach Tod von Br\u00e4utigam: Wahlrecht der Braut zu Abzug ins Ausland oder Verbleib innerhalb von drei Jahren einger\u00e4umt, bei Abzug ins Ausland Abl\u00f6sung von Witweng\u00fctern geregelt\r\n\r\n6 \u2013 bei Tod von Braut oder Br\u00e4utigam vor Eheschlie\u00dfung: Nichtigkeit von Vertrag geregelt\r\n\r\n7 \u2013 freie Religionsaus\u00fcbung f\u00fcr Braut und ihre Bediensteten zugesichert: mit d\u00e4nischem oder deutschem Prediger\r\n\r\n8-9 \u2013 Einhaltung zugesichert\r\n\r\n10 \u2013 Unterschriften von Brautbruder, Brautmutter, d\u00e4nischen Regentschaftsr\u00e4ten und schottischen Verhandlern angek\u00fcndigt\r\n","Regelungen \u00fcber Thronfolge und Regentschaft":"","konfessionelle Regelungen":"freie Religionsaus\u00fcbung f\u00fcr Braut und ihre Bediensteten zugesichert: mit d\u00e4nischem oder deutschem Prediger - 7","erbrechtliche Regelungen":""},"Einordnung des Vertrags":{"Textbezug zu vergangenen Ereignissen?":"","st\u00e4ndische Instanzen beteiligt?":"Zustimmung von d\u00e4nischen Regentschaftsr\u00e4ten zu Brautwerbung, Mitgift erw\u00e4hnt - Pr\u00e4, 3 - Unterschriften von d\u00e4nischen Regentschaftsr\u00e4ten angek\u00fcndigt - 10","externe Instanzen beteiligt?":"","Ratifikationen, Best\u00e4tigungen, Genehmigungen erw\u00e4hnt?":"","weitere Vertr\u00e4ge zwischen Vertragsparteien im Zusammenhang mit dieser Ehe":"Vertrag \u00fcber Moratorium im Streit \u00fcber Orkney-Inseln 20.08.1589","Schlagw\u00f6rter":"","Kommentar":"-","Literatur":"Laursen in DNT III, S. 1-13 - DUH I, S. 369"}}}