{"Dokument":{"Name":"Spanien - Frankreich Teil 2","In Bearbeitung":"Nein","main":{"Name":"Ehevertrag Spanien - Frankreich Teil 2","Zuletzt ge\u00e4ndert":"2020-02 KZ"},"Grunddaten Ehevertrag":{"Vertragspartner Br\u00e4utigam":"Spanien","Vertragspartner Braut":"Frankreich","Datum Vertragsschlie\u00dfung":"1559-06-20","Ort Vertragsschlie\u00dfung":"Paris","Eheschlie\u00dfung vollzogen?":"Ja","verschiedenkonfessionelle Ehe?":"Nein"},"Br\u00e4utigam":{"Br\u00e4utigam Name, Titel":"Philipp II., K\u00f6nig von Spanien","Br\u00e4utigam GND":"http:\/\/d-nb.info\/gnd\/118593862","Br\u00e4utigam Geburtsjahr":"1527-00-00","Br\u00e4utigam Sterbejahr":"1598-00-00","Br\u00e4utigam Dynastie":"Habsburg (Spanien)","Br\u00e4utigam Konfession":"R\u00f6misch-Katholisch"},"Braut":{"Braut Name, Titel":"Elisabeth von Frankreich","Braut GND":"http:\/\/d-nb.info\/gnd\/119232820","Braut Geburtsjahr":"1545-00-00","Braut Sterbejahr":"1568-00-00","Braut Dynastie":"Valois","Braut Konfession":"R\u00f6misch-Katholisch"},"Akteur Br\u00e4utigam":{"Akteur Br\u00e4utigam Name, Titel":"Philipp II., K\u00f6nig von Spanien","Akteur Br\u00e4utigam GND":"http:\/\/d-nb.info\/gnd\/118593862","Akteur Br\u00e4utigam Dynastie":"Habsburg (Spanien)","Akteur Br\u00e4utigam Verh\u00e4ltnis zu Br\u00e4utigam":"selbst"},"Akteur Braut":{"Akteur Braut Name, Titel":"Heinrich II, K\u00f6nig von Frankreich und K\u00f6nigin Katharina","Akteur Braut GND":"http:\/\/d-nb.info\/gnd\/118548166","Akteur Braut Dynastie":"Valois","Akteur Braut Verh\u00e4ltnis zu Braut":"Eltern"},"Vertragstext":{"Archivexemplar":"nicht nachgewiesen","Vertragssprache Archivexemplar":"nicht nachgewiesen","Digitalisat Archivexemplar":"-","Drucknachweis":"Dumont 1726-1739, Bd. V:1, S. 47-49","Vertragssprache Druck":"Franz\u00f6sisch","Digitalisat Druck":"https:\/\/gallica.bnf.fr\/ark:\/12148\/bpt6k122957c\/f86","Vertragsinhalt":"Artikel 1: Eheschlie\u00dfung vereinbart: unter Berufung auf Friedensvertrag von Cateau-Cambr\u00e9sis 1559-04-03, Funktion des Herzogs von Alba als Prokurator Philipps II., Mitgift in H\u00f6he von 400.000 \u00c9cus festgelegt: Zahlung, Anlage und Nutzung geregelt\r\n\r\nArtikel 2: Erbverzicht Elisabeths in Frankreich geregelt\r\n\r\nArtikel 5: Schenkung des Brautschatzes durch Philipp II. in H\u00f6he von 50.000 \u00c9cus zugesichert, Besitzrechte Elisabeths an von ihr in die Ehe eingebrachten Juwelen und Kleinodien geregelt \r\n\r\nArtikel 6: Unterhalt Elisabeths w\u00e4hrend der Ehe geregelt, hat einer Tochter aus k\u00f6niglichem Hause angemessen zu sein, Regelungen \u00fcber angemessene Unterbringung Elisabeths\r\n\r\nArtikel 7: Mitgiftanteil zur Witwenversorgung festgelegt: anstelle eines Leibgedinges, entsprechend den Gepflogenheiten in Spanien, Regelung der Erbrechte Elisabeths im Fall von Philipps vorzeitigem Tod\r\n\r\nArtikel 8: R\u00fcckkehrrecht Elisabeths nach Frankreich als Witwe zugesichert, Recht, ihren Hofstaat und mobilen Besitz mitzuf\u00fchren, zugesichert \r\n\r\nArtikel 9: \u00dcberf\u00fchrung Elisabeths nach Spanien geregelt, \u00dcbergabe der Braut an die spanische Partei entweder an der Grenze zu Spanien oder zu den Niederlanden, Einhaltung des Vertrags zugesichert","Regelungen \u00fcber Thronfolge und Regentschaft":"","konfessionelle Regelungen":"","erbrechtliche Regelungen":"Artikel 2: Erbverzicht Elisabeths in Frankreich geregelt\r\n\r\nArtikel 7: [...] Regelung der Erbrechte Elisabeths im Fall von Philipps vorzeitigem Tod"},"Einordnung des Vertrags":{"Textbezug zu vergangenen Ereignissen?":"Artikel 1: Bezugnahme auf Frieden von Cateau-Cambr\u00e9sis 1559-04-03","st\u00e4ndische Instanzen beteiligt?":"","externe Instanzen beteiligt?":"","Ratifikationen, Best\u00e4tigungen, Genehmigungen erw\u00e4hnt?":"","weitere Vertr\u00e4ge zwischen Vertragsparteien im Zusammenhang mit dieser Ehe":"Waffenstillstand von Vaucelles 1556.02.05 - Waffenstillstand von Cercamp 1558.10.17 - Friedensvertrag von Cateau-Cambresis 1559.04.03 - Zusatzvertrag von Cateau-Cambresis 1559.04.03 \u00fcber gegenseitige Restitution von Parteig\u00e4ngern","Schlagw\u00f6rter":"spanisch-franz\u00f6sischer Krieg 1551-1559 ( letzter der sog.  italienischen Kriege zwischen den H\u00e4usern Habsburg und Valois))","Kommentar":"Vertrag selbst ist nicht in Artikel unterteilt.","Literatur":"-"}}}