{"Dokument":{"Name":"Frankreich - W\u00fcrttemberg","In Bearbeitung":"Nein","main":{"Name":"Ehevertrag Frankreich - W\u00fcrttemberg 1806","Zuletzt ge\u00e4ndert":"2017-08 BB"},"Grunddaten Ehevertrag":{"Vertragspartner Br\u00e4utigam":"Frankreich","Vertragspartner Braut":"W\u00fcrttemberg","Datum Vertragsschlie\u00dfung":"1806-09-09","Ort Vertragsschlie\u00dfung":"Paris","Eheschlie\u00dfung vollzogen?":"Ja","verschiedenkonfessionelle Ehe?":"Ja"},"Br\u00e4utigam":{"Br\u00e4utigam Name, Titel":"Jerome Bonaparte (sp\u00e4ter K\u00f6nig von Westfalen)","Br\u00e4utigam GND":"http:\/\/d-nb.info\/gnd\/118557432","Br\u00e4utigam Geburtsjahr":"1784-00-00","Br\u00e4utigam Sterbejahr":"1860-00-00","Br\u00e4utigam Dynastie":"Bonaparte","Br\u00e4utigam Konfession":"R\u00f6misch-Katholisch"},"Braut":{"Braut Name, Titel":"Katharina von W\u00fcrttemberg","Braut GND":"http:\/\/d-nb.info\/gnd\/101423004","Braut Geburtsjahr":"1783-00-00","Braut Sterbejahr":"1835-00-00","Braut Dynastie":"W\u00fcrttemberg","Braut Konfession":"Evangelisch-Lutherisch"},"Akteur Br\u00e4utigam":{"Akteur Br\u00e4utigam Name, Titel":"Napoleon I., Kaiser von Frankreich","Akteur Br\u00e4utigam GND":"http:\/\/d-nb.info\/gnd\/118586408","Akteur Br\u00e4utigam Dynastie":"Bonaparte","Akteur Br\u00e4utigam Verh\u00e4ltnis zu Br\u00e4utigam":"Bruder"},"Akteur Braut":{"Akteur Braut Name, Titel":"Friedrich I., K\u00f6nig von W\u00fcrttemberg","Akteur Braut GND":"http:\/\/d-nb.info\/gnd\/118703218","Akteur Braut Dynastie":"W\u00fcrttemberg","Akteur Braut Verh\u00e4ltnis zu Braut":"Vater"},"Vertragstext":{"Archivexemplar":"nicht nachgewiesen","Vertragssprache Archivexemplar":"nicht nachgewiesen","Digitalisat Archivexemplar":"-","Drucknachweis":"Grands trait\u00e9s II, S. 243-246","Vertragssprache Druck":"Franz\u00f6sisch","Digitalisat Druck":"-","Vertragsinhalt":"[Pr\u00e4] \u2013 zur Festigung und Fortsetzung der Freundschaft und engen Verbundenheiten zwischen den Majest\u00e4ten auf ihre Nachkommen: Ernennung von Verhandlern, Vertragsinhalt bekundet: (243f.)\r\n\r\n1 \u2013 Eheschlie\u00dfung festgelegt: Trauung durch Stellvertreter in Stuttgart, Termin festgelegt, Ratifikation durch Br\u00e4utigam in Frankreich geregelt (243f.)\r\n\r\n2 \u2013 \u00dcberf\u00fchrung der Braut geregelt\r\n\r\n3 \u2013 Mitgift festgelegt: Zahlung geregelt\r\n\r\n4 \u2013 nach Tod der Braut ohne Kinder: R\u00fcckfall der Mitgift geregelt\r\n\r\n5 \u2013 Anlage der Mitgift in Apanageg\u00fctern von Br\u00e4utigam geregelt\r\n\r\n6 \u2013 Erbverzicht, Thronfolgeverzicht der Braut geregelt: im Gegenzug f\u00fcr Mitgiftzahlung\r\n\r\n7-8 \u2013 Brautjuwelen festgelegt: als Geschenke von Brautvater, Br\u00e4utigam, als erblicher Besitz der Braut\r\n\r\n9 \u2013 Unterhalt der Braut w\u00e4hrend der Ehe festgelegt\r\n\r\n10-11 \u2013 Witwenversorgung festgelegt, Witwensitz geregelt: freie Wahl von Witwensitz zugesichert\r\n\r\n12 \u2013 Geheimhaltung von Vertrag vereinbart, Ratifikation geregelt\r\n","Regelungen \u00fcber Thronfolge und Regentschaft":"Erbverzicht, Thronfolgeverzicht der Braut geregelt: im Gegenzug f\u00fcr Mitgiftzahlung - 6\r\n","konfessionelle Regelungen":"","erbrechtliche Regelungen":"Erbverzicht, Thronfolgeverzicht der Braut geregelt: im Gegenzug f\u00fcr Mitgiftzahlung - 6\r\n\r\nBrautjuwelen festgelegt: als Geschenke von Brautvater, Br\u00e4utigam, als erblicher Besitz der Braut - 7-8\r\n\r\n9 \u2013 Unterhalt der Braut festgelegt\r\n\r\n10-11 \u2013 Witwenversorgung festgelegt, Witwensitz geregelt: freie Wahl von Witwensitz zugesichert\r\n\r\n12 \u2013 Geheimhaltung von Vertrag vereinbart, Ratifikation geregelt\r\n"},"Einordnung des Vertrags":{"Textbezug zu vergangenen Ereignissen?":"","st\u00e4ndische Instanzen beteiligt?":"","externe Instanzen beteiligt?":"","Ratifikationen, Best\u00e4tigungen, Genehmigungen erw\u00e4hnt?":"","weitere Vertr\u00e4ge zwischen Vertragsparteien im Zusammenhang mit dieser Ehe":"Friedensvertrag von Paris 20.05.1802 \r\n\r\nB\u00fcndnisvertrag von Ludwigsburg 05.10.1805\r\n\r\nVertrag von Br\u00fcnn 11.12.1805 \u00fcber Vorder\u00f6sterreich\r\n\r\nRheinbundakte 12.07.1806","Schlagw\u00f6rter":"Zweiter Koalitionskrieg 1798-1802","Kommentar":"vgl. Konfession der Braut: abweichende Konfession in Vertragsinhalt nicht erw\u00e4hnt, keine Bestimmungen zur Religionsaus\u00fcbung der Braut erw\u00e4hnt\r\n\r\nvgl. Art. 1 zu Eheschlie\u00dfung: ausgef\u00fchrt per Prokurator in Stuttgart nach ev. Ritus, in Paris nach kath. Ritus, vgl. K\u00e9rautret.\r\n","Literatur":"K\u00e9rautret in Grands trait\u00e9s II, S. 243"}}}