{"Dokument":{"Name":"Polen - Frankreich","In Bearbeitung":"Nein","main":{"Name":"Ehevertrag Polen - Frankreich 1645","Zuletzt ge\u00e4ndert":"2021-04 JK"},"Grunddaten Ehevertrag":{"Vertragspartner Br\u00e4utigam":"Polen","Vertragspartner Braut":"Frankreich","Datum Vertragsschlie\u00dfung":"1645-09-26","Ort Vertragsschlie\u00dfung":"Fontainebleau","Eheschlie\u00dfung vollzogen?":"Ja","verschiedenkonfessionelle Ehe?":"Nein"},"Br\u00e4utigam":{"Br\u00e4utigam Name, Titel":"Wladislaw IV. Sigismund, K\u00f6nig von Polen","Br\u00e4utigam GND":"http:\/\/d-nb.info\/gnd\/118834657","Br\u00e4utigam Geburtsjahr":"1595-00-00","Br\u00e4utigam Sterbejahr":"1648-00-00","Br\u00e4utigam Dynastie":"Wasa","Br\u00e4utigam Konfession":"R\u00f6misch-Katholisch"},"Braut":{"Braut Name, Titel":"Luise Marie Gonzaga","Braut GND":"http:\/\/d-nb.info\/gnd\/104321350","Braut Geburtsjahr":"1611-00-00","Braut Sterbejahr":"1667-00-00","Braut Dynastie":"Gonzaga","Braut Konfession":"R\u00f6misch-Katholisch"},"Akteur Br\u00e4utigam":{"Akteur Br\u00e4utigam Name, Titel":"Wladislaw IV. Sigismund, K\u00f6nig von Polen","Akteur Br\u00e4utigam GND":"http:\/\/d-nb.info\/gnd\/118834657","Akteur Br\u00e4utigam Dynastie":"Wasa","Akteur Br\u00e4utigam Verh\u00e4ltnis zu Br\u00e4utigam":"selbst"},"Akteur Braut":{"Akteur Braut Name, Titel":"Ludwig XIV., K\u00f6nig von Frankreich","Akteur Braut GND":"http:\/\/d-nb.info\/gnd\/118816829","Akteur Braut Dynastie":"Bourbon (Frankreich)","Akteur Braut Verh\u00e4ltnis zu Braut":"Vormund (?)","Akteur Braut Name, Titel (36)":"Anna von \u00d6sterreich, Witwe K\u00f6nig Ludwigs XIII. von Frankreich","Akteur Braut GND (66)":"http:\/\/d-nb.info\/gnd\/118649469","Akteur Braut Dynastie (40)":"Habsburg (\u00d6sterreich)","Akteur Braut Verh\u00e4ltnis zu Braut (38)":"Vormund (?)"},"Vertragstext":{"Archivexemplar":"nicht nachgewiesen","Vertragssprache Archivexemplar":"nicht nachgewiesen","Digitalisat Archivexemplar":"-","Drucknachweis":"Dumont 1726-1739, Bd. VI:1, S. 326-328","Vertragssprache Druck":"Franz\u00f6sisch","Digitalisat Druck":"https:\/\/gallica.bnf.fr\/ark:\/12148\/bpt6k1263173g\/f366","Vertragsinhalt":"Artikel 1: Franz\u00f6sisch als Vertragssprache festgelegt\r\n\r\nArtikel 2: Mitgift auf 700.000 \u00c9cus oder 2.100.000 Livre festgelegt\r\n\r\nArtikel 3: Zusammensetzung der Mitgiftsumme dargelegt, enge Verwandtschaft der Braut mit dem franz\u00f6sischen K\u00f6nigshaus hervorgehoben, Erbverzicht Luise Maries geregelt\r\n\r\nArtikel 4: Zahlungsmodalit\u00e4ten f\u00fcr 200.000 Livre der Mitgiftsumme geregelt, zu zahlen durch den K\u00f6nig von Frankreich bis Ende des Jahres 1646 \r\n\r\nArtikel 5: Bereitstellung von 900.000 Livre der Mitgiftsumme geregelt, Ver\u00e4u\u00dferung von G\u00fctern zur Aufbringung der Summe erw\u00e4hnt, Pariser Bankiers involviert \r\n\r\nArtikel 6: Zahlung weiterer 600.000 Livre der Mitgiftsumme bis Ende des Jahres 1645 geregelt, unter Voraussetzung der Regelungen strittiger erbrechtlicher Fragen bez\u00fcglich Mantuas und Montferrats, Schlichtung durch franz\u00f6sische Krone\r\n\r\nArtikel 7: dem K\u00f6nig von Polen wird freie Verf\u00fcgung \u00fcber 600.000 Livre aus der Mitgiftsumme zugesprochen, falls die Ehe kinderlos bleibt und Luise Marie vor ihm verstirbt; falls er vor ihr verstirbt, erh\u00e4lt sie diese Summe, unabh\u00e4ngig davon, ob aus der Ehe Kinder hervorgegangen sind oder nicht\r\n\r\nArtikel 8: 900.000 Livre der Mitgift werden Luise Marie im Gegenzug f\u00fcr ihren Rechtsverzicht ausbezahlt\r\n\r\nArtikel 9: Auszahlung der Restsumme der Mitgift und Verf\u00fcgungsrechte des K\u00f6nigs von Polen \u00fcber die Summe geregelt, Vererbung von bzw. Erbrecht an Mitgiftanteilen geregelt\r\n\r\nArtikel 10: Leibgedinge oder Hochzeitsgeschenk Wladislaws an Louise Marie in Form von G\u00fctern und Landbesitz als Witwengut bzw. Witwenversorgung geregelt; Wladislaw wird verpflichte, Zustimmung des polnischen Parlaments (Sejm) zu erwirken; Garantie, dass Luise Marie die G\u00fcter auch nach seinem Tod nicht entzogen werden, zugesichert; Verwaltung von Witwengut geregelt\r\n\r\nArtikel 11: Morgengabe geregelt; falls die Ehe kinderlos bleibt: R\u00fcckfall des Leibgedinges und der Morgengabe an Wladislaw im Fall ihres vorzeitigen Todes\r\n\r\nArtikel 12: Luise Maries Rechte als Untertanin der franz\u00f6sischen Krone bleiben bestehen, auch ihren Kindern und Mitgliedern ihres Hofstaats werden die Rechte franz\u00f6sischer Untertanen zugestanden\r\n\r\nArtikel 13: franz\u00f6sische Untertanen, die in den Diensten Luise Marie nach Polen gehen, sowie deren Ehegatten behalten alle aus diesem Status resultierenden Rechte\r\n\r\nArtikel 14: Anteil von Jahreseink\u00fcnften der in Frankreich befindlichen G\u00fcter Luise Maries ist vor Gl\u00e4ubigern gesch\u00fctzt\r\n\r\nArtikel 15: Ratifikation durch den K\u00f6nig von Polen und Botschafter des K\u00f6nigs von Frankreich geregelt\r\n\r\nArtikel 16: Registrierung des Vertrags u. a. durch das Parlament von Paris geregelt\r\n\r\nArtikel 17: Einhaltung zugesichert","Regelungen \u00fcber Thronfolge und Regentschaft":"","konfessionelle Regelungen":"","erbrechtliche Regelungen":"Artikel 3: [...] Erbverzicht Luise Maries geregelt\r\n\r\nArtikel 6: Zahlung weiterer 600.000 Livre der Mitgiftsumme bis Ende des Jahres 1645 geregelt, unter Voraussetzung der Regelungen strittiger erbrechtlicher Fragen bez\u00fcglich Mantuas und Montferrats [...]\r\n\r\nArtikel 9: [...] Vererbung von bzw. Erbrecht an Mitgiftanteilen geregelt"},"Einordnung des Vertrags":{"Textbezug zu vergangenen Ereignissen?":"","st\u00e4ndische Instanzen beteiligt?":"Artikel 16: Registrierung des Vertrags u. a. durch das Parlament von Paris geregelt","externe Instanzen beteiligt?":"","Ratifikationen, Best\u00e4tigungen, Genehmigungen erw\u00e4hnt?":"Artikel 15: Ratifikation durch den K\u00f6nig von Polen und Botschafter des K\u00f6nigs von Frankreich geregelt","weitere Vertr\u00e4ge zwischen Vertragsparteien im Zusammenhang mit dieser Ehe":"","Schlagw\u00f6rter":"","Kommentar":"\u00dc - N\u00e4he Luise Maries zu franz\u00f6sischem K\u00f6nigshaus betont (Narratio)\r\n\r\nLudwig XIV. war zum Zeitpunkt des Vertragsschlusses ein minderj\u00e4hriges Kind und fungierte somit nur formal als Akteur f\u00fcr die Braut.","Literatur":"-"}}}