{"Dokument":{"Name":"D\u00e4nemark - Braunschweig-L\u00fcneburg-Calenberg","In Bearbeitung":"Nein","main":{"Name":"Ehevertrag D\u00e4nemark - Braunschweig-L\u00fcneburg-Calenberg 1643","Zuletzt ge\u00e4ndert":"2017-07 BB"},"Grunddaten Ehevertrag":{"Vertragspartner Br\u00e4utigam":"D\u00e4nemark","Vertragspartner Braut":"Braunschweig-L\u00fcneburg-Calenberg ","Datum Vertragsschlie\u00dfung":"1643-09-30","Ort Vertragsschlie\u00dfung":"Gl\u00fcckstadt","Eheschlie\u00dfung vollzogen?":"Ja","verschiedenkonfessionelle Ehe?":"Nein"},"Br\u00e4utigam":{"Br\u00e4utigam Name, Titel":"Friedrich von D\u00e4nemark, Elekt von Bremen und Verden","Br\u00e4utigam GND":"http:\/\/d-nb.info\/gnd\/118693484","Br\u00e4utigam Geburtsjahr":"1609-00-00","Br\u00e4utigam Sterbejahr":"1670-00-00","Br\u00e4utigam Dynastie":"Oldenburg (D\u00e4nemark)","Br\u00e4utigam Konfession":"Evangelisch-Lutherisch"},"Braut":{"Braut Name, Titel":"Sophie Amalie von Braunschweig-L\u00fcneburg","Braut GND":"http:\/\/d-nb.info\/gnd\/119471922","Braut Geburtsjahr":"1628-00-00","Braut Sterbejahr":"1685-00-00","Braut Dynastie":"Welfen","Braut Konfession":"Evangelisch-Lutherisch"},"Akteur Br\u00e4utigam":{"Akteur Br\u00e4utigam Name, Titel":"Christian IV., K\u00f6nig von D\u00e4nemark","Akteur Br\u00e4utigam GND":"http:\/\/d-nb.info\/gnd\/118676059","Akteur Br\u00e4utigam Dynastie":"Oldenburg (D\u00e4nemark)","Akteur Br\u00e4utigam Verh\u00e4ltnis zu Br\u00e4utigam":"Vater"},"Akteur Braut":{"Akteur Braut Name, Titel":"Christian Ludwig, Herzog von Braunschweig-L\u00fcneburg","Akteur Braut GND":"http:\/\/d-nb.info\/gnd\/102117977","Akteur Braut Dynastie":"Welfen","Akteur Braut Verh\u00e4ltnis zu Braut":"Bruder"},"Vertragstext":{"Archivexemplar":"nicht nachgewiesen","Vertragssprache Archivexemplar":"nicht nachgewiesen","Digitalisat Archivexemplar":"-","Drucknachweis":"DNT IV, S. 382-390","Vertragssprache Druck":"deutsch","Digitalisat Druck":"","Vertragsinhalt":"Pr\u00e4 \u2013 zu Lob und Ehre Gottes, zur St\u00e4rkung, Wohlfahrt beider L\u00e4nder: Ehe verabredet\r\n\r\n1 \u2013 Einwilligung f\u00fcr Braut erteilt, Eheschlei\u00dfung vereinbart: Termin f\u00fcr Beilager vorbehalten\r\n\r\n2 \u2013 Mitgift festgelegt, Aussteuer geregelt\r\n\r\n3 \u2013 Morgengabe festgelegt\r\n\r\n4 \u2013 Witweng\u00fcter festgelegt: als Witwensitz, mit Witweneink\u00fcnften zur Witwenversorgung, Nutzungsrechte geregelt\r\n\r\n5 \u2013 Besoldung, Bestellung von Bediensteten, Anweisung von Untertanen auf Witweng\u00fctern geregelt\r\n\r\n6 \u2013 Nutzungsrechte der Braut auf Witweng\u00fctern geregelt: Herrschaftsrechte vorbehalten\r\n\r\n7 \u2013 Bestellung von Kirchen- und Schuldienern auf Witweng\u00fctern geregelt: nur lutherische Pastoren ernannt\r\n\r\n8-9 \u2013 Besichtigung von Witweng\u00fctern vor Beilager geregelt, Nachbesserung vorbehalten\r\n\r\n10 \u2013 bei schlechtem Bauzustand von Witweng\u00fctern: Nachbesserung geregelt\r\n\r\n11 \u2013 kgl. Schutz von Braut auf Witweng\u00fctern, Verschreibungsurkunde geregelt\r\n\r\n12 \u2013 nach Bezug von Witweng\u00fctern: Rechtsstellung von Untertanen geregelt\r\n\r\n13 \u2013 \u00d6ffnung der Witweng\u00fcter gegen\u00fcber Dritten, \u00dcbergabe an Dritte, B\u00fcndnis mit Dritten verboten\r\n\r\n14 \u2013Entfremdung, Belastung von Witweng\u00fctern verboten, Erhaltung geregelt\r\n\r\n15 \u2013 nach Tod von Br\u00e4utigam ohne Kinder: Bezug, Nutzung von Witweng\u00fctern und Witwensitz, Witwenversorgung geregelt\r\n\r\n16 \u2013 nach Tod von Br\u00e4utigam: Unterhalt der Braut bis zum Bezug von Witweng\u00fctern, Ausstattung von Witwensitz geregelt\r\n\r\n17 \u2013 nach Tod von Br\u00e4utigam: \u00dcbergang von Fahrhabe, Kleidern, Schmuck an Braut geregelt\r\n\r\n18 \u2013 bei 2. Ehe von Braut: Abl\u00f6sung von Witweng\u00fctern, Auszahlung von Mitgift, Verzinsung von Widerlage und Morgengabe geregelt\r\n\r\n19 \u2013 Vererbung von Mitgift, Nachlass der Braut an Kinder aus 1. und 2. Ehe geregelt\r\n\r\n20 \u2013 nach Auszahlung von Mitgift: Abtretung von Witweng\u00fctern geregelt\r\n\r\n21 \u2013 nach Tod von Br\u00e4utigam ohne Kinder: Witwenversorgung geregelt, nach Tod der Braut R\u00fcckfall von Mitgift, Widerlage geregelt\r\n\r\n22 \u2013 Schuldenhaftung von Braut f\u00fcr Br\u00e4utigam, weitere Anspr\u00fcche der Braut an Br\u00e4utigamfamilie ausgeschlossen\r\n\r\n23 \u2013 adelige Dienstpflicht auf Witweng\u00fctern gegen\u00fcber Braut geregelt\r\n\r\n24 \u2013 Erbfolge von S\u00f6hnen geregelt: gem\u00e4\u00df Erbvergleich zwischen Br\u00e4utigam und dem d\u00e4nischen Erbprinzen\r\n\r\n25 \u2013 nach Tod von Ehepartner vor Hochzeit: Vertrag nichtig\r\n\r\n26 \u2013 Einhaltung versprochen\r\n\r\n","Regelungen \u00fcber Thronfolge und Regentschaft":"Erbfolge von S\u00f6hnen geregelt: gem\u00e4\u00df Erbvergleich zwischen Br\u00e4utigam und dem d\u00e4nischen Erbprinzen - 24\r\n","konfessionelle Regelungen":"Bestellung von Kirchen- und Schuldienern auf Witweng\u00fctern geregelt: nur lutherische Pastoren ernannt - 7\r\n","erbrechtliche Regelungen":"Vererbung von Mitgift, Nachlass der Braut  an Kinder aus 1. und 2. Ehe geregelt - 19\r\n"},"Einordnung des Vertrags":{"Textbezug zu vergangenen Ereignissen?":"","st\u00e4ndische Instanzen beteiligt?":"","externe Instanzen beteiligt?":"","Ratifikationen, Best\u00e4tigungen, Genehmigungen erw\u00e4hnt?":"","weitere Vertr\u00e4ge zwischen Vertragsparteien im Zusammenhang mit dieser Ehe":"\n","Schlagw\u00f6rter":"","Kommentar":"vgl. Ehevertrag D\u00e4nemark - Sachsen 1633 als Vorurkunde: Art. 1-26 wie 1633 Art. 1-14, 21-32","Literatur":"Laursen in DNT IV, S. 370-381"}}}