{"Dokument":{"Name":"J\u00fclich-Kleve-Berg - \u00d6sterreich","In Bearbeitung":"Nein","main":{"Name":"Ehevertrag J\u00fclich-Kleve-Berg - \u00d6sterreich 1546","Zuletzt ge\u00e4ndert":"2017-08 BB"},"Grunddaten Ehevertrag":{"Vertragspartner Br\u00e4utigam":"J\u00fclich-Kleve-Berg","Vertragspartner Braut":"\u00d6sterreich","Datum Vertragsschlie\u00dfung":"1546-07-17","Ort Vertragsschlie\u00dfung":"Regensburg","Eheschlie\u00dfung vollzogen?":"Ja","verschiedenkonfessionelle Ehe?":"Nein"},"Br\u00e4utigam":{"Br\u00e4utigam Name, Titel":"Wilhelm V., Herzog von J\u00fclich-Kleve-Berg","Br\u00e4utigam GND":"http:\/\/d-nb.info\/gnd\/118807358","Br\u00e4utigam Geburtsjahr":"1516-00-00","Br\u00e4utigam Sterbejahr":"1592-00-00","Br\u00e4utigam Dynastie":"Mark","Br\u00e4utigam Konfession":"R\u00f6misch-Katholisch"},"Braut":{"Braut Name, Titel":"Maria von \u00d6sterreich","Braut GND":"http:\/\/d-nb.info\/gnd\/132351682","Braut Geburtsjahr":"1531-00-00","Braut Sterbejahr":"1581-00-00","Braut Dynastie":"Habsburg (\u00d6sterreich)","Braut Konfession":"R\u00f6misch-Katholisch"},"Akteur Br\u00e4utigam":{"Akteur Br\u00e4utigam Name, Titel":"Wilhelm V., Herzog von J\u00fclich-Kleve-Berg","Akteur Br\u00e4utigam GND":"http:\/\/d-nb.info\/gnd\/118807358","Akteur Br\u00e4utigam Dynastie":"Mark","Akteur Br\u00e4utigam Verh\u00e4ltnis zu Br\u00e4utigam":"selbst"},"Akteur Braut":{"Akteur Braut Name, Titel":"Ferdinand I., r\u00f6mischer K\u00f6nig, Erzherzog von \u00d6sterreich","Akteur Braut GND":"http:\/\/d-nb.info\/gnd\/118532502","Akteur Braut Dynastie":"Habsburg (\u00d6sterreich)","Akteur Braut Verh\u00e4ltnis zu Braut":"Vater"},"Vertragstext":{"Archivexemplar":"nicht nachgewiesen","Vertragssprache Archivexemplar":"nicht nachgewiesen","Digitalisat Archivexemplar":"-","Drucknachweis":"Bartenstein 1741, Beilage Urk. 33","Vertragssprache Druck":"Deutsch","Digitalisat Druck":"-","Vertragsinhalt":"[Pr\u00e4] \u2013 zu Lob und Ehre Gottes, aus gegenseitiger Zuneigung der Vertragspartner, zum Nutzen von L\u00e4ndern und Untertanen der Vertragspartner, nach Brautwerbung des Br\u00e4utigams bei Brautvater und Kaiser: Eheschlie\u00dfung verabredet, Vertragsartikel bekundet: (67f.)\r\n\r\n[1] \u2013 Einwilligung f\u00fcr Braut erteilt, Mitgift festgelegt: zuz\u00fcglich Mitgiftzulage, Aussteuer geregelt, Zahlung geregelt (68)\r\n\r\n[2] \u2013 Einwilligung von Br\u00e4utigam erteilt, Widerlage und Witweneink\u00fcnfte festgelegt, Morgengabe festgelegt \u2013 Witweng\u00fcter ausgegesetzt: mit Zustimmung von Kaiser, Nutzungsrechte geregelt, Herrschaftsrechte vorbehalten (68)\r\n\r\n[3] \u2013 Verschreibungsurkunde an Brautvater zugesichert: zur Festlegung von Huldigung der Untertanen auf Witweng\u00fctern an Braut, Nutzungsrechten der Braut, von Brautvater angenommen, Ersatz bei M\u00e4ngeln geregelt (68f.)\r\n\r\n[4] \u2013 nach Tod der Braut vor Br\u00e4utigam: lebenslange Weiternutzung von Mitgift durch Br\u00e4utigam geregelt, Vererbung von Mitgiftzulage, Morgengabe, Brautjuwelen geregelt (69)\r\n\r\n[5] \u2013 nach Tod der Braut ohne Kinder: lebenslange Weiternutzung von Mitgift durch Br\u00e4utigam geregelt, \u00dcbergang von Mitgiftzulage an Br\u00e4utigam geregelt (69f.)\r\n\r\n[6] \u2013 bei Tod des Br\u00e4utigams ohne Kinder: \u00dcbergang von Mitgift, Mitgiftzulage, Morgengabe an Braut geregelt, lebenslange Weiternutzung von Widerlage durch Braut geregelt, Abl\u00f6sung von mobilem Nachlass des Br\u00e4utigams durch Br\u00e4utigamerben geregelt (70)\r\n\r\n[7] \u2013 Erbverzicht der Braut geregelt: im Gegenzug f\u00fcr Mitgift, auf v\u00e4terliches und m\u00fctterliches Erbe, au\u00dfer nach dem Aussterben des Hauses \u00d6sterreich im Mannesstamm, mit Zustimmung und Ratifikation des Br\u00e4utigams (70)\r\n\r\n[8] \u2013 Trauung, Beilager festgelegt f\u00fcr 18.07.1546 Regensburg (70)\r\n\r\n[9] \u2013 bei Tod von Ehepartner vor Hochzeit: Vertrag f\u00fcr nichtig erkl\u00e4rt (70f.)\r\n\r\n[10] \u2013 Einhaltung zugesichert (71)\r\n","Regelungen \u00fcber Thronfolge und Regentschaft":"Erbverzicht der Braut geregelt: im Gegenzug f\u00fcr Mitgift, auf v\u00e4terliches und m\u00fctterliches Erbe, au\u00dfer nach dem Aussterben des Hauses \u00d6sterreich im Mannesstamm, mit Zustimmung und Ratifikation des Br\u00e4utigams - 7\r\n","konfessionelle Regelungen":"","erbrechtliche Regelungen":"nach Tod der Braut vor Br\u00e4utigam: lebenslange Weiternutzung von Mitgift durch Br\u00e4utigam geregelt, Vererbung von Mitgiftzulage, Morgengabe, Brautjuwelen geregelt - 4\r\n\r\nnach Tod der Braut ohne Kinder: lebenslange Weiternutzung von Mitgift durch Br\u00e4utigam geregelt, \u00dcbergang von Mitgiftzulage an Br\u00e4utigam geregelt - 5\r\n\r\nbei Tod des Br\u00e4utigams ohne Kinder: \u00dcbergang von Mitgift, Mitgiftzulage, Morgengabe an Braut geregelt, lebenslange Weiternutzung von Widerlage durch Braut geregelt, Abl\u00f6sung von mobilem Nachlass des Br\u00e4utigams durch Br\u00e4utigamerben geregelt - 6\r\n\r\nErbverzicht der Braut geregelt: im Gegenzug f\u00fcr Mitgift, auf v\u00e4terliches und m\u00fctterliches Erbe, au\u00dfer nach dem Aussterben des Hauses \u00d6sterreich im Mannesstamm, mit Zustimmung und Ratifikation des Br\u00e4utigams - 7\r\n"},"Einordnung des Vertrags":{"Textbezug zu vergangenen Ereignissen?":"","st\u00e4ndische Instanzen beteiligt?":"","externe Instanzen beteiligt?":"Zustimmung von Kaiser zu Aussetzung von Witweng\u00fctern erw\u00e4hnt - 2","Ratifikationen, Best\u00e4tigungen, Genehmigungen erw\u00e4hnt?":"","weitere Vertr\u00e4ge zwischen Vertragsparteien im Zusammenhang mit dieser Ehe":"Vertrag von Venlo 07.09.1543","Schlagw\u00f6rter":"Dritter Geldrischer Erbfolgekrieg 1543","Kommentar":"nach Unterwerfung J\u00fclichs unter Karl V., erzwungener L\u00f6sung der Ehe Wilhelms mit Jeanne d'Albret 1543","Literatur":"Kohler 2003, S. 291 f. - Preu\u00df 1984, S. 138"}}}