{"Dokument":{"Name":"Frankreich - Spanien","In Bearbeitung":"Nein","main":{"Name":"Ehevertrag Frankreich - Spanien 1721","Zuletzt ge\u00e4ndert":"2021-03 JK"},"Grunddaten Ehevertrag":{"Vertragspartner Br\u00e4utigam":"Frankreich","Vertragspartner Braut":"Spanien","Datum Vertragsschlie\u00dfung":"1721-11-25","Ort Vertragsschlie\u00dfung":"Madrid","Eheschlie\u00dfung vollzogen?":"Nein","verschiedenkonfessionelle Ehe?":"Nein"},"Br\u00e4utigam":{"Br\u00e4utigam Name, Titel":"Ludwig XV. von Frankreich","Br\u00e4utigam GND":"http:\/\/d-nb.info\/gnd\/118729438","Br\u00e4utigam Geburtsjahr":"1710-00-00","Br\u00e4utigam Sterbejahr":"1774-00-00","Br\u00e4utigam Dynastie":"Bourbon (Frankreich)","Br\u00e4utigam Konfession":"R\u00f6misch-Katholisch"},"Braut":{"Braut Name, Titel":"Maria Anna Victoria von Spanien","Braut GND":"http:\/\/d-nb.info\/gnd\/129817929","Braut Geburtsjahr":"1718-00-00","Braut Sterbejahr":"1781-00-00","Braut Dynastie":"Bourbon (Spanien)","Braut Konfession":"R\u00f6misch-Katholisch"},"Akteur Br\u00e4utigam":{"Akteur Br\u00e4utigam Name, Titel":"Ludwig XV. von Frankreich","Akteur Br\u00e4utigam GND":"http:\/\/d-nb.info\/gnd\/118729438","Akteur Br\u00e4utigam Dynastie":"Bourbon (Frankreich)","Akteur Br\u00e4utigam Verh\u00e4ltnis zu Br\u00e4utigam":"selbst"},"Akteur Braut":{"Akteur Braut Name, Titel":"Philipp V., K\u00f6nig von Spanien","Akteur Braut GND":"http:\/\/d-nb.info\/gnd\/119186640","Akteur Braut Dynastie":"Bourbon (Spanien)","Akteur Braut Verh\u00e4ltnis zu Braut":"Vater","Akteur Braut Name, Titel (36)":"Elisabeth Farnese","Akteur Braut GND (66)":"http:\/\/d-nb.info\/gnd\/119151804","Akteur Braut Dynastie (40)":"unbekannt","Akteur Braut Verh\u00e4ltnis zu Braut (38)":"Mutter"},"Vertragstext":{"Archivexemplar":"Trait\u00e9s et accords de la France, TRA17210008","Vertragssprache Archivexemplar":"Spanisch, Franz\u00f6sisch","Digitalisat Archivexemplar":"https:\/\/basedoc.diplomatie.gouv.fr\/exl-php\/recherche\/mae_internet___traites","Drucknachweis":"nicht nachgewiesen","Vertragssprache Druck":"nicht nachgewiesen","Digitalisat Druck":"-","Vertragsinhalt":"Artikel 1: Eheschlie\u00dfung vereinbart: mit p\u00e4pstlicher Dispens, wenn Maria Anna Victoria 12 Jahre alt ist, Hochzeit in Frankreich, nach Erziehung Maria Anna Victorias in Frankreich\r\n\r\nArtikel 2: Mitgift festgelegt\r\n\r\nArtikel 3: Anlage der Mitgift geregelt\r\n\r\nArtikel 4: Erbverzicht Maria Anna Victorias im Gegenzug zur Mitgiftzahlung geregelt, mit Zustimmung von K\u00f6nig Ludwig XV.\r\n\r\nArtikel 5: zum Wohl Europas, gem\u00e4\u00df Frieden von Utrecht (1713): Maria Anna Victoria selbst und alle ihre Nachkommen sind f\u00fcr immer von Thronfolge in Spanien und spanischen Territorien ausgeschlossen, auch nach Aussterben der spanischen K\u00f6nige, au\u00dfer wenn sie die Thronfolge als Witwe ohne Nachkommen oder im Rahmen einer zweiten Ehe antr\u00e4te\r\n\r\nArtikel 6: Akte \u00fcber Thronverzicht Maria Anna Victorias und ihrer Nachkommen in Spanien geregelt: mit Zustimmung von K\u00f6nig Ludwig, mit franz\u00f6sischer, spanischer Ratifikation \r\n\r\nArtikel 7: Brautjuwelen festgelegt\r\n\r\nArtikel 8: Leibgedinge Maria Anna Victorias festgelegt, Verwaltung der Leibgedingeg\u00fcter geregelt: als Witwenversorgung\r\n\r\nArtikel 9: Unterhalt Maria Anna Victorias w\u00e4hrend der Ehe geregelt\r\n\r\nArtikel 10: \u00dcberf\u00fchrung Maria Anna Victorias geregelt: sie erh\u00e4lt eine Erziehung am franz\u00f6sischen Hof bis zur Hochzeit\r\n\r\nArtikel 11: Maria Anna Victorias R\u00fcckkehrrecht als Witwe nach Spanien zugesichert\r\n\r\nArtikel 12: Papst wird um Approbation und Segen gebeten, Ratifikation und Einhaltung des Vertrags durch die Parteien zugesichert, einschlie\u00dflich der Zusicherung durch Parlamente bzw. St\u00e4ndeversammlungen und Staatsr\u00e4te beider Seiten\r\n","Regelungen \u00fcber Thronfolge und Regentschaft":"Artikel 5: zum Wohl Europas, gem\u00e4\u00df Frieden von Utrecht (1713): Maria Anna Victoria selbst und alle ihre Nachkommen sind f\u00fcr immer von Thronfolge in Spanien und spanischen Territorien ausgeschlossen, auch nach Aussterben der spanischen K\u00f6nige, au\u00dfer wenn sie die Thronfolge als Witwe ohne Nachkommen oder im Rahmen einer zweiten Ehe antr\u00e4te\r\n\r\nArtikel 6: Akte \u00fcber Thronverzicht Maria Anna Victorias und ihrer Nachkommen in Spanien geregelt: mit Zustimmung von K\u00f6nig Ludwig, mit franz\u00f6sischer, spanischer Ratifikation ","konfessionelle Regelungen":"","erbrechtliche Regelungen":"Artikel 4: Erbverzicht Maria Anna Victorias im Gegenzug zur Mitgiftzahlung geregelt, mit Zustimmung von K\u00f6nig Ludwig XV."},"Einordnung des Vertrags":{"Textbezug zu vergangenen Ereignissen?":"Artikel 5: Bezugnahme auf Frieden von Utrecht (1713)","st\u00e4ndische Instanzen beteiligt?":"Artikel 12: [...]  Parlamente bzw. St\u00e4ndeversammlungen und Staatsr\u00e4te beider Seiten","externe Instanzen beteiligt?":"Artikel 1: Dispens des Papstes eingeholt, Artikel 12: Papst wird um Approbation und Segen gebeten","Ratifikationen, Best\u00e4tigungen, Genehmigungen erw\u00e4hnt?":"Artikel 12: [...] Ratifikation und Einhaltung des Vertrags durch die Parteien zugesichert, einschlie\u00dflich der Zusicherung durch Parlamente bzw. St\u00e4ndeversammlungen und Staatsr\u00e4te beider Seiten\r\n","weitere Vertr\u00e4ge zwischen Vertragsparteien im Zusammenhang mit dieser Ehe":"Konvention von Den Haag 1719.11.19 inkl. \u00d6, GB - spanischer Beitritt zur Quadrupelallianz GB-F-\u00d6-NL 1720.02.16 - Konvention \u00fcber Waffenstillstand zur See 1720.04.02 inkl. GB, \u00d6, Sardinien - Defensivb\u00fcndnis vopn Madrid 1721.03.27 - Defensivb\u00fcndnis von Madrid 1721.06.13 inkl. GB, \u00d6 - spanischer Beitritt 1727.06.13 zu Pr\u00e4liminarartikeln von Paris 1727.05.31","Schlagw\u00f6rter":"","Kommentar":"\u00dc - Bestimmungen fast w\u00f6rtlich wie Vorvertr\u00e4ge 1721.10.05 Balsain, 1721.11.24 Madrid (Enr. 158-159), bis auf letzten Artikel\r\n\r\nIm Digitralisat des Vertrags: fol. 1-28, spanischer Originalvertrag; fol. 36-58, franz\u00f6sische Kopie.\r\n\r\nDigitalisat kann unter der angegebenen URL unter Verwendung der Signatur (TRA17210008) abgerufen werden.","Literatur":"-"}}}