{"Dokument":{"Name":"Gro\u00dfbritannien - Spanien","In Bearbeitung":"Nein","main":{"Name":"Ehevertrag Gro\u00dfbritannien - Spanien 1623","Zuletzt ge\u00e4ndert":"2017-09 BB"},"Grunddaten Ehevertrag":{"Vertragspartner Br\u00e4utigam":"Gro\u00dfbritannien","Vertragspartner Braut":"Spanien","Datum Vertragsschlie\u00dfung":"1623-07-20","Ort Vertragsschlie\u00dfung":"Westminster","Eheschlie\u00dfung vollzogen?":"Nein","verschiedenkonfessionelle Ehe?":"Ja"},"Br\u00e4utigam":{"Br\u00e4utigam Name, Titel":"Karl, Prince of Wales (sp\u00e4ter K\u00f6nig Karl I.von Gro\u00dfbritannien) (Charles)","Br\u00e4utigam GND":"http:\/\/d-nb.info\/gnd\/118720856","Br\u00e4utigam Geburtsjahr":"1600-00-00","Br\u00e4utigam Sterbejahr":"1649-00-00","Br\u00e4utigam Dynastie":"Stuart","Br\u00e4utigam Konfession":"Anglikanisch"},"Braut":{"Braut Name, Titel":"Maria Anna von Spanien","Braut GND":"http:\/\/d-nb.info\/gnd\/120186845","Braut Geburtsjahr":"1606-00-00","Braut Sterbejahr":"1646-00-00","Braut Dynastie":"Habsburg (Spanien)","Braut Konfession":"R\u00f6misch-Katholisch"},"Akteur Br\u00e4utigam":{"Akteur Br\u00e4utigam Name, Titel":"Jakob I., K\u00f6nig von England, zugleich als Jakob VI., K\u00f6nig von Schottland (James)","Akteur Br\u00e4utigam GND":"http:\/\/d-nb.info\/gnd\/118639889","Akteur Br\u00e4utigam Dynastie":"Stuart","Akteur Br\u00e4utigam Verh\u00e4ltnis zu Br\u00e4utigam":"Vater"},"Akteur Braut":{"Akteur Braut Name, Titel":"Philipp IV., K\u00f6nig von Spanien","Akteur Braut GND":"http:\/\/d-nb.info\/gnd\/118593870","Akteur Braut Dynastie":"Habsburg (Spanien)","Akteur Braut Verh\u00e4ltnis zu Braut":"Bruder"},"Vertragstext":{"Archivexemplar":"nicht nachgewiesen","Vertragssprache Archivexemplar":"nicht nachgewiesen","Digitalisat Archivexemplar":"-","Drucknachweis":"Dumont 1726-1739, Bd. V:2, S. 440-442","Vertragssprache Druck":"Lateinisch","Digitalisat Druck":"https:\/\/gallica.bnf.fr\/ark:\/12148\/bpt6k1263086r\/f448.item","Vertragsinhalt":"[Pr\u00e4] \u2013 zu Ehren Gottes, zur St\u00e4rkung von verwandtschaftlichen Verbindungen zwischen K\u00f6nigen durch neue gekn\u00fcpfte, engere Freundschaft, zur dauerhaften St\u00e4rkung von br\u00fcderlicher Eintracht zwischen den K\u00f6nigen und ihren Nachfolgern und, zur dauerhaften St\u00e4rkung von gegenseitigem Wohlwollen zwischen beiden Kronen zu beiderseitigem Segen: Entsendung von Br\u00e4utigam und Gesandtschaft nach Spanien bekundet, Eheverhandlungen und Vertragsabschluss bekundet (440 re \u2013 441 li)\r\n\r\n[1] \u2013 Eheschlie\u00dfung mit p\u00e4pstlicher Dispens vereinbart (441 li)\r\n\r\n[2] \u2013 kirchliche Trauung in Spanien geregelt: nach katholischem Ritus (441 li)\r\n\r\n[3] \u2013 Hofstaat der Braut geregelt: Bestellung von Bediensteten durch spanischen K\u00f6nig geregelt (441 li)\r\n\r\n[4] \u2013 katholische Religionsaus\u00fcbung f\u00fcr Braut und ihren Hofstaat geregelt (441 li)\r\n\r\n[5] \u2013 katholische Religionsaus\u00fcbung f\u00fcr Braut und ihren Hofstaat geregelt: Hofkapelle, Hofkirche, Begr\u00e4bnisrecht und Taufrecht geregelt (441 li)\r\n\r\n[6-7] \u2013 katholische Religionsaus\u00fcbung f\u00fcr Braut und ihren Hofstaat geregelt (441 li)\r\n\r\n[8-10] \u2013 katholische Religionsaus\u00fcbung f\u00fcr Braut und ihren Hofstaat geregelt: Zugang zur Hofkapelle f\u00fcr Braut und Bedienstete geregelt, Ausstattung geregelt (441 li)\r\n\r\n[11-15] \u2013 katholische Religionsaus\u00fcbung f\u00fcr Braut und ihren Hofstaat geregelt: Anzahl, Bestellung, Rechtsstellung und Jurisdiktion der Geistlichen geregelt (441 li \u2013 re)\r\n\r\n[16] \u2013 Hofstaat der Braut geregelt: Treueeid der Bediensteten an englischen K\u00f6nig und Br\u00e4utigam festgelegt (441re)\r\n\r\n[17-18] \u2013 Hofstaat der Braut geregelt: Immunit\u00e4t von Bediensteten gegen Katholikengesetze zugesichert, Immunit\u00e4t der Geistlichen gegen weltliche Gerichtsbarkeit zugesichert (441re)\r\n\r\n[19] \u2013 Rechtsstellung der Kinder geregelt: Immunit\u00e4t gegen Katholikengesetze zugesichert, britische Thronfolgeanspr\u00fcche zugesichert (441 re)\r\n\r\n[20] \u2013 Bestellung von katholischen Ammen f\u00fcr Kinder zugesichert (441 re)\r\n\r\n[21] \u2013 katholische Religionsaus\u00fcbung f\u00fcr Braut und ihren Hofstaat geregelt: geistliche Kleidung f\u00fcr Geistliche geregelt (441 re)\r\n\r\n[22-23] \u2013 Einhaltung der Ehe zugesichert: durch Ehrenwort von Brautvater und Br\u00e4utigam, weitere englische Zugest\u00e4ndnisse an spanischen K\u00f6nig zugesichert (441 re)\r\n\r\n[24] \u2013 Kindererziehung bis zum 10. Lebensjahr durch Braut festgelegt, britische Thronfolgeanspr\u00fcche f\u00fcr Kinder zugesichert (441 re)\r\n\r\n[25] \u2013 Hofstaat der Braut geregelt: Neubesetzung von freigewordenen Stellen f\u00fcr Bedienstete geregelt (441 re)\r\n\r\n[26] \u2013 zur Sicherung von Ratifikation: Eidesleistung von Br\u00e4utigamvater und Br\u00e4utigam zugesichert, Einsatz von Br\u00e4utigamvater und Br\u00e4utigam f\u00fcr Ratifikation durch englisches Parlament zugesichert (441 re)\r\n\r\n[27] \u2013 Best\u00e4tigung von Papst geregelt (442 li)\r\n\r\n[Esch] \u2013 Einhaltung von Br\u00e4utigamvater versprochen und beschworen, Verzicht auf Einrede zugesichert (442 li)\r\n\r\n[Suppl] \u2013 Zusatzartikel eidlich zugesichert von englischem K\u00f6nig (442 re)\r\n\r\n1 \u2013 Verzicht auf Ausf\u00fchrung von englischen Katholikengesetzen zugesichert\r\n\r\n2 \u2013 Zulassung von katholischer Religionsaus\u00fcbung in Privath\u00e4usern innerhalb von Gro\u00dfbritannien zugesichert\r\n\r\n3 \u2013 Verzicht auf Versuche zur Konversion der Braut zugesichert\r\n\r\n4 \u2013 pers\u00f6nlicher Einsatz zugesichert f\u00fcr Ratifikation von Ehevertrag und Abschaffung der Katholikengesetze und gegen neue Katholikengesetzgebung im englischen Parlament zugesichert (442 re)\r\n\r\n","Regelungen \u00fcber Thronfolge und Regentschaft":"Rechtsstellung der Kinder geregelt: Immunit\u00e4t gegen Katholikengesetze zugesichert, britische Thronfolgeanspr\u00fcche zugesichert - 19\r\n\r\nKindererziehung bis zum 10. Lebensjahr durch Braut festgelegt, britische Thronfolgeanspr\u00fcche f\u00fcr Kinder zugesichert - 24","konfessionelle Regelungen":"kirchliche Trauung in Spanien geregelt: nach katholischem Ritus - 2\r\n\r\nkatholische Religionsaus\u00fcbung f\u00fcr Braut und ihren Hofstaat geregelt: Hofkapelle, Hofkirche, Begr\u00e4bnisrecht und Taufrecht geregelt - 4-7\r\n\r\nkatholische Religionsaus\u00fcbung f\u00fcr Braut und ihren Hofstaat geregelt: Zugang zur Hofkapelle f\u00fcr Braut und Bedienstete geregelt, Ausstattung geregelt - 8-10\r\n\r\nkatholische Religionsaus\u00fcbung f\u00fcr Braut und ihren Hofstaat geregelt: Anzahl, Bestellung, Rechtsstellung und Jurisdiktion der Geistlichen geregelt - 11-15\r\n\r\nHofstaat der Braut geregelt: Immunit\u00e4t von Bediensteten gegen Katholikengesetze zugesichert, Immunit\u00e4t der Geistlichen gegen weltliche Gerichtsbarkeit zugesichert - 17-18\r\n\r\nRechtsstellung der Kinder geregelt: Immunit\u00e4t gegen Katholikengesetze zugesichert - 19\r\n\r\nBestellung von katholischen Ammen f\u00fcr Kinder zugesichert - 20\r\n\r\nkatholische Religionsaus\u00fcbung f\u00fcr Braut und ihren Hofstaat geregelt: geistliche Kleidung f\u00fcr Geistliche geregelt - 21\r\n\r\nBest\u00e4tigung von Papst geregelt - 27\r\n\r\nVerzicht auf Ausf\u00fchrung von englischen Katholikengesetzen zugesichert - Suppl 1\r\n\r\nZulassung von katholischer Religionsaus\u00fcbung in Privath\u00e4usern innerhalb von Gro\u00dfbritannien zugesichert - Suppl 2\r\n\r\nVerzicht auf Versuche zur Konversion der Braut zugesichert- Suppl 3\r\n\r\npers\u00f6nlicher Einsatz zugesichert f\u00fcr Ratifikation von Ehevertrag und Abschaffung der Katholikengesetze und gegen neue Katholikengesetzgebung im englischen Parlament zugesichert - Suppl 4","erbrechtliche Regelungen":""},"Einordnung des Vertrags":{"Textbezug zu vergangenen Ereignissen?":"","st\u00e4ndische Instanzen beteiligt?":"Einsatz von Br\u00e4utigamvater und Br\u00e4utigam f\u00fcr Ratifikation durch englisches Parlament zugesichert - 26, Suppl 4","externe Instanzen beteiligt?":"p\u00e4pstliche Dispens erw\u00e4hnt - 1, Best\u00e4tigung von Papst geregelt - 27","Ratifikationen, Best\u00e4tigungen, Genehmigungen erw\u00e4hnt?":"Ratifikation durch englisches Parlament erw\u00e4hnt - 26, Suppl 4\r\n\r\nBest\u00e4tigung von Papst geregelt - 27","weitere Vertr\u00e4ge zwischen Vertragsparteien im Zusammenhang mit dieser Ehe":"","Schlagw\u00f6rter":"Englisch-Spanischer Krieg 1625-1630","Kommentar":"NB keine Regelungen zu Unterhalt und Witwenversorgung der Braut, eher Religionsfrieden als Ehevertrag!\r\n\r\nBraut: 1631 verheiratet mit Kaiser Ferdinand III.","Literatur":"-"}}}