{"Dokument":{"Name":"Sachsen-Lauenburg - Sachsen","In Bearbeitung":"Nein","main":{"Name":"Ehevertrag Sachsen-Lauenburg - Sachsen 1538","Zuletzt ge\u00e4ndert":"2021-04 JT"},"Grunddaten Ehevertrag":{"Vertragspartner Br\u00e4utigam":"Sachsen-Lauenburg","Vertragspartner Braut":"Sachsen","Datum Vertragsschlie\u00dfung":"1538-08-29","Ort Vertragsschlie\u00dfung":"Freiburg","Eheschlie\u00dfung vollzogen?":"Ja","verschiedenkonfessionelle Ehe?":"Nein"},"Br\u00e4utigam":{"Br\u00e4utigam Name, Titel":"Franz I., Herzog von Sachsen-Lauenburg ","Br\u00e4utigam GND":"http:\/\/d-nb.info\/gnd\/138777098","Br\u00e4utigam Geburtsjahr":"1510-00-00","Br\u00e4utigam Sterbejahr":"1581-00-00","Br\u00e4utigam Dynastie":"Askanier (Anhalt)","Br\u00e4utigam Konfession":"Evangelisch-Lutherisch"},"Braut":{"Braut Name, Titel":"Sybille von Sachsen","Braut GND":"http:\/\/d-nb.info\/gnd\/136863140","Braut Geburtsjahr":"1515-00-00","Braut Sterbejahr":"1592-00-00","Braut Dynastie":"Wettiner (Albertiner)","Braut Konfession":"Evangelisch-Lutherisch"},"Akteur Br\u00e4utigam":{"Akteur Br\u00e4utigam Name, Titel":"Magnus I., Herzog von Sachsen-Lauenburg","Akteur Br\u00e4utigam GND":"http:\/\/d-nb.info\/gnd\/104176784","Akteur Br\u00e4utigam Dynastie":"Askanier (Anhalt)","Akteur Br\u00e4utigam Verh\u00e4ltnis zu Br\u00e4utigam":"Vater"},"Akteur Braut":{"Akteur Braut Name, Titel":"Heinrich \u201eder Fromme\u201c, Herzog von Sachsen","Akteur Braut GND":"http:\/\/d-nb.info\/gnd\/115821872","Akteur Braut Dynastie":"Wettin (Albertiner)","Akteur Braut Verh\u00e4ltnis zu Braut":"Vater"},"Vertragstext":{"Archivexemplar":"HStA Drd 10001 O.U. 10880","Vertragssprache Archivexemplar":"Deutsch","Digitalisat Archivexemplar":"-","Drucknachweis":"nicht nachgewiesen","Vertragssprache Druck":"nicht nachgewiesen","Digitalisat Druck":"-","Vertragsinhalt":"Artikel 1: Ehe zur Erhaltung des Friedens beschlossen, Einverst\u00e4ndnis der R\u00e4te und Vertrauten beider F\u00fcrsten bekundet, Einverst\u00e4ndnis der der Herz\u00f6ge Heinrich und Albrecht von Mecklenburg bekundet\r\n\r\nArtikel 2: Eheschlie\u00dfung nochmals vereinbart, Einwilligung der Brautleute erw\u00e4hnt\r\n\r\nArtikel 3: \u00dcberf\u00fchrung der Braut an einem noch zu bestimmenden Datum zwischen Vertragsschluss und dem Martinstag geregelt\r\n\r\nArtikel 4: Mitgift auf 10.000 Gulden festgesetzt: eine H\u00e4lfte ist in Gulden, die andere in s\u00e4chsischer Landesw\u00e4hrung zu zahlen; B\u00fcrgermeister und Rat der Stadt Freiberg als B\u00fcrgen benannt, Zahlung innerhalb eines Jahres vereinbart\r\n\r\nArtikel 5: falls die Landesherrschaft \u00fcber Herzog Georg von Sachsens Territorien an seinen Bruder bzw. den Brautvater, Heinrich den Frommen, oder dessen Erben fallen sollte: Erh\u00f6hung der Mitgift um weitere 10.000 Gulden\r\n\r\nArtikel 6: standesgem\u00e4\u00dfe Aussteuer der Braut geregelt\r\n\r\nArtikel 7: als Widerlage, Versorgung und Morgengabe erh\u00e4lt die Braut die Schl\u00f6sser, St\u00e4dte und \u00c4mter Neuhaus und Lauenburg, zuz\u00fcglich (zweimal?) 2.000 Gulden j\u00e4hrlich, die aus diesen G\u00fctern erwirtschaftet werden, Frondienste, Nutzungsrechte und Versorgung der beiden Sitze mit notwendigen G\u00fctern geregelt\r\n\r\nArtikel 8: falls Lauenburg die 2.000 Gulden j\u00e4hrlichen Einkommens nicht einbringt, wird die Differenz erstattet, damit keine finanzielle Belastung der Amtsleute und Untertanen entgegen ihren Rechten und Freiheiten geschieht\r\n\r\nArtikel 9: Ausstattung, Hausrat und Bevorratung der f\u00fcrstlichen Wohnsitze auf den Leibgedingeg\u00fctern geregelt; Verzicht auf die Verpf\u00e4ndung, Verkauf oder Beleihung dieser als Wittum ausgewiesenen G\u00fcter zugesichert\r\n\r\nArtikel 10: falls der in Artikel 5 beschriebene Fall eintritt und Herzog Heinrich die Mitgift um 10.000 Gulden erh\u00f6ht, wird Einkommen der Braut ebenfalls erh\u00f6ht: um weitere 2.000 Gulden j\u00e4hrlich\r\n\r\nArtikel 11: Schloss und Amt Neuhaus sind zum Zeitpunkt der Vertragsschlie\u00dfung noch Teil des Wittums der Mutter des Br\u00e4utigams: falls Herzog Franz vor seiner Mutter, Herzogin Katharina verstirbt, soll daher Sybille zun\u00e4chst Schloss, Stadt und Amt Lauenburg zum Wittum erhalten; verstirbt auch Katharina, erh\u00e4lt Sybille Neuhaus und muss Lauenburg abtreten; falls Neuhaus nicht die festgelegte Unterhaltssumme erbringt, wird eine Erstattung der Differenz f\u00e4llig\r\n\r\nArtikel 12: gegen die Bezahlung der Mitgift sollen die Amtleute, V\u00f6gte und Untertanen auf den Wittumsg\u00fctern der Braut huldigen und ihr nach dem Tod Herzog Franz\u2019 zur Treue verpflichtet sein\r\n\r\nArtikel 13: Besitzrechte und Vererbung der Aussteuer geregelt: falls die Braut vor dem Br\u00e4utigam verstirbt und, gleich, ob Leibeserben vorhanden sind oder nicht, soll ihr Besitz nach ihrer freien Verf\u00fcgung (Aussteuer) entweder einem ihrer Erben allein zufallen oder aufgeteilt werden; der Br\u00e4utigam und T\u00f6chter erben einen Teil ihrer Kleider und Kleinodien, sofern diese noch nicht zu ihren Lebzeiten verschenkt wurden; falls der Br\u00e4utigam verstorben und keine T\u00f6chter vorhanden sind, f\u00e4llt dieser Teil des Erbes an die Brautmutter\r\n\r\nArtikel 14: falls beim Tod beider Eheleute keine Leibeserben vorhanden sind, soll die Vererbung des Ehegeldes und der Heiratsg\u00fcter gem\u00e4\u00df dem s\u00e4chsischen Recht erfolgen\r\n\r\nArtikel 15: falls Franz vor Sybille verstirbt und keine Leibeserben aus der Ehe vorhanden sind, verf\u00fcgt sie \u00fcber volle Besitz- und Nutzungsrechte an von ihr in die Ehe eingebrachtem Besitz sowie an Kleidern, Kleinodien und Hausrat, die den Eheleuten durch Herzog Heinrich geschenkt wurden\r\n\r\nArtikel 16: sofern keine Leibeserben vorhanden, soll Sybille uneingeschr\u00e4nkten Zugriff auf die eheliche Fahrhabe erhalten\r\n\r\nArtikel 17: Unterhaltung des Hofgesindes auf den Wittumsg\u00fctern durch den Vater und die Erben des Br\u00e4utogams geregelt, bis das Wittum ausreichenden Unterhalt erbringt \r\n\r\nArtikel 18: \u00dcbernahme des Wittums und lebenslange Nutzungsrechte der Braut daran geregelt, Lehensvergabe, Mauteinnahmen und \u00d6ffnung sind Herzog Magnus und Herzog Franz\u2019 Erben vorbehalten, die \u00d6ffnung der Wittumsg\u00fcter darf aber nicht zum Schaden Sybilles erfolgen\r\n\r\nArtikel 20: \u00d6ffnung oder Vergabe des Wittums ohne Einwilligung durch Herzog Magnus und Herzog Franz\u2019 Erben ausgeschlossen\r\n\r\nArtikel 21: Instandhaltung des Witwensitzes geregelt\r\n\r\nArtikel 22: Schutz und Schirm des Heiratsguts und der Widerlage und von Sybilles Rechten daran durch Herzog Magnus und Herzog Franz\u2019 Erben zugesichert\r\n\r\nArtikel 23: Kompensation geregelt, falls Sybille Teile des Wittums nicht vertragsgem\u00e4\u00df nutzen kann\r\n\r\n\r\nArtikel 22: von beiden in der Ehe gemachte Schulden m\u00fcssen durch Herzog Magnus und Herzog Franz\u2019 Erben beglichen werden, Sybille wird von Haftung f\u00fcr Franz\u2019 Schulden ausgenommen\r\n\r\nArtikel 23: nach geschehenem Beilager sollen lebenslang j\u00e4hrlich 200 Gulden als Morgengabe an die Braut gezahlt werden\r\n\r\nArtikel 24: falls Sybille nach Franz\u2019 Tod erneut heiratet, gleich, ob Leibeserben vorhanden sind oder nicht, erh\u00e4lt sie das Heiratsgut, die halbe Widerlage, die H\u00e4lfte ihres j\u00e4hrlichen versprochenen Einkommens, ihre sonstigen Recht am Wittum bleiben erhalten\r\n\r\nArtikel 25: Erbverzicht der Braut mit Einwilligung des Br\u00e4utigams auf alles v\u00e4terliche, m\u00fctterliche und br\u00fcderliche Erbe\r\n\r\nArtikel 26: Sybilles Erbfall nach Gewohnheit des Hauses Sachsen tritt allerdings dann ein, wenn die m\u00e4nnliche Linie ihrer Familie ausstirbt\r\n\r\nArtikel 26: Einholung kaiserlicher Best\u00e4tigung f\u00fcr das Wittum durch Herzog Magnus zugesichert\r\n\r\nArtikel 27-28: Einhaltung des Ehevertrags durch beide Seiten und alle Erben zugesichert","Regelungen \u00fcber Thronfolge und Regentschaft":"","konfessionelle Regelungen":"","erbrechtliche Regelungen":"Artikel 5: falls die Landesherrschaft \u00fcber Herzog Georg von Sachsens Territorien an seinen Bruder bzw. den Brautvater, Heinrich den Frommen, oder dessen Erben fallen sollte: Erh\u00f6hung der Mitgift um weitere 10.000 Gulden\r\n\r\nArtikel 13: Besitzrechte und Vererbung der Aussteuer geregelt: falls die Braut vor dem Br\u00e4utigam verstirbt und, gleich, ob Leibeserben vorhanden sind oder nicht, soll ihr Besitz nach ihrer freien Verf\u00fcgung (Aussteuer) entweder einem ihrer Erben allein zufallen oder aufgeteilt werden; der Br\u00e4utigam und T\u00f6chter erben einen Teil ihrer Kleider und Kleinodien, sofern diese noch nicht zu ihren Lebzeiten verschenkt wurden; falls der Br\u00e4utigam verstorben und keine T\u00f6chter vorhanden sind, f\u00e4llt dieser Teil des Erbes an die Brautmutter\r\n\r\nArtikel 14: falls beim Tod beider Eheleute keine Leibeserben vorhanden sind, soll die Vererbung des Ehegeldes und der Heiratsg\u00fcter gem\u00e4\u00df dem s\u00e4chsischen Recht erfolgen\r\n\r\nArtikel 25: Erbverzicht der Braut mit Einwilligung des Br\u00e4utigams auf alles v\u00e4terliche, m\u00fctterliche und br\u00fcderliche Erbe\r\n\r\nArtikel 26: Sybilles Erbfall nach Gewohnheit des Hauses Sachsen tritt allerdings dann ein, wenn die m\u00e4nnliche Linie ihrer Familie ausstirbt"},"Einordnung des Vertrags":{"Textbezug zu vergangenen Ereignissen?":"","st\u00e4ndische Instanzen beteiligt?":"","externe Instanzen beteiligt?":"Artikel 1: [...] Einverst\u00e4ndnis der der Herz\u00f6ge Heinrich und Albrecht von Mecklenburg bekundet; Artikel 26: Einholung kaiserlicher Best\u00e4tigung f\u00fcr das Wittum durch Herzog Magnus zugesichert","Ratifikationen, Best\u00e4tigungen, Genehmigungen erw\u00e4hnt?":"Artikel 1: [...] Einverst\u00e4ndnis der R\u00e4te und Vertrauten beider F\u00fcrsten bekundet, Einverst\u00e4ndnis der der Herz\u00f6ge Heinrich und Albrecht von Mecklenburg bekundet","weitere Vertr\u00e4ge zwischen Vertragsparteien im Zusammenhang mit dieser Ehe":"","Schlagw\u00f6rter":"","Kommentar":"Vertrag verf\u00fcgt im Original \u00fcber keine Nummerierung der Artikel.","Literatur":"-"}}}