{"Dokument":{"Name":"Frankreich - Spanien","In Bearbeitung":"Nein","main":{"Name":"Ehevertrag Frankreich - Spanien 1659","Zuletzt ge\u00e4ndert":"2017-07 BB"},"Grunddaten Ehevertrag":{"Vertragspartner Br\u00e4utigam":"Frankreich","Vertragspartner Braut":"Spanien","Datum Vertragsschlie\u00dfung":"1659-11-05","Ort Vertragsschlie\u00dfung":"Ile-des-Faisans","Eheschlie\u00dfung vollzogen?":"Ja","verschiedenkonfessionelle Ehe?":"Nein"},"Br\u00e4utigam":{"Br\u00e4utigam Name, Titel":"Ludwig XIV., K\u00f6nig von Frankreich","Br\u00e4utigam GND":"http:\/\/d-nb.info\/gnd\/118816829","Br\u00e4utigam Geburtsjahr":"1638-00-00","Br\u00e4utigam Sterbejahr":"1715-00-00","Br\u00e4utigam Dynastie":"Bourbon (Frankreich)","Br\u00e4utigam Konfession":"R\u00f6misch-Katholisch"},"Braut":{"Braut Name, Titel":"Maria Theresia von Spanien","Braut GND":"http:\/\/d-nb.info\/gnd\/119150182","Braut Geburtsjahr":"1638-00-00","Braut Sterbejahr":"1683-00-00","Braut Dynastie":"Habsburg (Spanien)","Braut Konfession":"R\u00f6misch-Katholisch"},"Akteur Br\u00e4utigam":{"Akteur Br\u00e4utigam Name, Titel":"Ludwig XIV., K\u00f6nig von Frankreich","Akteur Br\u00e4utigam GND":"http:\/\/d-nb.info\/gnd\/119150182","Akteur Br\u00e4utigam Dynastie":"Bourbon (Frankreich)","Akteur Br\u00e4utigam Verh\u00e4ltnis zu Br\u00e4utigam":"selbst"},"Akteur Braut":{"Akteur Braut Name, Titel":"Philipp IV., K\u00f6nig von Spanien","Akteur Braut GND":"http:\/\/d-nb.info\/gnd\/118593870","Akteur Braut Dynastie":"Habsburg (Spanien)","Akteur Braut Verh\u00e4ltnis zu Braut":"Vater"},"Vertragstext":{"Archivexemplar":"nicht nachgewiesen","Vertragssprache Archivexemplar":"nicht nachgewiesen","Digitalisat Archivexemplar":"-","Drucknachweis":"CTS 5, S. 405-415","Vertragssprache Druck":"franz\u00f6sisch","Digitalisat Druck":"-","Vertragsinhalt":"(bevollm\u00e4chtigte Verhandler der Vertragsparteien bekunden:) (405f.)\r\n\r\n[Pr\u00e4] \u2013 aus Sorge um das Wohl ihrer K\u00f6nigreiche, zur Festigung des gerade geschlossenen Friedens zwischen beiden Kronen, im Wunsch zur Fortsetzung des Friedens \u00fcber Lebenszeit der K\u00f6nige hinaus durch neuerliche Eheschlie\u00dfung, zur Festigung von Liebe, Freundschaft und Einigkeit zwischen den K\u00f6nigen: Ehevertrag vereinbart, wie folgt: (406f.)\r\n\r\n[1] \u2013 Eheschlie\u00dfung vereinbart: mit Dispens des Papstes, Eheschlie\u00dfung am spanischen Hof vereinbart, Ratifikation und kirchliche Hochzeit nach \u00dcberf\u00fchrung der Braut nach Frankreich vereinbart, Terminabsprache vorbehalten (407)\r\n\r\n[2] \u2013 Mitgift festgelegt, Zahlung geregelt (407f.)\r\n\r\n[3] \u2013 Anlage der Mitgift in Geldrenten geregelt: Verzinsung bei R\u00fcckfall der Mitgift geregelt (408)\r\n\r\n[4] \u2013 Erbverzicht der Braut geregelt: im Gegenzug f\u00fcr Mitgiftzahlung, auf v\u00e4terliches und m\u00fctterliches Erbe, abzugeben vor und nach der Eheschlie\u00dfung, mit Zustimmung von Br\u00e4utigam, mit sofortiger Wirkung (408)\r\n\r\n[5] \u2013 zur Sicherung von Frieden der Christenheit, von Liebe und Br\u00fcderlichkeit zwischen den K\u00f6nigen, aus R\u00fccksicht auf die Ausgewogenheit und Schicklichkeit der Eheschlie\u00dfungen, zur Mehrung der christlichen Religion, f\u00fcr das Gemeinwohl beider K\u00f6nigreiche und ihrer Untertanen, zur Bewahrung der beiden Kronen, die zu gro\u00df sind f\u00fcr eine Vereinigung: Thronfolge der Braut und ihrer Nachkommen in allen L\u00e4ndern der spanischen Krone auf ewig ausgeschlossen, besonders in Flandern, Burgund, Charolais, au\u00dfer als Witwe ohne Kinder oder bei 2. Ehe der Braut (410f.)\r\n\r\n[6] \u2013 Erkl\u00e4rung der Braut \u00fcber Thronfolgeverzicht geregelt: abzugeben vor und nach der Eheschlie\u00dfung, mit Zustimmung von Br\u00e4utigam, zur Ratifikation durch Parlament von Paris und spanischen Staatsrat, in Kraft getreten zusammen mit dem Friedensschluss (411f.)\r\n\r\n[7] \u2013 Brautjuwelen festgelegt: zu erblichem Besitz der Braut (412)\r\n\r\n[8] \u2013 Witweneink\u00fcnfte festgelegt: angelegt in Witweng\u00fctern mit Herzogstitel, Nutzungs- und Herrschaftsrechte geregelt, auf Lebenszeit der Braut (412f.)\r\n\r\n[9] \u2013 Unterhalt der Braut und ihres Hofstaats w\u00e4hrend der Ehe geregelt (413)\r\n\r\n[10] \u2013 Eheschlie\u00dfung durch Prokurator, Aussteuer, \u00dcberf\u00fchrung geregelt: bis an die Grenze von Frankreich (413)\r\n\r\n[11] \u2013 freie Wahl von Witwensitz geregelt: in Frankreich, Spanien oder anderswo, mit allen Witweneink\u00fcnften, \u00dcbergabe von Sicherheitsbrief an Braut und Brautvater zugesichert (413f.)\r\n\r\n[12] \u2013 Best\u00e4tigung des Vertrags von Papst erbeten (414)\r\n\r\n[13] \u2013 Einhaltung zugesichert, Ratifikation geregelt (414f.)\r\n","Regelungen \u00fcber Thronfolge und Regentschaft":"[5] \u2013 zur Sicherung von Frieden der Christenheit, von Liebe und Br\u00fcderlichkeit zwischen den K\u00f6nigen, aus R\u00fccksicht auf die Ausgewogenheit und Schicklichkeit der Eheschlie\u00dfungen, zur Mehrung der christlichen Religion, f\u00fcr das Gemeinwohl beider K\u00f6nigreiche und ihrer Untertanen, zur Bewahrung der beiden Kronen, die zu gro\u00df sind f\u00fcr eine Vereinigung: Thronfolge der Braut und ihrer Nachkommen in allen L\u00e4ndern der spanischen Krone auf ewig ausgeschlossen, besonders in Flandern, Burgund, Charolais, au\u00dfer als Witwe ohne Kinder oder bei 2. Ehe der Braut (410f.)\r\n\r\n[6] \u2013 Erkl\u00e4rung der Braut \u00fcber Thronfolgeverzicht geregelt: abzugeben vor und nach der Eheschlie\u00dfung, mit Zustimmung von Br\u00e4utigam, zur Ratifikation durch Parlament von Paris und spanischen Staatsrat, in Kraft getreten zusammen mit dem Friedensschluss (411f.)\r\n","konfessionelle Regelungen":"","erbrechtliche Regelungen":"[4] \u2013 Erbverzicht der Braut geregelt: im Gegenzug f\u00fcr Mitgiftzahlung, auf v\u00e4terliches und m\u00fctterliches Erbe, abzugeben vor und nach der Eheschlie\u00dfung, mit Zustimmung von Br\u00e4utigam, mit sofortiger Wirkung (408)\r\n\r\n[5] \u2013 zur Sicherung von Frieden der Christenheit, von Liebe und Br\u00fcderlichkeit zwischen den K\u00f6nigen, aus R\u00fccksicht auf die Ausgewogenheit und Schicklichkeit der Eheschlie\u00dfungen, zur Mehrung der christlichen Religion, f\u00fcr das Gemeinwohl beider K\u00f6nigreiche und ihrer Untertanen, zur Bewahrung der beiden Kronen, die zu gro\u00df sind f\u00fcr eine Vereinigung: Thronfolge der Braut und ihrer Nachkommen in allen L\u00e4ndern der spanischen Krone auf ewig ausgeschlossen, besonders in Flandern, Burgund, Charolais, au\u00dfer als Witwe ohne Kinder oder bei 2. Ehe der Braut (410f.)\r\n\r\n[7] \u2013 Brautjuwelen festgelegt: zu erblichem Besitz der Braut (412)\r\n"},"Einordnung des Vertrags":{"Textbezug zu vergangenen Ereignissen?":"","st\u00e4ndische Instanzen beteiligt?":"Ratifikation durch Parlament von Paris und spanischen Staatsrat gefordert - 6","externe Instanzen beteiligt?":"Best\u00e4tigung des Vertrags von Papst erw\u00e4hnt - 12","Ratifikationen, Best\u00e4tigungen, Genehmigungen erw\u00e4hnt?":"Ratifikation durch Parlament von Paris und spanischen Staatsrat gefordert - 6\r\n\r\nBest\u00e4tigung des Vertrags von Papst erw\u00e4hnt - 12\r\n\r\n","weitere Vertr\u00e4ge zwischen Vertragsparteien im Zusammenhang mit dieser Ehe":"Waffenstillst\u00e4nde von Paris 07.05\/21.06.1659\r\n\r\nFriedensvertrag von Ile de Faisans 07.11.1659\r\n\r\nAusf\u00fchrungsbestimmungen von Figueras 28.04.1660\r\n\r\nZusatzartikel von Ile de Faisans 31.05.1660\r\n\r\nThron- und Erbverzichtserkl\u00e4rungen der Braut 02.06.1660\r\n\r\nGrenzkonvention von Livia 12.11.1660\r\n\r\nPr\u00e4zedenzartikel von Paris 24.03.1662","Schlagw\u00f6rter":"Franz\u00f6sisch-Spanischer Krieg 1635\u20131659","Kommentar":"Ehe vereinbart, Ehevertrag angek\u00fcndigt in Friedensvertrag von Ile de Faisans 07.11.1659, Art. 33 (CTS) - Ehepl\u00e4ne bereits seit 1646 bestanden (Tischer 1999)","Literatur":"Tischer 1999, S. 60, 322-327 - Tischer 2010, S. 18 f."}}}
