{"Dokument":{"Name":"Frankreich - Savoyen","In Bearbeitung":"Nein","main":{"Name":"Ehevertrag Frankreich - Savoyen 1767","Zuletzt ge\u00e4ndert":"2021-04 JK"},"Grunddaten Ehevertrag":{"Vertragspartner Br\u00e4utigam":"Frankreich","Vertragspartner Braut":"Savoyen","Datum Vertragsschlie\u00dfung":"1767-01-17","Ort Vertragsschlie\u00dfung":"Turin","Eheschlie\u00dfung vollzogen?":"Ja","verschiedenkonfessionelle Ehe?":"Nein"},"Br\u00e4utigam":{"Br\u00e4utigam Name, Titel":"Ludwig Alexander von Bourbon, Prinz von Lamballe","Br\u00e4utigam GND":"","Br\u00e4utigam Geburtsjahr":"1747-00-00","Br\u00e4utigam Sterbejahr":"1768-00-00","Br\u00e4utigam Dynastie":"Bourbon (Frankreich)","Br\u00e4utigam Konfession":"R\u00f6misch-Katholisch"},"Braut":{"Braut Name, Titel":"Maria Theresia Louisa von Savoyen-Carignan","Braut GND":"http:\/\/d-nb.info\/gnd\/119502712","Braut Geburtsjahr":"1749-00-00","Braut Sterbejahr":"1792-00-00","Braut Dynastie":"Savoyen","Braut Konfession":"R\u00f6misch-Katholisch"},"Akteur Br\u00e4utigam":{"Akteur Br\u00e4utigam Name, Titel":"Ludwig Johann Maria von Bourbon, Herzog von Penthi\u00e8vre","Akteur Br\u00e4utigam GND":"http:\/\/d-nb.info\/gnd\/119465647","Akteur Br\u00e4utigam Dynastie":"Bourbon (Frankreich)","Akteur Br\u00e4utigam Verh\u00e4ltnis zu Br\u00e4utigam":"Vater"},"Akteur Braut":{"Akteur Braut Name, Titel":"Ludwig Viktor, Prinz von Savoyen-Carignan","Akteur Braut GND":"","Akteur Braut Dynastie":"Savoyen","Akteur Braut Verh\u00e4ltnis zu Braut":"Vater"},"Vertragstext":{"Archivexemplar":"Trait\u00e9s et accords de la France, TRA17670011","Vertragssprache Archivexemplar":"Franz\u00f6sisch","Digitalisat Archivexemplar":"https:\/\/basedoc.diplomatie.gouv.fr\/exl-php\/recherche\/mae_internet___traites","Drucknachweis":"nicht nachgewiesen","Vertragssprache Druck":"nicht nachgewiesen","Digitalisat Druck":"-","Vertragsinhalt":"Pr\u00e4ambel: Eheschlie\u00dfung vereinbart: durch Prokurator\r\n\r\nArtikel 1: \u00dcberf\u00fchrung nach Paris und Beilager auf Schloss Nangis in der Brie geregelt\r\n\r\nArtikel 2: m\u00fctterliches, gro\u00dfm\u00fctterliches Erbe Ludwig Alexanders als Ehegut festgelegt, Unterhalt der Eheleute durch den Herzog von Penthi\u00e8vre zugesichert\r\n\r\nArtikel 3: j\u00e4hrliche Pensionszahlung des Herzogs von Penthi\u00e8vre in H\u00f6he von 50.000 Livre an Ludwig Alexander festgelegt, zuz\u00fcglich einer Pensionszahlung durch K\u00f6nig Ludwig XV. von Frankreich in H\u00f6he von 30.000 Livre an Maria Theresia Louisa, Unterhalt des Personals der Eheleute durch den Herzog von Penthi\u00e8vre zugesichert Pensionszahlung an beide Eheleute durch den Herzog in H\u00f6he 145.000 Livre j\u00e4hrlich geregelt, sofern sie einen eigenen Hausstand gr\u00fcnden\r\n\r\nArtikel 4: in diesem Fall erh\u00e4lt Ludwig Alexander au\u00dferdem eine Zusatzpension durch den franz\u00f6sischen K\u00f6nig\r\n\r\nArtikel 5: einmalige Schenkung von 50.000 Livre durch Ludwig XV. an Ludwig Alexander zugesichert, ehrenhalber aufgrund seiner Zugeh\u00f6rigkeit zum franz\u00f6sischen K\u00f6nigshaus\r\n\r\nArtikel 6: Mitgift festgelegt auf 150.000 Livre, Verzinsung geregelt, Brautgeschenk Ludwig Alexanders auf 18.000 Livre festgelegt, im Gegenzug f\u00fcr Erbverzicht Maria Theresia Louisas geregelt\r\n\r\nArtikel 7: Brautgeschenk des Herzogs von Penthi\u00e8vre auf 65.000 Livre festgelegt, als pers\u00f6nliches Eigentum Maria Theresia Louisas, Regelung ihrer Verf\u00fcgungsrechte im Falle ihrer Witwenschaft \r\n\r\nArtikel 8-9: Witwenversorgung, Witwenrente und Ausstattung Maria Theresia Louisas im Witwenstand aus dem Erbe Ludwig Alexanders geregelt\r\n\r\nArtikel 10: Auswahl des Witwensitzes durch Maria Theresia Louisa und angemessene Ausstattung des Witwensitzes im Wert von 20.000 Livre geregelt, Besitzrechte an Mobiliar geregelt, Einhaltung zugesichert\r\n\r\nAnhang: Vollmachten des Herzogs von Penthi\u00e8vre und Ludwig Alexanders mit Datum 1766-12-31 enthalten","Regelungen \u00fcber Thronfolge und Regentschaft":"","konfessionelle Regelungen":"","erbrechtliche Regelungen":"Artikel 6: Mitgift festgelegt auf 150.000 Livre, Verzinsung geregelt, Brautgeschenk Ludwig Alexanders auf 18.000 Livre festgelegt, im Gegenzug f\u00fcr Erbverzicht Maria Theresia Louisas geregelt\r\n\r\nArtikel 8-9: Witwenversorgung, Witwenrente und Ausstattung Maria Theresia Louisas im Witwenstand aus dem Erbe Ludwig Alexanders geregelt"},"Einordnung des Vertrags":{"Textbezug zu vergangenen Ereignissen?":"","st\u00e4ndische Instanzen beteiligt?":"","externe Instanzen beteiligt?":"","Ratifikationen, Best\u00e4tigungen, Genehmigungen erw\u00e4hnt?":"","weitere Vertr\u00e4ge zwischen Vertragsparteien im Zusammenhang mit dieser Ehe":"Konventionen von Paris 1763.06.10 \u00fcber Entsch\u00e4digung Sardiniens f\u00fcr Piacenza - Konvention von Versailles 1773.02.01 \u00fcber die Errichtung des Bistums Chambery","Schlagw\u00f6rter":"","Kommentar":"\u00dc - geschlossen mit Zustimmung von K\u00f6nig Ludwig XV. von Frankreich, in Gegenwart von K\u00f6nig Karl Emanuel II. von Sardinien - vgl. Europ. Stammtf. NF II, 197 (Savoyen-Carignan), NF III:2, 340 (Bourbon-Aumale)\r\n\r\nDigitalisat kann unter der angegebenen URL unter Verwendung der Signatur (TRA17670011) abgerufen werden.","Literatur":"-"}}}