{"Dokument":{"Name":"Hessen-Marburg - W\u00fcrttemberg","In Bearbeitung":"Ja","Einordnung des Vertrags":{"Textbezug zu vergangenen Ereignissen?":"","st\u00e4ndische Instanzen beteiligt?":"","externe Instanzen beteiligt?":"","Ratifikationen, Best\u00e4tigungen, Genehmigungen erw\u00e4hnt?":"","weitere Vertr\u00e4ge zwischen Vertragsparteien im Zusammenhang mit dieser Ehe":"","Schlagw\u00f6rter":"-","Literatur":"-","Kommentar":"Der Vertrag selbst ist durch \u00dcberschriften in Artikel geteilt."},"main":{"Name":"Ehevertrag Hessen-Marburg - W\u00fcrttemberg 1563","Zuletzt ge\u00e4ndert":"2021-08 KZ"},"Br\u00e4utigam":{"Br\u00e4utigam Name, Titel":"Ludwig IV. von Hessen-Marburg, Landgraf","Br\u00e4utigam Geburtsjahr":"1537-00-00","Br\u00e4utigam Sterbejahr":"1604-00-00","Br\u00e4utigam Dynastie":"Hessen (Marburg)","Br\u00e4utigam Konfession":"Evangelisch-Lutherisch","Br\u00e4utigam GND":"http:\/\/d-nb.info\/gnd\/119021854"},"Grunddaten Ehevertrag":{"Vertragspartner Br\u00e4utigam":"Hessen-Marburg","Vertragspartner Braut":"W\u00fcrttemberg","Datum Vertragsschlie\u00dfung":"1563-05-10","Ort Vertragsschlie\u00dfung":"Stuttgart","Eheschlie\u00dfung vollzogen?":"Ja","verschiedenkonfessionelle Ehe?":"Nein"},"Braut":{"Braut Name, Titel":"Hedwig von W\u00fcrttemberg","Braut Geburtsjahr":"1547-00-00","Braut Sterbejahr":"1590-00-00","Braut Dynastie":"W\u00fcrttemberg","Braut Konfession":"Evangelisch-Lutherisch","Braut GND":"http:\/\/d-nb.info\/gnd\/104351225"},"Akteur Br\u00e4utigam":{"Akteur Br\u00e4utigam Name, Titel":"Philipp von Hessen, Landgraf","Akteur Br\u00e4utigam Verh\u00e4ltnis zu Br\u00e4utigam":"Vater","Akteur Br\u00e4utigam Dynastie":"Hessen","Akteur Br\u00e4utigam GND":"http:\/\/d-nb.info\/gnd\/11859382X"},"Akteur Braut":{"Akteur Braut Name, Titel":"Christoph von W\u00fcrttemberg, Herzog","Akteur Braut Verh\u00e4ltnis zu Braut":"Vater","Akteur Braut Dynastie":"W\u00fcrttemberg","Akteur Braut GND":"http:\/\/d-nb.info\/gnd\/100089003"},"Vertragstext":{"Vertragssprache Archivexemplar":"Deutsch","Archivexemplar":"Hessisches Staatsarchiv Marburg Urk. 3 Nr. 119","Vertragsinhalt":"Artikel 1: \nEhe wird beschlossen.\n\nArtikel 2:\nMitgift von 32.000 Gulden, den Gulden zu 15 Bazen oder 60 Kreuzern gerechnet.\nHedwig soll dazu mit Kleidern, Kleinater (Kleinodien), Schmuck, Silbergeschirr u.a. ausgestattet werden.\n\nArtikel 3:\nHedwig soll auf w\u00fcrttembergisches Erbe verzichten.\n\nArtikel 4:\nWiderlage von 32.000 Gulden, davon 3.200 Gulden j\u00e4hrlich\n\nArtikel 5:\nHedwig bekommt Schloss, Tal und Amt Eppstein mit allen zugeh\u00f6rigen L\u00e4ndereien und Rechten zugesprochen.\n\nArtikel 6:\nHedwig soll nichts von den Wittumsl\u00e4ndereien ver\u00e4u\u00dfern und die W\u00e4lder nicht durch \u00fcberm\u00e4\u00dfigen Holzverkauf verw\u00fcsten.\n\nArtikel 7:\nAmtsleute des Wittums Eppstein sollen Hedwig einen Eid schw\u00f6ren.\n\nArtikel 8: \nUntertanen sollen nach Ludwigs Tod und nach Erlegung des Heiratsgutes Hedwig treu ergeben sein.\n\nArtikel 9:\nHedwig soll von Schulden, die auf dem Wittum lasten k\u00f6nnten, entbunden sein.\n\nArtikel 10:\nDie Untertanen sollen bei ihren geistlichen und weltlichen Freiheiten belassen werden.\nPhilipp beh\u00e4lt sich vor das Amt Eppstein \u00f6ffnen zu lassen, aber dann auf seine Kosten.\nSollte das Wittum kriegerisch verheert werden, soll Hedwig einen Vergleich erhalten.\n\nArtikel 11:\nHedwig und ihr Wittum stehen unter Schutz und Schirm von Philipp und dessen Nachfolgern.\n\nArtikel 12:\nHedwig darf das Wittum niemandem \u00f6ffnen oder \u00fcbergeben ohne das Wissen der Landgrafen. Sie ist au\u00dferdem dazu verpflichtet das Wittum Instand zu halten.\n\nArtikel 13:\nSollte das Wittumsamt nicht die 3.200 Gulden j\u00e4hrlich erbingen, so soll die Differenz aus anderen L\u00e4ndereien erbracht werden.\n\nArtikel 14:\nSollte Ludwig sterben, aber minderj\u00e4hrige Leibeserben existieren, so sollen diese einen Vormund erhalten und Hedwig ihr Wittum beziehen.\nHedwig darf Kleider, Kleinodien, Schmuck und Silbergeschirr, welches sie zur Hochzeit oder danach bekommen hat, behalten.\nAuf dem Wittumssitz soll ein Einjahresvorrat gelagert werden. Sollte dieser Vorrat aus dem Amt selbst nicht erbracht werden k\u00f6nnen, soll er aus anderen \u00c4mtern aufgestockt werden.\nDasselbe gilt f\u00fcr den Hausrat.\nN\u00f6tige Bauma\u00dfnahmen am Wittumssitz \u00fcbernimmt der Landgraf, oder Hedwig erh\u00e4lt eine Geldsumme, mit der sie sich selbst darum k\u00fcmmern kann.\n\nArtikel 15:\nSollte Ludwig sterben und der Wittumssitz noch nicht fertiggestellt sein, soll Hedwig solange im f\u00fcrstlichen Hoflager leben.\n\nArtikel 16:\nSollte Hedwig wieder heiraten, soll sie das Wittum verlassen, bekommt 32.000 Gulden und statt der 32.000 Widerlage 1.600 Gulden j\u00e4hrlich ihr Leben lang.\nNach ihrem Tod geht das Geld an die Leibeserben.\n\nArtikel 17:\nSollte Hedwig mit dem anderen Ehemann auch Kinder haben, sollen die 32.000 Gulden auf die Kinder aufgeteilt werden.\n\nArtikel 18:\nSollten Ludwig und Hedwig ohne Kinder sterben, geht die Mitgift zur\u00fcck an Christoph und die Widerlage an Philipp.\n\nArtikel 19:\nWenn Hedwig stirbt, soll ihr Besitz (was sie in die Ehe mitgebracht hat oder als Gewinn aus ihrem Wittum erwirtschaftet hat) an ihre rechtm\u00e4\u00dfigen Erben gehen. Was dar\u00fcberhinaus noch vorhanden sein sollte, soll in drei Teile geteilt werden. Ludwigs Erben erhalten zwei Teile und Hedwigs Erben den dritten Teil.\n\nArtikel 20:\nDas Wittum soll als Pfand f\u00fcr die 32.000 Gulden Mitgift dienen, bis diese zur\u00fcckbezahlt sind. Solange sollen die Untertanen von Eppstein Christoph treu ergeben sein. Dieser darf aus dem Wittum jedoch nichts wegnehmen oder entwenden.\n\nArtikel 21:\nSollte Hedwig ohne Kinder sterben, darf Ludwig die Mitgift behalten. Nach seinem Tod geht sie an Hedwigs Erben zur\u00fcck.\n\nArtikel 22:\nHedwig soll mit Verschuldung von Philipp oder Ludwig nichts zu tun haben.\n\nArtikel 23:\nSollte Hedwig nach Bezug des Wittums Schulden gemacht haben, m\u00fcssen ihre Erben daf\u00fcr aufkommen.\n\nArtikel 24:\nMorgengabe von 6.000 Gulden, davon erh\u00e4lt Hedwig 300 Gulden j\u00e4hrlich. Hedwig bekommt auch Brief und Siegel der Stadt Butzbach.\nHedwig kann nach Senatus Consultum Velleianum dar\u00fcber verf\u00fcgen.\n\nArtikel 25:\nSollte Hedwig ohne Leibeserben sterben, geht die Morgengabe an Philipp zur\u00fcck.\n\nArtikel 26:\nRegelung zur Zahlung der Morgengabe.\n\nArtikel 27:\nSollte einer der Eheleute nach dem Beischlaf sterben, tritt die vertragliche Regelung in Kraft.\nSollte einer der Eheleute vor dem Beischlaf sterben, ist der Vertrag ung\u00fcltig.\n\nArtikel 28:\nDie Ehe wird noch einmal best\u00e4tigt und beglaubigt.","erbrechtliche Regelungen":"Artikel 3:\nHedwig soll auf das w\u00fcrttembergische Erbe verzichten.\n\nArtikel 19: \nWenn Hedwig stirbt, soll ihr Besitz (was sie in die Ehe mitgebracht hat oder als Gewinn aus ihrem Wittum erwirtschaftet hat) an ihre rechtm\u00e4\u00dfigen Erben gehen. Was dar\u00fcberhinaus noch vorhanden sein sollte, soll in drei Teile geteilt werden. Ludwigs Erben erhalten zwei Teile und Hedwigs Erben den dritten Teil. \n\nArtikel 21: \nSollte Hedwig ohne Kinder sterben, darf Ludwig die Mitgift behalten. Nach seinem Tod geht sie an Hedwigs Erben zur\u00fcck. \n\nArtikel 23: \nSollte Hedwig nach Bezug des Wittums Schulden gemacht haben, m\u00fcssen ihre Erben daf\u00fcr aufkommen. ","Digitalisat Archivexemplar":"-","Drucknachweis":"-","Vertragssprache Druck":"-","Digitalisat Druck":"-","konfessionelle Regelungen":"Artikel 10:\nDie Untertanen sollen bei ihren geistlichen und weltlichen Freiheiten belassen werden.","Regelungen \u00fcber Thronfolge und Regentschaft":""}}}