{"Dokument":{"Name":"Schaumburg-Lippe - Hessen-Kassel","In Bearbeitung":"Nein","main":{"Zuletzt ge\u00e4ndert":"2021-03 KZ","Name":"Ehevertrag Schaumburg-Lippe - Hessen-Kassel 1644"},"Grunddaten Ehevertrag":{"Vertragspartner Br\u00e4utigam":"Schaumburg-Lippe","Vertragspartner Braut":"Hessen-Kassel","Datum Vertragsschlie\u00dfung":"1644-10-12","Ort Vertragsschlie\u00dfung":"Stadthagen","Eheschlie\u00dfung vollzogen?":"Ja","verschiedenkonfessionelle Ehe?":"Nein"},"Br\u00e4utigam":{"Br\u00e4utigam Name, Titel":"Philipp, Graf von Schaumburg-Lippe","Br\u00e4utigam GND":"http:\/\/d-nb.info\/gnd\/123432626","Br\u00e4utigam Geburtsjahr":"1601-00-00","Br\u00e4utigam Sterbejahr":"1681-00-00","Br\u00e4utigam Dynastie":"unbekannt","Br\u00e4utigam Konfession":"Evangelisch-Reformiert"},"Braut":{"Braut Name, Titel":"Sophie Landgr\u00e4fin von Hessen-Kassel","Braut GND":"http:\/\/d-nb.info\/gnd\/104196866","Braut Geburtsjahr":"1615-00-00","Braut Sterbejahr":"1670-00-00","Braut Dynastie":"Hessen (Kassel)","Braut Konfession":"Evangelisch-Reformiert"},"Akteur Br\u00e4utigam":{"Akteur Br\u00e4utigam Name, Titel":"Philipp, Graf von Schaumburg-Lippe","Akteur Br\u00e4utigam GND":"http:\/\/d-nb.info\/gnd\/123432626","Akteur Br\u00e4utigam Dynastie":"unbekannt","Akteur Br\u00e4utigam Verh\u00e4ltnis zu Br\u00e4utigam":"selbst"},"Akteur Braut":{"Akteur Braut Name, Titel":"Amalie Elisabeth, Landgr\u00e4fin von Hessen-Kassel","Akteur Braut GND":"http:\/\/d-nb.info\/gnd\/119207826","Akteur Braut Dynastie":"Hessen (Kassel)","Akteur Braut Verh\u00e4ltnis zu Braut":"Schw\u00e4gerin","Akteur Braut Name, Titel (36)":"Wilhelm VI., Landgraf von Hessen-Kassel","Akteur Braut GND (66)":"http:\/\/d-nb.info\/gnd\/102035229","Akteur Braut Dynastie (40)":"Hessen (Kassel)","Akteur Braut Verh\u00e4ltnis zu Braut (38)":"Neffe"},"Vertragstext":{"Archivexemplar":"HStAM, Urk. 3, Nr. 284","Vertragssprache Archivexemplar":"Deutsch","Digitalisat Archivexemplar":"-","Drucknachweis":"nicht nachgewiesen","Vertragssprache Druck":"nicht nachgewiesen","Digitalisat Druck":"-","Vertragsinhalt":"Artikel 1: Landgr\u00e4fin Amalie Elisabeth beschlie\u00dft als Vormund f\u00fcr Landgraf Wilhelm VI. und in Absprache mit Hermann von Hessen-Rotenburg und mit Philipp von Schaumburg-Lippe dessen Ehe mit Sophie\r\n\r\nArtikel 2: Eheversprechen Philipps, seine k\u00fcnftige Gemahlin dem Ideal der christlichen F\u00fcrstenehe entsprechend zu ehren und zu lieben\r\n\r\nArtikel 3: Mitgift auf 20.000 Gulden festgesetzt, im Wert gem\u00e4\u00df der M\u00fcnzordnung Kaiser Ferdinands I. von 1559, entsprechend dem Brauch des Hauses Hessen-Kassel, Mitgift ist nach dem ehelichen Beilager zu zahlen, im Gegenzug f\u00fcr Wittumsverschreibung und deren Zusicherung mittels Quittung\r\n\r\nArtikel 4: Aussteuer geregelt: Amalie Elisabeth stattet Sophie mit Silbergeschirr, Kleidung, Kleinodien etc. gegen einen schriftlichen Verzicht seitens Sophie aus\r\n\r\nArtikel 5: Widerlage auf 20.000 Gulden festgesetzt, Wittumsverschreibung mit Einverst\u00e4ndnis der Schwester Philipps, Elisabeth von Holstein-Schaumburg und Sternberg, get\u00e4tigt; Verschreibung des Wittums, das bereits Hedwig von Hessen-Kassel innehatte, eidliche Verpflichtung gegenw\u00e4rtiger und k\u00fcnftiger Amtsleuten, Bediensteten und Untertanen gegen\u00fcber Sophie nach Zahlung der Mitgift geregelt; im Fall, dass Philipp etwas zust\u00f6\u00dft oder die Wittumsg\u00fcter durch Krieg verw\u00fcstet werden, erh\u00e4lt Sophie ihre Witwenrente aus anderen Besitzungen, Ausstattung der Wittumsresidenz geregelt, Philipps Nachfolger sind auf Sophies Schutz verpflichtet, Amt Rodenberg von den Regelungen ausgenommen\r\n\r\nArtikel 6: Morgengabe festgelegt: stattliches Kleinod, 4.000 Gulden sowie 300 Reichstaler j\u00e4hrlich aus Stadt und Amt Lipperoda, Besitz- und Vererbungsrechte Sophies geregelt, R\u00fcckfall der Morgengabe an Philipps Nachfolger geregelt, falls keine Leibeserben aus der Ehe vorhanden sind\r\n\r\nArtikel 7: falls Sophie nach Beilager, ohne Leibeserben und ohne ein Testament zu hinterlassen stirbt: R\u00fcckfall von Silbergeschirr, Schmuck und Kleidung an ihre rechtm\u00e4\u00dfigen Erben\r\n\r\nArtikel 8: Philipp wird Mitbesitz am von Sophie eingebrachten Heiratsgut zugesprochen; nach seinem Tod: R\u00fcckfall des Heiratsguts an regierenden Landesf\u00fcrsten von Hessen-Kassel, Haus und Amt Stadthagen und eventuell Haus und Amt Rodenberg als Sicherheiten vereinbart, Amtspersonen und Untertanen sollen Sophie gegen\u00fcber bis zum R\u00fcckfall des Heiratsguts eidlich verpflichtet sein\r\n\r\nArtikel 9: Verpflichtungen der Amtsleute und Untertanen gegen\u00fcber Sophie im Fall ihrer Verwitwung geregelt, Vererbung von Heiratsgut, Widerlage und Inventar an ihre Leibeserben geregelt; falls Philipp vor Sophie stirbt, beh\u00e4lt sie Silbergeschirr, Kleinodien, Kleider und Schmuck \r\n\r\nArtikel 10: Haus und Amt Stadthagen sollen als Wittumsg\u00fcter angemessen bevorratet und ausgestattet werden, Sophie soll ein Jahr Pension im Voraus zur Verf\u00fcgung haben, das Wittum soll n\u00f6tigem Inventar ausgestattet werden, R\u00fcckfall nach Sophies Tod an den regierenden F\u00fcrsten von Schaumburg-Lippe geregelt; falls Sophie nach Philipps Tod erneut heiratet: R\u00fcckfall der Heiratsgelds an Philipps Nachfolger, lebenslange Zahlung von 2.000 Gulden j\u00e4hrlich anstatt Auszahlung der Widerlage, Verzicht Sophies auf Leibgedinge, Aufhebung der eidlichen Bindung der Amtsleute und Untertanen, R\u00fcckgabe von Brief und Siegel; nach Sophies Tod soll das Heiratsgeld an Philipps Nachfolger fallen\r\n\r\nArtikel 11: sollten Leibeserben vorhanden sein, Sophie aber in einer zweiten Ehe weitere Kinder bekommen, so soll das Heiratsgeld gleichm\u00e4\u00dfig verteilt werden, die Morgengabe f\u00e4llt hingegen nur an vorhandene Leibeserben aus Ehe mit Philipp\r\n\r\nArtikel 12: falls aus der zweiten Ehe keine Kinder hervorgehen, fallen zwei Drittel des Heiratsgeldes und die Morgengabe an die Leibeserben, das \u00fcbrige Drittel verbleibt bei Sophie; falls keinerlei Erben vorhanden sind, f\u00e4llt das Heiratsgeld an Philipps Nachfolger\r\n\r\nArtikel 13: Sophie haftet nicht f\u00fcr eventuelle Schulden Philipps\r\n\r\nArtikel 14: Sophie zur Instandhaltung des Wittumssitzes verpflichtet, Ver\u00e4u\u00dferung oder Verpf\u00e4ndung etc. der Wittumsg\u00fcter ist ihr untersagt\r\n\r\nArtikel 15: Philipp beh\u00e4lt sich und seinen Erben die Superiorit\u00e4t und Hoheit seines Landes vor\r\n\r\nArtikel 16: Vertrag wird beglaubigt\r\n\r\nArtikel 17: Ratifizierung und Bewilligung durch Elisabeth von Holstein-Schaumburg-Lippe","Regelungen \u00fcber Thronfolge und Regentschaft":"Artikel 15: Philipp beh\u00e4lt sich und seinen Erben die Superiorit\u00e4t und Hoheit seines Landes vor","konfessionelle Regelungen":"","erbrechtliche Regelungen":"Artikel 4: Aussteuer geregelt: Amalie Elisabeth stattet Sophie mit Silbergeschirr, Kleidung, Kleinodien etc. gegen einen schriftlichen Verzicht seitens Sophie aus\r\n\r\nArtikel 6: Morgengabe festgelegt: stattliches Kleinod, 4.000 Gulden sowie 300 Reichstaler j\u00e4hrlich aus Stadt und Amt Lipperoda, Besitz- und Vererbungsrechte Sophies geregelt, R\u00fcckfall der Morgengabe an Philipps Nachfolger geregelt, falls keine Leibeserben aus der Ehe vorhanden sind\r\n\r\nArtikel 7: falls Sophie nach Beilager, ohne Leibeserben und ohne ein Testament zu hinterlassen stirbt: R\u00fcckfall von Silbergeschirr, Schmuck und Kleidung an ihre rechtm\u00e4\u00dfigen Erben\r\n\r\nArtikel 8: Philipp wird Mitbesitz am von Sophie eingebrachten Heiratsgut zugesprochen; nach seinem Tod: R\u00fcckfall des Heiratsguts an regierenden Landesf\u00fcrsten von Hessen-Kassel, Haus und Amt Stadthagen und eventuell Haus und Amt Rodenberg als Sicherheiten vereinbart, Amtspersonen und Untertanen sollen Sophie gegen\u00fcber bis zum R\u00fcckfall des Heiratsguts eidlich verpflichtet sein\r\n\r\nArtikel 9: Verpflichtungen der Amtsleute und Untertanen gegen\u00fcber Sophie im Fall ihrer Verwitwung geregelt, Vererbung von Heiratsgut, Widerlage und Inventar an ihre Leibeserben geregelt; falls Philipp vor Sophie stirbt, beh\u00e4lt sie Silbergeschirr, Kleinodien, Kleider und Schmuck \r\n\r\nArtikel 11: sollten Leibeserben vorhanden sein, Sophie aber in einer zweiten Ehe weitere Kinder bekommen, so soll das Heiratsgeld gleichm\u00e4\u00dfig verteilt werden, die Morgengabe f\u00e4llt hingegen nur an vorhandene Leibeserben aus Ehe mit Philipp\r\n\r\nArtikel 12: falls aus der zweiten Ehe keine Kinder hervorgehen, fallen zwei Drittel des Heiratsgeldes und die Morgengabe an die Leibeserben, das \u00fcbrige Drittel verbleibt bei Sophie; falls keinerlei Erben vorhanden sind, f\u00e4llt das Heiratsgeld an Philipps Nachfolger"},"Einordnung des Vertrags":{"Textbezug zu vergangenen Ereignissen?":"Artikel 3: Mitgift auf 20.000 Gulden festgesetzt, im Wert gem\u00e4\u00df der M\u00fcnzordnung Kaiser Ferdinands I. von 1559 [...]","st\u00e4ndische Instanzen beteiligt?":"","externe Instanzen beteiligt?":"Artikel 1: Amalie Elisabeth beschlie\u00dft (in Absprache mit Hermann von Hessen-Rotenburg (http:\/\/d-nb.info\/gnd\/100098355) und als Vormund f\u00fcr Landgraf Wilhelm VI.) zusammen mit Philipp von Schaumburg-Lippe die Ehe zwischen ihm und Sophie. Artikel 5: Widerlage 20.000 Gulden von Philipp. Wittumsverschreibung mit Einverst\u00e4ndnis seiner Schwester Elisabeth von Holstein-Schaumburg und Sternberg. Das Wittum, das bereits Hedwig von Hessen-Kassel (http:\/\/d-nb.info\/gnd\/120826011) inne hatte. Amtspersonen, Bedienstete und Untertanen sollen nach Zahlung der Mitgift Sophie gegen\u00fcber mit Eiden verpflichtet sein. Falls Amtspersonen u.a. sterben sollten, sollen die neuen Amtspersonen Sophie gegen\u00fcber verpflichtet sein. Im Falle das Philipp etwas zust\u00f6\u00dft oder das Land durch Durchz\u00fcge, Brand und Raub verw\u00fcstet w\u00fcrde, soll Sophie die Wittumsrenten aus anderen Besitzungen erhalten. Die neue Wittumsresidenz soll wie die vorgesehene ausgestattet sein. Philipps Nachfolger sollen Sophie sch\u00fctzen. Das Amt Rodenberg ist ausgenommen.","Ratifikationen, Best\u00e4tigungen, Genehmigungen erw\u00e4hnt?":"Artikel 17: Ratifizierung und Bewilligung durch Elisabeth von Holstein-Schaumburg-Lippe","weitere Vertr\u00e4ge zwischen Vertragsparteien im Zusammenhang mit dieser Ehe":"","Schlagw\u00f6rter":"","Kommentar":"Vertrag selbst ist nicht in Artikel unterteilt.\r\n\r\nDer in Artikel 4 erw\u00e4hnte Verzicht der Braut ist vermutlich als Erbverzicht aufzufassen.","Literatur":"-"}}}