{"Dokument":{"Name":"Brandenburg - Sachsen","In Bearbeitung":"Nein","main":{"Name":"Ehevertrag Brandenburg - Sachsen 1524","Zuletzt ge\u00e4ndert":"2021-02 JT"},"Grunddaten Ehevertrag":{"Vertragspartner Br\u00e4utigam":"Brandenburg","Vertragspartner Braut":"Sachsen","Datum Vertragsschlie\u00dfung":"1524-11-06","Ort Vertragsschlie\u00dfung":"Dresden","Eheschlie\u00dfung vollzogen?":"Ja","verschiedenkonfessionelle Ehe?":"Nein"},"Br\u00e4utigam":{"Br\u00e4utigam Name, Titel":"Joachim II. Hector von Brandenburg","Br\u00e4utigam GND":"http:\/\/d-nb.info\/gnd\/118557556","Br\u00e4utigam Geburtsjahr":"1505-00-00","Br\u00e4utigam Sterbejahr":"1571-00-00","Br\u00e4utigam Dynastie":"Hohenzollern","Br\u00e4utigam Konfession":"R\u00f6misch-Katholisch"},"Braut":{"Braut Name, Titel":"Magdalena von Sachsen","Braut GND":"http:\/\/d-nb.info\/gnd\/102828103X","Braut Geburtsjahr":"1507-00-00","Braut Sterbejahr":"1534-00-00","Braut Dynastie":"Wettiner (Albertiner)","Braut Konfession":"R\u00f6misch-Katholisch"},"Akteur Br\u00e4utigam":{"Akteur Br\u00e4utigam Name, Titel":"Joachim I. Nestor von Brandenburg","Akteur Br\u00e4utigam GND":"http:\/\/d-nb.info\/gnd\/119214644","Akteur Br\u00e4utigam Dynastie":"Hohenzollern","Akteur Br\u00e4utigam Verh\u00e4ltnis zu Br\u00e4utigam":"Vater"},"Akteur Braut":{"Akteur Braut Name, Titel":"Georg (der B\u00e4rtige) Herzog von Sachsen","Akteur Braut GND":"http:\/\/d-nb.info\/gnd\/118716921","Akteur Braut Dynastie":"Wettin (Albertiner)","Akteur Braut Verh\u00e4ltnis zu Braut":"Vater"},"Vertragstext":{"Archivexemplar":"GStA, I. HA Rep. 78, Nr. 24, fol. 58r-64v","Vertragssprache Archivexemplar":"Deutsch","Digitalisat Archivexemplar":"https:\/\/archivdatenbank.gsta.spk-berlin.de\/midosasearch-gsta\/MidosaSEARCH\/i_ha_rep_78_und_78_a\/index.htm?kid=GStA_i_ha_rep_78_und_78_a_8&uid=GStA_i_ha_rep_78_und_78_a_I_HA_Rep_78_Nr_24","Drucknachweis":"nicht nachgewiesen","Vertragssprache Druck":"nicht nachgewiesen","Digitalisat Druck":"-","Vertragsinhalt":"Artikel 1 (fol. 58v): Ehe beschlossen\r\n\r\nArtikel 2 (fol. 58v): Vertreter f\u00fcr die Eheschlie\u00dfung bei der Abwesenheit des Brautpaares festgelegt, Vollmachten festgelegt\r\n\r\nArtikel 3 (fol. 59r): Die Mitgift betr\u00e4gt 20 000 Gulden\r\n\r\nArtikel 4 (fol. 59r): Beilager festgesetzt\r\n\r\nArtikel 5 (fol. 59r): Reise der Braut zum Br\u00e4utigam geregelt\r\n\r\nArtikel 6 (fol. 59r): Widerlegung betr\u00e4gt 20 000 Gulden\r\n\r\nArtikel 7 (fol. 59r, 67r): Grafschaft\/Schloss Rippin als Sitz der Braut mit allen Nutzungsrechten und Ausstattung, Regelungen bez\u00fcglich der Einnahmen\r\n\r\nArtikel 8 (fol. 59r-59v): 4 000 Gulden j\u00e4hrlich, Nutzungsrechts, j\u00e4hrlicher Zins\r\n\r\nArtikel 9 (fol. 59v): Regelungen bez\u00fcglich der Amtleute\r\n\r\nArtikel 10 (fol. 60r-60v): Wittum zugesprochen und geregelt, Entfremdung und Erstattung geregelt\r\n\r\nArtikel 11 (fol. 60v, 66v): 4 000 Gulden an j\u00e4hrlichem Einkommen festgelegt\r\n\r\nArtikel 12(fol. 61r): Reise der Braut zum Br\u00e4utigam geregelt\r\n\r\nArtikel 13 (fol. 61r, 65v-66r): Erbverzicht der Braut auf alles v\u00e4terliche, m\u00fctterliche und br\u00fcderliche Erbe, Erbfall tritt nur ein, wenn sonst alle anderen Leibeserben des Brautvaters verstorben sind\r\n\r\nArtikel 14 (fol. 61r): Wenn Leibeserben aus der beschlossenen Ehe vorhanden sind: Die Braut beh\u00e4lt nach dem Tod des Br\u00e4utigams ihre Kleider, den Schmuck und das Silbergeschirr\r\n\r\nArtikel 15 (fol. 61v): Lebenslanger Gebrauch und Nutzung durch den Br\u00e4utigam geregelt\r\n\r\nArtikel 16 (fol. 61v): Schloss Braueschafft mit allen Zugeh\u00f6rungen, 2 000 Gulden j\u00e4hrlich\r\n\r\nArtikel 17 (fol. 62r): Vererbung der Mitgift und des Widerlage geregelt\r\n\r\nArtikel 18 (fol. 62r-62v): Falls alle Leibeserben aus der Ehe verstorben sind: Vererbung von Mitgift, Widerlage etc. geregelt\r\n\r\nArtikel 19 (fol. 62v): Mit oder ohne Leibeserben: Braut erbt nach dem Tod des Br\u00e4utigams die Mitgift, den Widerlage, die Morgengabe sowie das Schloss mit allen Zugeh\u00f6rungen und Nutzungsrechten und Leibgeding\r\n\r\nArtikel 20 (fol. 62v): ?\r\n\r\nArtikel 21 (fol. 63r): Wenn die Braut nach dem Tod des Br\u00e4utigams erneut heiratet, kann das Leibgeding mit 20 000 Gulden der Mitgift und 20 000 Gulden der Widerlage abgel\u00f6st werden\r\n\r\nArtikel 22 (fol. 63r-63v): Nach Erhalt der Mitgift und des Widerlage, B\u00fcrgschaft und Pfand?...\r\n\r\nArtikel 23 (fol. 63v): Vererbung von Mitgift und Widerlage geregelt: Der Br\u00e4utigam bleibt lebenslang im Besitz der Mitgift und der Widerlage; nach dem Tod des Br\u00e4utigams erben die Leibeserben die Summe; nach dem Tod der Leibeserben erben deren Leibeserben die Summe; wenn keine Leibeserben aus der Ehe vorhanden sind, erben Georg von Sachsen und dessen Erben 20 000 Gulden, die 20 000 Gulden der Widerlage sollen an den Bruder Markgraf Joachim und dessen Erben fallen\r\n\r\nArtikel 24 (fol. 63v): Die Braut wird von s\u00e4mtlichen Schulden des Br\u00e4utigams ausgeschlossen (bereits bestehende oder zuk\u00fcnftige Schulden), kann daf\u00fcr nicht pfandbar gemacht werden\r\n\r\nArtikel 25 (fol. 64r): Die Witweng\u00fcter sollen nicht verkauft oder verpf\u00e4ndet werden, gilt ebenfalls f\u00fcr die Nachkommen; wenn die G\u00fcter von Markgraf Joachim und dessen Nachkommen nicht ben\u00f6tigt werden: D\u00fcrfen die Nachkommen der Braut die G\u00fcter nutzen\r\n\r\nArtikel 26 (fol. 64r): Regelungen bez\u00fcglich der Nutzungsrechte und Lehnsm\u00e4nner auf den Witweng\u00fctern\r\n\r\nArtikel 27 (fol. 64r): Sch\u00e4den an den Witweng\u00fctern sollen bezahlt und berichtigt werden\r\n\r\nArtikel 28 (fol. 64r): Die Steuern aus den Witweng\u00fctern sind dem Haus Brandenburg vorbehalten\r\n\r\nArtikel 29 (fol. 66v-67r): Weitere finanzielle Regelungen\r\n\r\nArtikel 30 (fol. 67v): Nachkommen werden dazu verpflichtet, weiter f\u00fcr die Witwe und das Leibgedinge zu sorgen\r\n\r\nArtikel 31 (fol. 67v): Verpf\u00e4ndung und Verkauf der Erbst\u00fccke ausgeschlossen\r\n\r\nArtikel 32 (fol. 68r): Die Witwe erh\u00e4lt 2 000 Gulden j\u00e4hrlich, wenn keine Leibeserben vorhanden sind\r\n\r\nArtikel 33 (fol. 68r-68v): Weitere Regelungen bez\u00fcglich der Erstattung des Leibgedings\r\n\r\nArtikel 34 (fol. 69r): R\u00e4te erw\u00e4hnt\r\n\r\nArtikel 35 (fol. 69v): Quittung \u00fcber 15 000 Gulden, die von dem Brautvater gezahlt wurden\r\n","Regelungen \u00fcber Thronfolge und Regentschaft":"","konfessionelle Regelungen":"","erbrechtliche Regelungen":"Artikel 11 (fol. 61r): Erbverzicht der Braut auf das v\u00e4terliche, m\u00fctterliche und br\u00fcderliche Erbe geregelt; Erbfall tritt nur ein, wenn sonst alle anderen Leibeserben des Brautvaters verstorben sind\r\n\r\nArtikel 13 (fol. 61v): im Fall von Magdalenas Tod ohne Leibeserben: lebenslanges Gebrauchs- und Nutzungsrecht am Heiratsgut f\u00fcr Joachim geregelt; nach seinem Tod: R\u00fcckfall an ihre Erben vereinbart\r\n\r\nArtikel 16 (fol. 62r-62v): Falls alle Leibeserben aus der Ehe verstorben sind: Vererbung von Mitgift, Widerlage etc. geregelt\r\n\r\nArtikel 21 (fol. 63v): Vererbung von Mitgift und Widerlage geregelt: Der Br\u00e4utigam bleibt lebenslang im Besitz der Mitgift und der Widerlage; nach dem Tod des Br\u00e4utigams erben die Leibeserben die Summe; nach dem Tod der Leibeserben erben deren Leibeserben die Summe; wenn keine Leibeserben aus der Ehe vorhanden sind, erben Georg von Sachsen und dessen Erben 20 000 Gulden, die 20 000 Gulden der Widerlage sollen an den Bruder Markgraf Joachim und dessen Erben fallen\r\n\r\nArtikel 27 (65v-66r): Zusicherung des Erbverzichts mittels Verzichtbrief \r\n\r\nArtikel 30 (fol. 67v): Verpf\u00e4ndung und Verkauf der Erbst\u00fccke ausgeschlossen"},"Einordnung des Vertrags":{"Textbezug zu vergangenen Ereignissen?":"","st\u00e4ndische Instanzen beteiligt?":"","externe Instanzen beteiligt?":"","Ratifikationen, Best\u00e4tigungen, Genehmigungen erw\u00e4hnt?":"","weitere Vertr\u00e4ge zwischen Vertragsparteien im Zusammenhang mit dieser Ehe":"","Schlagw\u00f6rter":"","Kommentar":"Vertrag verf\u00fcgt im Original \u00fcber keine Nummerierung der Artikel. Regest umfasst zus\u00e4tzliche Dokumente zum Vertrag.","Literatur":"-"}}}