{"Dokument":{"Name":"Savoyen-Nemours - Frankreich","In Bearbeitung":"Nein","main":{"Name":"Ehevertrag Savoyn-Nemours - Frankreich 1528","Zuletzt ge\u00e4ndert":"2020-08 KZ"},"Grunddaten Ehevertrag":{"Vertragspartner Br\u00e4utigam":"Savoyen-Piemont","Vertragspartner Braut":"Frankreich","Datum Vertragsschlie\u00dfung":"1528-09-17","Ort Vertragsschlie\u00dfung":"ohne Ort","Eheschlie\u00dfung vollzogen?":"Ja","verschiedenkonfessionelle Ehe?":"Nein"},"Br\u00e4utigam":{"Br\u00e4utigam Name, Titel":"Philipp von Savoyen-Nemours, Graf von Genf","Br\u00e4utigam GND":"","Br\u00e4utigam Geburtsjahr":"1490-00-00","Br\u00e4utigam Sterbejahr":"1533-00-00","Br\u00e4utigam Dynastie":"Savoyen","Br\u00e4utigam Konfession":"R\u00f6misch-Katholisch"},"Braut":{"Braut Name, Titel":"Charlotte von Orl\u00e9ans-Longueville","Braut GND":"","Braut Geburtsjahr":"1512-00-00","Braut Sterbejahr":"1549-00-00","Braut Dynastie":"unbekannt","Braut Konfession":"R\u00f6misch-Katholisch"},"Akteur Br\u00e4utigam":{"Akteur Br\u00e4utigam Name, Titel":"Philipp von Savoyen-Nemours, Graf von Genf","Akteur Br\u00e4utigam GND":"","Akteur Br\u00e4utigam Dynastie":"Savoyen","Akteur Br\u00e4utigam Verh\u00e4ltnis zu Br\u00e4utigam":"selbst"},"Akteur Braut":{"Akteur Braut Name, Titel":"Johanna von Hachberg-Sausenberg","Akteur Braut GND":"http:\/\/d-nb.info\/gnd\/1200523563","Akteur Braut Dynastie":"Sachsen-Altenburg","Akteur Braut Verh\u00e4ltnis zu Braut":"Mutter","Akteur Braut Name, Titel (36)":"Ludwig von Orl\u00e9ans-Longueville","Akteur Braut GND (66)":"","Akteur Braut Dynastie (40)":"","Akteur Braut Verh\u00e4ltnis zu Braut (38)":" Bruder"},"Vertragstext":{"Archivexemplar":"nicht nachgewiesen","Vertragssprache Archivexemplar":"nicht nachgewiesen","Digitalisat Archivexemplar":"-","Drucknachweis":"Dumont 1726-1739, Bd. IV:1, S. 518 f.","Vertragssprache Druck":"Franz\u00f6sisch","Digitalisat Druck":"https:\/\/gallica.bnf.fr\/ark:\/12148\/bpt6k12634404\/f538.item","Vertragsinhalt":"Artikel 1: Eheschlie\u00dfung vereinbart\r\n\r\nArtikel 2: Herrschaften in der Dauphin\u00e9, der Champagne, in Poitou und der Normandie, die Charlotte als Erbteil zustehen, werden als Mitgift festgelegt\r\n\r\nArtikel 3: in der Normandie wird den Herz\u00f6gen von Orl\u00e9ans-Longueville ein Recht auf Wiederkauf einger\u00e4umt, zu 30.000 Livres innerhalb von 30 Jahren\r\n\r\nArtikel 4: die anderen Herrschaften sind Charlottes Erbe, das sie an ihre Nachkommen weitergibt, falls sie ohne Nachkommen stirbt, R\u00fcckfall des Erbes an das Haus Orl\u00e9ans-Longueville, falls von Charlotte nicht anders geregelt\r\n\r\nArtikel 5: Regelungen bez\u00fcglich finanzieller Verpflichtungen infolge des Besitzes der als Mitgift festgelegten Herrschaften\r\n\r\nArtikel 6: die Herz\u00f6ge von Orl\u00e9ans-Longueville m\u00fcssen das Ehepaar im Fall des R\u00fcckkaufs mit gleichwertigen L\u00e4ndereien entsch\u00e4digen\r\n\r\nArtikel 7: Besitz- und Zugewinngemeinschaft der Eheleute vereinbart, davon ausgenommen ist der Brautschatz\r\n\r\nArtikel 8: Leibgedinge und Witwengut festgelegt\r\n\r\nArtikel 9: Ausstattung Charlottes geregelt\r\n\r\n","Regelungen \u00fcber Thronfolge und Regentschaft":"","konfessionelle Regelungen":"","erbrechtliche Regelungen":"Artikel 4: die anderen Herrschaften sind Charlottes Erbe, das sie an ihre Nachkommen weitergibt, falls sie ohne Nachkommen stirbt, R\u00fcckfall des Erbes an das Haus Orl\u00e9ans-Longueville, falls von Charlotte nicht anders geregel"},"Einordnung des Vertrags":{"Textbezug zu vergangenen Ereignissen?":"","st\u00e4ndische Instanzen beteiligt?":"","externe Instanzen beteiligt?":"","Ratifikationen, Best\u00e4tigungen, Genehmigungen erw\u00e4hnt?":"","weitere Vertr\u00e4ge zwischen Vertragsparteien im Zusammenhang mit dieser Ehe":"","Schlagw\u00f6rter":"","Kommentar":"\u00dc - vermittelt von Louise von Savoyen, Mutter von K\u00f6nig Franz I. von Frankreich, Schwester von Philipp, mit Zustimmung von K\u00f6nig Franz I. (Narratio)\r\n\r\nVertrag selbst ist nicht in Artikel unterteilt.\r\n\r\nBeim Haus Orl\u00e9an Longueville handelt es sich um eine illegitme Nebenlinie des Hauses Valois, die auf Johann von Orl\u00e9an, Graf von Dunois (1402-1468) zur\u00fcckgeht.","Literatur":"-"}}}