{"Dokument":{"Name":"Pfalz - Sachsen","In Bearbeitung":"Nein","main":{"Zuletzt ge\u00e4ndert":"2021-03 JT","Name":"Ehevertrag Pfalz - Sachsen 1569"},"Grunddaten Ehevertrag":{"Vertragspartner Br\u00e4utigam":"Pfalz","Vertragspartner Braut":"Sachsen","Datum Vertragsschlie\u00dfung":"1569-12-06","Ort Vertragsschlie\u00dfung":"nicht genannt","Eheschlie\u00dfung vollzogen?":"Ja","verschiedenkonfessionelle Ehe?":"Ja"},"Br\u00e4utigam":{"Br\u00e4utigam Name, Titel":"Johann Kasimir, Pfalzgraf von Pfalz-Simmern","Br\u00e4utigam GND":"http:\/\/d-nb.info\/gnd\/118835335","Br\u00e4utigam Geburtsjahr":"1543-00-00","Br\u00e4utigam Sterbejahr":"1592-00-00","Br\u00e4utigam Dynastie":"Wittelsbach (Pfalz)","Br\u00e4utigam Konfession":"Evangelisch-Reformiert"},"Braut":{"Braut Name, Titel":"Elisabeth von Sachsen","Braut GND":"http:\/\/d-nb.info\/gnd\/174047304","Braut Geburtsjahr":"1552-00-00","Braut Sterbejahr":"1590-00-00","Braut Dynastie":"Wettiner (Albertiner)","Braut Konfession":"Evangelisch-Lutherisch"},"Akteur Br\u00e4utigam":{"Akteur Br\u00e4utigam Name, Titel":"Friedrich III., Kurf\u00fcrst von der Pfalz","Akteur Br\u00e4utigam GND":"http:\/\/d-nb.info\/gnd\/118535722","Akteur Br\u00e4utigam Dynastie":"Wittelsbach (Pfalz)","Akteur Br\u00e4utigam Verh\u00e4ltnis zu Br\u00e4utigam":"Vater"},"Akteur Braut":{"Akteur Braut Name, Titel":"August, Kurf\u00fcrst von Sachsen","Akteur Braut GND":"http:\/\/d-nb.info\/gnd\/119458446","Akteur Braut Dynastie":"Wettin (Albertiner)","Akteur Braut Verh\u00e4ltnis zu Braut":"Vater"},"Vertragstext":{"Archivexemplar":"HStA Drd, 10001 O.U. 11856","Vertragssprache Archivexemplar":"Deutsch","Digitalisat Archivexemplar":"-","Drucknachweis":"nicht nachgewiesen","Vertragssprache Druck":"nicht nachgewiesen","Digitalisat Druck":"-","Vertragsinhalt":"Artikel 1: Eheschlie\u00dfung vereinbart\r\n\r\nArtikel 2: Wiederholung der Vereinbarung \u00fcber Eheschlie\u00dfung, Festsetzung des Termins f\u00fcr Hochzeit und Beilager auf den 31.05.1570\r\n\r\nArtikel 3: Heiratsgut bzw. Mitgift auf 30.000 Taler oder im Wert entsprechend 34.000 Gulden festgesetzt, Betrag wird nach dem Beilager gezahlt, Zahlung gegen Quittung geregelt, Aussteuer oder Brautschatz in Form von Schmuck, Kleinodien, Silbergeschirr, Kleidern etc. zugesichert\r\n\r\nArtikel 4: nach dem Beilager soll eine Morgengabe in H\u00f6he von 8.000 Gulden gezahlt werden, 400 Gulden an j\u00e4hrlichen Renten zugesichert, Zahlung geregelt\r\n\r\nArtikel 5: die Mitgift soll mit 34.000 Gulden Widerlage erg\u00e4nzt werden, Anlage der Gesamtsumme von 68.000 Gulden auf von pf\u00e4lzischer Seite bestimmten G\u00fctern, die auch als Wittum dienen sollen; Benennung der Schl\u00f6sser, St\u00e4dte und \u00c4mter Neuburg vorm Wald, Schwarzenburg, Retz, Waldm\u00fcnchen und Dreswitz, samt zugeh\u00f6rigen D\u00f6rfern, Obrigkeitsrechten, Zinsen und Renten von 6.800 Gulden j\u00e4hrlich, Frondienste und Jagdrechte etc. geregelt\r\n\r\nArtikel 6: Besoldung der Amtsleute auf den Leibgedingeg\u00fctern geregelt, Braut darf die Amtsleute selbst ausw\u00e4hlen, sofern sie deren Besoldung \u00fcbernimmt\r\n\r\nArtikel 7: Huldigung durch die Amtleute und Untertanen auf Leibgedingeg\u00fctern zugesichert; nach dem Tod Johann Kasimirs und Elisabeths: \u00dcbergang der Hoheitsrechte auf Sachsen des Widerfalls halber, das hei\u00dft, bis zur R\u00fcckzahlung der Mitgift durch Johann Kasimirs Nachkommen\r\n\r\nArtikel 8: Obrigkeitsrechte der Braut auf den Leibgedingeg\u00fctern geregelt, wie es f\u00fcr die Pfalzgrafen \u00fcblich ist\r\n\r\nArtikel 9: Pfalzgrafen und ihren Erben bleibt das Recht zur \u00d6ffnung der Witweng\u00fcter in Notzeiten vorbehalten, wodurch Elisabeth jedoch keine Einschr\u00e4nkungen bei der Nutzung der G\u00fcter entstehen d\u00fcrfen\r\n\r\nArtikel 10: Besichtigung der Witweng\u00fcter durch die s\u00e4chsische Seite geregelt, es wird erw\u00e4hnt, dass diese bereits erfolgt sei; Feststellung, dass die ausgewiesenen Leibgedingeg\u00fcter nicht die vereinbarten 6.800, sondern nur 4.300 Gulden j\u00e4hrlich an Eink\u00fcnften erbringen, Ausgleich des Fehlbetrags durch die pf\u00e4lzische Seite geregelt: in Form weiterer G\u00fcterverschreibungen  \r\n\r\nArtikel 11: falls die Wohngeb\u00e4ude auf den Leibgedingeg\u00fctern nicht dem Stand der Braut entsprechen: bauliche Anpassungen durch die Pfalzgrafen zugesagt\r\n\r\nArtikel 12: Schutz der Witweng\u00fcter auch durch die Erben der Pfalzgrafen zugesagt\r\n\r\nArtikel 13: wenn die Witwe die Witweng\u00fcter bezieht, soll sie die Rechte und Freiheiten der Untertanen in der bisherigen Form achten und belassen\r\n\r\nArtikel 14: \u00d6ffnung des Wittums ohne Wissen und Erlaubnis der Pfalzgrafen verboten\r\n\r\nArtikel 15: Erbverzicht der Braut f\u00fcr sich und ihre Erben auf alles v\u00e4terliche und zuk\u00fcnftige Erbe des Hauses Sachsen; im Fall, dass ihr Vater ohne m\u00e4nnliche Erben bleibt und alle m\u00e4nnlichen Erben des Hauses Sachsen versterben, wird das Erbrecht Elisabeths und ihrer Nachkommen wieder in Kraft gesetzt \r\n\r\nArtikel 16: falls die Braut ohne Erben verstirbt, erh\u00e4lt der Br\u00e4utigam lebenslanges Nutzungsrecht \u00fcber die 34.000 Gulden Heiratsgut bzw. Mitgift\r\n\r\nArtikel 17: falls Braut und Br\u00e4utigam ohne Leibeserben versterben: R\u00fcckfall der 34.000 Gulden Heiratsgut bzw. Mitgift an Sachsen zugesichert; Zahlung geregelt: bis die Summe bezahlt wurde, erh\u00e4lt die s\u00e4chsische Seite j\u00e4hrlich 3.400 Gulden aus den Witweng\u00fctern\r\n\r\nArtikel 18: Verpflichtung der Amtsleute und Untertanen auf den Witweng\u00fctern, der s\u00e4chsischen Seite die Summe von 3.400 Gulden j\u00e4hrlich zu verschaffen, bis Heiratsgut bzw. Mitgift vollst\u00e4ndig zur\u00fcckgezahlt sind; w\u00e4hrenddessen: Freistellungen von ihren Lehenspflichten gegen\u00fcber den Pfalzgrafen\r\n\r\nArtikel 19: Anlage der 34.000 Gulden in der Stadt N\u00fcrnberg; Vererbung der 8.000 Gulden Morgengabe und 400 Gulden j\u00e4hrlicher Zinsen an Johann Kasimir, sofern Elisabeth keine andere testamentarische Regelung hinterl\u00e4sst\r\n\r\nArtikel 20: nach dem Tod der Braut erh\u00e4lt Johann Kasimir das lebenslange Nutzungsrecht \u00fcber die Aussteuer, Elisabeth keine andere testamentarische Regelung hinterl\u00e4sst, nach dessen Tod f\u00e4llt diese zur\u00fcck an die s\u00e4chsische Seite\r\n\r\nArtikel 21: sofern Leibeserben aus der Ehe hervorgehen, aber selbst ohne Erben versterben: R\u00fcckfall von Heiratsgut bzw. Mitgift und anderen in die Ehe eingebrachten Geldsummen vereinbart; falls aber Leibeserben vorhanden sind, erben diese das Heiratsgut und die Aussteuer\r\n\r\nArtikel 22: beim Tod Johann Kasimirs, Vormundschaft \u00fcber gemeinsame Kinder geregelt; Elisabeth erh\u00e4lt das Recht, bei seinem Tod sofort von ihrem Wittum, ihren dortigen Hoheits- und Nutzungsrechten und den Eink\u00fcnften von j\u00e4hrlich 6.800 Gulden gebrauch zu machen; das Wittum muss zu diesem Zeitpunkt in angemessenem baulichem Zustand und von Schulden unbelastet sein, lebenslang, sofern sie nicht erneut heiratet\r\n\r\nArtikel 23: standesgem\u00e4\u00dfe Versorgung Elisabeths auf dem Witwensitz durch Johann Kasimirs Erben zugesichert\r\n\r\nArtikel 24: nach dem Tod des Johann Kasimirs erh\u00e4lt Elisabeth das Verf\u00fcgungs- und Besitzrecht \u00fcber die Aussteuer\r\n\r\nArtikel 25: falls die Braut nach dem Tod des Br\u00e4utigams erneut heiratet: Abl\u00f6sung des Leibgedinges gegen die Auszahlung von Heiratsgut bzw. Mitgift und Morgengabe etc.; weitere Zahlung der j\u00e4hrlichen Witweneink\u00fcnfte; nach ihrem Tod fallen diese Summen an vorhandene Leibeserben aus der ersten Ehe mit Johann Kasimir\r\n\r\nArtikel 26: falls die Braut in zweiter Ehe weitere leibliche Kinder hat, erben die Kinder aus der ersten und der zweiten Ehe die 34.000 Gulden Heiratsgut bzw. Mitgift und sonstigen Nachlass Elisabeths zu gleichen Teilen\r\n\r\nArtikel 27: Abtretung des Leibgedinges nach Auszahlung der Witwe geregelt\r\n\r\nArtikel 28: falls Br\u00e4utigam vor der Braut verstirbt und keine Leibeserben aus der Ehe vorhanden sind: Bezug des Wittums geregelt, nach ihrem Tod ohne Leibeserben: R\u00fcckfall des Heiratsgut an die s\u00e4chsische und der Widerlage an die pf\u00e4lzische Seite\r\n\r\nArtikel 29: Elisabeth von Haftung f\u00fcr eventuelle Schulden Johann Kasimirs ausgenommen, die pf\u00e4lzische Seite darf, solange die Braut lebt, keine Anspr\u00fcche auf die Morgengabe, das Wittum oder die Aussteuer erheben\r\n\r\nArtikel 30: falls einer der Ehepartner vor dem Beilager verstirbt, ist der Vertrag hinf\u00e4llig\r\n\r\nArtikel 30: Einhaltung zugesichert, Unterzeichnung und Besiegelung geregelt ","Regelungen \u00fcber Thronfolge und Regentschaft":"","konfessionelle Regelungen":"","erbrechtliche Regelungen":"Artikel 15: Erbverzicht der Braut f\u00fcr sich und ihre Erben auf alles v\u00e4terliche und zuk\u00fcnftige Erbe des Hauses Sachsen; im Fall, dass ihr Vater ohne m\u00e4nnliche Erben bleibt und alle m\u00e4nnlichen Erben des Hauses Sachsen versterben, wird das Erbrecht Elisabeths und ihrer Nachkommen wieder in Kraft gesetzt \r\n\r\nArtikel 16: falls die Braut ohne Erben verstirbt, erh\u00e4lt der Br\u00e4utigam lebenslanges Nutzungsrecht \u00fcber die 34.000 Gulden Heiratsgut bzw. Mitgift\r\n\r\nArtikel 17: falls Braut und Br\u00e4utigam ohne Leibeserben versterben: R\u00fcckfall der 34.000 Gulden Heiratsgut bzw. Mitgift an Sachsen zugesichert; Zahlung geregelt: bis die Summe bezahlt wurde, erh\u00e4lt die s\u00e4chsische Seite j\u00e4hrlich 3.400 Gulden aus den Witweng\u00fctern\r\n\r\nArtikel 19: Anlage der 34.000 Gulden in der Stadt N\u00fcrnberg; Vererbung der 8.000 Gulden Morgengabe und 400 Gulden j\u00e4hrlicher Zinsen an Johann Kasimir, sofern Elisabeth keine andere testamentarische Regelung hinterl\u00e4sst\r\n\r\nArtikel 20: nach dem Tod der Braut erh\u00e4lt Johann Kasimir das lebenslange Nutzungsrecht \u00fcber die Aussteuer, Elisabeth keine andere testamentarische Regelung hinterl\u00e4sst, nach dessen Tod f\u00e4llt diese zur\u00fcck an die s\u00e4chsische Seite\r\n\r\nArtikel 21: sofern Leibeserben aus der Ehe hervorgehen, aber selbst ohne Erben versterben: R\u00fcckfall von Heiratsgut bzw. Mitgift und anderen in die Ehe eingebrachten Geldsummen vereinbart; falls aber Leibeserben vorhanden sind, erben diese das Heiratsgut und die Aussteuer\r\n\r\nArtikel 25: falls die Braut nach dem Tod des Br\u00e4utigams erneut heiratet: Abl\u00f6sung des Leibgedinges gegen die Auszahlung von Heiratsgut bzw. Mitgift und Morgengabe etc.; weitere Zahlung der j\u00e4hrlichen Witweneink\u00fcnfte; nach ihrem Tod fallen diese Summen an vorhandene Leibeserben aus der ersten Ehe mit Johann Kasimir\r\n\r\nArtikel 26: falls die Braut in zweiter Ehe weitere leibliche Kinder hat, erben die Kinder aus der ersten und der zweiten Ehe die 34.000 Gulden Heiratsgut bzw. Mitgift und sonstigen Nachlass Elisabeths zu gleichen Teilen\r\n\r\nArtikel 28: falls Br\u00e4utigam vor der Braut verstirbt und keine Leibeserben aus der Ehe vorhanden sind: Bezug des Wittums geregelt, nach ihrem Tod ohne Leibeserben: R\u00fcckfall des Heiratsguts an die s\u00e4chsische und der Widerlage an die pf\u00e4lzische Seite"},"Einordnung des Vertrags":{"Textbezug zu vergangenen Ereignissen?":"","st\u00e4ndische Instanzen beteiligt?":"","externe Instanzen beteiligt?":"","Ratifikationen, Best\u00e4tigungen, Genehmigungen erw\u00e4hnt?":"","weitere Vertr\u00e4ge zwischen Vertragsparteien im Zusammenhang mit dieser Ehe":"","Schlagw\u00f6rter":"","Kommentar":"Vertrag verf\u00fcgt im Original \u00fcber keine Nummerierung der Artikel.","Literatur":"B\u00f6ttcher 2018"}}}