{"Dokument":{"Name":"Braunschweig-L\u00fcneburg-Celle - D\u00e4nemark","In Bearbeitung":"Nein","main":{"Name":"Ehevertrag Braunschweig-L\u00fcneburg-Celle - D\u00e4nemark 1561","Zuletzt ge\u00e4ndert":"2017-07 BB"},"Grunddaten Ehevertrag":{"Vertragspartner Br\u00e4utigam":"Braunschweig-L\u00fcneburg-Celle","Vertragspartner Braut":"D\u00e4nemark","Datum Vertragsschlie\u00dfung":"1561-02-21","Ort Vertragsschlie\u00dfung":"nicht nachgewiesen","Eheschlie\u00dfung vollzogen?":"Ja","verschiedenkonfessionelle Ehe?":"Nein"},"Br\u00e4utigam":{"Br\u00e4utigam Name, Titel":"Wilhelm der J\u00fcngere, Herzog von Braunschweig-L\u00fcneburg","Br\u00e4utigam GND":"http:\/\/d-nb.info\/gnd\/134198158","Br\u00e4utigam Geburtsjahr":"1535-00-00","Br\u00e4utigam Sterbejahr":"1592-00-00","Br\u00e4utigam Dynastie":"Welfen","Br\u00e4utigam Konfession":"Evangelisch-Lutherisch"},"Braut":{"Braut Name, Titel":"Dorothea von D\u00e4nemark","Braut GND":"http:\/\/d-nb.info\/gnd\/119452952","Braut Geburtsjahr":"1545-00-00","Braut Sterbejahr":"1617-00-00","Braut Dynastie":"Oldenburg (D\u00e4nemark)","Braut Konfession":"Evangelisch-Lutherisch"},"Akteur Br\u00e4utigam":{"Akteur Br\u00e4utigam Name, Titel":"Wilhelm der J\u00fcngere, Herzog von Braunschweig-L\u00fcneburg","Akteur Br\u00e4utigam GND":"http:\/\/d-nb.info\/gnd\/134198158","Akteur Br\u00e4utigam Dynastie":"Welfen","Akteur Br\u00e4utigam Verh\u00e4ltnis zu Br\u00e4utigam":"selbst"},"Akteur Braut":{"Akteur Braut Name, Titel":"Friedrich II., K\u00f6nig von D\u00e4nemark","Akteur Braut GND":"http:\/\/d-nb.info\/gnd\/118703188","Akteur Braut Dynastie":"Oldenburg (D\u00e4nemark)","Akteur Braut Verh\u00e4ltnis zu Braut":"Bruder"},"Vertragstext":{"Archivexemplar":"nicht nachgewiesen","Vertragssprache Archivexemplar":"nicht nachgewiesen","Digitalisat Archivexemplar":"-","Drucknachweis":"DNT II, S. 2-6","Vertragssprache Druck":"deutsch","Digitalisat Druck":"-","Vertragsinhalt":"[Pr\u00e4] \u2013 zu Lob und Ehre Gottes, zu Nutzen, Wohlfahrt beider L\u00e4nder, zu Erhaltung, Vermehrung von Freundschaft, Vertrauen: Ehe verabredet\r\n\r\n1 \u2013 Einwilligung f\u00fcr Braut erteilt, \u00dcberf\u00fchrung, Beilager geregelt: inkl. Aufwandsbeschr\u00e4nkung\r\n\r\n2 \u2013 Mitgift festgelegt, Aussteuer geregelt: inkl. Nutzung, R\u00fcckfall nach Tod der Braut ohne Kinder\r\n\r\n3 \u2013 Witweng\u00fcter, Witweneink\u00fcnfte festgelegt: als Witwensitz, Nutzungsrechte geregelt\r\n\r\n4 \u2013 Register, Verschreibungsurkunde \u00fcber Witweng\u00fcter, Huldigung, Nutzungsrechte auf Witweng\u00fctern geregelt: Herrschaftsrechte ausgenommen, Ersatz von mangelnden Witweneink\u00fcnften geregelt\r\n\r\n5 \u2013 Morgengabe festgelegt\r\n\r\n6 \u2013 Zustand, Erhaltung von Witwensitz geregelt\r\n\r\n7 \u2013 nach Tod von Br\u00e4utigam: Unterhalt der Braut bis zum Bezug von Witweng\u00fctern geregelt\r\n\r\n8 \u2013 Nutzung der Witweng\u00fcter durch Dritte verboten, bei Kriegssch\u00e4den: Ersatz von ausgefallenen Witweneink\u00fcnften zugesagt\r\n\r\n9 \u2013 bei 2. Ehe der Braut: Abfindung von Witweng\u00fctern gegen Auszahlung von Mitgift, Widerlage(-anteil?), Aussteuer, Verzinsung von Morgengabe geregelt\r\n\r\n10 \u2013 Erbverzicht der Braut geregelt: im Gegenzug f\u00fcr Mitgiftzahlung, mit Zustimmung von Br\u00e4utigam\r\n\r\n11 \u2013 Zustimmung von Bruder des Br\u00e4utigams erteilt\r\n\r\n12 \u2013 Einhaltung zugesagt\r\n","Regelungen \u00fcber Thronfolge und Regentschaft":"","konfessionelle Regelungen":"","erbrechtliche Regelungen":"Erbverzicht der Braut geregelt: im Gegenzug f\u00fcr Mitgiftzahlung, mit Zustimmung von Br\u00e4utigam - 10\r\n\r\n"},"Einordnung des Vertrags":{"Textbezug zu vergangenen Ereignissen?":"","st\u00e4ndische Instanzen beteiligt?":"","externe Instanzen beteiligt?":"","Ratifikationen, Best\u00e4tigungen, Genehmigungen erw\u00e4hnt?":"Zustimmung von Bruder des Br\u00e4utigams erteilt - 11","weitere Vertr\u00e4ge zwischen Vertragsparteien im Zusammenhang mit dieser Ehe":"","Schlagw\u00f6rter":"","Kommentar":"vgl. Erbverzichtserkl\u00e4rung der Braut 15.10.1561 (DNT II, S. 6-7)","Literatur":"Laursen in DNT, S. 1 f."}}}