{"Dokument":{"Name":"Hessen-Kassel - Solms-Laubach","In Bearbeitung":"Nein","main":{"Name":"Ehevertrag Hessen-Kassel - Solms-Laubach 1593","Zuletzt ge\u00e4ndert":"2017-12 BB"},"Grunddaten Ehevertrag":{"Vertragspartner Br\u00e4utigam":"Hessen-Kassel","Vertragspartner Braut":"Solms-Laubach","Datum Vertragsschlie\u00dfung":"1593-09-03","Ort Vertragsschlie\u00dfung":"nicht nachgewiesen","Eheschlie\u00dfung vollzogen?":"Ja","verschiedenkonfessionelle Ehe?":"Nein"},"Br\u00e4utigam":{"Br\u00e4utigam Name, Titel":"Moritz, Landgraf von Hessen","Br\u00e4utigam GND":"http:\/\/d-nb.info\/gnd\/11858412X","Br\u00e4utigam Geburtsjahr":"1572-00-00","Br\u00e4utigam Sterbejahr":"1632-00-00","Br\u00e4utigam Dynastie":"Hessen (Kassel)","Br\u00e4utigam Konfession":"Evangelisch-Reformiert"},"Braut":{"Braut Name, Titel":"Agnes von Solms-Laubach","Braut GND":"http:\/\/d-nb.info\/gnd\/132522764","Braut Geburtsjahr":"1578-00-00","Braut Sterbejahr":"1602-00-00","Braut Dynastie":"Savoyen","Braut Konfession":"Evangelisch-Reformiert"},"Akteur Br\u00e4utigam":{"Akteur Br\u00e4utigam Name, Titel":"Moritz, Landgraf von Hessen-Kassel","Akteur Br\u00e4utigam GND":"http:\/\/d-nb.info\/gnd\/11858412X","Akteur Br\u00e4utigam Dynastie":"Hessen (Kassel)","Akteur Br\u00e4utigam Verh\u00e4ltnis zu Br\u00e4utigam":"selbst"},"Akteur Braut":{"Akteur Braut Name, Titel":"Johann Georg, Graf zu Solms-Laubach","Akteur Braut GND":"http:\/\/d-nb.info\/gnd\/","Akteur Braut Dynastie":"Savoyen","Akteur Braut Verh\u00e4ltnis zu Braut":"Vater"},"Vertragstext":{"Archivexemplar":"Marburg, Staatsarchiv, Urk. 3, Nr. 245","Vertragssprache Archivexemplar":"Deutsch","Drucknachweis":"nicht nachgewiesen","Vertragssprache Druck":"nicht nachgewiesen","Digitalisat Druck":"-","Vertragsinhalt":"[Pr\u00e4] \u2013 im Namen der heiligen Dreifaltigkeit, zu Lob und Ehren Gottes, zur Vermehrung guter Freundschaft: Eheabrede getroffen, Vertragsschlie\u00dfung bekundet (3)\r\n\r\n[1] \u2013 Eheversprechen ausgetauscht: f\u00fcr Braut, von Br\u00e4utigam (3)\r\n\r\n[2] \u2013 Mitgift festgelegt, Aussteuer geregelt: Zahlung geregelt \u2013 Erbverzicht der Braut geregelt: mit Zustimmung des Br\u00e4utigams, auf Vatererbe, Muttererbe, Brudererbe und Vettererbe, Erbanspr\u00fcche bei Aussterben der Grafen von Solms in m\u00e4nnlicher Linie ausgenommen (3-4)\r\n\r\n[3] \u2013 Witweng\u00fcter und Witweneink\u00fcnfte festgelegt: im Gegenzug f\u00fcr Mitgiftzahlung, Nutzungsrechte geregelt (4)\r\n\r\n[4-6] \u2013 Witweng\u00fcter geregelt: Vereidigung und Rechtsstellung von Amtleuten und Untertanen geregelt (4-5)\r\n\r\n[7] \u2013 Witweng\u00fcter geregelt: weltliche und geistliche Herrschaftsrechte, Gerichtsbarkeit und Kirchenvisitation vorbehalten, \u00d6ffnung und Schadenersatz geregelt (5)\r\n\r\n[8] \u2013 Witweng\u00fcter geregelt: Schutz durch Landgrafen von Hessen zugesichert (5)\r\n\r\n[9] \u2013 Witweng\u00fcter geregelt: \u00d6ffnung und Ver\u00e4u\u00dferung an Dritte, B\u00fcndnis mit Dritten verboten, Holznutzung und Erhaltung geregelt (5-6)\r\n\r\n[10] \u2013 Witweng\u00fcter geregelt: Schadenersatz bei Einkommensausfall geregelt (6)\r\n\r\n[11-12] \u2013 nach Tod von Br\u00e4utigam: Vormundschaft \u00fcber unm\u00fcndige Kinder geregelt gem\u00e4\u00df hessischem Hausrecht, Bezug von Witweng\u00fctern geregelt, pers\u00f6nlicher Besitz der Braut als Witwe geregelt, Ausstattung und Zustand von Witwensitz geregelt (6-7)\r\n\r\n[13-14] \u2013 bei zweiter Ehe der Braut: Abl\u00f6sung von Witweng\u00fctern, Auszahlung von Mitgift und lebenslange Verzinsung der Widerlage geregelt, ggf. Vererbung von Mitgift und Nachlass der Braut an Kinder aus erster und zweiter Ehe geregelt (7)\r\n\r\n[15] \u2013 bei Tod der Braut ohne Kinder: R\u00fcckfall von Mitgift und Witweng\u00fctern, Vererbung von Nachlass geregelt (7)\r\n\r\n[16] \u2013 nach Tod der Braut ohne Kinder: lebenslange Nutzung der Mitgift durch Br\u00e4utigam, danach R\u00fcckfall der Mitgift geregelt (7)\r\n\r\n[17] \u2013Silbergeschirr als Hochzeitsgeschenk geregelt: als Eigentum des \u00fcberlebenden Ehepartners (8)\r\n\r\n[18] \u2013 Schuldenhaftung der Braut geregelt (8)\r\n\r\n[19] \u2013 Morgengabe festgelegt: Verzinsung, Nutzung, Vererbung und Abl\u00f6sung geregelt (8)\r\n\r\n[20] \u2013 bei Tod von Braut oder Br\u00e4utigam nach Hochzeit vor Mitgiftzahlung: G\u00fcltigkeit von Ehevertrag vereinbart \u2013 bei Tod von Braut oder Br\u00e4utigam vor Hochzeit: Nichtigkeit von Ehevertrag vereinbart (8)\r\n\r\n[Esch] \u2013 Einhaltung versprochen (8-9)\r\n","erbrechtliche Regelungen":"Erbverzicht der Braut geregelt: mit Zustimmung des Br\u00e4utigams, auf Vatererbe, Muttererbe, Brudererbe und Vettererbe, Erbanspr\u00fcche bei Aussterben der Grafen von Solms in m\u00e4nnlicher Linie ausgenommen - 2\r\n\r\nbei zweiter Ehe der Braut:  ggf. Vererbung von Mitgift und Nachlass der Braut an Kinder aus erster und zweiter Ehe geregelt - 13-14\r\n\r\nbei Tod der Braut ohne Kinder: Vererbung von Nachlass geregelt - 15\r\n\r\nMorgengabe festgelegt: Verzinsung, Nutzung, Vererbung und Abl\u00f6sung geregelt - 19"},"Einordnung des Vertrags":{"Textbezug zu vergangenen Ereignissen?":"","st\u00e4ndische Instanzen beteiligt?":"","externe Instanzen beteiligt?":"","Ratifikationen, Best\u00e4tigungen, Genehmigungen erw\u00e4hnt?":"","weitere Vertr\u00e4ge zwischen Vertragsparteien im Zusammenhang mit dieser Ehe":"","Schlagw\u00f6rter":"","Kommentar":"Dynastie Braut, Akteur Braut nachtragen! technische Probleme bei Eintragung 2017 XII!","Literatur":"-"}}}