{"Dokument":{"Name":"Frankreich - \u00d6sterreich\/Spanien Teil 2","In Bearbeitung":"Nein","main":{"Name":"Ehevertrag Frankreich - \u00d6sterreich\/Spanien 1526 Teil 2","Zuletzt ge\u00e4ndert":"2020-05 KZ"},"Grunddaten Ehevertrag":{"Vertragspartner Br\u00e4utigam":"Frankreich","Vertragspartner Braut":"\u00d6sterreich\/Spanien","Datum Vertragsschlie\u00dfung":"1526-01-14","Ort Vertragsschlie\u00dfung":"Madrid","Eheschlie\u00dfung vollzogen?":"Nein","verschiedenkonfessionelle Ehe?":"Nein"},"Br\u00e4utigam":{"Br\u00e4utigam Name, Titel":"Franz (Francois), Dauphin, Sohn von K\u00f6nig Franz I. (Francois) von Frankreich","Br\u00e4utigam GND":"http:\/\/d-nb.info\/gnd\/133812421","Br\u00e4utigam Geburtsjahr":"1518-00-00","Br\u00e4utigam Sterbejahr":"1536-00-00","Br\u00e4utigam Dynastie":"Valois","Br\u00e4utigam Konfession":"R\u00f6misch-Katholisch"},"Braut":{"Braut Name, Titel":"Maria, Tochter von K\u00f6nig Manuel I. von Portugal und Eleonore von Habsburg","Braut GND":"http:\/\/d-nb.info\/gnd\/122413431","Braut Geburtsjahr":"1521-00-00","Braut Sterbejahr":"1577-00-00","Braut Dynastie":"Aviz","Braut Konfession":"R\u00f6misch-Katholisch"},"Akteur Br\u00e4utigam":{"Akteur Br\u00e4utigam Name, Titel":"Franz I. (Francois), K\u00f6nig von Frankreich","Akteur Br\u00e4utigam GND":"http:\/\/d-nb.info\/gnd\/118534947","Akteur Br\u00e4utigam Dynastie":"Valois","Akteur Br\u00e4utigam Verh\u00e4ltnis zu Br\u00e4utigam":"Vater"},"Akteur Braut":{"Akteur Braut Name, Titel":"Karl V, Kaiser, K\u00f6nig von Spanien","Akteur Braut GND":"http:\/\/d-nb.info\/gnd\/118560093","Akteur Braut Dynastie":"Habsburg (Spanien)","Akteur Braut Verh\u00e4ltnis zu Braut":"Onkel"},"Vertragstext":{"Archivexemplar":"nicht nachgewiesen","Vertragssprache Archivexemplar":"nicht nachgewiesen","Digitalisat Archivexemplar":"-","Drucknachweis":"Dumont 1726-1739, Bd. IV:1, S. 400-410 (frz.) - Usunariz 2006, S. 50-78 (span.)","Vertragssprache Druck":"Franz\u00f6sisch","Digitalisat Druck":"https:\/\/gallica.bnf.fr\/ark:\/12148\/bpt6k12634404\/f419.item","Vertragsinhalt":"Pr\u00e4ambel: Verweist auf zur\u00fcckliegende Kriege zwischen Karl V. und Franz I., Gefangennahme von Franz im j\u00fcngsten dieser Kriege bekundet, \u00dcberf\u00fchrung nach Madrid bekundet, gemeinsamer Friedenswille, Absicht zu gemeinsamem Vorgehen gegen T\u00fcrken und Lutheraner bekundet\r\n\r\nArtikel 1: Frieden, B\u00fcndnis, Amnestie vereinbart\r\n\r\nArtikel 2: freier und sicherer Verkehr, Handel vereinbart, zu Zolls\u00e4tzen wie vor Krieg, unter Verzicht auf Prisen und Repressalien\r\n\r\nArtikel 3-4: als Sicherheit f\u00fcr den Frieden wird franz\u00f6sischer Verzicht auf Burgund vereinbart, vollst\u00e4ndige \u00dcbergabe an den Kaiser innerhalb von sechs Wochen nach Freilassung des franz\u00f6sischen K\u00f6nigs festgelegt\r\n\r\nArtikel 5: zur Sicherheit Austausch von Franz gegen franz\u00f6sische Geiseln vereinbart, die bis zur geforderten Ratifikation des Vertrags durch franz\u00f6sische St\u00e4nde in kaiserlicher Gewalt bleiben, Ratifikation soll innerhalb von vier Monaten erfolgen, \u00dcbergabe des dritten Sohns von Franz zu Erziehung am Kaiserhof\r\n\r\nArtikel 6: wenn die \u00dcbergabe Burgunds und Ratifikation des Vertrags nicht fristgerecht erfolgen, begibt der K\u00f6nig sich erneut in die Gewalt des Kaisers, bei gleichzeitiger Freilassung der franz\u00f6sischen Geiseln\r\n\r\nArtikel 7-8: Verzicht auf franz\u00f6sische Anspr\u00fcche auf K\u00f6nigreich Neapel, Herzogtum Mailand, Genua, Asti vereinbart\r\n\r\nArtikel 9-10: Verzicht auf franz\u00f6sische Anspr\u00fcche auf Arras, Tournai, Lille und weiteren St\u00e4dten im Artois vereinbart\r\n\r\nArtikel 11: im Gegenzug Verzicht auf kaiserliche Anspr\u00fcche auf P\u00e9ronne, Boulogne, Gu\u00eenes, Ponthieu und weitere Herrschaften an der Somme vereinbart\r\n\r\nArtikel 12-13: Defensiv- und Offensivb\u00fcndnis, gegenseitige Unterst\u00fctzung vereinbart\r\n\r\nArtikel 14: zur Festigung des Friedens wird Eheschlie\u00dfung zwischen K\u00f6nig Franz und Eleonore vereinbart, \u00dcberf\u00fchrung der Braut zusammen mit den franz\u00f6sischen Geiseln vereinbart, Mitgift festgelegt auf 200.000 Ecus, zuz\u00fcglich ihres Leibgedinges aus voriger Ehe mit K\u00f6nig Manuel von Portugal, Zahlung innerhalb von 16 Monaten nach Beilager und Anlage der Summe in geeigneten G\u00fctern geregelt\r\n\r\nArtikel 15: Mitgift vermehrt um Macon, Auxerre, Bar-sur-Seine, Erbverzicht Eleonores geregelt, Anspr\u00fcche bei Aussterben des Kaisers und Erzherzog Ferdinands, ihrer beiden Br\u00fcder, ohne Kinder vorbehalten\r\n\r\n\r\nArtikel 16: Ausstattung und Apanagen der m\u00e4nnlichen Nachkommen aus der Ehe zwischen Franz und Eleonore geregelt, Gleichbehandlung mit Kindern aus Franz\u2019 erster Ehe festgelegt, mit Ausnahme des Dauphin\r\n\r\nArtikel 17: Witwenversorgung Eleonores geregelt\r\n\r\nArtikel 18: R\u00fcckkehrrecht Eleonore als Witwe nach Spanien, Flandern oder Burgund geregelt, Mitnahme der Fahrhabe und Anspruch auf Witweneink\u00fcnfte geregelt\r\n\r\nArtikel 19: zuk\u00fcnftige Eheschlie\u00dfung zwischen dem Dauphin und der Infantin von Portugal vereinbart, Verl\u00f6bnis wenn Maria 7 Jahre alt, Heirat wenn Maria 12 Jahre alt, portugiesische Zustimmung zugesichert, \u00dcberf\u00fchrung Marias nach Frankreich im Alter von 12 Jahren festgelegt\r\n\r\nArtikel 20: franz\u00f6sische Unterst\u00fctzung beim Vorhaben, den K\u00f6nig von Navarra zum Rechtsverzicht zugunsten des Kaisers zu bewegen, versprochen\r\n\r\nArtikel 21: franz\u00f6sische Unterst\u00fctzung f\u00fcr \u00dcbernahme der Herrschaften Geldern und Zutphen durch den Kaiser nach Tod des Herzogs von Geldern versprochen, Verzicht auf franz\u00f6sische Unterst\u00fctzung des Herzogs zugesichert\r\n\r\nArtikel 22: Verzicht auf franz\u00f6sische Unterst\u00fctzung f\u00fcr Herzog Ulrich von W\u00fcrttemberg und Robert de la Marck gegen Kaiser sowie auf Unterst\u00fctzung kaiserlicher Gegner in Italien zugesichert\r\n\r\nArtikel 23-24: franz\u00f6sische Unterst\u00fctzung f\u00fcr kaiserlichen Italienzug zugesichert, Italienzug wird als Hauptzweck des Vertrags bezeichnet, Unterst\u00fctzung durch franz\u00f6sische Flotte geregelt, franz\u00f6sische Hilfszahlungen und Bereitstellung von Hilfstruppen festgelegt\r\n\r\nArtikel 25: Entsch\u00e4digung des Kaisers f\u00fcr Kompensation franz\u00f6sischer Tributzahlung an England vereinbart, gem\u00e4\u00df dem Vertrag von Windsor 1522\r\n\r\nArtikel 26: gemeinsame Bitte an den Papst um Einberufung eines Konzils und Kreuzzugsaufruf gegen T\u00fcrken und Ketzer vereinbart, gemeinsame T\u00fcrkenabwehr im Mittelmeer vereinbart\r\n\r\nArtikel 27-28: Restitution von Herzog Karl von Bourbon in Frankreich vereinbart, Amnestie des Herzogs und seiner Verb\u00fcndeten sowie sein Verbleib in kaiserlichen Diensten vorbehalten\r\n\r\nArtikel 29-31: Freilassung aller Kriegsgefangenen vereinbart, Verzicht auf die Unterst\u00fctzung oder Aufnahme von Rebellen vereinbart, Begnadigung f\u00fcr italienische Rebellen gegen den Kaiser geregelt\r\n\r\nArtikel 32: Restitution aller Untertanen und St\u00e4nde in Besitz und Rechtsstand wie vor den Krieg vereinbart\r\n\r\nArtikel 33: franz\u00f6sischer Schadenersatz f\u00fcr kastilische St\u00e4nde und Universit\u00e4t Burgos f\u00fcr vor dem Krieg erlittene Sch\u00e4den vereinbart\r\n\r\nArtikel 34: franz\u00f6sischer Transit f\u00fcr spanischen Tuchhandel zugestanden\r\n\r\nArtikel 35: Restitution von Charolles an Margarethe von Savoyen vereinbart, einschlie\u00dflich Schadenersatz\r\n\r\nArtikel 36: franz\u00f6sische Auslieferung von beschlagnahmten G\u00fctern der K\u00f6niginwitwe Germaine von Aragon zugesichert\r\n\r\nArtikel 37: Wiedereinsetzung des Prinzen von Orange zugesichert\r\n\r\nArtikel 38-43: Entsch\u00e4digung, Wiedereinsetzung weiterer kaiserlicher Verb\u00fcndeter, Untertanen durch Frankreich zugesichert\r\n\r\nArtikel 44: Wiedereinsetzung des Markgrafen von Saluzzo auf franz\u00f6sischen Wunsch zugesichert\r\n\r\nArtikel 45: Wiedereinsetzungen des F\u00fcrsten von Monaco als Bischof von Grasse vereinbart\r\n\r\nArtikel 46: Wiedereinsetzung des Herren von Lussa vereinbart\r\n\r\nArtikel 47: Vertrag f\u00fcr weitere Beitrittspartner ge\u00f6ffnet, darunter der Papst, die K\u00f6nige von England, Ungarn, Polen, D\u00e4nemark, Portugal, Schottland, verschiedene Reichsst\u00e4nde sowie weitere Parteien, Bedingungen f\u00fcr Beitritt geregelt\r\n\r\nArtikel 48: Ratifikation durch K\u00f6nig Franz und den Dauphin geregelt\r\n\r\nArtikel 49: Einhaltung des Vertrags unter kanonischer Strafandrohung zugesichert\r\n\r\nArtikel 50: Ver\u00f6ffentlichung des Vertrags geregelt","Regelungen \u00fcber Thronfolge und Regentschaft":"","konfessionelle Regelungen":"","erbrechtliche Regelungen":""},"Einordnung des Vertrags":{"Textbezug zu vergangenen Ereignissen?":"Bezug auf Krieg zwischen Frankreich und dem Kaiser 1521-1525 sowie weiter zur\u00fcckliegende Sch\u00e4digungen der kastilischen St\u00e4nde und Universit\u00e4t Burgos durch Frankreich","st\u00e4ndische Instanzen beteiligt?":"Ratifikation des Vertrags durch franz\u00f6sische St\u00e4nde gefordert (Artikel 5)","externe Instanzen beteiligt?":"Papst, K\u00f6nig von England, s. auch Artikel 47","Ratifikationen, Best\u00e4tigungen, Genehmigungen erw\u00e4hnt?":"Ratifikation des Vertrags durch franz\u00f6sische St\u00e4nde gefordert (Artikel 5)","weitere Vertr\u00e4ge zwischen Vertragsparteien im Zusammenhang mit dieser Ehe":"Waffenstillstand von Breda 1525.07.14 - Waffenstillstand von Toledo 1525.08.11 - Waffenstillstand von Hampton Court 1528.06.15 - Friedensvertrag von Cambrai 1529.08.05","Schlagw\u00f6rter":"Krieg zwischen Frankreich und Habsburg 1521-1525, Krieg der Liga von Cognac 1526-1530","Kommentar":"Der Vertrag regelt zwei Eheschlie\u00dfungen, vgl. Ehevertrag Frankreich - \u00d6sterreich\/Spanien 1526 I.\r\n\r\n2 Ehen in einem Vertrag geregelt, vgl. ENr. 75 - Eheschlie\u00dfung Franz-Eleonore: Dumont Art. 14-18 = Usunariz Art. 7-17 - Eheschlie\u00dfung Dauphin-Maria: Dumont Art. 19 = Usunariz Art. 18\r\n\r\nVertrag ist eine Kombination Friedens- und Ehevertrag\r\n\r\ns. auch Ehevertrag Frankreich - \u00d6sterreich\/Spanien 1529 (Fortsetzung zu 1526)","Literatur":"Kohler 2005, S. 176 ff."}}}