{"Dokument":{"Name":"Sachsen - \u00d6sterreich","In Bearbeitung":"Nein","main":{"Name":"Sachsen - \u00d6sterreich","Zuletzt ge\u00e4ndert":"2021-10 JT"},"Grunddaten Ehevertrag":{"Vertragspartner Br\u00e4utigam":"Sachsen","Vertragspartner Braut":"\u00d6sterreich","Datum Vertragsschlie\u00dfung":"1787-07-27","Ort Vertragsschlie\u00dfung":"Dresden","Eheschlie\u00dfung vollzogen?":"Ja","verschiedenkonfessionelle Ehe?":"Nein"},"Br\u00e4utigam":{"Br\u00e4utigam Name, Titel":"Anton Prinz von Sachsen","Br\u00e4utigam GND":"http:\/\/d-nb.info\/gnd\/117764310","Br\u00e4utigam Geburtsjahr":"1755-00-00","Br\u00e4utigam Sterbejahr":"1836-00-00","Br\u00e4utigam Dynastie":"Wettin (Albertiner)","Br\u00e4utigam Konfession":"R\u00f6misch-Katholisch"},"Braut":{"Braut Name, Titel":"Maria Theresia von \u00d6sterreich","Braut GND":"http:\/\/d-nb.info\/gnd\/102341435","Braut Geburtsjahr":"1767-00-00","Braut Sterbejahr":"1827-00-00","Braut Dynastie":"Habsburg-Lothringen","Braut Konfession":"R\u00f6misch-Katholisch"},"Akteur Br\u00e4utigam":{"Akteur Br\u00e4utigam Name, Titel":"Friedrich August I. K\u00f6nig von Sachsen","Akteur Br\u00e4utigam GND":"http:\/\/d-nb.info\/gnd\/119165198","Akteur Br\u00e4utigam Dynastie":"Wettin (Albertiner)","Akteur Br\u00e4utigam Verh\u00e4ltnis zu Br\u00e4utigam":"Bruder","Akteur Br\u00e4utigam Name, Titel (32)":"Anton Prinz von Sachsen","Akteur Br\u00e4utigam GND (65)":"http:\/\/d-nb.info\/gnd\/117764310","Akteur Br\u00e4utigam Dynastie (35)":"Wettin (Albertiner)","Akteur Br\u00e4utigam Verh\u00e4ltnis zu Br\u00e4utigam (34)":"Selbst"},"Akteur Braut":{"Akteur Braut Name, Titel":"Peter Leopold Gro\u00dfherzog der Toskana, sp\u00e4ter: Leopold II. Kaiser des Heiligen R\u00f6mischen Reiches","Akteur Braut GND":"http:\/\/d-nb.info\/gnd\/118571877","Akteur Braut Dynastie":"Habsburg-Lothringen","Akteur Braut Verh\u00e4ltnis zu Braut":"Vater"},"Vertragstext":{"Archivexemplar":"AT-OeStA\/HHStA UR FUK 2113\/1,2","Vertragssprache Archivexemplar":"Franz\u00f6sisch","Digitalisat Archivexemplar":"","Drucknachweis":"","Vertragssprache Druck":"","Digitalisat Druck":"","Vertragsinhalt":"Pr\u00e4ambel: Ehe beschlossen\n\nArtikel 1: Erlaubnis und Dispens des Papstes erw\u00e4hnt; Hochzeitsfeierlichkeiten geregelt; Zeremonie nach r\u00f6misch-katholischem Ritus erw\u00e4hnt; Heirat per procurationem festgelegt; Ratifikation erw\u00e4hnt, wenn die Braut in Sachsen angekommen ist und die kirchliche Segnung erhalten hat \n\nArtikel 2: Die Mitgift betr\u00e4gt 500.000 Florin, Zahlung nach den Hochzeitsfeierlichkeiten festgelegt; Quittung notwendig\n\nArtikel 3: Die Mitgift verbleibt bei der Braut und ihren Nachkommen; wenn Braut und Br\u00e4utigam versterben und keine gemeinsamen Leibeserben vorhanden sind: Der Brautvater oder dessen Erben erhalten die Summe; Erbrechtliche Regelung bez\u00fcglich eines Ausschlusses\n\nArtikel 4: Anlage der Mitgift in Pensionen und Fonds geregelt; Verwaltung geregelt, Finanzkammer erw\u00e4hnt; Hypotheken geregelt; Nutzung der Mitgift geregelt; Wiederherstellung der Mitgift geregelt; Erben und Nachkommen erw\u00e4hnt; Einkommen aus der Verzinsung der Mitgift geregelt\n\nArtikel 5: Die Widerlage betr\u00e4gt 500.000 Florin; v\u00e4terliche, m\u00fctterliche und andere Rechte erw\u00e4hnt; Regelungen bez\u00fcglich des Nachlasses der Familie der Braut; Vererbung an die legitimen Nachkommen geregelt\n\nArtikel 6: Ringe und Hochzeitsfeierlichkeiten nach den Rechten des Vaterlandes geregelt; Erben und Nachfolger erw\u00e4hnt\n\nArtikel 7: Nachfolge der Elisabeth von Spanien in in Bezug auf die Braut erw\u00e4hnt; Erbteil erw\u00e4hnt: Besitz erw\u00e4hnt, Kapital von 930.000 Reales erw\u00e4hnt; die Braut erh\u00e4lt ihren Erbteil ohne Restriktionen, Bona receptitia geregelt; Br\u00e4utigam, Bruder des Br\u00e4utigams und Brautvater erkennen die Regelungen an\n\nArtikel 8: Morgengabe nach Vollzug der Ehe erw\u00e4hnt, Gabe von Juwelen, die in den Besitz der Braut \u00fcbergehen, geregelt; Vererbung an die Nachkommen und Erben geregelt\n\nArtikel 9: Die Braut erh\u00e4lt j\u00e4hrlich 10.500 Florin zu ihrer pers\u00f6nlichen Verf\u00fcgung; die Kammer und der f\u00fcrstliche Sitz auf Staatskosten geregelt\n\nArtikel 10: Die Braut erh\u00e4lt j\u00e4hrlich vom Bruder des er Br\u00e4utigams 40.000 Florin, einschlie\u00dflich der 4% auf Hypotheken etc. aus seinen G\u00fctern; Regelungen erw\u00e4hnt; das Einkommen des Br\u00e4utigams ist unabh\u00e4ngig von der Mitgift der Braut; Regelungen bez\u00fcglich der Z\u00f6lle etc. erw\u00e4hnt; Antritt des Wittums geregelt, Nutzungsrechte des Wittums geregelt, solange die Braut keine zweite Ehe eingeht; Rechte der Braut, solange die Herrschaft des Hauses des Br\u00e4utigams andauert, geregelt; Nutzung der 30.000 Florin der Mitgift j\u00e4hrlich sowie der 4% Zinsen geregelt\n\nArtikel 11: Regelungen bez\u00fcglich Geld, M\u00f6bel, Gegenst\u00e4nden aus Silber und Gold, die nach dem Tod des Br\u00e4utigams an die Braut vererbt werden; Anfertigung einer Inventarliste notwendig; Vererbung an die Erben und Nachkommen geregelt\n\nArtikel 12: Einhaltung des Vertrages versprochen; Anfertigung von zwei Exemplaren des Vertrages geregelt\n\n","Regelungen \u00fcber Thronfolge und Regentschaft":"","konfessionelle Regelungen":"","erbrechtliche Regelungen":"Artikel 3: Die Mitgift verbleibt bei der Braut und ihren Nachkommen; wenn Braut und Br\u00e4utigam versterben und keine gemeinsamen Leibeserben vorhanden sind: Der Brautvater oder dessen Erben erhalten die Summe; Erbrechtliche Regelung bez\u00fcglich eines Ausschlusses\n\nArtikel 4: Anlage der Mitgift in Pensionen und Fonds geregelt; Verwaltung geregelt, Finanzkammer erw\u00e4hnt; Hypotheken geregelt; Nutzung der Mitgift geregelt; Wiederherstellung der Mitgift geregelt; Erben und Nachkommen erw\u00e4hnt; Einkommen aus der Verzinsung der Mitgift geregelt\n\nArtikel 5: Die Widerlage betr\u00e4gt 500.000 Florin; v\u00e4terliche, m\u00fctterliche und andere Rechte erw\u00e4hnt; Regelungen bez\u00fcglich des Nachlassesder Familie der Braut; Vererbung an die legitimen Nachkommen geregelt\n\nArtikel 6: Ringe und Hochzeitsfeierlichkeiten nach den Rechten des Vaterlandes geregelt; Erben und Nachfolger erw\u00e4hnt\n\nArtikel 7: Nachfolge der Elisabeth von Spanien in in Bezug auf die Braut erw\u00e4hnt; Erbteil erw\u00e4hnt: Besitz erw\u00e4hnt, Kapital von 930.000 erw\u00e4hnt; die Braut erh\u00e4lt ihren Erbteil ohne Restriktionen, Bona receptitia geregelt; Br\u00e4utigam, Bruder des Br\u00e4utigam und Brautvater erkennen die Regelungen an\n\nArtikel 8: Morgengabe nach Vollzug der Ehe erw\u00e4hnt, Gabe von Juwelen, die in den Besitz der Braut \u00fcbergehen, geregelt; Vererbung an die Nachkommen und Erben geregelt\n\nArtikel 11: Regelungen bez\u00fcglich Geld, M\u00f6bel, Gegenst\u00e4nden aus Silber und Gold, die nach dem Tod des Br\u00e4utigams an die Braut vererbt werden; Anfertigung einer Inventarliste notwendig; Vererbung an die Erben und Nachkommen geregelt\n\n"},"Einordnung des Vertrags":{"Textbezug zu vergangenen Ereignissen?":"","st\u00e4ndische Instanzen beteiligt?":"","externe Instanzen beteiligt?":"Artikel 1: Erlaubnis und Dispens des Papstes erw\u00e4hnt; Hochzeitsfeierlichkeiten geregelt; Zeremonie nach r\u00f6misch-katholischem Ritus erw\u00e4hnt; Heirat per procurationem festgelegt; Ratifikation erw\u00e4hnt, wenn die Braut in Sachsen angekommen ist und die kirchliche Segnung erhalten hat","Ratifikationen, Best\u00e4tigungen, Genehmigungen erw\u00e4hnt?":"Artikel 1: Erlaubnis und Dispens des Papstes erw\u00e4hnt; Hochzeitsfeierlichkeiten geregelt; Zeremonie nach r\u00f6misch-katholischem Ritus erw\u00e4hnt; Heirat per procurationem festgelegt; Ratifikation erw\u00e4hnt, wenn die Braut in Sachsen angekommen ist und die kirchliche Segnung erhalten hat","weitere Vertr\u00e4ge zwischen Vertragsparteien im Zusammenhang mit dieser Ehe":"","Schlagw\u00f6rter":"","Kommentar":"Vertrag im Original in Artikel unterteilt\n\nSeiten nicht nummeriert oder foliert\n","Literatur":""}}}