{"Dokument":{"Name":"Savoyen-Piemont - Spanien","In Bearbeitung":"Nein","main":{"Name":"Ehevertrag Savoyen-Piemont - Spanien 1584","Zuletzt ge\u00e4ndert":"2021-03 JK"},"Grunddaten Ehevertrag":{"Vertragspartner Br\u00e4utigam":"Savoyen-Piemont","Vertragspartner Braut":"Spanien","Datum Vertragsschlie\u00dfung":"1584-08-23","Ort Vertragsschlie\u00dfung":"Chambery","Eheschlie\u00dfung vollzogen?":"Ja","verschiedenkonfessionelle Ehe?":"Nein"},"Br\u00e4utigam":{"Br\u00e4utigam Name, Titel":"Karl Emanuel I., Herzog von Savoyen","Br\u00e4utigam GND":"http:\/\/d-nb.info\/gnd\/118988328","Br\u00e4utigam Geburtsjahr":"1562-00-00","Br\u00e4utigam Sterbejahr":"1630-00-00","Br\u00e4utigam Dynastie":"Savoyen","Br\u00e4utigam Konfession":"R\u00f6misch-Katholisch"},"Braut":{"Braut Name, Titel":"Katharina von Spanien","Braut GND":"http:\/\/d-nb.info\/gnd\/119189690","Braut Geburtsjahr":"1567-00-00","Braut Sterbejahr":"1597-00-00","Braut Dynastie":"Habsburg (Spanien)","Braut Konfession":"R\u00f6misch-Katholisch"},"Akteur Br\u00e4utigam":{"Akteur Br\u00e4utigam Name, Titel":"Karl Emanuel I., Herzog von Savoyen","Akteur Br\u00e4utigam GND":"http:\/\/d-nb.info\/gnd\/118988328","Akteur Br\u00e4utigam Dynastie":"Savoyen","Akteur Br\u00e4utigam Verh\u00e4ltnis zu Br\u00e4utigam":"selbst"},"Akteur Braut":{"Akteur Braut Name, Titel":"Philipp II., K\u00f6nig von Spanien","Akteur Braut GND":"http:\/\/d-nb.info\/gnd\/118593862","Akteur Braut Dynastie":"Habsburg (Spanien)","Akteur Braut Verh\u00e4ltnis zu Braut":"Vater"},"Vertragstext":{"Archivexemplar":"nicht nachgewiesen","Vertragssprache Archivexemplar":"","Digitalisat Archivexemplar":"-","Drucknachweis":"Dumont 1726-1739, Bd. V:1, S. 437-441","Vertragssprache Druck":"Franz\u00f6sisch und Italienisch","Digitalisat Druck":"https:\/\/gallica.bnf.fr\/ark:\/12148\/bpt6k1262878n\/f485","Vertragsinhalt":"Artikel 1: Eheschlie\u00dfung vereinbart: innerhalb von 3 Monaten, mit Dispens des Papstes \r\n\r\nArtikel 2: Mitgift von 500.000 Dukaten festgelegt, Zahlung geregelt, Verzinsung der Summe festgelegt, Verpflichtung Karl Emanuels, den Erhalt zu Quittieren\r\n\r\nArtikel 3: Erbverzicht Katharinas geregelt, formelle Verzichtserkl\u00e4rung innerhalb von zwei Tagen nach Vollzug der Ehe gefordert, Ausnahmeregelung f\u00fcr den Fall des Aussterbens von Philipps Nachkommen festgelegt, im Fall der Thronfolge Katharinas in Spanien: Verpflichtung zur Wahrung des hergebrachten Rechtszustands in den spanischen Reichen\r\n\r\nArtikel 4: bei Aufl\u00f6sung der Ehe, ohne dass Kinder aus der Ehe vorhanden sind: R\u00fcckfall der Mitgift innerhalb eines Jahres vereinbart\r\n\r\nArtikel 5: f\u00fcr den Fall, dass Katharina keine Kinder aus der Ehe und keine anderen erbberechtigten Verwandten mehr haben sollte, wird ihr freies Testierrecht Katharinas an Mitgift zugesichert: mit Ausnahme solcher G\u00fcter, die ihr von ihrem Vater als Erbes zugesprochen wurden, diese Fallen an Spanien zur\u00fcck; falls sie verstirbt, ohne ein Testament zu hinterlassen: R\u00fcckfall der gesamten Mitgift\r\n\r\nArtikel 6: Mitgiftanteil als Leibgedinge festgelegt, Katharina wird das Recht die Summe zugesprochen, gleich, ob aus der Ehe Kinder hervorgehen oder nicht, und gleich, ob sie nach Karl Emanuels Tod Witwe bleibt oder sich erneut verheiratet\r\n\r\nArtikel 7: falls Katharina von Karl Emanuel verstirbt, erben die gemeinsamen Kinder die Mitgift, falls keine Kinder vorhanden sind, f\u00e4llt diese an den Herzog und seine Nachkommen\r\n\r\nArtikel 8: Brautschatz und Ausstattung der Residenz der Braut geregelt, nach dem Tod Katharinas: R\u00fcckfall des Brautschatze an Karl Emanuel oder seine Erben\r\n\r\nArtikel 9: alleinige Besitzrechte Katharinas an von ihr mitgebrachten Juwelen und Kleinodien sowie an mobilem und immobilem Besitz, den sie w\u00e4hrend der Ehe erlangt, zugesichert\r\n\r\nArtikel 8: Unterhalt Katharinas festgelegt, Eink\u00fcnfte w\u00e4hrend der Ehe geregelt\r\n\r\nArtikel 9: Karl Emanuel wird verpflichtet, im Vorfeld der Eheschlie\u00dfung einer schriftlichen Erkl\u00e4rung hinsichtlich Katharinas Unterhalt abzugeben\r\n\r\nArtikel 10:  R\u00fcckkehrrecht Katharinas als Witwe zugesichert, Mitf\u00fchrung ihres Hofstaats geregelt, Fortbestand ihrer Eink\u00fcnfte aus Anlage der Mitgift im Fall ihrer R\u00fcckkehr nach Spanien geregelt\r\n\r\nArtikel 11: Sicherheiten f\u00fcr Leibgedinge zugesichert, umfassende Regelungen f\u00fcr sichere Anlage der Mitgift getroffen \r\n","Regelungen \u00fcber Thronfolge und Regentschaft":"Artikel 3: [...] im Fall der Thronfolge Katharinas in Spanien: Verpflichtung zur Wahrung des hergebrachten Rechtszustands in den spanischen Reichen","konfessionelle Regelungen":"","erbrechtliche Regelungen":"Artikel 3: Erbverzicht Katharinas geregelt, formelle Verzichtserkl\u00e4rung innerhalb von zwei Tagen nach Vollzug der Ehe gefordert, Ausnahmeregelung f\u00fcr den Fall des Aussterbens von Philipps Nachkommen festgelegt, im Fall der Thronfolge Katharinas in Spanien: Verpflichtung zur Wahrung des hergebrachten \r\n\r\nArtikel 5: f\u00fcr den Fall, dass Katharina keine Kinder aus der Ehe und keine anderen erbberechtigten Verwandten mehr haben sollte, wird ihr freies Testierrecht Katharinas an Mitgift zugesichert: mit Ausnahme solcher G\u00fcter, die ihr von ihrem Vater als Erbes zugesprochen wurden, diese Fallen an Spanien zur\u00fcck; falls sie verstirbt, ohne ein Testament zu hinterlassen: R\u00fcckfall der gesamten Mitgift\r\n\r\nArtikel 7: falls Katharina von Karl Emanuel verstirbt, erben die gemeinsamen Kinder die Mitgift, falls keine Kinder vorhanden sind, f\u00e4llt diese an den Herzog und seine Nachkommen\r\n\r\nArtikel 8: [...] nach dem Tod Katharinas: R\u00fcckfall des Brautschatze an Karl Emanuel oder seine Erben"},"Einordnung des Vertrags":{"Textbezug zu vergangenen Ereignissen?":"","st\u00e4ndische Instanzen beteiligt?":"","externe Instanzen beteiligt?":"Artikel 1: Eheschlie\u00dfung vereinbart: innerhalb von 3 Monaten, mit Dispens des Papstes ","Ratifikationen, Best\u00e4tigungen, Genehmigungen erw\u00e4hnt?":"","weitere Vertr\u00e4ge zwischen Vertragsparteien im Zusammenhang mit dieser Ehe":"","Schlagw\u00f6rter":"","Kommentar":"\u00dc - Katharina: auch genannt Katharina Michaela\r\n\r\nVertrag selbst ist nicht in Artikel unterteilt.","Literatur":"-"}}}