{"Dokument":{"Name":"Schweden - Schleswig-Holstein-Gottorf","In Bearbeitung":"Nein","main":{"Name":"Ehevertrag Schweden - Schleswig-Holstein-Gottorf 1654","Zuletzt ge\u00e4ndert":"2017-09 BB"},"Vertragstext":{"Digitalisat Archivexemplar":"https:\/\/sok.riksarkivet.se\/bildvisning\/R0001253","Drucknachweis":"nicht nachgewiesen","Vertragssprache Druck":"nicht nachgewiesen","Digitalisat Druck":"-","Vertragsinhalt":"[Pr\u00e4] \u2013 zum Lob Gottes, zur St\u00e4rkung und Wohlfahrt der schwedischen Krone und beider Dynastien, zur Best\u00e4tigung von Freundschaft und Verwandschaft: Eheabrede bekundet (Bild 4 re \u2013 Bild 5 li)\r\n\r\n1 \u2013 Eheversprechen f\u00fcr Braut gegeben \u2013 lutherische Religionsaus\u00fcbung f\u00fcr Braut und ihre Kinder mit Hofstaat und Hofprediger zugesichert (Bild 5 li)\r\n\r\n2 \u2013 Mitgift festgelegt: Zahlung geregelt, im Gegenzug f\u00fcr Erbverzicht der Braut \u2013 Erbverzicht der Braut geregelt: auf v\u00e4terliches, m\u00fctterliches und br\u00fcderliches Erbe, mit Zustimmung von Br\u00e4utigam, ausgenommen testamentarische Vergabungen an Braut (Bild 5 li \u2013 Bild 6 li)\r\n\r\n[2a] \u2013 Aussteuer geregelt (Bild 6 li)\r\n\r\n[2b] \u2013 nach Tod der Braut ohne \u00fcberlebende Kinder: Nutzung von Mitgift durch Br\u00e4utigam geregelt, Vererbung von Aussteuer und Zugewinn geregelt, R\u00fcckfall von Mitgift nach Tod von Br\u00e4utigam geregelt (Bild 6 li \u2013 Bild 6 re)\r\n\r\n3 \u2013 Morgengabe festgelegt: Zahlung und Nutzung geregelt (Bild 6 re \u2013 Bild 7 li)\r\n\r\n[4] \u2013 Witweneink\u00fcnfte und Witweng\u00fcter festgelegt: Nutzungsrechte geregelt (Bild 7 li \u2013 Bild 7 re)\r\n\r\n[5] \u2013 Witweng\u00fcter ausgenommen von Kosten f\u00fcr Kindererziehung (Bild 7 re)\r\n\r\n[6] \u2013 Witweng\u00fcter geregelt: Huldigung und Rechtsstellung von Untertanen geregelt, Schuldenhaftung und Besteuerung geregelt, Bestellung von Amtleuten geregelt, Herrschaftsrechte vorbehalten (Bild 7 re)\r\n\r\n[7] \u2013 Witweng\u00fcter geregelt: Ausstattung, Zustand, Erhaltung und Ausbesserung im Schadensfall geregelt, Indemnit\u00e4t von Schulden des Br\u00e4utigams zugesichert (Bild 8 li \u2013 Bild 8 re)\r\n\r\n[8] \u2013 Witwenversorgung zusammengefasst (Bild 8 re \u2013 Bild 9 li)\r\n\r\n[9] \u2013 bei zweiter Ehe oder Abzug der Braut w\u00e4hrend Witwenzeit ins Ausland: Abl\u00f6sung von Witweng\u00fctern im Gegenzug f\u00fcr Auszahlung von Mitgift, Widerlage und Morgengabe geregelt, Vererbung oder R\u00fcckfall von Widerlage und Mitgift geregelt, Witweng\u00fcter als Pfand eingesetzt f\u00fcr R\u00fcckfall von Mitgift und Widerlage (Bild 9 li \u2013 Bild 10 li)\r\n\r\n[10] \u2013 Schutz von Braut w\u00e4hrend Witwenzeit geregelt, Ratifikation von Witweng\u00fcterverschreibung durch Br\u00e4utigam und schwedische Reichsst\u00e4nde zugesichert (Bild 10 li)\r\n\r\n[11] \u2013 nach Tod von Braut oder Br\u00e4utigam vor Eheschlie\u00dfung: Nichtigkeit von Ehevertrag geregelt (Bild 10 li \u2013 re)\r\n\r\n[Esch] \u2013 Ausfertigung und Ratifikation geregelt (Bild 10 re)\r\n","Regelungen \u00fcber Thronfolge und Regentschaft":"","konfessionelle Regelungen":"lutherische Religionsaus\u00fcbung f\u00fcr Braut und ihre Kinder mit Hofstaat und Hofprediger zugesichert - 1","erbrechtliche Regelungen":"Mitgift festgelegt: Zahlung geregelt, im Gegenzug f\u00fcr Erbverzicht der Braut \u2013 Erbverzicht der Braut geregelt: auf v\u00e4terliches, m\u00fctterliches und br\u00fcderliches Erbe, mit Zustimmung von Br\u00e4utigam, ausgenommen testamentarische Vergabung an Braut - 2\r\n\r\nnach Tod der Braut ohne \u00fcberlebende Kinder: Nutzung von Mitgift durch Br\u00e4utigam geregelt, Vererbung von Aussteuer und Zugewinn geregelt, R\u00fcckfall von Mitgift nach Tod von Br\u00e4utigam geregelt - 2b\r\n\r\nbei zweiter Ehe oder Abzug der Braut w\u00e4hrend Witwenzeit ins Ausland: Vererbung oder R\u00fcckfall von Widerlage und Mitgift geregelt - 9","Archivexemplar":"Stockholm, Riksarkivet, Konungahusens urkunder, 39 Urkunder ang\u00e5ende konung Karl X Gustafs och prinsessan Hedvig Eleonoras af Holstein-Gottorp gifterm\u00e5l 1654, nr. 39 b Heirathskontraktet","Vertragssprache Archivexemplar":"Deutsch"},"Einordnung des Vertrags":{"Textbezug zu vergangenen Ereignissen?":"","st\u00e4ndische Instanzen beteiligt?":"Ratifikation von Witweng\u00fcterverschreibung durch Br\u00e4utigam und schwedische Reichsst\u00e4nde zugesichert - 10","externe Instanzen beteiligt?":"","Ratifikationen, Best\u00e4tigungen, Genehmigungen erw\u00e4hnt?":"Ratifikation von Witweng\u00fcterverschreibung durch Br\u00e4utigam und schwedische Reichsst\u00e4nde zugesichert - 10\r\n\r\nAusfertigung und Ratifikation geregelt - Esch","weitere Vertr\u00e4ge zwischen Vertragsparteien im Zusammenhang mit dieser Ehe":"B\u00fcndnisvertrag 10.09.1657\r\n\r\nerneuerter B\u00fcndnisvertrag 24.09.1658","Schlagw\u00f6rter":"","Kommentar":"-","Literatur":"Rangstr\u00f6m 2010, S. 132-143."},"Grunddaten Ehevertrag":{"Vertragspartner Br\u00e4utigam":"Schweden","Vertragspartner Braut":"Schleswig-Holstein-Gottorf","Datum Vertragsschlie\u00dfung":"1654-09-29","Ort Vertragsschlie\u00dfung":"Schloss Gottorf","Eheschlie\u00dfung vollzogen?":"Ja","verschiedenkonfessionelle Ehe?":"Nein"},"Br\u00e4utigam":{"Br\u00e4utigam Name, Titel":"Karl X. Gustav, K\u00f6nig von Schweden","Br\u00e4utigam GND":"http:\/\/d-nb.info\/gnd\/118720945","Br\u00e4utigam Geburtsjahr":"1622-00-00","Br\u00e4utigam Sterbejahr":"1660-00-00","Br\u00e4utigam Dynastie":"Wittelsbach (Pfalz)","Br\u00e4utigam Konfession":"Evangelisch-Lutherisch"},"Braut":{"Braut Name, Titel":"Hedwig Eleonora von Schleswig-Holstein-Gottorf","Braut GND":"http:\/\/d-nb.info\/gnd\/115616276","Braut Geburtsjahr":"1636-00-00","Braut Sterbejahr":"1715-00-00","Braut Dynastie":"Oldenburg (Gottorf)","Braut Konfession":"Evangelisch-Lutherisch"},"Akteur Br\u00e4utigam":{"Akteur Br\u00e4utigam Name, Titel":"Karl X. Gustav, K\u00f6nig von Schweden","Akteur Br\u00e4utigam GND":"http:\/\/d-nb.info\/gnd\/118720945","Akteur Br\u00e4utigam Dynastie":"Wittelsbach (Pfalz)","Akteur Br\u00e4utigam Verh\u00e4ltnis zu Br\u00e4utigam":"selbst"},"Akteur Braut":{"Akteur Braut Name, Titel":"Friedrich III., Herzog von Schleswig-Holstein-Gottorf","Akteur Braut GND":"http:\/\/d-nb.info\/gnd\/11870320X","Akteur Braut Dynastie":"Oldenburg (Gottorf)","Akteur Braut Verh\u00e4ltnis zu Braut":"Vater"}}}