{"Dokument":{"Name":"\u00d6sterreich\/Spanien - B\u00f6hmen\/Ungarn","In Bearbeitung":"Nein","main":{"Name":"Ehevertrag \u00d6sterreich\/Spanien - B\u00f6hmen\/Ungarn 1521","Zuletzt ge\u00e4ndert":"2020-11 JK"},"Grunddaten Ehevertrag":{"Vertragspartner Br\u00e4utigam":"\u00d6sterreich\/Spanien","Vertragspartner Braut":"B\u00f6hmen\/Ungarn","Datum Vertragsschlie\u00dfung":"1521-11-07","Ort Vertragsschlie\u00dfung":"K\u00f6ln","Eheschlie\u00dfung vollzogen?":"Ja","verschiedenkonfessionelle Ehe?":"Nein"},"Br\u00e4utigam":{"Br\u00e4utigam Name, Titel":"Ferdinand, Sohn von K\u00f6nig Philipp I. von Kastilien, Enkel von Kaiser Maximilian I.","Br\u00e4utigam GND":"http:\/\/d-nb.info\/gnd\/118532502","Br\u00e4utigam Geburtsjahr":"1503-00-00","Br\u00e4utigam Sterbejahr":"1564-00-00","Br\u00e4utigam Dynastie":"Habsburg (Spanien)","Br\u00e4utigam Konfession":"R\u00f6misch-Katholisch"},"Braut":{"Braut Name, Titel":"Anna, Tochter von K\u00f6nig Wladislaw II. von B\u00f6hmen und Ungarn","Braut GND":"http:\/\/d-nb.info\/gnd\/133664473","Braut Geburtsjahr":"1503-00-00","Braut Sterbejahr":"1547-00-00","Braut Dynastie":"Jagellionen","Braut Konfession":"R\u00f6misch-Katholisch"},"Akteur Br\u00e4utigam":{"Akteur Br\u00e4utigam Name, Titel":"Karl V, Kaiser, K\u00f6nig von Spanien","Akteur Br\u00e4utigam GND":"http:\/\/d-nb.info\/gnd\/118560093","Akteur Br\u00e4utigam Dynastie":"Habsburg (Spanien)","Akteur Br\u00e4utigam Verh\u00e4ltnis zu Br\u00e4utigam":"Bruder"},"Akteur Braut":{"Akteur Braut Name, Titel":"Ludwig II., K\u00f6nig von B\u00f6hmen und Ungarn","Akteur Braut GND":"http:\/\/d-nb.info\/gnd\/119392895","Akteur Braut Dynastie":"Jagellionen","Akteur Braut Verh\u00e4ltnis zu Braut":"Bruder"},"Vertragstext":{"Archivexemplar":"AT-OeStA\/HHStA, UR FUK 1141 a","Vertragssprache Archivexemplar":"Latein","Digitalisat Archivexemplar":"-","Drucknachweis":"Kollar 1762, S. 312-316 (Teildruck)","Vertragssprache Druck":"Latein","Digitalisat Druck":"-","Vertragsinhalt":"Artikel 1: Vertrag von Wien am 1515.07.22 \u00fcber eine habsburgisch-ungarische Doppelehe wird referiert\r\n\r\nArtikel 2: 1515 festgelegte Eheschlie\u00dfung durch Prokuratoren zwischen Ferdinand und Anna f\u00fcr das Jahr 1516 wird referiert\r\n\r\nArtikel 3: Ehepl\u00e4ne zwischen Karl und Anna 1516-1520 werden referiert\r\n\r\nArtikel 4: \u00dcberlassung Annas als Heiratspartnerin von Karl an Ferdinand referiert\r\n\r\nArtikel 5: erneute Bekr\u00e4ftigung und Ratifizierung der Doppelheirat zwischen Ferdinand und Anna sowie zwischen Ludwig von Ungarn und Maria von \u00d6sterreich in Innsbruck vereinbart\r\n\r\nArtikel 6: \u00dcberlassung der Herrschaft in Nieder\u00f6sterreich und im K\u00f6nigreich Neapel von Karl an Ferdinand angeboten, ggf. Aufwertung des \u00f6sterreichischen Herrschaftsgebiets zum K\u00f6nigreich durch Karl oder per Entscheidung durch einen Schiedsrichter\r\n\r\nArtikel 7: Leibgedingeverschreibung f\u00fcr Anna im Gegenwert von 25.000 ungarischen Florin j\u00e4hrlich, anstelle einer Morgengabe, wie Vertrag von Wien 1515.07.22 best\u00e4tigt; Leibgedinge in gleicher Art auch f\u00fcr Maria von \u00d6sterreich festgelegt, zu gew\u00e4hren durch den K\u00f6nig von Ungarn \r\n\r\nArtikel 8: K\u00f6nigstreffen in W\u00f6rth oder Augsburg in Fastenzeit 1521 unter Beteiligung des K\u00f6nigs von Polen vereinbart, f\u00fcr weitere Verhandlungen u. a. \u00fcber T\u00fcrkenabwehr und zur \u00dcberf\u00fchrung Annas\r\n\r\nArtikel 9: \u00dcberf\u00fchrung Marias nach Ungarn vereinbart","Regelungen \u00fcber Thronfolge und Regentschaft":"","konfessionelle Regelungen":"","erbrechtliche Regelungen":""},"Einordnung des Vertrags":{"Textbezug zu vergangenen Ereignissen?":"Bezug zu Vertrag \u00fcber Doppelhochzeit, Wien 1515.07.22","st\u00e4ndische Instanzen beteiligt?":"","externe Instanzen beteiligt?":"K\u00f6nig von Polen","Ratifikationen, Best\u00e4tigungen, Genehmigungen erw\u00e4hnt?":"Artikel 5: erneute Bekr\u00e4ftigung und Ratifizierung der Doppelheirat zwischen Ferdinand und Anna sowie zwischen Ludwig von Ungarn und Maria von \u00d6sterreich in Innsbruck vereinbart","weitere Vertr\u00e4ge zwischen Vertragsparteien im Zusammenhang mit dieser Ehe":"Ehevertrag von Pre\u00dfburg 1515.05.20 - Ehevertrag von Wien 1515.07.22","Kommentar":"\u00dc - Vertrag von Wien 1515.07.22: ohne Erw\u00e4hnung von Eheschlie\u00dfung Maximilian-Anna referiert!\r\n\r\nVertrag in der Edition nicht in Artikel unterteilt.","Literatur":"Spekner 2007, S. 44 f."}}}