{"Dokument":{"Name":"Frankreich - Savoyen","In Bearbeitung":"Nein","main":{"Name":"Ehevertrag Frankreich - Savoyen 1771","Zuletzt ge\u00e4ndert":"2021-04 JK"},"Grunddaten Ehevertrag":{"Vertragspartner Br\u00e4utigam":"Frankreich","Vertragspartner Braut":"Savoyen","Datum Vertragsschlie\u00dfung":"1771-01-07","Ort Vertragsschlie\u00dfung":"Turin","Eheschlie\u00dfung vollzogen?":"Ja","verschiedenkonfessionelle Ehe?":"Nein"},"Br\u00e4utigam":{"Br\u00e4utigam Name, Titel":"Ludwig (XVIII.) von Frankreich, Graf der Provence","Br\u00e4utigam GND":"http:\/\/d-nb.info\/gnd\/118780743","Br\u00e4utigam Geburtsjahr":"1755-00-00","Br\u00e4utigam Sterbejahr":"1824-00-00","Br\u00e4utigam Dynastie":"Bourbon (Frankreich)","Br\u00e4utigam Konfession":"R\u00f6misch-Katholisch"},"Braut":{"Braut Name, Titel":"Marie Josephine von Savoyen","Braut GND":"http:\/\/d-nb.info\/gnd\/1078022402","Braut Geburtsjahr":"1753-00-00","Braut Sterbejahr":"1810-00-00","Braut Dynastie":"Savoyen","Braut Konfession":"R\u00f6misch-Katholisch"},"Akteur Br\u00e4utigam":{"Akteur Br\u00e4utigam Name, Titel":"Ludwig XV. von Frankreich","Akteur Br\u00e4utigam GND":"http:\/\/d-nb.info\/gnd\/118729438","Akteur Br\u00e4utigam Dynastie":"Bourbon (Frankreich)","Akteur Br\u00e4utigam Verh\u00e4ltnis zu Br\u00e4utigam":"Gro\u00dfvater"},"Akteur Braut":{"Akteur Braut Name, Titel":"Karl Emanuel III., K\u00f6nig von Sardinien","Akteur Braut GND":"http:\/\/d-nb.info\/gnd\/119080184","Akteur Braut Dynastie":"Savoyen","Akteur Braut Verh\u00e4ltnis zu Braut":"Gro\u00dfvater"},"Vertragstext":{"Archivexemplar":"Trait\u00e9s et accords de la France, TRA17710008","Vertragssprache Archivexemplar":"Franz\u00f6sisch","Digitalisat Archivexemplar":"https:\/\/basedoc.diplomatie.gouv.fr\/exl-php\/recherche\/mae_internet___traites","Drucknachweis":"nicht nachgewiesen","Vertragssprache Druck":"nicht nachgewiesen","Digitalisat Druck":"-","Vertragsinhalt":"Artikel 1: Eheschlie\u00dfung vereinbart: mit p\u00e4pstlicher Dispens aufgrund des Verwandtschaftsgrades der Eheleute, mit Prokurator f\u00fcr Graf Ludwig am savoyischen Hof\r\n\r\nArtikel 2: nach der Hochzeit, Erhebung Marie Josephine Louises zur Gr\u00e4fin der Provence, \u00dcberf\u00fchrung von Turin nach Frankreich geregelt\r\n\r\nArtikel 3: Mitgift festgelegt auf 420.000 Livre, Zahlung geregelt \r\n\r\nArtikel 4: Eigentumsrechte Marie Josephine Louises an Mitgift geregelt, bei Tod Marie Josephine Louises ohne Kinder oder im Fall des Versterbens von Kindern vor deren eigener Vollj\u00e4hrigkeit: R\u00fcckfall der Mitgift geregelt, bis auf testamentarisch bestimmte Summe von h\u00f6chstens 100.000 Livre\r\n\r\nArtikel 5: Anlage von Mitgift geregelt: in Apanagegebieten Graf Ludwigs, bei Aufl\u00f6sung der Ehe: R\u00fcckfall an Marie Josephine Louise oder ihre Erben zugesichert\r\n\r\nArtikel 6: Mitgift als Erbabfindung Marie Josephine Louises angesehen, Erbverzicht Marie Josephine Louises geregelt: au\u00dfer bei Aussterben aller \u00fcbrigen Nachkommen Karl Emanuels, Brautschatz festgelegt, Ratifikation durch Graf Ludwig und Ludwig XV. von Frankreich zugesichert\r\n\r\nArtikel 7: Brautgeschenke im Wert von 200.000 Livre zugesichert, Besitz- und Vererbungsrechte Marie Josephine Louises geregelt\r\n\r\nArtikel 8: Morgengabe im Wert von 300.000 Livre festgelegt, Besitz- und Vererbungsrechte Marie Josephine Louises geregelt\r\n\r\n\r\nArtikel 9: Unterhalt Marie Josephine Louises und ihres Hofstaats w\u00e4hrend der Ehe geregelt\r\n\r\nArtikel 10: Leibgedinge als Witwenversorgung bzw. Witwenrente in H\u00f6he von 60.000 Livre j\u00e4hrlich festgelegt, Anlage auf den Apanageg\u00fctern Graf Ludwigs festgelegt, Marie Josephine Louise erh\u00e4lt Jurisdiktion \u00fcber die Anlageg\u00fcter, das Hauptgut wird zum Herzogtum erhoben, Nutzungsrechte an Witwenrente geregelt, Recht zur Einsetzung von Amtsleuten auf jenen G\u00fctern geregelt, sofern es sich um franz\u00f6sische Untertanen handelt\r\n\r\nArtikel 11: Ausreise- und R\u00fcckkehrrecht in die L\u00e4nder ihres Gro\u00dfvaters als Witwe zugesichert\r\n\r\nArtikel 12: Vererbung von Marie Josephine Louise pers\u00f6nlichem Nachlass geregelt: Familienjuwelen ausgenommen\r\n\r\nArtikel 13: Ratifikation geregelt \r\n\r\nSeparatartikel: allgemeine Regelung bez\u00fcglich der Mitgiften bei zuk\u00fcnftigen Eheschlie\u00dfungen zwischen Mitgliedern der H\u00e4user Bourbon und Savoyen ","Regelungen \u00fcber Thronfolge und Regentschaft":"","konfessionelle Regelungen":"","erbrechtliche Regelungen":"Artikel 6: Mitgift als Erbabfindung Marie Josephine Louises angesehen, Erbverzicht Marie Josephine Louises geregelt: au\u00dfer bei Aussterben aller \u00fcbrigen Nachkommen Karl Emanuels [...]"},"Einordnung des Vertrags":{"Textbezug zu vergangenen Ereignissen?":"","st\u00e4ndische Instanzen beteiligt?":"","externe Instanzen beteiligt?":"Artikel 1: Eheschlie\u00dfung vereinbart: mit p\u00e4pstlicher Dispens aufgrund des Verwandtschaftsgrades der Eheleute [...]","Ratifikationen, Best\u00e4tigungen, Genehmigungen erw\u00e4hnt?":"Artikel 6: Mitgift als Erbabfindung Marie Josephine Louises angesehen, [...] Ratifikation durch Graf Ludwig und Ludwig XV. von Frankreich zugesichert\r\n\r\nArtikel 13: Ratifikation geregelt","weitere Vertr\u00e4ge zwischen Vertragsparteien im Zusammenhang mit dieser Ehe":"Konvention von Versailles \u00fcber die Errichtung des Bistums Chambery 01.02.1773 (CTS) - erneuerter Garantievertrag von Versailles 09.04.1775 (Trait\u00e9s et accords de la France: bei Ehevertrag 09.04.1775, fol. 35-38)","Schlagw\u00f6rter":"","Kommentar":"\u00dc - Eheversprechen vor Vertrag erw\u00e4hnt (Pr\u00e4ambel)\r\n\r\nDigitalisat kann unter der angegebenen URL unter Verwendung der Signatur (TRA17710008) abgerufen werden.","Literatur":"-"}}}