{"Dokument":{"Name":"England - Schottland","In Bearbeitung":"Nein","main":{"Zuletzt ge\u00e4ndert":"2020-02 KZ","Name":"Ehevertrag England - Schottland 1543"},"Grunddaten Ehevertrag":{"Vertragspartner Br\u00e4utigam":"England","Vertragspartner Braut":"Schottland","Datum Vertragsschlie\u00dfung":"1543-07-01","Ort Vertragsschlie\u00dfung":"Greenwich","Eheschlie\u00dfung vollzogen?":"Nein","verschiedenkonfessionelle Ehe?":"Ja"},"Br\u00e4utigam":{"Br\u00e4utigam Name, Titel":"Eduard von England","Br\u00e4utigam GND":"http:\/\/d-nb.info\/gnd\/118687891","Br\u00e4utigam Geburtsjahr":"1537-00-00","Br\u00e4utigam Sterbejahr":"1553-00-00","Br\u00e4utigam Dynastie":"Tudor","Br\u00e4utigam Konfession":"Anglikanisch"},"Braut":{"Braut Name, Titel":"Maria von Schottland","Braut GND":"http:\/\/d-nb.info\/gnd\/118577808","Braut Geburtsjahr":"1542-00-00","Braut Sterbejahr":"1587-00-00","Braut Dynastie":"Stuart","Braut Konfession":"R\u00f6misch-Katholisch"},"Akteur Br\u00e4utigam":{"Akteur Br\u00e4utigam Name, Titel":"Heinrich VIII., K\u00f6nig von England","Akteur Br\u00e4utigam GND":"http:\/\/d-nb.info\/gnd\/118548204","Akteur Br\u00e4utigam Dynastie":"Tudor","Akteur Br\u00e4utigam Verh\u00e4ltnis zu Br\u00e4utigam":"Vater"},"Akteur Braut":{"Akteur Braut Name, Titel":"Maria von Schottland","Akteur Braut GND":"http:\/\/d-nb.info\/gnd\/118577808","Akteur Braut Dynastie":"Stuart","Akteur Braut Verh\u00e4ltnis zu Braut":"selbst","Akteur Braut Name, Titel (36)":"James Hamilton, Graf von Arran","Akteur Braut GND (66)":"http:\/\/d-nb.info\/gnd\/119351226","Akteur Braut Dynastie (40)":"unbekannt","Akteur Braut Verh\u00e4ltnis zu Braut (38)":"Regent"},"Vertragstext":{"Archivexemplar":"nicht nachgewiesen","Vertragssprache Archivexemplar":"nicht nachgewiesen","Digitalisat Archivexemplar":"-","Drucknachweis":"Dumont 1726-1739, Bd. IV:2, S. 261-263","Vertragssprache Druck":"Latein","Digitalisat Druck":"https:\/\/gallica.bnf.fr\/ark:\/12148\/bpt6k1263439g\/f275","Vertragsinhalt":"Artikel 1: Eheschlie\u00dfung vereinbart\r\n\r\nArtikel 2: Leibgedinge festgelegt: Regelung bis nach Vollzug der Ehe vorbehalten;  Erh\u00f6hung des Leibgedinges nach Thronfolge Eduards in England festgelegt \r\n\r\nArtikel 3: Erziehung Marias in Schottland geregelt: unter englischer Beteiligung\r\n\r\nArtikel 4: Besichtigung, \u00dcberf\u00fchrung Marias nach England im Alter von 10 Jahren geregelt; Austausch von Ehegel\u00f6bnis geregelt\r\n\r\nArtikel 5: Auslieferung von 6 schottischen Geiseln nach England vereinbart: als Vertragsb\u00fcrgen\r\n \r\nArtikel 6: Bezeichnung und Behandlung von Schottland als eigenst\u00e4ndiges K\u00f6nigreich durch die englische Krone geregelt\r\n\r\nArtikel 7: bei Tod Eduards ohne Kinder: R\u00fcckkehrrecht Marias als Witwe zugesichert\r\n\r\nArtikel 8: Entlastung des Grafen von Arran als Regent in Schottland durch englischen K\u00f6nig zugesichert: bei \u00dcberf\u00fchrung Marias\r\n\r\nArtikel 9: Ratifikation geregelt","Regelungen \u00fcber Thronfolge und Regentschaft":"Artikel 8: Entlastung des Grafen von Arran als Regent  in Schottland durch englischen K\u00f6nig zugesichert: bei \u00dcberf\u00fchrung Marias","konfessionelle Regelungen":"","erbrechtliche Regelungen":""},"Einordnung des Vertrags":{"Textbezug zu vergangenen Ereignissen?":"","st\u00e4ndische Instanzen beteiligt?":"Artikel 5: Auslieferung von 6 schottischen Geiseln nach England vereinbart: als Vertragsb\u00fcrgen","externe Instanzen beteiligt?":"","Ratifikationen, Best\u00e4tigungen, Genehmigungen erw\u00e4hnt?":"Artikel 9: Ratifikation geregelt","weitere Vertr\u00e4ge zwischen Vertragsparteien im Zusammenhang mit dieser Ehe":"Friedensvertrag von Greenwich 1543.07.01","Schlagw\u00f6rter":"anglo-schottischer Krieg 1541-1543, Serie milit\u00e4rischer Konflikte, des sog. \"Rough Wooing\" 1544-1551","Kommentar":"nicht ratifiziert von Heinrich, schottischem Parlament, stattdessen pro-franz\u00f6sischer Kurswechsel in Schottland Herbst 1543\r\n\r\nVertrag selbst ist nicht in Artikel unterteilt.","Literatur":"Donaldson 1971, S. 66-68 - Mackie 1952, S. 406 f."}}}