{"Dokument":{"Name":"Pommern - Sachsen","In Bearbeitung":"Nein","main":{"Name":"Ehevertrag Pommern - Sachsen 1610","Zuletzt ge\u00e4ndert":"2021-07 JT"},"Grunddaten Ehevertrag":{"Vertragspartner Br\u00e4utigam":"Pommern","Vertragspartner Braut":"Sachsen","Datum Vertragsschlie\u00dfung":"1610-03-04","Ort Vertragsschlie\u00dfung":"Dresden","Eheschlie\u00dfung vollzogen?":"Ja","verschiedenkonfessionelle Ehe?":"Nein"},"Br\u00e4utigam":{"Br\u00e4utigam Name, Titel":"Franz, Herzog von Pommern","Br\u00e4utigam GND":"http:\/\/d-nb.info\/gnd\/137530072","Br\u00e4utigam Geburtsjahr":"1577-00-00","Br\u00e4utigam Sterbejahr":"1620-00-00","Br\u00e4utigam Dynastie":"Greifen","Br\u00e4utigam Konfession":"Evangelisch-Lutherisch"},"Braut":{"Braut Name, Titel":"Sophia von Sachsen","Braut Geburtsjahr":"1587-00-00","Braut Sterbejahr":"1635-00-00","Braut Dynastie":"Wettiner (Albertiner)","Braut Konfession":"Evangelisch-Lutherisch","Braut GND":"http:\/\/d-nb.info\/gnd\/120152126"},"Akteur Br\u00e4utigam":{"Akteur Br\u00e4utigam Name, Titel":"Franz, Herzog von Pommern","Akteur Br\u00e4utigam GND":"http:\/\/d-nb.info\/gnd\/137530072","Akteur Br\u00e4utigam Dynastie":"Greifen","Akteur Br\u00e4utigam Verh\u00e4ltnis zu Br\u00e4utigam":"Selbst"},"Akteur Braut":{"Akteur Braut Name, Titel":"Christian II., Kurf\u00fcrst von Sachsen","Akteur Braut GND":"http:\/\/d-nb.info\/gnd\/100265901","Akteur Braut Dynastie":"Wettin (Albertiner)","Akteur Braut Verh\u00e4ltnis zu Braut":"Vormund und Onkel","Akteur Braut Name, Titel (36)":"August von Sachsen","Akteur Braut GND (66)":"http:\/\/d-nb.info\/gnd\/104173971","Akteur Braut Dynastie (40)":"Wettin (Albertiner)","Akteur Braut Verh\u00e4ltnis zu Braut (38)":"Vormund und Onkel"},"Vertragstext":{"Archivexemplar":"HStA Drd 10001 O.U. 12692 (1610 III 4)","Digitalisat Archivexemplar":"","Drucknachweis":"","Vertragssprache Druck":"","Digitalisat Druck":"","Vertragsinhalt":"Artikel 1 (Bl. 1): Einverst\u00e4ndnis der Tante des Br\u00e4utigams Anna von Cro\u00ff, des Herzogs Philipp von Pommern, des Herzogs Bogislaw XIV., Herzog Georgs, des Herzogs Ulrich, des Herzogs Philipp Julius, der Brautmutter Sophie von Sachsen und der Braut erw\u00e4hnt\n\nArtikel 2 (Bl. 1-2): Ehe beschlossen\n\nArtikel 3 (Bl. 2): Beilager geregelt\n\nArtikel 4 (Bl. 2): Die Mitgift betr\u00e4gt 20.000 Taler und 20 silberne Groschen, Zahlung nach dem Beilager vorgeschrieben, Quittierung geregelt\n\nArtikel 5 (Bl. 2): Aussteuer an Schmuck, Kleinodien, Silbergeschirr, Kleidern etc. versprochen, wie es dem Stand der Braut entspricht\n\nArtikel 6 (Bl. 2-3): Die Morgengabe betr\u00e4gt 7.000 Taler, die j\u00e4hrliche Verschreibung betr\u00e4gt 350 Taler; Sollten sich die finanziellen Verh\u00e4ltnisse des Hauses Pommern \u00e4ndern, ist eine \u00c4nderung dieses Artikels m\u00f6glich, Gewohnheitsrecht erw\u00e4hnt\n\nArtikel 7 (Bl. 3): Konsens der Br\u00fcder und Vetter des Br\u00e4utigams erneut erw\u00e4hnt\n\nArtikel 8 (Bl. 3): Finanzielle Regelungen zur Zahlung der Morgengabe und der Verschreibung, pro Quartal erh\u00e4lt die Braut 87 Taler und 12 Groschen zus\u00e4tzlich\n\nArtikel 9 (Bl. 3): Die Zahlung der 350 Taler j\u00e4hrlich erfolgt lebenslang auch nach dem Tod des Br\u00e4utigams, Konsens der Br\u00fcder und Vetter des Br\u00e4utigams erw\u00e4hnt\n\nArtikel 10 (Bl. 3): Regelungen, falls der Br\u00e4utigam die Morgengabe nicht aufbringen kann\n\nArtikel 11 (Bl. 3-4): Die Widerlage betr\u00e4gt 30.000 Taler\n\nArtikel 12 (Bl. 4): Das Heiratsgut soll angelegt und niemand anderem verschrieben werden\n\nArtikel 13 (Bl. 4): Wittumssitz festgelegt: Amt Butow samt den zugeh\u00f6rigen St\u00e4dten, D\u00f6rfern, H\u00f6fen und Renten; Verschreibung und Versicherung f\u00fcr die dort eingesessenen Adelsgeschlechter; Bewilligung der Herz\u00f6ge von Pommern erw\u00e4hnt; Die Braut erh\u00e4lt j\u00e4hrlich 6.000 Taler zur Versorgung\n\nArtikel 14 (Bl. 4): M\u00e4ngel auf dem Wittum sollen durch das Heiratsgeld, die Morgengabe und deren Ertr\u00e4ge ausgeglichen werden\n\nArtikel 15 (Bl. 4-5): Anlage des Heiratsgeldes festgelegt\n\nArtikel 16 (Bl. 5): Frondienste, Fischereirechte, Rechtsprechung, Holz etc. auf dem Wittum geregelt\n\nArtikel 17 (Bl. 5-6): Besoldung der Amtleute und Diener durch den Br\u00e4utigam auf dem Wittum geregelt, Besoldung durch die Erben des Br\u00e4utigams zugesichert\n\nArtikel 18 (Bl. 5-6): M\u00e4ngel am Wittum m\u00fcssen durch die Erben des Br\u00e4utigams erstattet werden, Zahlung der Pension nach dem Tod des Br\u00e4utigams durch dessen Erben festgelegt\n\nArtikel 19 (Bl. 6): Die Braut erh\u00e4lt das Recht auf dem Wittum Amtleute zu bestellen und zu entlassen, weitere Regelungen, Herkunft des potentiellen Amtmannes aus Pommern notwendig\n\nArtikel 20 (Bl. 6): Schwur und Eid der Amtleuten und Untertanen auf dem Wittum nach dem Tod des Br\u00e4utigam geregelt; Nach dem Tod der Braut m\u00fcssen die Untertanen und die Amtleute dem Herzog von Sachsen, dessen Br\u00fcdern und den Erben der halben Widerlage den Schwur und den Eid leisten; Versorgung der Braut geregelt\n\nArtikel 21 (Bl. 6): Herrschaft der Braut auf dem Wittum samt den D\u00f6rfern und Zugeh\u00f6rungen etc. geregelt, Jagdrechte geregelt, Nutzungerechte wie \u00fcblich geregelt\n\nArtikel 22 (Bl. 6-7): Erbhuldigung erw\u00e4hnt\n\nArtikel 23 (Bl. 7): Verteidigung des Wittums auf Kosten der Erben geregelt\n\nArtikel 24 (Bl. 7): Besichtigung des Wittums durch den Herzog von Sachsen geregelt\n\nArtikel 25 (Bl. 7): Besichtigung des Wittums vom Br\u00e4utigam gestattet\n\nArtikel 26 (Bl. 7): Wenn das Wittum nicht die vorgeschriebenen 6.000 Taler einbringen kann, muss die restliche Summe von den Ertr\u00e4gen des Heiratsgeldes oder anderen G\u00fctern erstattet werden\n\nArtikel 27 (Bl. 7-8): Wenn das Wittums nicht dem Stand der Braut entspricht: Verbesserungen geregelt\n\nArtikel 28 (Bl. 8): Schutz und Versicherung der Braut auf dem Wittum versprochen\n\nArtikel 29 (Bl. 8): Die geistlichen und weltlichen Untertanen auf dem Wittum sollen in ihren Gewohnheiten und Rechten belassen werden\n\nArtikel 30 (Bl. 8): \u00d6ffnung des Wittums untersagt, Vergabe des Wittums durch die Braut untersagt, sofern die Erlaubnis der Erben des Br\u00e4utigams nicht vorliegt\n\nArtikel 31 (Bl. 8): Regelungen bez\u00fcglich der Ausbesserung des Witwensitzes\n\nArtikel 32 (Bl. 8-9): Erbverzicht der Braut f\u00fcr sich und ihre Erben auf alles v\u00e4terliche und andere m\u00f6gliche Erbe des Hauses Sachsen, Erbverzichtbrief erw\u00e4hnt; Der Erbfall f\u00fcr die Braut und ihre Erben tritt erst ein, wenn alle m\u00e4nnlichen Erben des Hauses Sachsen versterben\n\nArtikel 33 (Bl. 9-10): Wenn die Braut vor dem Br\u00e4utigam und ohne Leibeserben verstirbt: Der Br\u00e4utigam erh\u00e4lt das lebenslange Nutzungsrecht an der Mitgift, nach dem Tod des Br\u00e4utigams f\u00e4llt die Summe zur\u00fcck an das Haus Sachsen; Zus\u00e4tzliche Regelungen zur Zahlung, bis die Zahlung vollst\u00e4ndig erfolgt ist, erh\u00e4lt das Haus Sachsen das Nutzungsrecht \u00fcber das Wittum sowie j\u00e4hrlich 1 800 Talern, Eide der Amtleute und Untertanen vorgeschrieben\n\nArtikel 34 (Bl. 10): Eide und Gehorsam der Untertanen und Amtleute auf dem Wittum gegen\u00fcber der Braut oder dem Haus Sachsen nach dem Tod des Br\u00e4utigams geregelt\n\nArtikel 35 (Bl. 10-11): R\u00fcckzahlung der Mitgift nach dem Tod der Braut und dem Tod des Br\u00e4utigams ohne Leibeserben in der Stadt Frankfurt an der Oder vereinbart\n\nArtikel 36 (Bl. 11): Wenn die Braut vor dem Br\u00e4utigam und ohne Leibeserben verstirbt: Wenn die Braut die Aussteuer nicht in ihrem Testament vererbt hat, erh\u00e4lt der Br\u00e4utigam das lebenslange Nutzungsrecht an der Aussteuer, \u00dcbergabe einer Inventarliste notwendig, nach dem Tod des Br\u00e4utigams f\u00e4llt die Aussteuer zur\u00fcck an das Haus Sachsen\n\nArtikel 37 (Bl. 11): Wenn Leibeserben vorhanden sind, diese aber vor dem Brautpaar versterben, soll es mit den erbrechtlichen Regelungen so gehalten werden, wie in den vorherigen Artikeln festgelegt wurde\n\nArtikel 38 (Bl. 11-12): Wenn die Braut vor dem Br\u00e4utigam verstirbt und Leibeserben vorhanden sind: Die Mitgift und die Aussteuer sollen bei dem Br\u00e4utigam und den Leibeserben erblich verbleiben\n\nArtikel 39 (Bl. 12): Wenn der Br\u00e4utigam vor der Braut verstirbt und unm\u00fcndige Leibeserben vorhanden sind: Vormundschaft wie es im Haus Pommern \u00fcblich ist beschlossen, Herrschaft der Braut auf dem Wittum geregelt, Ausstattung des Wittums mit Holz und Munition geregelt, lebenslanges Nutzungsrecht der Braut am Wittum geregelt, Versorgung mit 6.000 Talern geregelt, Versorgung mit Getreide und Hausrat geregelt, wenn daran ein Mangel besteht\n\nArtikel 40 (Bl. 12-13): Der Hausrat und die Munition sollen bei einer eventuellen Abl\u00f6sung oder nach dem Versterben der Braut auf dem Wittum verbleiben\n\nArtikel 41 (Bl. 13): Wenn der Br\u00e4utigam vor der Braut verstirbt: Die Aussteuer und alle Geschenke verbleiben bei der Braut\n\nArtikel 42 (Bl. 13-14): Wenn die Witwe erneut heiratet: Abl\u00f6sung des Wittums mit der Summe der Morgengabe und der Mitgift, weitere finanzielle Regelungen bez\u00fcglich der Abl\u00f6sung, Abl\u00f6sung mit 2.000 Talern Kapital, die Braut erh\u00e4lt weiterhin 3.000 Taler j\u00e4hrlich und die Morgengabe, die 3.000 Taler fallen nach dem Tod der Braut zur\u00fcck an die m\u00e4nnlichen Erben des Br\u00e4utigams und der Braut oder an deren m\u00e4nnliche Erben\n\nArtikel 43 (Bl. 13-14): Wenn die Witwe erneut heiratet und aus der zweiten Ehe ebenfalls m\u00e4nnliche Leibeserben vorhanden sind: Die 30.000 Taler sollen nach dem Tod der Braut auf die Erben aus der ersten und zweiten Ehe aufgeteilt werden\n\nArtikel 44 (Bl. 14): Abtretung des Wittums geregelt\n\nArtikel 45 (Bl. 14): Wenn keine gemeinsamen Leibeserben aus der Ehe vorhanden sind: Leben der Witwe auf dem Wittum geregelt, die Mitgift f\u00e4llt nach dem Tod der Braut zur\u00fcck an das Haus Sachsen\n\nArtikel 46 (Bl. 14-15): Die Braut hat keinerlei Verpflichtungen an eventuellen Schulden des Br\u00e4utigams, an das Wittum, die Aussteuer, die Morgengabe, etc. sollen keine Forderungen gestellt werden, es sollen keine Forderungen an immobilen Besitz und Fahrhabe gestellt werden\n\nArtikel 47 (Bl. 15): auf den Wittumsg\u00fctern ans\u00e4ssige Adelsgeschlechter erw\u00e4hnt, Ritterdienste geregelt, Huldigung erw\u00e4hnt, ansonsten verbleibt der Adel auf dem Wittum unter der Regierung des F\u00fcrsten, wenn die Witwe die genannten Adelsgeschlechter nicht f\u00fcr die Ritterdienste standesgem\u00e4\u00df bestellen konnte, \u00fcbernimmt der regierende F\u00fcrst diese Aufgabe\n\nArtikel 48 (Bl. 15-16): Wenn im Haus Pommern weniger als drei m\u00e4nnliche Personen am Leben sind: Die Erben des Hauses Pommern sollen andere Reichslehen erhalten, das Wittum verbleibt bei der Witwe\n\nArtikel 49 (Bl. 16): Wenn die Braut oder der Br\u00e4utigam vor dem Beilager versterben sollten: Ehevertrag ung\u00fcltig\n\nArtikel 50 (Bl. 16): Einhaltung des Vertrages versprochen","Regelungen \u00fcber Thronfolge und Regentschaft":"","konfessionelle Regelungen":"","erbrechtliche Regelungen":"Artikel 20 (Bl. 6): Schwur und Eid der Amtleuten und Untertanen auf dem Wittum nach dem Tod des Br\u00e4utigam geregelt; Nach dem Tod der Braut m\u00fcssen die Untertanen und die Amtleute dem Herzog von Sachsen, dessen Br\u00fcdern und den Erben der halben Widerlage den Schwur und den Eid leisten; Versorgung der Braut geregelt\n\nArtikel 22 (Bl. 6-7): Erbhuldigung erw\u00e4hnt\n\nArtikel 32 (Bl. 8-9): Erbverzicht der Braut f\u00fcr sich und ihre Erben auf alles v\u00e4terliche und andere m\u00f6gliche Erbe des Hauses Sachsen, Erbverzichtbrief erw\u00e4hnt; Der Erbfall f\u00fcr die Braut und ihre Erben tritt erst ein, wenn alle m\u00e4nnlichen Erben des Hauses Sachsen versterben\n\nArtikel 33 (Bl. 9-10): Wenn die Braut vor dem Br\u00e4utigam und ohne Leibeserben verstirbt: Der Br\u00e4utigam erh\u00e4lt das lebenslange Nutzungsrecht an der Mitgift, nach dem Tod des Br\u00e4utigams f\u00e4llt die Summe zur\u00fcck an das Haus Sachsen; Zus\u00e4tzliche Regelungen zur Zahlung, bis die Zahlung vollst\u00e4ndig erfolgt ist, erh\u00e4lt das Haus Sachsen das Nutzungsrecht \u00fcber das Wittum sowie j\u00e4hrlich 1 800 Talern, Eide der Amtleute und Untertanen vorgeschrieben\n\nArtikel 35 (Bl. 10-11): R\u00fcckzahlung der Mitgift nach dem Tod der Braut und dem Tod des Br\u00e4utigams ohne Leibeserben in der Stadt Frankfurt an der Oder vereinbart\n\nArtikel 36 (Bl. 11): Wenn die Braut vor dem Br\u00e4utigam und ohne Leibeserben verstirbt: Wenn die Braut die Aussteuer nicht in ihrem Testament vererbt hat, erh\u00e4lt der Br\u00e4utigam das lebenslange Nutzungsrecht an der Aussteuer, \u00dcbergabe einer Inventarliste notwendig, nach dem Tod des Br\u00e4utigams f\u00e4llt die Aussteuer zur\u00fcck an das Haus Sachsen\n\nArtikel 37 (Bl. 11): Wenn Leibeserben vorhanden sind, diese aber vor dem Brautpaar versterben, soll es mit den erbrechtlichen Regelungen so gehalten werden, wie in den vorherigen Artikeln festgelegt wurde\n\nArtikel 38 (Bl. 11-12): Wenn die Braut vor dem Br\u00e4utigam verstirbt und Leibeserben vorhanden sind: Die Mitgift und die Aussteuer sollen bei dem Br\u00e4utigam und den Leibeserben erblich verbleiben\n\nArtikel 39 (Bl. 12): Wenn der Br\u00e4utigam vor der Braut verstirbt und unm\u00fcndige Leibeserben vorhanden sind: Vormundschaft wie es im Haus Pommern \u00fcblich ist beschlossen, Herrschaft der Braut auf dem Wittum geregelt, Ausstattung des Wittums mit Holz und Munition geregelt, lebenslanges Nutzungsrecht der Braut am Wittum geregelt, Versorgung mit 6.000 Talern geregelt, Versorgung mit Getreide und Hausrat geregelt, wenn daran ein Mangel besteht\n\nArtikel 41 (Bl. 13): Wenn der Br\u00e4utigam vor der Braut verstirbt: Die Aussteuer und alle Geschenke verbleiben bei der Braut\n\nArtikel 42 (Bl. 13-14): Wenn die Witwe erneut heiratet: Abl\u00f6sung des Wittums mit der Summe der Morgengabe und der Mitgift, weitere finanzielle Regelungen bez\u00fcglich der Abl\u00f6sung, Abl\u00f6sung mit 2.000 Talern Kapital, die Braut erh\u00e4lt weiterhin 3.000 Taler j\u00e4hrlich und die Morgengabe, die 3.000 Taler fallen nach dem Tod der Braut zur\u00fcck an die m\u00e4nnlichen Erben des Br\u00e4utigams und der Braut oder an deren m\u00e4nnliche Erben\n\nArtikel 43 (Bl. 13-14): Wenn die Witwe erneut heiratet und aus der zweiten Ehe ebenfalls m\u00e4nnliche Leibeserben vorhanden sind: Die 30.000 Taler sollen nach dem Tod der Braut auf die Erben aus der ersten und zweiten Ehe aufgeteilt werden\n\nArtikel 45 (Bl. 14): Wenn keine gemeinsamen Leibeserben aus der Ehe vorhanden sind: Leben der Witwe auf dem Wittum geregelt, die Mitgift f\u00e4llt nach dem Tod der Braut zur\u00fcck an das Haus Sachsen","Vertragssprache Archivexemplar":"Deutsch"},"Einordnung des Vertrags":{"Textbezug zu vergangenen Ereignissen?":"","st\u00e4ndische Instanzen beteiligt?":"","externe Instanzen beteiligt?":"Artikel 1 (Bl. 1): Einverst\u00e4ndnis der Tante des Br\u00e4utigams Anna von Cro\u00ff, des Herzogs Philipp von Pommern, des Herzogs Bogislaw XIV., Herzog Georgs, des Herzogs Ulrich, des Herzogs Philipp Julius, der Brautmutter Sophie von Sachsen und der Braut erw\u00e4hnt","Ratifikationen, Best\u00e4tigungen, Genehmigungen erw\u00e4hnt?":"Artikel 1 (Bl. 1): Einverst\u00e4ndnis der Tante des Br\u00e4utigams Anna von Cro\u00ff, des Herzogs Philipp von Pommern, des Herzogs Bogislaw XIV., Herzog Georgs, des Herzogs Ulrich, des Herzogs Philipp Julius, der Brautmutter Sophie von Sachsen und der Braut erw\u00e4hnt\n\nArtikel 7 (Bl. 3): Konsens der Br\u00fcder und Vetter des Br\u00e4utigams erneut erw\u00e4hnt","weitere Vertr\u00e4ge zwischen Vertragsparteien im Zusammenhang mit dieser Ehe":"","Kommentar":"Vertrag im Original nicht in Artikel unterteilt","Literatur":"","Schlagw\u00f6rter":""}}}