{"Dokument":{"Name":"Sachsen (Kursachsen) - D\u00e4nemark","In Bearbeitung":"Nein","main":{"Name":"Ehevertrag Sachsen (Kursachsen) - D\u00e4nemark 1602","Zuletzt ge\u00e4ndert":"2017-08 BB"},"Br\u00e4utigam":{"Br\u00e4utigam Dynastie":"Wettin (Albertiner)","Br\u00e4utigam Konfession":"Evangelisch-Lutherisch","Br\u00e4utigam Name, Titel":"Christian II., Kurf\u00fcrst von Sachsen","Br\u00e4utigam GND":"http:\/\/d-nb.info\/gnd\/100265901","Br\u00e4utigam Geburtsjahr":"1583-00-00","Br\u00e4utigam Sterbejahr":"1611-00-00"},"Braut":{"Braut Name, Titel":"Hedwig von D\u00e4nemark","Braut GND":"http:\/\/d-nb.info\/gnd\/115842047","Braut Geburtsjahr":"1581-00-00","Braut Sterbejahr":"1641-00-00","Braut Dynastie":"Oldenburg (D\u00e4nemark)","Braut Konfession":"Evangelisch-Lutherisch"},"Akteur Br\u00e4utigam":{"Akteur Br\u00e4utigam Name, Titel":"Christian II., Kurf\u00fcrst von Sachsen","Akteur Br\u00e4utigam GND":"http:\/\/d-nb.info\/gnd\/100265901","Akteur Br\u00e4utigam Dynastie":"Wettin (Albertiner)","Akteur Br\u00e4utigam Verh\u00e4ltnis zu Br\u00e4utigam":"selbst"},"Akteur Braut":{"Akteur Braut Name, Titel":"Christian IV., K\u00f6nig von D\u00e4nemark","Akteur Braut GND":"http:\/\/d-nb.info\/gnd\/118676059","Akteur Braut Dynastie":"Oldenburg (D\u00e4nemark)","Akteur Braut Verh\u00e4ltnis zu Braut":"Bruder"},"Vertragstext":{"Archivexemplar":"nicht nachgewiesen","Vertragssprache Archivexemplar":"nicht nachgewiesen","Digitalisat Archivexemplar":"-","Drucknachweis":"DNT III, S. 165-170","Vertragssprache Druck":"Deutsch","Digitalisat Druck":"-","Vertragsinhalt":"[Pr\u00e4] - zu Lob und Ehre Gottes, zu Nutzen und Wohlfahrt beider L\u00e4nder, zur Vermehrung von Freundschaft und Vertrauen zwischen beiden Seiten: (165)\r\n\r\n1 \u2013 Einwilligung f\u00fcr Braut erteilt, Beilager festgelegt\r\n\r\n2 \u2013 Mitgift festgelegt, Aussteuer geregelt: nach Tod der Braut ohne Kinder Weiternutzung durch Br\u00e4utigam, R\u00fcckfall geregelt\r\n\r\n3 \u2013 Witweng\u00fcter, Witweneink\u00fcnfte festgelegt: Witwensitz, Nutzungsrechte geregelt\r\n\r\n4 \u2013 Nutzung der Witweng\u00fcter geregelt: Register und Verschreibungsurkunden geregelt, Anweisung und Rechtsstellung von Bediensteten und Untertanen geregelt, Herrschaftsrechte vorbehalten\r\n\r\n5 \u2013 Besoldung und Bestellung von Bediensteten auf Witweng\u00fctern geregelt\r\n\r\n6 \u2013 ggf. Nachbesserung von Witweng\u00fctern geregelt\r\n\r\n7 \u2013 Morgengabe festgelegt\r\n\r\n8-11 \u2013 Zustand, Nutzungsbeginn, Erhaltung von Witweng\u00fctern geregelt: \u00d6ffnung gegen\u00fcber Dritten verboten, Schadenersatz geregelt\r\n\r\n12 \u2013 bei zweiter Ehe von Braut: Abfindung von Witweng\u00fctern, Verzinsung von Widerlage und Morgengabe, Auslieferung von pers\u00f6nlichem Besitz der Braut geregelt\r\n\r\n13 \u2013 Erbverzicht von Braut geregelt: im Gegenzug f\u00fcr Mitgiftzahlung, auf v\u00e4terliches und br\u00fcderliches Erbe, mit Zustimmung von Br\u00e4utigam\r\n\r\n14 \u2013 Einhaltung zugesichert\r\n","Regelungen \u00fcber Thronfolge und Regentschaft":"Nutzung der Witweng\u00fcter geregelt: Herrschaftsrechte vorbehalten - 4\r\n","konfessionelle Regelungen":"","erbrechtliche Regelungen":"Erbverzicht von Braut geregelt: im Gegenzug f\u00fcr Mitgiftzahlung, auf v\u00e4terliches und br\u00fcderliches Erbe, mit Zustimmung von Br\u00e4utigam - 13\r\n"},"Einordnung des Vertrags":{"Textbezug zu vergangenen Ereignissen?":"","st\u00e4ndische Instanzen beteiligt?":"","externe Instanzen beteiligt?":"","Ratifikationen, Best\u00e4tigungen, Genehmigungen erw\u00e4hnt?":"","weitere Vertr\u00e4ge zwischen Vertragsparteien im Zusammenhang mit dieser Ehe":"","Schlagw\u00f6rter":"","Kommentar":"vgl. Erbverzichtserkl\u00e4rung der Braut 24.09.1602 (DNT III, S. 171-175)","Literatur":"Essegern 2007 - Essegern 2009, S. 56 f. - Kn\u00f6fel 2009, S. 154 - Laursen in DNT III, S. 163 f."},"Grunddaten Ehevertrag":{"Vertragspartner Br\u00e4utigam":"Sachsen (Kursachsen)","Vertragspartner Braut":"D\u00e4nemark","Datum Vertragsschlie\u00dfung":"1602-05-01","Ort Vertragsschlie\u00dfung":"Kopenhagen","Eheschlie\u00dfung vollzogen?":"Ja","verschiedenkonfessionelle Ehe?":"Nein"}}}