{"Dokument":{"Name":"Spanien - Kurpfalz","In Bearbeitung":"Nein","main":{"Zuletzt ge\u00e4ndert":"2020-05 KZ","Name":"Ehevertrag Spanien - Kurpfalz 1689"},"Grunddaten Ehevertrag":{"Vertragspartner Br\u00e4utigam":"Spanien","Vertragspartner Braut":"Kurpfalz","Datum Vertragsschlie\u00dfung":"1689-07-28","Ort Vertragsschlie\u00dfung":"Wien","Eheschlie\u00dfung vollzogen?":"Ja","verschiedenkonfessionelle Ehe?":"Nein"},"Br\u00e4utigam":{"Br\u00e4utigam Name, Titel":"Karl II., K\u00f6nig von Spanien","Br\u00e4utigam GND":"http:\/\/d-nb.info\/gnd\/118776797","Br\u00e4utigam Geburtsjahr":"1661-00-00","Br\u00e4utigam Sterbejahr":"1700-00-00","Br\u00e4utigam Dynastie":"Habsburg (Spanien)","Br\u00e4utigam Konfession":"R\u00f6misch-Katholisch"},"Braut":{"Braut Name, Titel":"Maria Anna von der Pfalz-Neuburg","Braut GND":"http:\/\/d-nb.info\/gnd\/123154405","Braut Geburtsjahr":"1667-00-00","Braut Sterbejahr":"1740-00-00","Braut Dynastie":"Wittelsbach (Pfalz)","Braut Konfession":"R\u00f6misch-Katholisch"},"Akteur Br\u00e4utigam":{"Akteur Br\u00e4utigam Name, Titel":"Karl II., K\u00f6nig von Spanien","Akteur Br\u00e4utigam GND":"http:\/\/d-nb.info\/gnd\/118776797","Akteur Br\u00e4utigam Dynastie":"Habsburg (Spanien)","Akteur Br\u00e4utigam Verh\u00e4ltnis zu Br\u00e4utigam":"selbst"},"Akteur Braut":{"Akteur Braut Name, Titel":"Philipp Wilhelm, Kurf\u00fcrst von der Pfalz","Akteur Braut GND":"http:\/\/d-nb.info\/gnd\/118742221","Akteur Braut Dynastie":"Wittelsbach (Pfalz)","Akteur Braut Verh\u00e4ltnis zu Braut":"Vater"},"Vertragstext":{"Archivexemplar":"nicht nachgewiesen","Vertragssprache Archivexemplar":"nicht nachgewiesen","Digitalisat Archivexemplar":"-","Drucknachweis":"CTS 18, S. 453-462","Vertragssprache Druck":"Latein, Spanisch ","Digitalisat Druck":"-","Vertragsinhalt":"Pr\u00e4ambel: Verhandlungen mit Kenntnis und Zustimmung des Kaisers gef\u00fchrt, Eheschlie\u00dfung vereinbart, Dispens des Papstes erw\u00e4hnt\r\n\r\nArtikel 1: Mitgift festgelegt: verrechnet mit spanischen Schulden bei Kurf\u00fcrst Philipp Wilhelm\r\n\r\nArtikel 2: Leibgedinge festgelegt, Witwenversorgung und Erbrecht an Leibgedinge geregelt\r\n\r\nArtikel 3: Anlage und Verzinsung von Mitgift und Leibgedinge geregelt\r\n\r\nArtikel 4: Brautschatz festgelegt\r\n\r\nArtikel 5: Unterhalt Maria Annas geregelt\r\n\r\nArtikel 6: Witwenversorgung, Witwensitz innerhalb Spaniens geregelt\r\n\r\nArtikel 7: Hofstaat Maria Annas geregelt\r\n\r\nArtikel 8: Ausreiserecht Maria Annas als Witwe zugesichert \r\n\r\nArtikel 9: \u00dcberf\u00fchrung Maria Annas geregelt: inkognito wegen Krieg, \u00fcber Wesel\r\n\r\nArtikel 10: Erbverzicht Maria Annas geregelt: au\u00dfer bei Aussterben der Pfalzgrafen\r\n\r\nArtikel 11: Einhaltung und Ratifikation zugesichert","Regelungen \u00fcber Thronfolge und Regentschaft":"","konfessionelle Regelungen":"","erbrechtliche Regelungen":"Artikel 2: [...] Erbrecht an Leibgedinge geregelt\r\n\r\nArtikel 10: Erbverzicht Maria Annas geregelt: au\u00dfer bei Aussterben der Pfalzgrafen"},"Einordnung des Vertrags":{"Textbezug zu vergangenen Ereignissen?":"","st\u00e4ndische Instanzen beteiligt?":"","externe Instanzen beteiligt?":"Pr\u00e4ambel: Verhandlungen mit Kenntnis und Zustimmung des Kaisers gef\u00fchrt, [...] Dispens des Papstes erw\u00e4hnt","Ratifikationen, Best\u00e4tigungen, Genehmigungen erw\u00e4hnt?":"Artikel 11: Einhaltung und Ratifikation zugesichert","weitere Vertr\u00e4ge zwischen Vertragsparteien im Zusammenhang mit dieser Ehe":"pf\u00e4lzischer Beitritt zu B\u00fcndnis von Augsburg 1686-06-29","Schlagw\u00f6rter":"","Kommentar":"\u00dc - Philipp Wilhelm: vertreten durch 2 kaiserliche R\u00e4te!\r\nVertrag selbst ist nicht in Artikel unterteilt.","Literatur":"-"}}}