{"Dokument":{"Name":"Baden - Frankreich","In Bearbeitung":"Nein","main":{"Name":"Ehevertrag  Baden - Frankreich 1806","Zuletzt ge\u00e4ndert":"2020-07 JK"},"Grunddaten Ehevertrag":{"Vertragspartner Br\u00e4utigam":"Karl Friedrich von Baden","Vertragspartner Braut":"Napol\u00e9on Bonaparte","Datum Vertragsschlie\u00dfung":"1806-02-17","Ort Vertragsschlie\u00dfung":"Paris","Eheschlie\u00dfung vollzogen?":"Ja","verschiedenkonfessionelle Ehe?":"Ja"},"Br\u00e4utigam":{"Br\u00e4utigam Name, Titel":"Karl Ludwig Friedrich, Gro\u00dfherzog von Baden","Br\u00e4utigam GND":"http:\/\/d-nb.info\/gnd\/102285020","Br\u00e4utigam Geburtsjahr":"1786-00-00","Br\u00e4utigam Sterbejahr":"1818-00-00","Br\u00e4utigam Dynastie":"Z\u00e4hringer","Br\u00e4utigam Konfession":"Evangelisch-Lutherisch"},"Braut":{"Braut Name, Titel":"St\u00e9phanie Louise Adrienne de Beauharnais,  Gro\u00dfherzogin von Baden","Braut GND":"http:\/\/d-nb.info\/gnd\/118617818","Braut Geburtsjahr":"1789-00-00","Braut Sterbejahr":"1860-00-00","Braut Dynastie":"Beauharnais","Braut Konfession":"R\u00f6misch-Katholisch"},"Akteur Br\u00e4utigam":{"Akteur Br\u00e4utigam Name, Titel":"Karl Friedrich von Baden, Gro\u00dfherzog von Baden und Herzog von Z\u00e4hringen","Akteur Br\u00e4utigam GND":"http:\/\/d-nb.info\/gnd\/118560166","Akteur Br\u00e4utigam Dynastie":"Z\u00e4hringen","Akteur Br\u00e4utigam Verh\u00e4ltnis zu Br\u00e4utigam":"Vater"},"Akteur Braut":{"Akteur Braut Name, Titel":"Napol\u00e9on Bonaparte, Kaiser?","Akteur Braut GND":"http:\/\/d-nb.info\/gnd\/118586408","Akteur Braut Dynastie":"Bonaparte","Akteur Braut Verh\u00e4ltnis zu Braut":"Adoptivvater"},"Vertragstext":{"Archivexemplar":"nicht nachgewiesen","Vertragssprache Archivexemplar":"nicht nachgewiesen","Digitalisat Archivexemplar":"-","Drucknachweis":"Grands trait\u00e9s II, S. 172-176","Vertragssprache Druck":"franz\u00f6sisch","Digitalisat Druck":"-","Vertragsinhalt":"Pr\u00e4ambel: Braut, Br\u00e4utigam, Akteure und Zeugen werden genannt\r\n\r\nArtikel 1: Braut und Br\u00e4utigam sind einverstanden mit Heirat; in Pr\u00e4ambel genannte Akteure sowie der M\u00fctter von Braut und Br\u00e4utigam mit Heirat einverstanden; kirchliche Trauung in Paris am 08.04.1806\r\n\r\nArtikel 2: Mitgift geregelt: Festlegung von regelm\u00e4\u00dfigen Zahlungen (insgesamt 500.000 Francs); erster Teil nach Heiratszeremonie, zweiter Teil 12 Monate nach Zeremonie, dritter Teil nach weiteren 6 Monaten; Widerlage geregelt: Zahlung in gleicher H\u00f6he durch Gro\u00dfherzog von Baden; Verzinsung geregelt \r\n\r\nArtikel 3: Karl Friedrich von Baden stellt Palais in Mannheim zur Verf\u00fcgung und j\u00e4hrlich eine Summe von 200.000 Florins bereit\r\n\r\nArtikel 4: Unterhalt der Braut: Karl Friedrich von Baden stellt jeden dritten Monat eine weitere Summe von 15.000 Florins f\u00fcr die Ausgaben der Braut bereit, die j\u00e4hrlicher Summe von 200.000 Florin entnommen wird; zu zahlen bis zur Verwitwung der Braut\r\n\r\nArtikel 5: die Brautgabe umfasst 100.000 Florins und eine geeignete Unterkunft; die Summe soll im F\u00fcrstentum Baden angelegt werden; die Braut hat die Freiheit, auch au\u00dferhalb dieser Unterkunft zu wohnen, jedoch erh\u00e4lt sie in diesem Fall nur die H\u00e4lfte der Summe\r\n\r\nArtikel 6: Braut wird Religionsfreiheit zugesprochen, die gemeinsamen Kinder werden jedoch Lutheraner\r\n\r\nArtikel 7: falls die Braut vor Br\u00e4utigam verstirbt, darf Br\u00e4utigam die Mitgift weiterhin nutzen und muss sie nicht nach Frankreich zur\u00fcckgeben\r\n\r\nArtikel 8: falls der Br\u00e4utigam vor der Braut stirbt und Kinder aus der Ehe hervorgegangen sind, wird Witwe Vormund\r\n\r\nArtikel 9: der Vertrag soll innerhalb von f\u00fcnf Tagen ratifiziert werden; Vertrag doppelt ausgefertigt und von Akteuren unterzeichnet\r\n\r\nSeparater Artikel vom 07.04.1806: Zahlung von 15.000 Florins aus Artikel 4 soll auf 50.000 Florins erh\u00f6ht werden bis zu Regierungsantritt des Br\u00e4utigams","Regelungen \u00fcber Thronfolge und Regentschaft":"","konfessionelle Regelungen":"Braut darf ihren Glauben aus\u00fcben ( R\u00f6misch-katholisch), die gemeinsamen Kinder werden jedoch Lutheraner","erbrechtliche Regelungen":"Im Fall des Todes der Braut , darf der Br\u00e4utigam die Mitgift weiterhin nutzen und muss sie nicht nach Frankreich zur\u00fcckgeben\r\nIm Fall des Todes des Br\u00e4utigams vor der Braut und der Anwesenheit gemeinsamer Kinder, ist die Witwe f\u00fcr den Nachlass verantwortlich"},"Einordnung des Vertrags":{"Textbezug zu vergangenen Ereignissen?":"","st\u00e4ndische Instanzen beteiligt?":"","externe Instanzen beteiligt?":"","Ratifikationen, Best\u00e4tigungen, Genehmigungen erw\u00e4hnt?":"Artikel 9: der Vertrag soll innerhalb von f\u00fcnf Tagen ratifiziert werden","weitere Vertr\u00e4ge zwischen Vertragsparteien im Zusammenhang mit dieser Ehe":"B\u00fcndnisvertrag 1805.09.05 - Vertrag von Br\u00fcnn 12.12.1805 \u00fcber Vorder\u00f6sterreich - Rheinbundakte 12.07.1806","Schlagw\u00f6rter":"","Kommentar":"-","Literatur":"-"}}}