{"Dokument":{"Name":"Frankreich  - England","In Bearbeitung":"Nein","main":{"Name":"Ehevertrag Frankreich  - England 1581","Zuletzt ge\u00e4ndert":"2017-07 BB"},"Grunddaten Ehevertrag":{"Vertragspartner Br\u00e4utigam":"Frankreich","Vertragspartner Braut":"England","Datum Vertragsschlie\u00dfung":"1581-06-11","Ort Vertragsschlie\u00dfung":"London","Eheschlie\u00dfung vollzogen?":"Nein","verschiedenkonfessionelle Ehe?":"Ja"},"Br\u00e4utigam":{"Br\u00e4utigam Name, Titel":"Franz, Herzog von Anjou","Br\u00e4utigam GND":"http:\/\/d-nb.info\/gnd\/118692887","Br\u00e4utigam Geburtsjahr":"1555-00-00","Br\u00e4utigam Sterbejahr":"1584-00-00","Br\u00e4utigam Dynastie":"Valois","Br\u00e4utigam Konfession":"R\u00f6misch-Katholisch"},"Braut":{"Braut Name, Titel":"Elisabeth I., K\u00f6nigin von England","Braut GND":"http:\/\/d-nb.info\/gnd\/118529870","Braut Geburtsjahr":"1533-00-00","Braut Sterbejahr":"1603-00-00","Braut Dynastie":"Tudor","Braut Konfession":"Anglikanisch"},"Akteur Br\u00e4utigam":{"Akteur Br\u00e4utigam Name, Titel":"Heinrich III., K\u00f6nig von Frankreich","Akteur Br\u00e4utigam GND":"http:\/\/d-nb.info\/gnd\/118773720","Akteur Br\u00e4utigam Dynastie":"Valois","Akteur Br\u00e4utigam Verh\u00e4ltnis zu Br\u00e4utigam":"Bruder","Akteur Br\u00e4utigam Name, Titel (32)":"Franz, Herzog von Anjou","Akteur Br\u00e4utigam GND (65)":"http:\/\/d-nb.info\/gnd\/118692887","Akteur Br\u00e4utigam Dynastie (35)":"Valois","Akteur Br\u00e4utigam Verh\u00e4ltnis zu Br\u00e4utigam (34)":"selbst"},"Akteur Braut":{"Akteur Braut Name, Titel":"Elisabeth I., K\u00f6nigin von England","Akteur Braut GND":"http:\/\/d-nb.info\/gnd\/118529870","Akteur Braut Dynastie":"Tudor","Akteur Braut Verh\u00e4ltnis zu Braut":"selbst"},"Vertragstext":{"Archivexemplar":"nicht nachgewiesen","Vertragssprache Archivexemplar":"nicht nachgewiesen","Digitalisat Archivexemplar":"-","Drucknachweis":"Dumont 1726-1739, Bd. V:1, S. 406-409","Vertragssprache Druck":"Franz\u00f6sisch","Digitalisat Druck":"https:\/\/gallica.bnf.fr\/ark:\/12148\/bpt6k1262878n\/f454.item","Vertragsinhalt":"[Pr\u00e4] \u2013 zu Lob und Ehre Gottes, zur St\u00e4rkung von Freundschaft und B\u00fcndnis zwischen beiden L\u00e4ndern, zu Bewahrung und Wachstum beider L\u00e4nder, nach Verhandlungen zwischen R\u00e4ten beider Seiten, nach Eheverhandlungen zwischen Verhandlern: Vertrag geschlossen (406 li-re)\r\n\r\n[1] \u2013 Eheschlie\u00dfung vereinbart: innerhalb von 6 Wochen nach Ratifikation, in England (406 re)\r\n\r\n[2] \u2013 katholische Religionsaus\u00fcbung von Br\u00e4utigam und seinem Hofstaat geregelt: ohne Einmischung von Br\u00e4utigam in englische Religionsgesetze (406 re \u2013 407 li)\r\n\r\n[3] \u2013 k\u00f6niglicher Rang von Br\u00e4utigam, Verzicht von Br\u00e4utigam auf Anteil an englischer Regierung geregelt (407 li)\r\n\r\n[4] \u2013 Kr\u00f6nung von Br\u00e4utigam zum englischen K\u00f6nig geregelt: auf Wunsch von Br\u00e4utigam, von Braut zugesagt abh\u00e4ngig von Entscheidung des englischen Parlaments (407 li)\r\n\r\n[5] \u2013 gemeinsame Ausstellung von k\u00f6niglichen Dokumenten, Pr\u00e4gung von M\u00fcnzen in England geregelt: nach Vorbild von K\u00f6nigin Mary und K\u00f6nig Philipp (407 li)\r\n\r\n[6] \u2013 k\u00f6niglicher Unterhalt von Br\u00e4utigam in England geregelt: auf Wunsch von Br\u00e4utigam, auch als Witwer, von Braut zugesagt abh\u00e4ngig von Entscheidung des englischen Parlaments (407 li \u2013 re)\r\n\r\n[7] \u2013 Witweneink\u00fcnfte der Braut in Frankreich festgelegt: Witweng\u00fcter, Nutzungsrechte geregelt (407 re)\r\n\r\n[8] \u2013 Thronfolge, Erbfolge der Kinder geregelt: in England abh\u00e4ngig von Entscheidung des englischen Parlaments, ggf. auch in Frankreich geregelt, Regierungsaus\u00fcbung bei Personalunion geregelt, ggf. Vermeidung oder Aufl\u00f6sung von Personalunion geregelt, Ratifikation von Dispositionen des englischen Parlaments \u00fcber englische Thronfolge bei franz\u00f6sischem Parlament gefordert (407 re \u2013 408 li)\r\n\r\n[9] \u2013 nach Tod der Braut: Vormundschaft, Regentschaft von Br\u00e4utigam f\u00fcr unm\u00fcndige Kinder in England geregelt, gemeinschaftlich mit englischen Magnaten, englischem Parlament (408 li)\r\n\r\n[10] \u2013 Bestellung von Ausl\u00e4ndern zu englischen \u00c4mtern oder \u00c4nderung von englischen Rechten und Gesetzen durch Br\u00e4utigam verboten (408 li \u2013 re)\r\n\r\n[11] \u2013Best\u00e4tigung von englischen Rechten und Gesetzen durch Br\u00e4utigam geregelt (408 re)\r\n\r\n[12] \u2013 Verschaffung von Braut, Kindern aus England durch Br\u00e4utigam verboten: Ausnahmen geregelt (408 re)\r\n\r\n[13] \u2013 nach Tod der Braut ohne Kinder: Thronfolge von Br\u00e4utigam in England ausgeschlossen (408 re)\r\n\r\n[14] \u2013 Ausfuhr von Kronjuwelen, Kanonen und Kriegsschiffen aus England durch Br\u00e4utigam verboten (408 re)\r\n\r\n[15] \u2013 Verwicklung Englands in ausl\u00e4ndische Kriege durch Br\u00e4utigam verboten (408 re)\r\n\r\n[16] \u2013 alleinige Souver\u00e4nit\u00e4t der Braut in England festgelegt: nach Vorbild von K\u00f6nigin Mary und K\u00f6nig Philipp (408 re \u2013 409 li)\r\n\r\n[17] \u2013 Rechte von Br\u00e4utigam auf franz\u00f6sische Thronfolge vorbehalten (409 li)\r\n\r\n[18] \u2013 Ratifikation durch englisches und franz\u00f6sisches Parlament, K\u00f6nig von Frankreich geregelt (409 li)\r\n\r\n[19] \u2013 ewiges B\u00fcndnis zwischen beiden L\u00e4ndern vereinbart: separate B\u00fcndnisverhandlungen vorbehalten (409 li)\r\n\r\n[20] \u2013 Ratifikation geregelt: durch K\u00f6nig von Frankreich, Br\u00e4utigam, Braut innerhalb von einem Monat, Einhaltung versprochen, Verzicht auf Rechtsmittel vereinbart (409 li)\r\n\r\n[Zusatz] \u2013 Zeremonie der Eheschlie\u00dfung geregelt (409 li \u2013 re)\r\n","Regelungen \u00fcber Thronfolge und Regentschaft":"k\u00f6niglicher Rang von Br\u00e4utigam, Verzicht von Br\u00e4utigam auf Anteil an englischer Regierung geregelt - 3\r\n\r\nKr\u00f6nung von Br\u00e4utigam zum englischen K\u00f6nig geregelt: auf Wunsch von Br\u00e4utigam, von Braut zugesagt abh\u00e4ngig von Entscheidung des englischen Parlaments - 4\r\n\r\ngemeinsame Ausstellung von k\u00f6niglichen Dokumenten, Pr\u00e4gung von M\u00fcnzen in England geregelt: nach Vorbild von K\u00f6nigin Mary und K\u00f6nig Philipp - 5\r\n\r\nThronfolge, Erbfolge der Kinder geregelt: in England abh\u00e4ngig von Entscheidung des englischen Parlaments, ggf. auch in Frankreich geregelt, Regierungsaus\u00fcbung bei Personalunion geregelt, ggf. Vermeidung oder Aufl\u00f6sung von Personalunion geregelt, Ratifikation von Dispositionen des englischen Parlaments \u00fcber englische Thronfolge bei franz\u00f6sischem Parlament gefordert - 8\r\n\r\nnach Tod der Braut: Vormundschaft, Regentschaft von Br\u00e4utigam f\u00fcr unm\u00fcndige Kinder in England geregelt, gemeinschaftlich mit englischen Magnaten, englischem Parlament - 9\r\n\r\nBestellung von Ausl\u00e4ndern zu englischen \u00c4mtern oder \u00c4nderung von englischen Rechten und Gesetzen durch Br\u00e4utigam verboten - 10\r\n\r\nBest\u00e4tigung von englischen Rechten und Gesetzen durch Br\u00e4utigam geregelt - 11\r\n\r\nVerschaffung von Braut, Kindern aus England durch Br\u00e4utigam verboten: Ausnahmen geregelt - 12\r\n\r\nnach Tod der Braut ohne Kinder: Thronfolge von Br\u00e4utigam in England ausgeschlossen - 13\r\n\r\nAusfuhr von Kronjuwelen, Kanonen und Kriegsschiffen aus England durch Br\u00e4utigam verboten - 14\r\n\r\nVerwicklung Englands in ausl\u00e4ndische Kriege durch Br\u00e4utigam verboten - 15\r\n\r\nalleinige Souver\u00e4nit\u00e4t der Braut in England festgelegt: nach Vorbild von K\u00f6nigin Mary und K\u00f6nig Philipp - 16\r\n\r\nRechte von Br\u00e4utigam auf franz\u00f6sische Thronfolge vorbehalten - 17\r\n","konfessionelle Regelungen":"katholische Religionsaus\u00fcbung von Br\u00e4utigam und seinem Hofstaat geregelt: ohne Einmischung von Br\u00e4utigam in englische Religionsgesetze - 2\r\n","erbrechtliche Regelungen":"Thronfolge, Erbfolge der Kinder geregelt: in England abh\u00e4ngig von Entscheidung des englischen Parlaments, ggf. auch in Frankreich geregelt, Regierungsaus\u00fcbung bei Personalunion geregelt, ggf. Vermeidung oder Aufl\u00f6sung von Personalunion geregelt, Ratifikation von Dispositionen des englischen Parlaments \u00fcber englische Thronfolge bei franz\u00f6sischem Parlament gefordert - 8\r\n\r\n[9] \u2013 nach Tod der Braut: Vormundschaft, Regentschaft von Br\u00e4utigam f\u00fcr unm\u00fcndige Kinder in England geregelt, gemeinschaftlich mit englischen Magnaten, englischem Parlament (408 li)\r\n\r\n[10] \u2013 Bestellung von Ausl\u00e4ndern zu englischen \u00c4mtern oder \u00c4nderung von englischen Rechten und Gesetzen durch Br\u00e4utigam verboten (408 li \u2013 re)\r\n\r\n[11] \u2013Best\u00e4tigung von englischen Rechten und Gesetzen durch Br\u00e4utigam geregelt (408 re)\r\n\r\n[12] \u2013 Verschaffung von Braut, Kindern aus England durch Br\u00e4utigam verboten: Ausnahmen geregelt (408 re)\r\n\r\n[13] \u2013 nach Tod der Braut ohne Kinder: Thronfolge von Br\u00e4utigam in England ausgeschlossen (408 re)\r\n\r\n[14] \u2013 Ausfuhr von Kronjuwelen, Kanonen und Kriegsschiffen aus England durch Br\u00e4utigam verboten (408 re)\r\n\r\n[15] \u2013 Verwicklung Englands in ausl\u00e4ndische Kriege durch Br\u00e4utigam verboten (408 re)\r\n\r\n[16] \u2013 alleinige Souver\u00e4nit\u00e4t der Braut in England festgelegt: nach Vorbild von K\u00f6nigin Mary und K\u00f6nig Philipp (408 re \u2013 409 li)\r\n\r\n[17] \u2013 Rechte von Br\u00e4utigam auf franz\u00f6sische Thronfolge vorbehalten (409 li)\r\n\r\n[18] \u2013 Ratifikation durch englisches und franz\u00f6sisches Parlament, K\u00f6nig von Frankreich geregelt (409 li)\r\n\r\n[19] \u2013 ewiges B\u00fcndnis zwischen beiden L\u00e4ndern vereinbart: separate B\u00fcndnisverhandlungen vorbehalten (409 li)\r\n\r\n[20] \u2013 Ratifikation geregelt: durch K\u00f6nig von Frankreich, Br\u00e4utigam, Braut innerhalb von einem Monat, Einhaltung versprochen, Verzicht auf Rechtsmittel vereinbart (409 li)\r\n\r\n[Zusatz] \u2013 Zeremonie der Eheschlie\u00dfung geregelt (409 li \u2013 re)\r\n"},"Einordnung des Vertrags":{"Textbezug zu vergangenen Ereignissen?":"","st\u00e4ndische Instanzen beteiligt?":"Ratifikation von Dispositionen des englischen Parlaments \u00fcber englische Thronfolge bei franz\u00f6sischem Parlament gefordert - 8, Ratifikation durch englisches und franz\u00f6sisches Parlament geregelt - 18","externe Instanzen beteiligt?":"","Ratifikationen, Best\u00e4tigungen, Genehmigungen erw\u00e4hnt?":"Ratifikation von Dispositionen des englischen Parlaments \u00fcber englische Thronfolge bei franz\u00f6sischem Parlament gefordert - 8\r\n\r\nRatifikation durch englisches und franz\u00f6sisches Parlament geregelt - 18","weitere Vertr\u00e4ge zwischen Vertragsparteien im Zusammenhang mit dieser Ehe":"","Schlagw\u00f6rter":"","Kommentar":"-","Literatur":"-"}}}