{"Dokument":{"Name":"Hessen-Kassel - Nassau-Dillenburg","In Bearbeitung":"Nein","main":{"Name":"Ehevertrag Hessen-Kassel - Nassau-Dillenburg 1603","Zuletzt ge\u00e4ndert":"2017-12 BB"},"Grunddaten Ehevertrag":{"Vertragspartner Br\u00e4utigam":"Hessen-Kassel","Vertragspartner Braut":"Nassau-Dillenburg","Datum Vertragsschlie\u00dfung":"1603-05-21","Ort Vertragsschlie\u00dfung":"nicht nachgewiesen","Eheschlie\u00dfung vollzogen?":"Ja","verschiedenkonfessionelle Ehe?":"Nein"},"Br\u00e4utigam":{"Br\u00e4utigam Name, Titel":"Moritz, Landgraf von Hessen","Br\u00e4utigam GND":"http:\/\/d-nb.info\/gnd\/11858412X","Br\u00e4utigam Geburtsjahr":"1572-00-00","Br\u00e4utigam Sterbejahr":"1632-00-00","Br\u00e4utigam Dynastie":"Hessen (Kassel)","Br\u00e4utigam Konfession":"Evangelisch-Reformiert"},"Braut":{"Braut Name, Titel":"Juliane von Nassau-Dillenburg","Braut GND":"http:\/\/d-nb.info\/gnd\/119163861","Braut Geburtsjahr":"1587-00-00","Braut Sterbejahr":"1643-00-00","Braut Dynastie":"Savoyen","Braut Konfession":"Evangelisch-Reformiert"},"Akteur Br\u00e4utigam":{"Akteur Br\u00e4utigam Name, Titel":"Moritz, Landgraf von Hessen-Kassel","Akteur Br\u00e4utigam GND":"http:\/\/d-nb.info\/gnd\/11858412X","Akteur Br\u00e4utigam Dynastie":"Hessen (Kassel)","Akteur Br\u00e4utigam Verh\u00e4ltnis zu Br\u00e4utigam":"selbst"},"Akteur Braut":{"Akteur Braut Name, Titel":"Johann VI., Graf von Nassau-Dillenburg","Akteur Braut GND":"http:\/\/d-nb.info\/gnd\/119521296","Akteur Braut Dynastie":"Savoyen","Akteur Braut Verh\u00e4ltnis zu Braut":"Gro\u00dfvater","Akteur Braut Name, Titel (36)":"Johann VII., Graf von Nassau-Siegen","Akteur Braut GND (66)":"http:\/\/d-nb.info\/gnd\/118738070","Akteur Braut Dynastie (40)":"Savoyen","Akteur Braut Verh\u00e4ltnis zu Braut (38)":"Vater"},"Vertragstext":{"Archivexemplar":"Marburg, Staatsarchiv, Urk. 3, Nr. 253","Vertragssprache Archivexemplar":"Deutsch","Drucknachweis":"nicht nachgewiesen","Vertragssprache Druck":"nicht nachgewiesen","Digitalisat Druck":"-","Vertragsinhalt":"[Pr\u00e4] \u2013 im Namen der heiligen Dreifaltigkeit, zu Lob und Ehren Gottes, zur Vermehrung guter Freundschaft, mit Zustimmung der Braut: Eheabrede und Vertragsschlie\u00dfung bekundet (3)\r\n\r\n[1] \u2013 Eheversprechen ausgetauscht: f\u00fcr Braut, von Br\u00e4utigam (3)\r\n\r\n[2] \u2013 Mitgift festgelegt, Aussteuer geregelt: Zahlung geregelt, im Gegenzug f\u00fcr Erbverzicht der Braut mit Zustimmung von Br\u00e4utigam auf Vatererbe, Muttererbe, Brudererbe und Schwestererbe, Erbanspr\u00fcche der Braut bei Aussterben des Hauses Nassau in m\u00e4nnlicher Linie vorbehalten (3)\r\n\r\n[3] \u2013 Witweng\u00fcter geregelt, Witweneink\u00fcnfte festgelegt: im Gegenzug f\u00fcr Mitgiftzahlung, Nutzungsrechte geregelt (3)\r\n\r\n[4-5] \u2013 Witweng\u00fcter geregelt: zur Wahl durch Braut gestellt, Vereidigung und Rechtsstellung von Amtleuten und Untertanen geregelt (3-4)\r\n\r\n[6] \u2013 Witweng\u00fcter geregelt: weltliche und geistliche Herrschaftsrechte, Gerichtsbarkeit und Kirchenvisitation vorbehalten, \u00d6ffnung und Schadenersatz geregelt (4)\r\n\r\n[7] \u2013 Witweng\u00fcter geregelt: Schutz durch Landgrafen von Hessen zugesichert (4)\r\n\r\n[8] \u2013 Witweng\u00fcter geregelt: \u00d6ffnung und Ver\u00e4u\u00dferung an Dritte, B\u00fcndnis mit Dritten verboten, Holznutzung und Erhaltung geregelt (4)\r\n\r\n[9] \u2013 Witweng\u00fcter geregelt: Schadenersatz bei Einkommensausfall geregelt (4)\r\n\r\n[10] \u2013 nach Tod von Br\u00e4utigam: Vormundschaft \u00fcber unm\u00fcndige Kinder geregelt gem\u00e4\u00df hessischem Hausrecht, Bezug von Witweng\u00fctern geregelt, pers\u00f6nlicher Besitz der Braut als Witwe geregelt, Ausstattung und Zustand von Witwensitz geregelt (4-5)\r\n\r\n[11] \u2013 bei zweiter Ehe der Braut: Abl\u00f6sung von Witweng\u00fctern, Auszahlung von Mitgift und lebenslange Verzinsung der Widerlage geregelt, ggf. Vererbung von Mitgift und Nachlass der Braut an Kinder aus erster und zweiter Ehe geregelt (5)\r\n\r\n[12] \u2013 bei Tod der Braut ohne Kinder: R\u00fcckfall von Mitgift und Witweng\u00fctern, Vererbung von Nachlass geregelt (5)\r\n\r\n[13] \u2013 nach Tod der Braut ohne Kinder: lebenslange Nutzung der Mitgift durch Br\u00e4utigam, danach R\u00fcckfall der Mitgift geregelt (5)\r\n\r\n[14] \u2013Silbergeschirr als Hochzeitsgeschenk geregelt: als Eigentum des \u00fcberlebenden Ehepartners (5)\r\n\r\n[15] \u2013 Schuldenhaftung der Braut geregelt (5-6)\r\n\r\n[16] \u2013 Morgengabe festgelegt: Verzinsung, Nutzung, Vererbung und Abl\u00f6sung geregelt (6)\r\n\r\n[17] \u2013 bei Tod von Braut oder Br\u00e4utigam nach Hochzeit vor Mitgiftzahlung: G\u00fcltigkeit von Ehevertrag vereinbart \u2013 bei Tod von Braut oder Br\u00e4utigam vor Hochzeit: Nichtigkeit von Ehevertrag vereinbart (6)\r\n\r\n[Esch] \u2013 Einhaltung versprochen (6)\r\n","erbrechtliche Regelungen":"Mitgift festgelegt, Aussteuer geregelt: Zahlung geregelt, im Gegenzug f\u00fcr Erbverzicht der Braut mit Zustimmung von Br\u00e4utigam auf Vatererbe, Muttererbe, Brudererbe und Schwestererbe, Erbanspr\u00fcche der Braut bei Aussterben des Hauses Nassau in m\u00e4nnlicher Linie vorbehalten - 2\r\n\r\nbei zweiter Ehe der Braut:  ggf. Vererbung von Mitgift und Nachlass der Braut an Kinder aus erster und zweiter Ehe geregelt - 11\r\n\r\nbei Tod der Braut ohne Kinder: R\u00fcckfall von Mitgift und Witweng\u00fctern, Vererbung von Nachlass geregelt - 12\r\n\r\nMorgengabe festgelegt: Verzinsung, Nutzung, Vererbung und Abl\u00f6sung geregelt - 16"},"Einordnung des Vertrags":{"Textbezug zu vergangenen Ereignissen?":"","st\u00e4ndische Instanzen beteiligt?":"","externe Instanzen beteiligt?":"","Ratifikationen, Best\u00e4tigungen, Genehmigungen erw\u00e4hnt?":"","weitere Vertr\u00e4ge zwischen Vertragsparteien im Zusammenhang mit dieser Ehe":"","Schlagw\u00f6rter":"","Kommentar":"Dynastie Braut, Akteure Braut nachtragen! 2017 XII technische Probleme bei Erg\u00e4nzung der Dynastien!","Literatur":"-"}}}