{"Dokument":{"Name":"D\u00e4nemark - Mecklenburg-G\u00fcstrow","In Bearbeitung":"Nein","main":{"Name":"Ehevertrag D\u00e4nemark - Mecklenburg-G\u00fcstrow 1695","Zuletzt ge\u00e4ndert":"2020-10 JK"},"Grunddaten Ehevertrag":{"Vertragspartner Br\u00e4utigam":"D\u00e4nemark","Vertragspartner Braut":"Mecklenburg-G\u00fcstrow","Datum Vertragsschlie\u00dfung":"1695-11-28","Ort Vertragsschlie\u00dfung":"Kopenhagen, G\u00fcstrow","Eheschlie\u00dfung vollzogen?":"Ja","verschiedenkonfessionelle Ehe?":"Nein"},"Br\u00e4utigam":{"Br\u00e4utigam Name, Titel":"Friedrich, Kronprinz von D\u00e4nemark (sp\u00e4ter als Friedrich IV. K\u00f6nig) (Frederik)","Br\u00e4utigam GND":"http:\/\/d-nb.info\/gnd\/119546256","Br\u00e4utigam Geburtsjahr":"1671-00-00","Br\u00e4utigam Sterbejahr":"1730-00-00","Br\u00e4utigam Dynastie":"Oldenburg (D\u00e4nemark)","Br\u00e4utigam Konfession":"Evangelisch-Lutherisch"},"Braut":{"Braut Name, Titel":"Louise von Mecklenburg","Braut GND":"http:\/\/d-nb.info\/gnd\/133022641","Braut Geburtsjahr":"1667-00-00","Braut Sterbejahr":"1721-00-00","Braut Dynastie":"Mecklenburg","Braut Konfession":"Evangelisch-Lutherisch"},"Akteur Br\u00e4utigam":{"Akteur Br\u00e4utigam Name, Titel":"Christian V., K\u00f6nig von D\u00e4nemark","Akteur Br\u00e4utigam GND":"http:\/\/d-nb.info\/gnd\/119175800","Akteur Br\u00e4utigam Dynastie":"Oldenburg (D\u00e4nemark)","Akteur Br\u00e4utigam Verh\u00e4ltnis zu Br\u00e4utigam":"Vater"},"Akteur Braut":{"Akteur Braut Name, Titel":"Gustav Adolf, Herzog von Mecklenburg-G\u00fcstrow","Akteur Braut GND":"http:\/\/d-nb.info\/gnd\/101250797","Akteur Braut Dynastie":"Mecklenburg","Akteur Braut Verh\u00e4ltnis zu Braut":"Vater","Akteur Braut Name, Titel (36)":"Magdalena Sibylle von Schleswig-Holstein-Gottorf, verheiratete Herzogin von Mecklenburg-G\u00fcstrow","Akteur Braut GND (66)":"http:\/\/d-nb.info\/gnd\/123282667","Akteur Braut Dynastie (40)":"Oldenburg (Gottorf)","Akteur Braut Verh\u00e4ltnis zu Braut (38)":"Mutter"},"Vertragstext":{"Archivexemplar":"nicht nachgewiesen","Vertragssprache Archivexemplar":"nicht nachgewiesen","Digitalisat Archivexemplar":"-","Drucknachweis":"DNT X, S. 176-185","Vertragssprache Druck":"Deutsch","Digitalisat Druck":"-","Vertragsinhalt":"[Pr\u00e4] \u2013 zu Lob Gottes, zur Wohlfahrt beider L\u00e4nder: Eheabrede bekundet (176f.)\r\n\r\n1 \u2013 Einwilligung f\u00fcr Br\u00e4utigam erteilt, Eheschlie\u00dfung vereinbart\r\n\r\n2 \u2013 Mitgift festgelegt: Zahlung und Aussteuer geregelt\r\n\r\n3 \u2013 Morgengabe festgelegt: Zahlung geregelt\r\n\r\n4 \u2013 Unterhalt der Braut w\u00e4hrend der Ehe geregelt: Besoldung von Bediensteten der Braut geregelt\r\n\r\n5 \u2013 Hofstaat der Braut geregelt: Bestellung von Bediensteten geregelt\r\n\r\n6 \u2013 Witweng\u00fcter, Witwensitz und Witweneink\u00fcnfte festgelegt: Zulage statt Widerlage festgelegt, Nutzungsrechte geregelt\r\n\r\n7 \u2013 Witweng\u00fcter geregelt: Herrschaftsrechte vorbehalten, Rechtsstellung von Untertanen geregelt\r\n\r\n8 \u2013 Witweng\u00fcter geregelt: Jurisdiktion \u00fcber Untertanen geregelt\r\n\r\n9 \u2013 Witweng\u00fcter geregelt: Anweisung von Bediensteten und Untertanen statt Huldigung geregelt\r\n\r\n10 \u2013 Witweng\u00fcter geregelt: Schutz geregelt, \u00d6ffnung und Ver\u00e4u\u00dferung an Dritte, B\u00fcndnisse mit Dritten verboten\r\n\r\n11 \u2013 Haftung f\u00fcr Schulden der Braut geregelt\r\n\r\n12 \u2013 Witweng\u00fcter geregelt: Zustand und Erhaltung geregelt\r\n\r\n13-14 \u2013 Witweng\u00fcter geregelt: Ersetzung und Vertauschung geregelt\r\n\r\n15-16  \u2013 Witweng\u00fcter geregelt: Bestellung von Bediensteten und Amtleuten geregelt\r\n\r\n17 \u2013 Witweng\u00fcter geregelt: Ausstattung geregelt\r\n\r\n18-19 \u2013 bei zweiter Ehe der Braut: Abfindung von Witweng\u00fctern durch Auszahlung von Mitgift geregelt, Verzinsung von Widerlage ohne Zulage geregelt \u2013 nach Tod der Braut: Vererbung von Nachlass an Kinder aus beiden Ehen geregelt\r\n\r\n20 \u2013 nach Tod der Braut ohne Kinder: Nutzung von Mitgift und Aussteuer durch Br\u00e4utigam geregelt, nach Tod von Br\u00e4utigam R\u00fcckfall oder Vererbung geregelt \r\n\r\n21 \u2013 nach Tod von Br\u00e4utigam ohne Kinder: \u00dcbergang von Mitgift und Nachlass an Braut und Brauterben geregelt\r\n\r\n22 \u2013 Einhaltung versprochen\r\n","Regelungen \u00fcber Thronfolge und Regentschaft":"","konfessionelle Regelungen":"","erbrechtliche Regelungen":"bei zweiter Ehe der Braut, nach Tod der Braut: Vererbung von Nachlass an Kinder aus beiden Ehen geregelt - 18-19\r\n\r\nnach Tod der Braut ohne Kinder: Nutzung von Mitgift und Aussteuer durch Br\u00e4utigam geregelt, nach Tod von Br\u00e4utigam R\u00fcckfall oder Vererbung geregelt  - 20\r\n\r\nnach Tod von Br\u00e4utigam ohne Kinder: \u00dcbergang von Mitgift und Nachlass an Braut und Brauterben geregelt - 21"},"Einordnung des Vertrags":{"Textbezug zu vergangenen Ereignissen?":"Tod von Brautvater erw\u00e4hnt - Esch","st\u00e4ndische Instanzen beteiligt?":"","externe Instanzen beteiligt?":"","Ratifikationen, Best\u00e4tigungen, Genehmigungen erw\u00e4hnt?":"besiegelt von provisorischer Regierung von Mecklenburg-G\u00fcstrow","weitere Vertr\u00e4ge zwischen Vertragsparteien im Zusammenhang mit dieser Ehe":"","Schlagw\u00f6rter":"","Kommentar":"Brautvater: w\u00e4hrend Verhandlungen gestorben, Vertrag unterzeichnet von Brautmutter und Regentschaftsr\u00e4ten (Christensen)\r\n\r\nErbverzicht der Braut: d\u00e4nische Vorbehalte erw\u00e4hnt nach Tod von Brautvater ohne S\u00f6hne (Christensen)","Literatur":"Christensen in DNT X, S. 168-176."}}}