{"Dokument":{"Name":"Anhalt-Zerbst - Hessen-Kassel","In Bearbeitung":"Nein","main":{"Name":"Ehevertrag  Anhalt-Zerbst - Hessen-Kassel 1753","Zuletzt ge\u00e4ndert":"2017-12 BB"},"Grunddaten Ehevertrag":{"Vertragspartner Br\u00e4utigam":"Anhalt-Zerbst","Vertragspartner Braut":"Hessen-Kassel","Datum Vertragsschlie\u00dfung":"1753-10-31","Ort Vertragsschlie\u00dfung":"Zerbst","Eheschlie\u00dfung vollzogen?":"Ja","verschiedenkonfessionelle Ehe?":"Nein"},"Br\u00e4utigam":{"Br\u00e4utigam Name, Titel":"Friedrich August, F\u00fcrst von Anhalt-Zerbst","Br\u00e4utigam GND":"http:\/\/d-nb.info\/gnd\/136025188","Br\u00e4utigam Geburtsjahr":"1734-00-00","Br\u00e4utigam Sterbejahr":"1793-00-00","Br\u00e4utigam Dynastie":"Askanier (Anhalt)","Br\u00e4utigam Konfession":"Evangelisch-Reformiert"},"Braut":{"Braut Name, Titel":"Caroline Wilhelmine Sophia von Hessen-Kassel","Braut GND":"","Braut Geburtsjahr":"1732-00-00","Braut Sterbejahr":"1759-00-00","Braut Dynastie":"Hessen (Kassel)","Braut Konfession":"Evangelisch-Reformiert"},"Akteur Br\u00e4utigam":{"Akteur Br\u00e4utigam Name, Titel":"Friedrich August, F\u00fcrst von Anhalt-Zerbst","Akteur Br\u00e4utigam GND":"http:\/\/d-nb.info\/gnd\/136025188","Akteur Br\u00e4utigam Dynastie":"Askanier (Anhalt)","Akteur Br\u00e4utigam Verh\u00e4ltnis zu Br\u00e4utigam":"selbst"},"Akteur Braut":{"Akteur Braut Name, Titel":"Wilhelm VIII., Landgraf von Hessen-Kassel","Akteur Braut GND":"http:\/\/d-nb.info\/gnd\/118632914","Akteur Braut Dynastie":"Hessen (Kassel)","Akteur Braut Verh\u00e4ltnis zu Braut":"Onkel"},"Vertragstext":{"Archivexemplar":"Marburg, Staatsarchiv, Urk. 3, Nr. 385","Vertragssprache Archivexemplar":"Deutsch","Drucknachweis":"nicht nachgewiesen","Vertragssprache Druck":"nicht nachgewiesen","Digitalisat Druck":"-","Vertragsinhalt":"[Pr\u00e4] \u2013 im Namen Gottes, mit Einwilligung von Br\u00e4utigammutter und Brautmutter: Eheabrede und Vertragschlie\u00dfung bekundet (1-2)\r\n\r\n1 \u2013 Eheversprechen ausgetauscht, Eheschlie\u00dfung vereinbart: Trauung an Prokurator des Br\u00e4utigams in Kassel, Beilager nach \u00dcberf\u00fchrung vereinbart\r\n\r\n2 \u2013 Eheschlie\u00dfung geregelt: Termin f\u00fcr Trauung vereinbart, \u00dcberf\u00fchrung der Braut geregelt\r\n\r\n3 \u2013 Mitgift festgelegt: zahlbar von Brautonkel, gem\u00e4\u00df Hausvertr\u00e4gen, Zahlung geregelt\r\n\r\n4 \u2013 Erbverzicht der Braut geregelt: gem\u00e4\u00df Erbverbr\u00fcderung zwischen H\u00e4usern Hessen und Sachsen, im Gegenzug f\u00fcr Mitgiftzahlung, auf Vatererbe und Vettererbe, mit Zustimmung von Br\u00e4utigam, Erbanspr\u00fcche der Braut bei Aussterben des Hauses Hessen in m\u00e4nnlicher Linie vorbehalten\r\n\r\n5 \u2013 Morgengabe festgelegt: Verzinsung geregelt \u2013 Aufwendungen f\u00fcr Geschenke geregelt\r\n\r\n6 \u2013 Unterhalt der Braut w\u00e4hrend der Ehe festgelegt: einschlie\u00dflich Weihnachtsgeschenk, zus\u00e4tzlich zu Zinsen aus Morgengabe \u2013 Hofstaat der Braut geregelt: Bedienstete aufgez\u00e4hlt, Besoldung geregelt\r\n\r\n7 \u2013 Widerlage festgelegt, Witwensitz und Witweng\u00fcter angewiesen, Witweneink\u00fcnfte festgelegt: ggf. Vertauschung der Witweng\u00fcter vorbehalten, Ausstattung von Witwensitz geregelt\r\n\r\n8 \u2013 Bezug von Witwensitz geregelt \u2013 Ausstattung von Witwensitz geregelt \u2013 Erhaltung von Witwensitz, Schadenersatz geregelt\r\n\r\n9 \u2013 Witweng\u00fcter geregelt: Nutzungsrechte geregelt, Herrschaftsrechte vorbehalten, Schadenersatz geregelt\r\n\r\n10 \u2013 Witweng\u00fcter geregelt: Pf\u00e4ndungsrecht der Braut als Witwe geregelt, Vereidigung und Rechtsstellung von Amtleuten und Bediensteten geregelt, adelige Dienste f\u00fcr Braut geregelt\r\n\r\n11 \u2013 Bestellung von Pfarrern und Lehrern geregelt: lutherische Konfession vorgeschrieben, landeskirchliche Rechte und Bestimmungen vorbehalten\r\n\r\n12 \u2013 Primogeniturecht f\u00fcr F\u00fcrsten von Anhalt-Zerbst best\u00e4tigt\r\n\r\n13 \u2013 nach Tod der Braut ohne Kinder und Testament: lebenslange Nutzung von Mitgift durch Br\u00e4utigam, danach R\u00fcckfall geregelt, Vererbung von Nachlass der Braut geregelt \u2013 nach Tod von Br\u00e4utigam: Nutzung von Witweng\u00fctern und Verf\u00fcgung der Braut \u00fcber Aussteuer und Zugewinn geregelt\r\n\r\n14 \u2013 nach Tod der Braut mit \u00fcberlebenden Kinder: Vererbung von Mitgift und Nachlass der Braut an Kinder geregelt, Nutzung durch Br\u00e4utigam bis zur Vollj\u00e4hrigkeit der Kinder vorbehalten\r\n\r\n15 \u2013 nach Tod des Br\u00e4utigams: Regentschaft und Vormundschaft der Braut \u00fcber Kinder geregelt, Regentschaftsgelder f\u00fcr Braut festgelegt, oder R\u00fcckzug auf Witweng\u00fcter freigestellt\r\n\r\n16-17 \u2013 nach Tod von Br\u00e4utigam ohne Kinder bei zweiter Ehe der Braut: Auszahlung von Mitgift an Braut, Verzinsung von Morgengabe und Abtretung von Witweng\u00fctern geregelt, Vererbung von Mitgift und Nachlass der Braut ggf. an Kinder aus erster und zweiter Ehe geregelt\r\n\r\n18-19 \u2013 Schutz der Witweng\u00fcter w\u00e4hrend Witwenzeit geregelt \u2013 nach Tod der Braut als Witwe: R\u00fcckfall der Witweng\u00fcter und ihrer Ausstattung geregelt, Vererbung von Nachlass geregelt\r\n\r\n20 \u2013 Schuldenhaftung der Braut geregelt\r\n\r\n21 \u2013 bei Tod von Braut oder Br\u00e4utigam vor der Hochzeit: Nichtigkeit von Ehevertrag vereinbart\r\n\r\n22 \u2013 bei Tod. des Br\u00e4utigams vor Ende der Mitgiftzahlung: G\u00fcltigkeit der Vertragsbestimmungen vereinbart","Regelungen \u00fcber Thronfolge und Regentschaft":"Primogeniturecht f\u00fcr F\u00fcrsten von Anhalt-Zerbst best\u00e4tigt - 12\r\n\r\nnach Tod des Br\u00e4utigams: Regentschaft und Vormundschaft der Braut \u00fcber Kinder geregelt, Regentschaftsgelder f\u00fcr Braut festgelegt, oder R\u00fcckzug auf Witweng\u00fcter freigestellt - 15","erbrechtliche Regelungen":"Erbverzicht der Braut geregelt: gem\u00e4\u00df Erbverbr\u00fcderung zwischen H\u00e4usern Hessen und Sachsen, im Gegenzug f\u00fcr Mitgiftzahlung, auf Vatererbe und Vettererbe, mit Zustimmung von Br\u00e4utigam, Erbanspr\u00fcche der Braut bei Aussterben des Hauses Hessen in m\u00e4nnlicher Linie vorbehalten - 4\r\n\r\nnach Tod der Braut ohne Kinder und Testament: lebenslange Nutzung von Mitgift durch Br\u00e4utigam, danach R\u00fcckfall geregelt, Vererbung von Nachlass der Braut geregelt \u2013 13\r\n\r\nnach Tod der Braut mit \u00fcberlebenden Kinder: Vererbung von Mitgift und Nachlass der Braut an Kinder geregelt - 14\r\n\r\nnach Tod von Br\u00e4utigam ohne Kinder bei zweiter Ehe der Braut: Auszahlung von Mitgift an Braut, Verzinsung von Morgengabe und Abtretung von Witweng\u00fctern geregelt, Vererbung von Mitgift und Nachlass der Braut ggf. an Kinder aus erster und zweiter Ehe geregelt - 16-17\r\n\r\nSchutz der Witweng\u00fcter w\u00e4hrend Witwenzeit geregelt \u2013 nach Tod der Braut als Witwe: R\u00fcckfall der Witweng\u00fcter und ihrer Ausstattung geregelt, Vererbung von Nachlass geregelt - 18-19"},"Einordnung des Vertrags":{"Textbezug zu vergangenen Ereignissen?":"","st\u00e4ndische Instanzen beteiligt?":"","externe Instanzen beteiligt?":"","Ratifikationen, Best\u00e4tigungen, Genehmigungen erw\u00e4hnt?":"","weitere Vertr\u00e4ge zwischen Vertragsparteien im Zusammenhang mit dieser Ehe":"","Schlagw\u00f6rter":"","Kommentar":"Zweites Datum der Vertragsschlie\u00dfung 08.11.1753 Kassel.","Literatur":"-"}}}