{"Dokument":{"Name":"England - Spanien","In Bearbeitung":"Nein","main":{"Name":"Ehevertrag England - Spanien 1503","Zuletzt ge\u00e4ndert":"2017-07 BB"},"Grunddaten Ehevertrag":{"Vertragspartner Br\u00e4utigam":"England","Vertragspartner Braut":"Spanien","Datum Vertragsschlie\u00dfung":"1503-06-23","Ort Vertragsschlie\u00dfung":"Richmond","Eheschlie\u00dfung vollzogen?":"Ja","verschiedenkonfessionelle Ehe?":"Nein"},"Br\u00e4utigam":{"Br\u00e4utigam Name, Titel":"Heinrich (Henry), Prince of  Wales (sp\u00e4ter K\u00f6nig Heinrich VIII.)","Br\u00e4utigam GND":"http:\/\/d-nb.info\/gnd\/118548204","Br\u00e4utigam Geburtsjahr":"1491-00-00","Br\u00e4utigam Sterbejahr":"1547-00-00","Br\u00e4utigam Dynastie":"Tudor","Br\u00e4utigam Konfession":"R\u00f6misch-Katholisch"},"Braut":{"Braut Name, Titel":"Katharina von Aragon","Braut GND":"http:\/\/d-nb.info\/gnd\/118721135","Braut Geburtsjahr":"1485-00-00","Braut Sterbejahr":"1536-00-00","Braut Dynastie":"Trast\u00e1mara","Braut Konfession":"R\u00f6misch-Katholisch"},"Akteur Br\u00e4utigam":{"Akteur Br\u00e4utigam Name, Titel":"Heinrich VII., K\u00f6nig von England","Akteur Br\u00e4utigam GND":"http:\/\/d-nb.info\/gnd\/118773712","Akteur Br\u00e4utigam Dynastie":"Tudor","Akteur Br\u00e4utigam Verh\u00e4ltnis zu Br\u00e4utigam":"Vater"},"Akteur Braut":{"Akteur Braut Name, Titel":"Ferdinand II., K\u00f6nig von Aragon","Akteur Braut GND":"http:\/\/d-nb.info\/gnd\/118686712","Akteur Braut Dynastie":"Trast\u00e1mara","Akteur Braut Verh\u00e4ltnis zu Braut":"Vater","Akteur Braut Name, Titel (36)":"Isabella I., K\u00f6nigin von Kastilien","Akteur Braut GND (66)":"http:\/\/d-nb.info\/gnd\/11863982X","Akteur Braut Dynastie (40)":"Trast\u00e1mara","Akteur Braut Verh\u00e4ltnis zu Braut (38)":"Mutter"},"Vertragstext":{"Archivexemplar":"TNA E 30\/694, nachgewiesen Parry\/Hopkins 1970, Bd. II, S. 34","Vertragssprache Archivexemplar":"nicht nachgewiesen","Digitalisat Archivexemplar":"-","Drucknachweis":"Rymer 1704-1717, Bd. XIII, S. 77-85","Vertragssprache Druck":"Latein","Digitalisat Druck":"-","Vertragsinhalt":"[Pr\u00e4] \u2013 nachdem Wohlwollen zwischen beiden Seiten durch Abschlu\u00df von B\u00fcndnis angewachsen, unaufl\u00f6slich geworden (77 re), nach Aufl\u00f6sung der Ehe zwischen Arthur, Prince of Wales, und Braut durch den Tod Arthurs (77 re \u2013 78 li), aus gegenseitiger Liebe und Einigkeit zwischen den F\u00fcrsten, zur Fortsetzung und Vermehrung des B\u00fcndnisses, zur Erneuerung der Verwandtschaft mit der tugendhaften Braut, da sich aus der Ehe als dem Keim des Staates gl\u00fcckliche Folgen wie Nachkommen ergeben, zu Lob Gottes und der Religion, zum Schutz des Staates, f\u00fcr Frieden und Nutzen beider Reiche und ihrer Untertanen, nach Erlangung von p\u00e4pstlicher Dispens: Eheschlie\u00dfung verabredet (78 li), bevollm\u00e4chtigte Verhandler eingesetzt (78re:)\r\n\r\n(Vollmachten f\u00fcr Verhandler inseriert) (78 re \u2013 81 re)\r\n\r\nFolgende Vertragsartikel aufgesetzt durch Verhandler:\r\n\r\n[1] \u2013 Erlangung von p\u00e4pstlicher Dispens f\u00fcr Brautleute vereinbart (81 re)\r\n\r\n[2] \u2013 Eheschlie\u00dfung vereinbart: innerhalb von zwei Monaten nach Austausch von Ratifikationen, Dispensen (82 li)\r\n\r\n[3] \u2013 Mitgift festgelegt: verrechnet mit Mitgiftanteil f\u00fcr erste Ehe der Braut (82 li \u2013 82 re)\r\n\r\n[4] \u2013 Zahlung der Mitgift geregelt: teilweise bei Hochzeit im Alter des Br\u00e4utigams von 15 Jahren, in Geld, Silbergeschirr und Juwelen, unter Verpf\u00e4ndung von spanischem K\u00f6nigsgut, Staatsschatz und Besitz von spanischen Untertanen (82 re \u2013 83 re)\r\n\r\n[5] \u2013 Witwengut geregelt: R\u00fcckgabe von Urkunden \u00fcber Witwengut aus erster Ehe vor neuer Hochzeit, \u00dcbergabe von Urkunden \u00fcber neues Witwengut bei neuer Hochzeit vereinbart, Verzicht der Braut auf weitere Forderungen geregelt (84 li \u2013 84 re)\r\n\r\n[6] \u2013 bei englischer Thronfolge: Erh\u00f6hung von Witwengut auf ein Drittel der englischen Korneink\u00fcfte vereinbart (84re)\r\n\r\n[7] \u2013 bei Aussterben von Brautgeschwistern: spanische Thronfolge, Regentschaft vorbehalten f\u00fcr Braut (84 re)\r\n\r\n[8] \u2013 bei englischer Thronfolge: Mitgift wie f\u00fcr andere englische K\u00f6niginnen vereinbart, unter Verpf\u00e4ndung von englischem K\u00f6nigsgut, Staatsschatz und Besitz von englischen Untertanen (84 re \u2013 85 li)\r\n\r\n[9] \u2013 bei Tod von Br\u00e4utigam vor Thronfolge: englische Thronfolge f\u00fcr erstgeborenen Sohn der Brautleute zugesagt (85 li)\r\n\r\n[10] \u2013 Ratifikation, Urkundenaustausch innerhalb von sechs Monaten vereinbart (85 li \u2013 85 re)\r\n","Regelungen \u00fcber Thronfolge und Regentschaft":"bei englischer Thronfolge von Br\u00e4utigam: Erh\u00f6hung von Witwengut auf ein Drittel der englischen Korneink\u00fcfte vereinbart - 6\r\n\r\nbei Aussterben von Brautgeschwistern: spanische Thronfolge, Regentschaft vorbehalten f\u00fcr Braut - 7\r\n\r\nbei englischer Thronfolge von Br\u00e4utigam: Mitgift wie f\u00fcr andere englische K\u00f6niginnen vereinbart, unter Verpf\u00e4ndung von englischem K\u00f6nigsgut, Staatsschatz und Besitz von englischen Untertanen - 8\r\n\r\nbei Tod von Br\u00e4utigam vor Thronfolge: englische Thronfolge f\u00fcr erstgeborenen Sohn der Brautleute zugesagt - 9\r\n","konfessionelle Regelungen":"","erbrechtliche Regelungen":"bei Tod von Br\u00e4utigam vor Thronfolge: englische Thronfolge f\u00fcr erstgeborenen Sohn der Brautleute zugesagt - 9\r\n\r\n"},"Einordnung des Vertrags":{"Textbezug zu vergangenen Ereignissen?":"Ehe zwischen Arthur, Prince of Wales, und Braut, Tod Arthurs erw\u00e4hnt - Pr\u00e4","st\u00e4ndische Instanzen beteiligt?":"","externe Instanzen beteiligt?":"Erlangung von p\u00e4pstlicher Dispens erw\u00e4hnt - 1","Ratifikationen, Best\u00e4tigungen, Genehmigungen erw\u00e4hnt?":"Ratifikation durch Brautvater 24.09.1503, Brautmutter 30.09.1503 erw\u00e4hnt (Rymer 1704-1717, Bd. XIII, S. 85f.)","weitere Vertr\u00e4ge zwischen Vertragsparteien im Zusammenhang mit dieser Ehe":"B\u00fcndnis von London 10.07.1499\r\n\r\nHandelsvertrag von Richmond 23.06.1503\r\n\r\nB\u00fcndnis von Windsor 09.02.1506","Schlagw\u00f6rter":"","Kommentar":"Ehe zwischen Arthur, Braut bezeichnet als \"consummatum\" (78 li)","Literatur":"-"}}}