{"Dokument":{"Name":"Plauen - Braunschweig-L\u00fcneburg-Celle (Nebenlinie)","In Bearbeitung":"Nein","main":{"Name":"Ehevertrag Plauen - Braunschweig-L\u00fcneburg-Celle 1563 (Nebenlinie)","Zuletzt ge\u00e4ndert":"2020-02 JK"},"Grunddaten Ehevertrag":{"Vertragspartner Br\u00e4utigam":"V\u00f6gte von Plauen","Vertragspartner Braut":"Braunschweig-L\u00fcneburg-Celle","Datum Vertragsschlie\u00dfung":"1563-11-24","Ort Vertragsschlie\u00dfung":"Coswig","Eheschlie\u00dfung vollzogen?":"Ja","verschiedenkonfessionelle Ehe?":"Nein"},"Br\u00e4utigam":{"Br\u00e4utigam Name, Titel":"Heinrich VI., Vogt von Plauen, Burggraf zu Mei\u00dfen","Br\u00e4utigam GND":"http:\/\/d-nb.info\/gnd\/104254068","Br\u00e4utigam Geburtsjahr":"1536-00-00","Br\u00e4utigam Sterbejahr":"1572-00-00","Br\u00e4utigam Dynastie":"V\u00f6gte von Plauen","Br\u00e4utigam Konfession":"Evangelisch-Lutherisch"},"Braut":{"Braut Name, Titel":"Katharina von Braunschweig-L\u00fcneburg","Braut GND":"http:\/\/d-nb.info\/gnd\/115471308","Braut Geburtsjahr":"1548-00-00","Braut Sterbejahr":"1565-00-00","Braut Dynastie":"Welfen","Braut Konfession":"Evangelisch-Lutherisch"},"Akteur Br\u00e4utigam":{"Akteur Br\u00e4utigam Name, Titel":"Heinrich VI., Vogt von Plauen, Burggraf von Mei\u00dfen","Akteur Br\u00e4utigam GND":"http:\/\/d-nb.info\/gnd\/104254068","Akteur Br\u00e4utigam Dynastie":"V\u00f6gte von Plauen","Akteur Br\u00e4utigam Verh\u00e4ltnis zu Br\u00e4utigam":"selbst"},"Akteur Braut":{"Akteur Braut Name, Titel":"Klara von Braunschweig-L\u00fcneburg, geb. von Sachsen-Lauenburg","Akteur Braut GND":"http:\/\/d-nb.info\/gnd\/131927221","Akteur Braut Dynastie":"Askanier (Sachsen-Lauenburg)","Akteur Braut Verh\u00e4ltnis zu Braut":"Mutter"},"Vertragstext":{"Archivexemplar":"nicht nachgewiesen","Vertragssprache Archivexemplar":"nicht nachgewiesen","Digitalisat Archivexemplar":"-","Drucknachweis":"Dumont 1726-1739, Bd. V:1, S. 123 f.","Vertragssprache Druck":"Deutsch","Digitalisat Druck":"https:\/\/gallica.bnf.fr\/ark:\/12148\/bpt6k1262878n\/f171.image","Vertragsinhalt":"Artikel 1 (1. Absatz): Eheschlie\u00dfung vereinbart: Beilager festgelegt\r\n\r\nArtikel 2 (1. Absatz): Mitgift festgelegt (12.000 Thaler): v.a. von regierenden Herz\u00f6gen von Celle\r\n\r\nArtikel 3 (1.-8. Absatz): Leibgedinge festgelegt: zuz\u00fcglich Morgengabe, Verwaltung von Witwengut geregelt\r\n\r\nArtikel 4 (9.-10. Absatz): nach Tod Katharinas ohne Kinder: Nutzung, R\u00fcckfall von Mitgift geregelt\r\n\r\nArtikel 5 (11. Absatz): Witwenversorgung geregelt\r\n\r\nArtikel 6 (12. Absatz): bei 2. Ehe Katharinas: R\u00fcckfall von Mitgift, Abl\u00f6sung von Leibgedinge geregelt\r\n\r\nArtikel 7 (13. Absatz): Erbrecht, Mitgift f\u00fcr T\u00f6chter geregelt","Regelungen \u00fcber Thronfolge und Regentschaft":"","konfessionelle Regelungen":"","erbrechtliche Regelungen":"Artikel 7 (12. Absatz): Abl\u00f6sung von Witwensitz und Leibgedinge durch m\u00e4nnliche Erben bei 2. Ehe Katharinas geregelt, falls nur T\u00f6chter aus Ehe hervorgehen: Erbe geregelt"},"Einordnung des Vertrags":{"Textbezug zu vergangenen Ereignissen?":"","st\u00e4ndische Instanzen beteiligt?":"","externe Instanzen beteiligt?":"","Ratifikationen, Best\u00e4tigungen, Genehmigungen erw\u00e4hnt?":"","weitere Vertr\u00e4ge zwischen Vertragsparteien im Zusammenhang mit dieser Ehe":"","Schlagw\u00f6rter":"","Kommentar":"vgl. ENr. 191 zu 2. Ehe Heinrichs 1566\r\nVertrag selbst nicht in Artikel unterteilt","Literatur":"-"}}}