{"Dokument":{"Name":"W\u00fcrttemberg - Gro\u00dfbritannien","In Bearbeitung":"Nein","main":{"Name":"Ehevertrag W\u00fcrttemberg - Gro\u00dfbritannien 1797","Zuletzt ge\u00e4ndert":"2017-10 BB"},"Grunddaten Ehevertrag":{"Vertragspartner Br\u00e4utigam":"W\u00fcrttemberg","Vertragspartner Braut":"Gro\u00dfbritannien","Datum Vertragsschlie\u00dfung":"1797-05-03","Ort Vertragsschlie\u00dfung":"London","Eheschlie\u00dfung vollzogen?":"Ja","verschiedenkonfessionelle Ehe?":"Ja"},"Br\u00e4utigam":{"Br\u00e4utigam Name, Titel":"Friedrich Wilhelm, Erbprinz von W\u00fcrttemberg (sp\u00e4ter Herzog Friedrich II., als Friedrich I. Kurf\u00fcrst, K\u00f6nig)","Br\u00e4utigam GND":"http:\/\/d-nb.info\/gnd\/118703218","Br\u00e4utigam Geburtsjahr":"1754-00-00","Br\u00e4utigam Sterbejahr":"1816-00-00","Br\u00e4utigam Dynastie":"W\u00fcrttemberg","Br\u00e4utigam Konfession":"Evangelisch-Lutherisch"},"Braut":{"Braut Name, Titel":"Auguste Mathilde von Gro\u00dfbritannien","Braut GND":"http:\/\/d-nb.info\/gnd\/101488971","Braut Geburtsjahr":"1766-00-00","Braut Sterbejahr":"1828-00-00","Braut Dynastie":"Welfen","Braut Konfession":"Anglikanisch"},"Akteur Br\u00e4utigam":{"Akteur Br\u00e4utigam Name, Titel":"Friedrich Eugen, Herzog von W\u00fcttemberg","Akteur Br\u00e4utigam GND":"http:\/\/d-nb.info\/gnd\/117753416","Akteur Br\u00e4utigam Dynastie":"W\u00fcrttemberg","Akteur Br\u00e4utigam Verh\u00e4ltnis zu Br\u00e4utigam":"Vater","Akteur Br\u00e4utigam Name, Titel (32)":"Friedrich Wilhelm, Erbprinz von W\u00fcrttemberg (sp\u00e4ter Herzog Friedrich II., als Friedrich I. Kurf\u00fcrst, K\u00f6nig)","Akteur Br\u00e4utigam GND (65)":"http:\/\/d-nb.info\/gnd\/118703218","Akteur Br\u00e4utigam Dynastie (35)":"W\u00fcrttemberg","Akteur Br\u00e4utigam Verh\u00e4ltnis zu Br\u00e4utigam (34)":"selbst"},"Akteur Braut":{"Akteur Braut Name, Titel":"Georg III., K\u00f6nig von Gro\u00dfbritannien, Kurf\u00fcrst von Hannover (George)","Akteur Braut GND":"http:\/\/d-nb.info\/gnd\/118716913","Akteur Braut Dynastie":"Welfen","Akteur Braut Verh\u00e4ltnis zu Braut":"Vater"},"Vertragstext":{"Archivexemplar":"nicht nachgewiesen","Vertragssprache Archivexemplar":"nicht nachgewiesen","Digitalisat Archivexemplar":"-","Drucknachweis":"CTS 54, S. 65-71","Vertragssprache Druck":"Franz\u00f6sisch \/ Englisch","Digitalisat Druck":"-","Vertragsinhalt":"[Pr\u00e4] \u2013 zur St\u00e4rkung der Freundschaft zwischen Gro\u00dfbritannien und W\u00fcrttemberg, zur St\u00e4rkung der protestantischen Religion: Vertragsabschluss bekundet\r\n\r\n1 \u2013 pers\u00f6nliche Eheschlie\u00dfung vereinbart: nach anglikanischem Ritus, in England\r\n\r\n2 \u2013 Mitgift festgelegt\r\n\r\n3 \u2013 Vererbung von Mitgift an Kinder geregelt\r\n\r\n4 \u2013 Kindererziehung in W\u00fcrttemberg geregelt, Eheschlie\u00dfung der Kinder geregelt: nur mit Zustimmung von K\u00f6nig von England\r\n\r\n5 \u2013 nach Tod der Braut ohne Kinder: Anfall der Mitgift an Br\u00e4utigam geregelt\r\n\r\n6 \u2013 Anlage, Nutzung, R\u00fcckfall, Verzinsung der Mitgift geregelt\r\n\r\n7 \u2013 Abzugsrecht der Braut w\u00e4hrend Witwenzeit geregelt\r\n\r\n8 \u2013 Unterhalt f\u00fcr Braut w\u00e4hrend der Ehe geregelt: durch britische Leibrente, mit Zustimmung vom britischen Parlament\r\n\r\n9 \u2013 Regelung von Witwenversorgung, Witwensitz vorbehalten\r\n\r\n10 \u2013 anglikanische Religionsaus\u00fcbung der Braut geregelt\r\n\r\n[Esch] \u2013 Ratifikation geregelt\r\n","Regelungen \u00fcber Thronfolge und Regentschaft":"","konfessionelle Regelungen":"zur St\u00e4rkung der protestantischen Religion: Vertragsabschluss bekundet - Pr\u00e4\r\n\r\nanglikanische Religionsaus\u00fcbung der Braut geregelt - 10\r\n","erbrechtliche Regelungen":"Vererbung von Mitgift an Kinder geregelt - 3"},"Einordnung des Vertrags":{"Textbezug zu vergangenen Ereignissen?":"","st\u00e4ndische Instanzen beteiligt?":"Unterhalt f\u00fcr Braut w\u00e4hrend der Ehe geregelt mit Zustimmung vom britischen Parlament - 8","externe Instanzen beteiligt?":"","Ratifikationen, Best\u00e4tigungen, Genehmigungen erw\u00e4hnt?":"Ratifikation geregelt - Esch","weitere Vertr\u00e4ge zwischen Vertragsparteien im Zusammenhang mit dieser Ehe":"Subsidienvertrag von Ludwigsburg 20.04.1800","Schlagw\u00f6rter":"","Kommentar":"-","Literatur":"-"}}}