{"Dokument":{"Name":"Savoyen-Nemours - Lothringen","In Bearbeitung":"Nein","main":{"Name":"Ehevertrag Savoyen-Nemours - Lothringen 1618","Zuletzt ge\u00e4ndert":"2021-03 JK"},"Grunddaten Ehevertrag":{"Vertragspartner Br\u00e4utigam":"Savoyen-Nemours","Vertragspartner Braut":"Lothringen","Datum Vertragsschlie\u00dfung":"1618-04-14","Ort Vertragsschlie\u00dfung":"Br\u00fcssel","Eheschlie\u00dfung vollzogen?":"Ja","verschiedenkonfessionelle Ehe?":"Nein"},"Br\u00e4utigam":{"Br\u00e4utigam Name, Titel":"Heinrich I. von Savoyen, Herzog von Nemours","Br\u00e4utigam GND":"http:\/\/d-nb.info\/gnd\/138302626","Br\u00e4utigam Geburtsjahr":"1572-00-00","Br\u00e4utigam Sterbejahr":"1632-00-00","Br\u00e4utigam Dynastie":"Savoyen","Br\u00e4utigam Konfession":"R\u00f6misch-Katholisch"},"Braut":{"Braut Name, Titel":"Anna von Lothringen","Braut GND":"","Braut Geburtsjahr":"1600-00-00","Braut Sterbejahr":"1638-00-00","Braut Dynastie":"Lothringen","Braut Konfession":"R\u00f6misch-Katholisch"},"Akteur Br\u00e4utigam":{"Akteur Br\u00e4utigam Name, Titel":"Heinrich I. von Savoyen, Herzog von Nemours","Akteur Br\u00e4utigam GND":"http:\/\/d-nb.info\/gnd\/138302626","Akteur Br\u00e4utigam Dynastie":"Savoyen","Akteur Br\u00e4utigam Verh\u00e4ltnis zu Br\u00e4utigam":"selbst"},"Akteur Braut":{"Akteur Braut Name, Titel":"Karl II. von Lothringen, Herzog von Aumale","Akteur Braut GND":"http:\/\/d-nb.info\/gnd\/1194875734","Akteur Braut Dynastie":"Lothringen","Akteur Braut Verh\u00e4ltnis zu Braut":"Vater","Akteur Braut Name, Titel (36)":"Anna von Lothringen, Herzogin von Aumale","Akteur Braut GND (66)":"","Akteur Braut Dynastie (40)":"Lothringen","Akteur Braut Verh\u00e4ltnis zu Braut (38)":"selbst"},"Vertragstext":{"Archivexemplar":"nicht nachgewiesen","Vertragssprache Archivexemplar":"nicht nachgewiesen","Digitalisat Archivexemplar":"-","Drucknachweis":"Dumont 1726-1739, Bd. V:2, S. 310-312","Vertragssprache Druck":"Franz\u00f6sisch","Digitalisat Druck":"https:\/\/gallica.bnf.fr\/ark:\/12148\/bpt6k1263086r\/f320","Vertragsinhalt":"Artikel 1: Eheschlie\u00dfung zum n\u00e4chsten m\u00f6glichen Zeitpunkt vereinbart, Erbrechte Annas auf m\u00fctterliches Erbe werden durch die Eheschlie\u00dfung nicht beeintr\u00e4chtigt\r\n\r\nArtikel 2: Schenkung Herzog Karls an Anna 1616-12-01, einschlie\u00dflich alle seine Besitzungen in Frankreich best\u00e4tigt: zuz\u00fcglich \u00dcbertragung aller m\u00fctterlichen Rechts- und Erbanspr\u00fcche auf Anna\r\n\r\nArtikel 3: Besitz- und G\u00fctergemeinschaft des Ehepaars vereinbart: ausgenommen bleiben Schulden, die vor der Ehe entstanden sind, Besitz- und G\u00fctergemeinschaft umfasst auch von Anna und Heinrich in die Ehe als Mitgift und Widerlage eingebrachte Geldsummen\r\n\r\nArtikel 4: umfangreiche Regelungen bez\u00fcglich der Vererbung des Besitzes der Eheleute, sowohl f\u00fcr den Fall, dass aus der Ehe Kinder hervorgehen, als auch im Fall, dass sie kinderlosen bleibt\r\n\r\nArtikel 5: Verrechnung eingebrachter Schulden geregelt, Status der Besitz- und G\u00fctergemeinschaft bei Tod eines der Ehepartner geregelt\r\n\r\nArtikel 6: Zugewinne aus Verk\u00e4ufen und Ver\u00e4u\u00dferungen mobiler und immobiler Besitzt\u00fcmer der Eheleute flie\u00dfen in die Besitz- und G\u00fctergemeinschaft zur\u00fcck\r\nArtikel 7: Leibgedinge bzw. Witweng\u00fcter, Witwensitz samt Ausstattung und Witwenversorgung geregelt\r\n\r\nArtikel 8: Anna wird freigestellt, ob sie nach dem Tod ihres Ehemanns dessen Anteile an der G\u00fctergemeinschaft \u00fcbernimmt; falls sie es verweigert: kein R\u00fcckfall der von ihr in die Ehe eingebrachten Geldsumme, sie erh\u00e4lt dann nur, was ihr durch Erbe, Schenkung etc. zusteht\r\n\r\nArtikel 9: Rechte der Erben Heinrichs und lebenslanger Nie\u00dfnutz Annas an Witweng\u00fctern geregelt\r\n\r\nArtikel 10: Vererbung von Annas lothringischem Titel an zweiten Sohn, der aus der Ehe hervorgeht, geregelt; Regelung, falls dieser zweite Sohn verstirbt\r\n\r\nArtikel 11: ausdr\u00fcckliche Zustimmung des K\u00f6nigs von Frankreich und der Erzherz\u00f6ge von \u00d6sterreich bekundet\r\n\r\nArtikel 12: Einholung der Zustimmung des Herzogs von Savoyen geregelt\r\n\r\nArtikel 13: am Vertrag beteiligte Parteien unterstellen sich der Jurisdiktion des Parlaments von Paris sowie der Prevost\u00e9 und Vicomt\u00e9 von Paris","Regelungen \u00fcber Thronfolge und Regentschaft":"Artikel 10: Vererbung von Annas lothringischem Titel an zweiten Sohn, der aus der Ehe hervorgeht, geregelt; Regelung, falls dieser zweite Sohn verstirbt","konfessionelle Regelungen":"","erbrechtliche Regelungen":"Artikel 1: Eheschlie\u00dfung zum n\u00e4chsten m\u00f6glichen Zeitpunkt vereinbart, Erbrechte Annas auf m\u00fctterliches Erbe werden durch die Eheschlie\u00dfung nicht beeintr\u00e4chtigt\r\n\r\nArtikel 2: Schenkung Herzog Karls an Anna 1616-12-01, einschlie\u00dflich alle seine Besitzungen in Frankreich best\u00e4tigt: zuz\u00fcglich \u00dcbertragung aller m\u00fctterlichen Rechts- und Erbanspr\u00fcche auf Anna\r\n\r\nArtikel 4: umfangreiche Regelungen bez\u00fcglich der Vererbung des Besitzes der Eheleute, sowohl f\u00fcr den Fall, dass aus der Ehe Kinder hervorgehen, als auch im Fall, dass sie kinderlosen bleibt\r\n\r\nArtikel 9: Rechte der Erben Heinrichs und lebenslanger Nie\u00dfnutz Annas an Witweng\u00fctern geregelt\r\n\r\nArtikel 10: Vererbung von Annas lothringischem Titel an zweiten Sohn, der aus der Ehe hervorgeht, geregelt; Regelung, falls dieser zweite Sohn verstirbt"},"Einordnung des Vertrags":{"Textbezug zu vergangenen Ereignissen?":"","st\u00e4ndische Instanzen beteiligt?":"Artikel 13: am Vertrag beteiligte Parteien unterstellen sich der Jurisdiktion des Parlaments von Paris sowie der Prevost\u00e9 und Vicomt\u00e9 von Paris","externe Instanzen beteiligt?":"Artikel 11: ausdr\u00fcckliche Zustimmung [...] der Erzherz\u00f6ge von \u00d6sterreich bekundet; Artikel 12: Einholung der Zustimmung des Herzogs von Savoyen geregelt","Ratifikationen, Best\u00e4tigungen, Genehmigungen erw\u00e4hnt?":"Artikel 1: Genehmigung der Eheschlie\u00dfung durch franz\u00f6sischen K\u00f6nigs erw\u00e4hnt [...]","weitere Vertr\u00e4ge zwischen Vertragsparteien im Zusammenhang mit dieser Ehe":"","Schlagw\u00f6rter":"","Kommentar":"Heinrich: vgl. Europ. Stammtf. NF II, 195 - Anna: vgl. Europ. Stammtf. NF I:2, 210B\r\nVertrag selbst ist nicht in Artikel unterteilt","Literatur":"-"}}}