{"Dokument":{"Name":"Schleswig-Holstein-Gottorf - Schweden","In Bearbeitung":"Nein","main":{"Name":"Ehevertrag Schleswig-Holstein-Gottorf - Schweden 1698","Zuletzt ge\u00e4ndert":"2017-11 BB"},"Grunddaten Ehevertrag":{"Vertragspartner Br\u00e4utigam":"Schleswig-Holstein-Gottorf","Vertragspartner Braut":"Schweden","Datum Vertragsschlie\u00dfung":"1698-05-31","Ort Vertragsschlie\u00dfung":"Stockholm","Eheschlie\u00dfung vollzogen?":"Ja","verschiedenkonfessionelle Ehe?":"Nein"},"Br\u00e4utigam":{"Br\u00e4utigam Name, Titel":"Friedrich IV., Herzog von Schleswig-Holstein-Gottorf","Br\u00e4utigam GND":"http:\/\/d-nb.info\/gnd\/104193336","Br\u00e4utigam Geburtsjahr":"1671-00-00","Br\u00e4utigam Sterbejahr":"1702-00-00","Br\u00e4utigam Dynastie":"Oldenburg (Gottorf)","Br\u00e4utigam Konfession":"Evangelisch-Lutherisch"},"Braut":{"Braut Name, Titel":"Hedwig Sophia von Schweden","Braut GND":"http:\/\/d-nb.info\/gnd\/138622744","Braut Geburtsjahr":"1681-00-00","Braut Sterbejahr":"1708-00-00","Braut Dynastie":"Wittelsbach (Schweden)","Braut Konfession":"Evangelisch-Lutherisch"},"Akteur Br\u00e4utigam":{"Akteur Br\u00e4utigam Name, Titel":"Friedrich IV., Herzog von Schleswig-Holstein-Gottorf","Akteur Br\u00e4utigam GND":"http:\/\/d-nb.info\/gnd\/104193336","Akteur Br\u00e4utigam Dynastie":"Oldenburg (Gottorf)","Akteur Br\u00e4utigam Verh\u00e4ltnis zu Br\u00e4utigam":"selbst"},"Akteur Braut":{"Akteur Braut Name, Titel":"Karl XII., K\u00f6nig von Schweden","Akteur Braut GND":"http:\/\/d-nb.info\/gnd\/118560123","Akteur Braut Dynastie":"Wittelsbach (Schweden)","Akteur Braut Verh\u00e4ltnis zu Braut":"Bruder"},"Vertragstext":{"Archivexemplar":"RAS 25.1 Konungahusens urkunder, 42 Urkunder r\u00f6rande hertig Fredriks af Holstein-Gottorp och prinsessan Hedvig Sofias gifterm\u00e5l 1698 \u2013 1700, nr. 42 a Gifterm\u00e5lskontrakt","Vertragssprache Archivexemplar":"Deutsch","Digitalisat Archivexemplar":"https:\/\/sok.riksarkivet.se\/bildvisning\/R0001254","Drucknachweis":"nicht nachgewiesen","Vertragssprache Druck":"nicht nachgewiesen","Digitalisat Druck":"-","Vertragsinhalt":"[Pr\u00e4] \u2013 Brautwerbung bekundet: durch Br\u00e4utigammutter \u2013 Einwilligung von Brautbruder und Braut bekundet \u2013 Eheschlie\u00dfung verabredet\r\n\r\n1 \u2013 Eheschlie\u00dfung vereinbart \u2013 lutherische Religionsaus\u00fcbung der Braut zugesichert \u2013 lutherische Erziehung von Kindern geregelt\r\n\r\n2 \u2013 Mitgift festgelegt \u2013 Geldzahlung statt Aussteuer festgelegt\r\n\r\n3 \u2013 Widerlage festgelegt, Verzinsung geregelt\r\n\r\n4 \u2013 Morgengabe festgelegt, Zahlung geregelt: zusammen mit Verzinsung der Widerlage, zum Unterhalt der Braut w\u00e4hrend der Ehe\r\n\r\n5 \u2013 hypothekarische Verschreibung von Unterhaltszahlung der Braut zugesichert\r\n\r\n6 \u2013 Morgengabe geregelt: Auszahlung von Kapital der Morgengabe an Braut nach Tod von Br\u00e4utigam zugesichert\r\n\r\n7 \u2013 Hofstaat der Braut geregelt: Unterhalt und Bestellung von Bediensteten geregelt\r\n\r\n8-9 \u2013 Witweneink\u00fcnfte; Witweng\u00fcter und Witwensitz festgelegt: Nutzungsrechte geregelt, zuz\u00fcglich Verzinsung von Morgengabe\r\n\r\n10 \u2013 ggf. Nachbesserung von Witweng\u00fctern, Verschreibungsurkunde zugesichert\r\n\r\n11- Unterhalt von Kindern geregelt: unabh\u00e4ngig von Witweneink\u00fcnften \u2013 lutherische Erziehung von Kindern festgelegt \u2013 Aussteuer f\u00fcr T\u00f6chter zugesichert: unabh\u00e4ngig von Witweneink\u00fcnften\r\n\r\n12 \u2013 Verf\u00fcgung der Braut \u00fcber Aussteuergeld und Zugewinn zugesichert: Vererbung geregelt\r\n\r\n13 \u2013 Ausstattung von Witwensitz geregelt\r\n\r\n14 \u2013 Witweng\u00fcter geregelt: Eidesleistung und Huldigung von Amtleuten und Untertanen an Braut geregelt, Rechtsstellung von Untertanen geregelt, Herrschaftsrechte vorbehalten, adlige Dienste an Braut geregelt\r\n\r\n15 \u2013 Witweng\u00fcter geregelt: Besoldung und Bestellung von Amtleuten geregelt\r\n\r\n16 \u2013 Witweng\u00fcter geregelt: Bestellung von Pfarrern und Lehrern nach gottorfischer Kirchenordnung, geregelt, landesherrliche Kirchenhoheit vorbehalten, lutherische Pastoren vorgeschrieben \u2013 Bestellung von Hofprediger der Braut geregelt: nach Pr\u00fcfung durch gottorfische Kirchenbeh\u00f6rden\r\n\r\n17 \u2013 Witweng\u00fcter geregelt: \u00d6ffnung gegen\u00fcber Dritten, \u00dcbergabe an Dritte, B\u00fcndnis mit Dritten verboten, Erhaltung geregelt\r\n\r\n18 \u2013 Witweng\u00fcter geregelt: Schadenersatz bei Nutzungsausfall geregelt\r\n\r\n19 \u2013 Witweng\u00fcter geregelt: Vertauschung geregelt \u2013 Verf\u00fcgung der Braut \u00fcber Zugewinn geregelt: Testierrecht zugesichert\r\n\r\n20-22 \u2013 bei zweiter Ehe der Braut oder bei Abzug der Braut als Witwe ins Ausland: Abl\u00f6sung von Witweng\u00fctern geregelt durch Auszahlung von Mitgift und Morgengabe, Verzinsung von Widerlage geregelt, Vererbung von Mitgift und Morgengabe ggf. an Kinder aus erster und zweiter Ehe geregelt, Abtretung von Witweng\u00fctern und Auslieferung von Verschreibungsurkunden geregelt\r\n\r\n23 \u2013 Indemnit\u00e4t von Witweng\u00fctern und Morgengabe von Schuldenhaftung zugesichert\r\n\r\n24-27 \u2013 Verf\u00fcgung \u00fcber Mitgift w\u00e4hrend der Ehe geregelt \u2013 nach Tod der Braut ohne \u00fcberlebende Kinder: lebenslange Nutzung der Mitgift durch Br\u00e4utigam geregelt, R\u00fcckfall von Mitgift und Zugewinn der Braut nach Tod von Br\u00e4utigam geregelt, R\u00fcckzahlung geregelt\r\n\r\n28 \u2013 Vererbung von Mitgift und Zugewinn der Braut an \u00fcberlebende Kinder geregelt\r\n\r\n29 \u2013 bei Tod von Braut oder Br\u00e4utigam vor Hochzeit: Nichtigkeit von Ehevertrag verabredet\r\n\r\n30 \u2013 Einhaltung zugesichert\r\n\r\n","Regelungen \u00fcber Thronfolge und Regentschaft":"","konfessionelle Regelungen":"lutherische Religionsaus\u00fcbung der Braut zugesichert \u2013 lutherische Erziehung von Kindern geregelt - 1\r\n\r\nlutherische Erziehung von Kindern festgelegt - 11\r\n\r\nWitweng\u00fcter geregelt: Bestellung von Pfarrern und Lehrern nach gottorfischer Kirchenordnung, geregelt, landesherrliche Kirchenhoheit vorbehalten, lutherische Pastoren vorgeschrieben \u2013 Bestellung von Hofprediger der Braut geregelt: nach Pr\u00fcfung durch gottorfische Kirchenbeh\u00f6rden - 16","erbrechtliche Regelungen":"Verf\u00fcgung der Braut \u00fcber Aussteuergeld und Zugewinn zugesichert: Vererbung geregelt - 21\r\n\r\nVerf\u00fcgung der Braut \u00fcber Zugewinn geregelt: Testierrecht zugesichert - 19\r\n\r\nbei zweiter Ehe der Braut oder bei Abzug der Braut als Witwe ins Ausland: Vererbung von Mitgift und Morgengabe ggf. an Kinder aus erster und zweiter Ehe geregelt - 20-22\r\n\r\nVererbung von Mitgift und Zugewinn der Braut an \u00fcberlebende Kinder geregelt - 28"},"Einordnung des Vertrags":{"Textbezug zu vergangenen Ereignissen?":"","st\u00e4ndische Instanzen beteiligt?":"","externe Instanzen beteiligt?":"","Ratifikationen, Best\u00e4tigungen, Genehmigungen erw\u00e4hnt?":"","weitere Vertr\u00e4ge zwischen Vertragsparteien im Zusammenhang mit dieser Ehe":"Konvention \u00fcber Beitritt von Schleswig-Holstein-Gottorf zur Defensivallianz zwischen Schweden, Braunschweig-L\u00fcneburg-Hannover und Braunschweig-L\u00fcneburg-Celle 10.03.1698","Schlagw\u00f6rter":"","Kommentar":"-","Literatur":"-"}}}