{"Dokument":{"Name":"Bayern - \u00d6sterreich","In Bearbeitung":"Nein","main":{"Name":"Ehevertrag Bayern - \u00d6sterreich 1635","Zuletzt ge\u00e4ndert":"2017-07 BB"},"Grunddaten Ehevertrag":{"Vertragspartner Br\u00e4utigam":"Bayern","Vertragspartner Braut":"\u00d6sterreich","Datum Vertragsschlie\u00dfung":"1635-07-17","Ort Vertragsschlie\u00dfung":"Wien","Eheschlie\u00dfung vollzogen?":"Ja","verschiedenkonfessionelle Ehe?":"Nein"},"Br\u00e4utigam":{"Br\u00e4utigam Name, Titel":"Maximilian I., Kurf\u00fcrst von Bayern","Br\u00e4utigam GND":"http:\/\/d-nb.info\/gnd\/118579355","Br\u00e4utigam Geburtsjahr":"1573-00-00","Br\u00e4utigam Sterbejahr":"1651-00-00","Br\u00e4utigam Dynastie":"Wittelsbach (Bayern)","Br\u00e4utigam Konfession":"R\u00f6misch-Katholisch"},"Braut":{"Braut Name, Titel":"Maria Anna von \u00d6sterreich","Braut GND":"http:\/\/d-nb.info\/gnd\/118893289","Braut Geburtsjahr":"1610-00-00","Braut Sterbejahr":"1665-00-00","Braut Dynastie":"Habsburg (\u00d6sterreich)","Braut Konfession":"R\u00f6misch-Katholisch"},"Akteur Br\u00e4utigam":{"Akteur Br\u00e4utigam Name, Titel":"Maximilian I., Kurf\u00fcrst von Bayern","Akteur Br\u00e4utigam GND":"http:\/\/d-nb.info\/gnd\/118579355","Akteur Br\u00e4utigam Dynastie":"Wittelsbach (Bayern)","Akteur Br\u00e4utigam Verh\u00e4ltnis zu Br\u00e4utigam":"selbst"},"Akteur Braut":{"Akteur Braut Name, Titel":"Ferdinand II., r\u00f6mischer Kaiser, Erzherzog von \u00d6sterreich","Akteur Braut GND":"http:\/\/d-nb.info\/gnd\/118532510","Akteur Braut Dynastie":"Habsburg (\u00d6sterreich)","Akteur Braut Verh\u00e4ltnis zu Braut":"Vater"},"Vertragstext":{"Archivexemplar":"nicht nachgewiesen","Vertragssprache Archivexemplar":"nicht nachgewiesen","Digitalisat Archivexemplar":"-","Drucknachweis":"Dumont 1726-1739, Bd. VI:1, S. 111-113","Vertragssprache Druck":"deutsch","Digitalisat Druck":"https:\/\/gallica.bnf.fr\/ark:\/12148\/bpt6k1263173g\/f151.item","Vertragsinhalt":"[Pr\u00e4] \u2013 zu Lob und Ehre Gottes, zu Vermehrung und Bekr\u00e4ftigung von traditioneller Freundschaft, Liebe und Vertrauen zwischen H\u00e4usern, mit p\u00e4pstlicher Dispens, auf Werbung und Eheabrede: Ehe verabredet (111 ref)\r\n\r\n[1] \u2013 Einwilligung f\u00fcr Braut erteilt (112 li)\r\n\r\n[2] \u2013 Mitgift festgelegt: Zahlung geregelt, zuz\u00fcglich Aussteuer, gegen Erbverzicht der Braut: au\u00dfer bei Aussterben des Hauses \u00d6sterreich in m\u00e4nnlicher Linie, mit Zustimmung des Br\u00e4utigams (112 li)\r\n\r\n[3] \u2013 Leibgedinge, Morgengabe festgelegt (112 li)\r\n\r\n[4] \u2013 Witweng\u00fcter, Witwensitz festgelegt: Nutzungsrechte geregelt, Herrschaftsrechte vorbehalten, R\u00fcckfall nach Tod der Braut ohne Kinder geregelt, Ersetzung im Schadensfall oder bei Entfremdung geregelt (112 li-re)\r\n\r\n[5] \u2013 Witwenversorgung geregelt: inkl. Verf\u00fcgungsgewalt, Testierrecht \u00fcber Mitgift und Morgengabe, lebenslange Nutzung von Widerlage geregelt, Witwensitz geregelt, Vererbung von Nachlass der Braut geregelt (112 re)\r\n\r\n[6] \u2013 Witweneink\u00fcfte festgelegt (112 re)\r\n\r\n[7] \u2013 nach Tod von Br\u00e4utigam: \u00dcbergang von Kleidern, Schmuck, Silberwaren an Braut geregelt (112 re)\r\n\r\n[8] \u2013 nach Tod von Braut vor Br\u00e4utigam: Kindererziehung durch Br\u00e4utigam, falls keine Kinder vorhanden: Vererbung von Nachlass der Braut geregelt, lebenslange Nutzung der Mitgift durch Br\u00e4utigam, anschlie\u00dfend R\u00fcckfall oder Vererbung der Mitgift geregelt (112 ref)\r\n\r\n[9] \u2013 Einhaltung bekundet: inkl. Zustimmung von Br\u00fcdern von Braut und Br\u00e4utigam (113 li)\r\n","Regelungen \u00fcber Thronfolge und Regentschaft":"","konfessionelle Regelungen":"","erbrechtliche Regelungen":"Mitgift festgelegt: Zahlung geregelt, zuz\u00fcglich Aussteuer, gegen Erbverzicht der Braut: au\u00dfer bei Aussterben des Hauses \u00d6sterreich in m\u00e4nnlicher Linie, mit Zustimmung des Br\u00e4utigams - 2\r\n\r\nWitwenversorgung geregelt: inkl. Verf\u00fcgungsgewalt, Testierrecht \u00fcber Mitgift und Morgengabe, lebenslange Nutzung von Widerlage geregelt, Witwensitz geregelt, Vererbung von Nachlass der Braut geregelt - 5\r\n\r\nnach Tod von Braut vor Br\u00e4utigam: Kindererziehung durch Br\u00e4utigam, falls keine Kinder vorhanden: Vererbung von Nachlass der Braut geregelt, lebenslange Nutzung der Mitgift durch Br\u00e4utigam, anschlie\u00dfend R\u00fcckfall oder Vererbung der Mitgift geregelt - 8\r\n\r\n[9] \u2013 Einhaltung bekundet: inkl. Zustimmung von Br\u00fcdern von Braut und Br\u00e4utigam (113 li)\r\n"},"Einordnung des Vertrags":{"Textbezug zu vergangenen Ereignissen?":"","st\u00e4ndische Instanzen beteiligt?":"","externe Instanzen beteiligt?":"","Ratifikationen, Best\u00e4tigungen, Genehmigungen erw\u00e4hnt?":"Zustimmung von Br\u00fcdern von Braut und Br\u00e4utigam  erw\u00e4hnt - 9","weitere Vertr\u00e4ge zwischen Vertragsparteien im Zusammenhang mit dieser Ehe":"Vertrag von Wien 10.05.1634 \u00fcber Kriegsbeute\r\n\r\nVertr\u00e4ge von Stuttgart 02\/19.11.1634 \u00fcber Winterquartiere, Beilegung von Zwistigkeiten zwischen Armeen\r\n\r\nerneuerter B\u00fcndnisvertrag 02.1637\r\n\r\nVertrag von Wien 28.06.1638 \u00fcber Befriedigung bayrischer Anspr\u00fcche\r\n\r\nVertrag von M\u00fcnchen 20.11.1638 \u00fcber Winterquartiere (nach Bittner)\r\n","Schlagw\u00f6rter":"","Kommentar":"keine direkten Auswirkungen auf politisches Verh\u00e4ltnis (Albrecht 1998)","Literatur":"Albrecht 1998, S. 934-936 - Kraus 1990, S. 333-335"}}}