{"Dokument":{"Name":"Frankreich - \u00d6sterreich","In Bearbeitung":"Nein","main":{"Name":"Ehevertrag Frankreich - \u00d6sterreich 1810","Zuletzt ge\u00e4ndert":"2017-08 BB"},"Grunddaten Ehevertrag":{"Vertragspartner Br\u00e4utigam":"Frankreich","Vertragspartner Braut":"\u00d6sterreich","Datum Vertragsschlie\u00dfung":"1810-09-03","Ort Vertragsschlie\u00dfung":"Wien","Eheschlie\u00dfung vollzogen?":"Ja","verschiedenkonfessionelle Ehe?":"Nein"},"Br\u00e4utigam":{"Br\u00e4utigam Name, Titel":"Napoleon Bonaparte, Kaiser von Frankreich","Br\u00e4utigam GND":"http:\/\/d-nb.info\/gnd\/118586408","Br\u00e4utigam Geburtsjahr":"1769-00-00","Br\u00e4utigam Sterbejahr":"1821-00-00","Br\u00e4utigam Dynastie":"Bonaparte","Br\u00e4utigam Konfession":"R\u00f6misch-Katholisch"},"Braut":{"Braut Name, Titel":"Marie Louise von \u00d6sterreich","Braut GND":"http:\/\/d-nb.info\/gnd\/118577891","Braut Geburtsjahr":"1791-00-00","Braut Sterbejahr":"1847-00-00","Braut Dynastie":"Habsburg (\u00d6sterreich)","Braut Konfession":"R\u00f6misch-Katholisch"},"Akteur Br\u00e4utigam":{"Akteur Br\u00e4utigam Name, Titel":"Napoleon I., Kaiser von Frankreich","Akteur Br\u00e4utigam GND":"http:\/\/d-nb.info\/gnd\/118586408","Akteur Br\u00e4utigam Dynastie":"Bonaparte","Akteur Br\u00e4utigam Verh\u00e4ltnis zu Br\u00e4utigam":"selbst"},"Akteur Braut":{"Akteur Braut Name, Titel":"Franz I., Kaiser von \u00d6sterreich (bis 1806 als Franz II. r\u00f6mischer Kaiser)","Akteur Braut GND":"http:\/\/d-nb.info\/gnd\/118534955","Akteur Braut Dynastie":"Habsburg (\u00d6sterreich)","Akteur Braut Verh\u00e4ltnis zu Braut":"Vater"},"Vertragstext":{"Archivexemplar":"nicht nachgewiesen","Vertragssprache Archivexemplar":"nicht nachgewiesen","Digitalisat Archivexemplar":"-","Drucknachweis":"Grands trait\u00e9s II, S. 493-496","Vertragssprache Druck":"Franz\u00f6sisch","Digitalisat Druck":"-","Vertragsinhalt":"[Pr\u00e4] \u2013 nach Austausch von Eheversprechen zur Sicherung von Ruhe und Wohlstand von beiden Reichen: Verhandler ernannt, Verhandlungen, Vertragsinhalt bekundet: (493f.)\r\n\r\n1 \u2013 sofortige Eheschlie\u00dfung per Prokurator in Wien vereinbart: nach katholischem Ritus, sp\u00e4tere Ratifikation durch Br\u00e4utigam, pers\u00f6nliche Trauung in Frankreich geregelt\r\n\r\n2 \u2013 \u00dcberf\u00fchrung, kaiserliche Stellung der Braut geregelt\r\n\r\n3 \u2013 Mitgift festgelegt\r\n\r\n4 \u2013 Erbverzicht der Braut geregelt: auf m\u00fctterliches, v\u00e4terliches Erbe und Thronfolge, Erbrecht in Ermangelung weiterer Nachkommen von Brauteltern vorbehalten, Beschw\u00f6rung durch Br\u00e4utigam geregelt\r\n\r\n5-6 \u2013 Brautjuwelen festgelegt: als Geschenke von Brautvater, Br\u00e4utigam, als Eigentum der Braut\r\n\r\n7 \u2013 Witweneink\u00fcnfte festgelegt\r\n\r\n8 \u2013 Unterhalt der Braut w\u00e4hrend der Ehe festgelegt\r\n\r\n9 \u2013 Ratifikation geregelt\r\n","Regelungen \u00fcber Thronfolge und Regentschaft":"\u00dcberf\u00fchrung, kaiserliche Stellung der Braut geregelt - 2\r\n\r\nErbverzicht der Braut geregelt: auf m\u00fctterliches, v\u00e4terliches Erbe und Thronfolge, Erbrecht in Ermangelung weiterer Nachkommen von Brauteltern vorbehalten, Beschw\u00f6rung durch Br\u00e4utigam geregelt - 4\r\n","konfessionelle Regelungen":"","erbrechtliche Regelungen":"Erbverzicht der Braut geregelt: auf m\u00fctterliches, v\u00e4terliches Erbe und Thronfolge, Erbrecht in Ermangelung weiterer Nachkommen von Brauteltern vorbehalten, Beschw\u00f6rung durch Br\u00e4utigam geregelt - 4\r\n"},"Einordnung des Vertrags":{"Textbezug zu vergangenen Ereignissen?":"","st\u00e4ndische Instanzen beteiligt?":"","externe Instanzen beteiligt?":"","Ratifikationen, Best\u00e4tigungen, Genehmigungen erw\u00e4hnt?":"","weitere Vertr\u00e4ge zwischen Vertragsparteien im Zusammenhang mit dieser Ehe":"(nur wichtigste Vertr\u00e4ge:)\n\nFrieden von Pre\u00dfburg 26.12.1805\n\nKonvention von Wien 16.04.1806 \u00fcber frz. Milit\u00e4rtransit nach Istrien\n\nKonvention von Fontainebleau 10.10.1807 \u00fcber frz. Milit\u00e4rtransit nach Istrien\n\nFriedensvertrag von Wien 14.10.1809\n\nB\u00fcndnisvertrag 14.03.1812\n\nVertrag von Dresden 30.06.1813 \u00fcber \u00f6sterreichische Friedensvermittlung\n\nVertrag von Fontainebleau 11.04.1814 \u00fcber Abdankung Napoleons\n","Schlagw\u00f6rter":"Dritter Koalitionskrieg 1805 - F\u00fcnfter Koalitionskrieg 1809 - Sechster Koalitionskrieg 1813-14 - Siebenter Koalitionskrieg 1815","Kommentar":"2. Ehe Napoleons nach Scheidung von Josephine de Beauharnais","Literatur":"-"}}}