{"Dokument":{"Name":"Gro\u00dfbritannien - Frankreich","In Bearbeitung":"Nein","main":{"Name":"Ehevertrag Gro\u00dfbritannien - Frankreich 1625","Zuletzt ge\u00e4ndert":"2017-09 BB"},"Grunddaten Ehevertrag":{"Vertragspartner Br\u00e4utigam":"Gro\u00dfbritannien","Vertragspartner Braut":"Frankreich","Datum Vertragsschlie\u00dfung":"1625-05-08","Ort Vertragsschlie\u00dfung":"Paris","Eheschlie\u00dfung vollzogen?":"Ja","verschiedenkonfessionelle Ehe?":"Ja"},"Br\u00e4utigam":{"Br\u00e4utigam Name, Titel":"Karl I., K\u00f6nig von Gro\u00dfbritannien (Charles)","Br\u00e4utigam GND":"http:\/\/d-nb.info\/gnd\/118720856","Br\u00e4utigam Geburtsjahr":"1600-00-00","Br\u00e4utigam Sterbejahr":"1649-00-00","Br\u00e4utigam Dynastie":"Stuart","Br\u00e4utigam Konfession":"Anglikanisch"},"Braut":{"Braut Name, Titel":"Henriette Marie von Frankreich","Braut GND":"http:\/\/d-nb.info\/gnd\/118904043","Braut Geburtsjahr":"1609-00-00","Braut Sterbejahr":"1669-00-00","Braut Dynastie":"Bourbon (Frankreich)","Braut Konfession":"R\u00f6misch-Katholisch"},"Akteur Br\u00e4utigam":{"Akteur Br\u00e4utigam Name, Titel":"Karl I., K\u00f6nig von Gro\u00dfbritannien (Charles)","Akteur Br\u00e4utigam GND":"http:\/\/d-nb.info\/gnd\/118720856","Akteur Br\u00e4utigam Dynastie":"Stuart","Akteur Br\u00e4utigam Verh\u00e4ltnis zu Br\u00e4utigam":"selbst"},"Akteur Braut":{"Akteur Braut Name, Titel":"Ludwig XIII., K\u00f6nig von Frankreich (Louis)","Akteur Braut GND":"http:\/\/d-nb.info\/gnd\/11872942X","Akteur Braut Dynastie":"Bourbon (Frankreich)","Akteur Braut Verh\u00e4ltnis zu Braut":"Bruder"},"Vertragstext":{"Archivexemplar":"nicht nachgewiesen","Vertragssprache Archivexemplar":"nicht nachgewiesen","Digitalisat Archivexemplar":"https:\/\/gallica.bnf.fr\/ark:\/12148\/bpt6k1263086r\/f484.item","Drucknachweis":"Dumont 1726-1739, Bd. V:2, S. 476-478 - Rymer 1704-1717, Bd. XVII, S. 673-677","Vertragsinhalt":"(Artikelz\u00e4hlung, Seitenz\u00e4hlung nach Dumont)\r\n\r\n[Pr\u00e4] \u2013 nach mehrfacher Brautwerbung durch Br\u00e4utigamvater zur St\u00e4rkung beider Kronen durch ein unaufl\u00f6sliches Band der Freundschaft nach dem Beispiel der vorausgegangenen K\u00f6nige, in der Erkenntnis von Ehre und Nutzen der Eheschlie\u00dfung f\u00fcr die K\u00f6nig und die Christenheit: Ernennung von Verhandlern, Eheverhandlungen, Vertragsabschluss vor Zeugen bekundet (476 li \u2013 re)\r\n\r\n1 \u2013 Eheschlie\u00dfung versprochen f\u00fcr Br\u00e4utigam\r\n\r\n2 \u2013 Eheschlie\u00dfung versprochen f\u00fcr Braut: mit Zustimmung von Brautbruder und Brautmutter, nach Erlangung von p\u00e4pstlicher Dispens, Verlobung nach katholischem Ritus bekundet\r\n\r\n3 \u2013 kirchliche Trauung geregelt: in Frankreich, nach Ritus von Eheschlie\u00dfungen von Brautvater und von Schwester der Stiefmutter\r\n\r\n4 \u2013 \u00dcberf\u00fchrung der Braut geregelt\r\n\r\n5 \u2013 nach \u00dcberf\u00fchrung der Braut: erneute Ratifikation durch Br\u00e4utigam in England geregelt\r\n\r\n6-8 \u2013 katholische Religionsaus\u00fcbung f\u00fcr Braut und ihren Hofstaat geregelt: eigene Kapelle, Hofpriester, Begr\u00e4bnisrecht und eigener Bischof zugesichert, Jurisdiktion \u00fcber Geistliche geregelt, Anzahl der Geistlichen geregelt\r\n\r\n9 \u2013 Verzicht auf Versuche zur Konversion der Braut zugesichert\r\n\r\n10-12 \u2013 Hofstaat der Braut geregelt: wie f\u00fcr englische K\u00f6nigin, Bestellung von katholischen Bediensteten aus Frankreich geregelt, Treueeid der Bediensteten an Br\u00e4utigam und Braut festgelegt\r\n\r\n13 \u2013 Mitgift festgelegt: Zahlung geregelt\r\n\r\n14-17 \u2013 nach Tod von Br\u00e4utigam: Auszahlung von Mitgift an Braut ohne Kinder oder Auszahlung von Mitgiftanteil an Braut mit Kindern geregelt, Kindererziehung durch Braut bis zum 13. Lebensjahr der Kinder geregelt, Vererbung von Mitgiftanteil nach Tod der Braut an Kinder ggf. aus erster und zweiter Ehe geregelt\r\n\r\n18 \u2013 nach Tod von Braut ohne Kinder: R\u00fcckfall von H\u00e4lfte der Mitgift geregelt \u2013 nach Tod der Braut mit Kindern: Vererbung von Nachlass an Kinder geregelt\r\n\r\n19 \u2013 Witweneink\u00fcnfte geregelt\r\n\r\n20 \u2013 Brautjuwelen festgelegt: zu erblichem Besitz der Braut\r\n\r\n21 \u2013 Unterhalt der Braut w\u00e4hrend der Ehe und Witwenversorgung geregelt\r\n\r\n22 \u2013 Witweng\u00fcter und Witwensitz geregelt: Nutzungsrechte geregelt\r\n\r\n23 \u2013 freies R\u00fcckkehrrecht der Braut in Witwenzeit nach Frankreich zugesichert\r\n\r\n24 \u2013 Erbverzicht der Braut geregelt: auf v\u00e4terliches und m\u00fctterliches Erbe, auf kollaterale Erbanspr\u00fcche auf k\u00f6nigliche Herrschaften und Dom\u00e4nen\r\n\r\n25 \u2013 Ratifikation durch Parlamente in Frankreich und England geregelt, Einhaltung zugesichert\r\n\r\n26 \u2013 Konventionalstrafe bei Vertragsbruch vereinbart\r\n\r\n[Esch] \u2013 Einhaltung zugesichert (477 re)\r\n","Regelungen \u00fcber Thronfolge und Regentschaft":"24 \u2013 Erbverzicht der Braut geregelt: auf v\u00e4terliches und m\u00fctterliches Erbe, auf kollaterale Erbanspr\u00fcche auf k\u00f6nigliche Herrschaften und Dom\u00e4nen","konfessionelle Regelungen":"Eheschlie\u00dfung versprochen f\u00fcr Braut:  nach Erlangung von p\u00e4pstlicher Dispens, Verlobung nach katholischem Ritus bekundet - 2\r\n\r\nkirchliche Trauung geregelt: in Frankreich, nach Ritus von Eheschlie\u00dfungen von Brautvater und von Schwester der Stiefmutter - 3\r\n\r\nkatholische Religionsaus\u00fcbung f\u00fcr Braut und ihren Hofstaat geregelt: eigene Kapelle, Hofpriester, Begr\u00e4bnisrecht und eigener Bischof zugesichert, Jurisdiktion \u00fcber Geistliche geregelt, Anzahl der Geistlichen geregelt - 6-8\r\n\r\nVerzicht auf Versuche zur Konversion der Braut zugesichert - 9\r\n\r\nHofstaat der Braut geregelt: Bestellung von katholischen Bediensteten aus Frankreich geregelt, Treueeid der Bediensteten an Br\u00e4utigam und Braut festgelegt - 10-12","erbrechtliche Regelungen":"nach Tod von Br\u00e4utigam: Vererbung von Mitgiftanteil nach Tod der Braut an Kinder ggf. aus erster und zweiter Ehe geregelt - 14-17\r\n\r\nnach Tod der Braut mit Kindern: Vererbung von Nachlass an Kinder geregelt - 18\r\n\r\n Brautjuwelen festgelegt: zu erblichem Besitz der Braut - 20\r\n\r\nErbverzicht der Braut geregelt: auf v\u00e4terliches und m\u00fctterliches Erbe, auf kollaterale Erbanspr\u00fcche auf k\u00f6nigliche Herrschaften und Dom\u00e4nen - 24"},"Einordnung des Vertrags":{"Textbezug zu vergangenen Ereignissen?":"","st\u00e4ndische Instanzen beteiligt?":"Ratifikation durch Parlamente in Frankreich und England geregelt - 25","Ratifikationen, Best\u00e4tigungen, Genehmigungen erw\u00e4hnt?":"Ratifikation durch Parlamente in Frankreich und England geregelt - 25","weitere Vertr\u00e4ge zwischen Vertragsparteien im Zusammenhang mit dieser Ehe":"B\u00fcndnis von Susa 24.04.1629","Schlagw\u00f6rter":"","Kommentar":"-","Literatur":"-"}}}