{"Dokument":{"Name":"Mecklenburg-G\u00fcstrow - D\u00e4nemark","In Bearbeitung":"Nein","main":{"Name":"Ehevertrag Mecklenburg-G\u00fcstrow - D\u00e4nemark 1556","Zuletzt ge\u00e4ndert":"2017-08 BB"},"Grunddaten Ehevertrag":{"Vertragspartner Br\u00e4utigam":"Mecklenburg-G\u00fcstrow ","Vertragspartner Braut":"D\u00e4nemark","Datum Vertragsschlie\u00dfung":"1556-02-16","Ort Vertragsschlie\u00dfung":"Kopenhagen","Eheschlie\u00dfung vollzogen?":"Ja","verschiedenkonfessionelle Ehe?":"Nein"},"Br\u00e4utigam":{"Br\u00e4utigam Name, Titel":"Ulrich III., Herzog von Mecklenburg, Administrator von Schwerin","Br\u00e4utigam GND":"http:\/\/d-nb.info\/gnd\/102120390","Br\u00e4utigam Geburtsjahr":"1527-00-00","Br\u00e4utigam Sterbejahr":"1603-00-00","Br\u00e4utigam Dynastie":"Mecklenburg","Br\u00e4utigam Konfession":"Evangelisch-Lutherisch"},"Braut":{"Braut Name, Titel":"Elisabeth von D\u00e4nemark, Herzoginwitwe von Mecklenburg","Braut GND":"http:\/\/d-nb.info\/gnd\/135659299","Braut Geburtsjahr":"1524-00-00","Braut Sterbejahr":"1586-00-00","Braut Dynastie":"Oldenburg (D\u00e4nemark)","Braut Konfession":"Evangelisch-Lutherisch"},"Akteur Br\u00e4utigam":{"Akteur Br\u00e4utigam Name, Titel":"Ulrich III., Herzog von Mecklenburg, Administrator von Schwerin","Akteur Br\u00e4utigam GND":"http:\/\/d-nb.info\/gnd\/102120390","Akteur Br\u00e4utigam Dynastie":"Mecklenburg","Akteur Br\u00e4utigam Verh\u00e4ltnis zu Br\u00e4utigam":"selbst"},"Akteur Braut":{"Akteur Braut Name, Titel":"Christian III., K\u00f6nig von D\u00e4nemark","Akteur Braut GND":"http:\/\/d-nb.info\/gnd\/119217120","Akteur Braut Dynastie":"Oldenburg (D\u00e4nemark)","Akteur Braut Verh\u00e4ltnis zu Braut":"Bruder","Akteur Braut Name, Titel (36)":"Adolf I., Herzog von Schleswig-Holstein-Gottorf","Akteur Braut GND (66)":"http:\/\/d-nb.info\/gnd\/118812319","Akteur Braut Dynastie (40)":"Oldenburg (D\u00e4nemark)","Akteur Braut Verh\u00e4ltnis zu Braut (38)":"Bruder"},"Vertragstext":{"Archivexemplar":"nicht nachgewiesen","Vertragssprache Archivexemplar":"nicht nachgewiesen","Digitalisat Archivexemplar":"-","Drucknachweis":"DNT I, S. 582-588","Vertragssprache Druck":"Deutsch","Digitalisat Druck":"-","Vertragsinhalt":"[Pr\u00e4] \u2013 Brautwerbung, Bitte des Br\u00e4utigams um F\u00f6rderung der Werbung durch Brautbr\u00fcder bekundet, nach erlangter Zustimmung der Braut: (582)\r\n\r\n1 \u2013 im Namen der heiligen Dreifaltigkeit, zur Mehrung der Christenheit, zur Schaffung von engerer Verwandtschaft und zum Nutzen beider H\u00e4user: Eheschlie\u00dfung beschlossen, Beilager festgesetzt (582)\r\n\r\n2 \u2013 Eheverhandlungen, Einigung \u00fcber Eheg\u00fcter bekundet:\r\n\r\n3 \u2013 Mitgift festgelegt: Mitgift aus erster Ehe eingesetzt, Witweneink\u00fcnfte festgelegt, Auslieferung der Urkunden geregelt\r\n\r\n4 \u2013 nach Tod der Braut: Verbleib von Mitgift bei Br\u00e4utigam geregelt, zu erblichem Besitz von Br\u00e4utigam, Auslieferung der Urkunden geregelt\r\n\r\n5 \u2013 Aussteuer geregelt\r\n\r\n6 \u2013 Witweneink\u00fcnfte festgelegt: zus\u00e4tzlich zu Eink\u00fcnften aus erster Ehe, ggf. Nachbesserung zugesichert, Witwenversorgung geregelt, ggf. ohne Zulage von Herzog Johann Albrecht\r\n\r\n7 \u2013 Register \u00fcber Witweng\u00fcter, Anweisung der Untertanen auf Witweng\u00fcter, Morgengabe, Nachlass der Braut geregelt\r\n\r\n8 \u2013 Erbverzicht der Braut aus erster Ehe best\u00e4tigt, f\u00fcr zweite Ehe wiederholt\r\n\r\n9 \u2013 Zustimmung von Br\u00fcdern des Br\u00e4utigams, ggf. von Kaiser vorbehalten\r\n","Regelungen \u00fcber Thronfolge und Regentschaft":"","konfessionelle Regelungen":"","erbrechtliche Regelungen":"nach Tod der Braut: Verbleib von Mitgift bei Br\u00e4utigam geregelt, zu erblichem Besitz von Br\u00e4utigam, Auslieferung der Urkunden geregelt - 4\r\n\r\nRegister \u00fcber Witweng\u00fcter, Anweisung der Untertanen auf Witweng\u00fcter, Morgengabe, Nachlass der Braut geregelt - 8\r\n\r\nErbverzicht der Braut aus erster Ehe best\u00e4tigt, f\u00fcr zweite Ehe wiederholt - 8\r\n"},"Einordnung des Vertrags":{"Textbezug zu vergangenen Ereignissen?":"","st\u00e4ndische Instanzen beteiligt?":"","externe Instanzen beteiligt?":"Zustimmung ggf. von Kaiser vorbehalten - 9","Ratifikationen, Best\u00e4tigungen, Genehmigungen erw\u00e4hnt?":"Zustimmung von Br\u00fcdern des Br\u00e4utigams, ggf. von Kaiser vorbehalten - 9","weitere Vertr\u00e4ge zwischen Vertragsparteien im Zusammenhang mit dieser Ehe":"\u00dcbereinkunft von Schwaan 28.08.1551 \u00fcber Witweneink\u00fcnfte der Braut aus erster Ehe (DNT I, S. 553-561)\r\n\r\nVertrag von Kopenhagen 12.11.1555 \u00fcber Witweneink\u00fcnfte der Braut aus erster Ehe (DNT I, S. 576-580)","Schlagw\u00f6rter":"","Kommentar":"nach Tod von Elisabeths erstem Ehemann Herzog Magnus III. von Mecklenburg: Streit um Leibgedinge (Laursen)\r\n\r\nvgl. Erbverzichtserkl\u00e4rung Elisabeths 17.02.1556 (DNT I, S. 588-590)","Literatur":"Laursen in DNT I, S. 553-558, 581 f."}}}