{"Dokument":{"Name":"D\u00e4nemark - Brandenburg","In Bearbeitung":"Nein","main":{"Name":"Ehevertrag D\u00e4nemark - Brandenburg 1502","Zuletzt ge\u00e4ndert":"2021-02 JT"},"Grunddaten Ehevertrag":{"Vertragspartner Br\u00e4utigam":"Friedrich (I.) von D\u00e4nemark (als Herzog von Schleswig-Holstein)","Vertragspartner Braut":"Anna von Brandenburg","Datum Vertragsschlie\u00dfung":"1502-09-10","Ort Vertragsschlie\u00dfung":"nicht genannt","Eheschlie\u00dfung vollzogen?":"Ja","verschiedenkonfessionelle Ehe?":"Nein"},"Br\u00e4utigam":{"Br\u00e4utigam Name, Titel":"Friedrich (I.) von D\u00e4nemark (als Herzog von Schleswig-Holstein)","Br\u00e4utigam GND":"http:\/\/d-nb.info\/gnd\/119187620","Br\u00e4utigam Geburtsjahr":"1471-00-00","Br\u00e4utigam Sterbejahr":"1533-00-00","Br\u00e4utigam Dynastie":"Oldenburg (D\u00e4nemark)","Br\u00e4utigam Konfession":"R\u00f6misch-Katholisch"},"Braut":{"Braut Name, Titel":"Anna von Brandenburg","Braut GND":"http:\/\/d-nb.info\/gnd\/1073726738","Braut Geburtsjahr":"1487-00-00","Braut Sterbejahr":"1514-00-00","Braut Dynastie":"Hohenzollern","Braut Konfession":"R\u00f6misch-Katholisch"},"Akteur Br\u00e4utigam":{"Akteur Br\u00e4utigam Name, Titel":"Friedrich (I.) von D\u00e4nemark (als Herzog von Schleswig-Holstein)","Akteur Br\u00e4utigam GND":"http:\/\/d-nb.info\/gnd\/119187620","Akteur Br\u00e4utigam Dynastie":"Oldenburg (D\u00e4nemark)","Akteur Br\u00e4utigam Verh\u00e4ltnis zu Br\u00e4utigam":"Selbst"},"Akteur Braut":{"Akteur Braut Name, Titel":"Joachim Nestor I., Kurf\u00fcrst von Brandenburg","Akteur Braut GND":"http:\/\/d-nb.info\/gnd\/119214644","Akteur Braut Dynastie":"Hohenzollern","Akteur Braut Verh\u00e4ltnis zu Braut":"Bruder","Akteur Braut Name, Titel (36)":"Albrecht von Brandenburg","Akteur Braut GND (66)":"http:\/\/d-nb.info\/gnd\/118647733","Akteur Braut Dynastie (40)":"Hohenzollern","Akteur Braut Verh\u00e4ltnis zu Braut (38)":"Bruder"},"Vertragstext":{"Archivexemplar":"GStA, I. HA Rep. 78, Nr. 24, fol. 27r \u2013 32v","Vertragssprache Archivexemplar":"Deutsch","Digitalisat Archivexemplar":"https:\/\/archivdatenbank.gsta.spk-berlin.de\/midosasearch-gsta\/MidosaSEARCH\/i_ha_rep_78_und_78_a\/index.htm?kid=GStA_i_ha_rep_78_und_78_a_8&uid=GStA_i_ha_rep_78_und_78_a_I_HA_Rep_78_Nr_24","Drucknachweis":"nicht nachgewiesen","Vertragssprache Druck":"nicht nachgewiesen","Digitalisat Druck":"-","Vertragsinhalt":"Artikel 1 (fol. 27r): Eheschlie\u00dfung vereinbart\r\n\r\nArtikel 2 (fol. 27r): 10 000 Gulden als Mitgift, Brautschatz festgelegt, Aussteuer zugesichert\r\n\r\nArtikel 3 (fol. 27v): 10 000 Gulden als Widerlage festgelegt\r\n\r\nArtikel 4 (fol. 27v): Anlage der Mitgift und der Widerlage geregelt\r\n\r\nArtikel 5 (fol. 27v): Versorgung der Braut, 2 000 Gulden j\u00e4hrlich zugesichert; Heiratsgut erw\u00e4hnt\r\n\r\nArtikel 6 (fol. 27v-28r): Bestimmung k\u00f6niglicher Amtleute zu Garanten, Huldigung geregelt\r\n\r\nArtikel 7 (fol. 29r): Witwenversorgung und Witwensitz geregelt, Schloss Kiel als Witwensitz, Nutzungsrechte geregelt, Festlegung von Eink\u00fcnften aus herzoglichen Regalien und Z\u00f6llen als Witwenversorgung, Anerkennung durch Erben und Nachkommen des Br\u00e4utigams geregelt\r\n\r\nArtikel 8 (fol. 29v): Erbrecht des Ehemanns, dann der (m\u00e4nnlichen) Nachkommen geregelt\r\n\r\nArtikel 9 (fol. 29v): Verpflichtungen der Kieler Amtleute gegen\u00fcber der Braut geregelt\r\n\r\nArtikel 10 (fol. 30r): Einhaltung durch Br\u00e4utigam und seine Erben und Nachkommen zugesichert\r\n\r\nArtikel 11 (fol. 31v-32r): Erbverzicht der Braut f\u00fcr sich und ihre Erben auf das Erbe ihrer Familie geregelt","Regelungen \u00fcber Thronfolge und Regentschaft":"","konfessionelle Regelungen":"","erbrechtliche Regelungen":"Artikel 8 (fol. 29v): Erbrecht des Ehemanns, dann der (m\u00e4nnlichen) Nachkommen\r\n\r\nArtikel 11 (fol. 31v-32r): Erbverzicht der Braut f\u00fcr sich und ihre Erben auf das Erbe ihrer Familie"},"Einordnung des Vertrags":{"Textbezug zu vergangenen Ereignissen?":"","st\u00e4ndische Instanzen beteiligt?":"Artikel 6 (fol. 27v-28r): Bestimmung k\u00f6niglicher Amtleute zu Garanten [...]","externe Instanzen beteiligt?":"","Ratifikationen, Best\u00e4tigungen, Genehmigungen erw\u00e4hnt?":"","weitere Vertr\u00e4ge zwischen Vertragsparteien im Zusammenhang mit dieser Ehe":"Eheschlie\u00dfung Brandenburg - D\u00e4nemark 1505","Schlagw\u00f6rter":"","Kommentar":"Artikel des Originalvertrages nicht nummeriert.","Literatur":"-"}}}