{"Dokument":{"Name":"Polen - Pfalz (Kurpfalz)","In Bearbeitung":"Nein","main":{"Name":"Ehevertrag Polen - Pfalz (Kurpfalz) 1691","Zuletzt ge\u00e4ndert":"2017-09 BB"},"Grunddaten Ehevertrag":{"Vertragspartner Br\u00e4utigam":"Polen","Vertragspartner Braut":"Pfalz (Kurpfalz)","Datum Vertragsschlie\u00dfung":"1691-00-00","Ort Vertragsschlie\u00dfung":"nicht nachgewiesen","Eheschlie\u00dfung vollzogen?":"Ja","verschiedenkonfessionelle Ehe?":"Nein"},"Br\u00e4utigam":{"Br\u00e4utigam Name, Titel":"Jakob Ludwig Sobieski, Prinz von Polen (Jakub Ludwik)","Br\u00e4utigam GND":"http:\/\/d-nb.info\/gnd\/120542382","Br\u00e4utigam Geburtsjahr":"1667-00-00","Br\u00e4utigam Sterbejahr":"1737-00-00","Br\u00e4utigam Dynastie":"Sobieski","Br\u00e4utigam Konfession":"R\u00f6misch-Katholisch"},"Braut":{"Braut Name, Titel":"Hedwig Elisabeth Amalia von der Pfalz","Braut GND":"http:\/\/d-nb.info\/gnd\/139996982","Braut Geburtsjahr":"1673-00-00","Braut Sterbejahr":"1722-00-00","Braut Dynastie":"Wittelsbach (Pfalz)","Braut Konfession":"R\u00f6misch-Katholisch"},"Akteur Br\u00e4utigam":{"Akteur Br\u00e4utigam Name, Titel":"Johann III. Sobieski, K\u00f6nig von Polen (Jan)","Akteur Br\u00e4utigam GND":"http:\/\/d-nb.info\/gnd\/118557769","Akteur Br\u00e4utigam Dynastie":"Sobieski","Akteur Br\u00e4utigam Verh\u00e4ltnis zu Br\u00e4utigam":"Vater"},"Akteur Braut":{"Akteur Braut Name, Titel":"Johann Wilhelm von Pfalz-Neuburg, Kurf\u00fcrst von der Pfalz","Akteur Braut GND":"http:\/\/d-nb.info\/gnd\/118712411","Akteur Braut Dynastie":"Wittelsbach (Pfalz)","Akteur Braut Verh\u00e4ltnis zu Braut":"Bruder"},"Vertragstext":{"Archivexemplar":"nicht nachgewiesen","Vertragssprache Archivexemplar":"nicht nachgewiesen","Digitalisat Archivexemplar":"-","Drucknachweis":"CTS 19, S. 169-175","Vertragssprache Druck":"Lateinisch","Digitalisat Druck":"-","Vertragsinhalt":"[Pr\u00e4] \u2013 aus besonderer F\u00fcrsorge von Br\u00e4utigamvater f\u00fcr die ganze Welt und besonders f\u00fcr seine Reiche: Absicht zur Bewahrung der Freundschaft mit benachbarten V\u00f6lkern und zur Freiheit der \u00fcbrigen V\u00f6lker bekundet, Absicht zur St\u00e4rkung von Frieden und allgemeiner Sicherheit durch gegenseitige Ehen und ehrlichen Beistand bekundet \u2013 Entschluss von Br\u00e4utigamvater und Br\u00e4utigam zu einer besonders n\u00fctzlichen Eheschlie\u00dfung bekundet: im Hinblick auf den Glanz des pf\u00e4lzischen Hauses in der ganzen Welt, auf die verwandtschaftlichen Verbindungen von Kurf\u00fcrst Philipp Wilhelm zu allen Familien Europas und auf die Hoffnungen auf dessen Nachkommen in allen verwaisten Reichen \u2013 im Andenken an die alte Freundschaft zur polnischen Nation, an die Abstammung der Brautmutter von den Jagiellonen, an die Eheverbindung von Brautbruder mit Familie Radziwill: Einwilligung von Kurf\u00fcrst Philipp Wilhelm in Brautwerbung und kaiserliche Vermittlung bekundet \u2013 nach Tod von Kurf\u00fcrst Philipp Wilhelm vor Vertragsabschluss: Zustimmung von Brautbruder aus Zuneigung zum polnischen K\u00f6nigshaus bekundet, Ernennung von Verhandlern, Vertragsabschluss bekundet (169f.)\r\n\r\n1 \u2013 Eheversprechen ausgetauscht: f\u00fcr Braut, von Br\u00e4utigam, Trauung nach katholischem Ritus und \u00dcberf\u00fchrung der Braut geregelt\r\n\r\n2 \u2013 Mitgift festgelegt: ggf. R\u00fcckzahlung zugesichert\r\n\r\n3 \u2013 Widerlage und Zulage festgelegt: Nutzung von Mitgift, Widerlage und Zulage durch Br\u00e4utigam auf Lebenszeit geregelt, zu erblichem Besitz des \u00fcberlebenden Ehepartners, Vererbung an Kinder geregelt\r\n\r\n4 \u2013 Unterhalt f\u00fcr Braut und ihren Hofstaat w\u00e4hrend der Ehe geregelt\r\n\r\n5 \u2013 nach Tod von Br\u00e4utigam: Witwenversorgung geregelt, Eigentum der Braut an Mitgift, Widerlage, Zulage geregelt, zus\u00e4tzlicher Zuschuss aus Schlesien zugesichert mit kaiserlicher Genehmigung zu erblichem Recht des Br\u00e4utigams\r\n\r\n6 \u2013 weitere Witweneink\u00fcnfte in Polen zugesichert\r\n\r\n7 \u2013 Unterhalt von Kindern geregelt: ausgenommen von Witwenversorgung \u2013 freie Wahl von Wohnsitz der Braut w\u00e4hrend Witwenzeit zugesichert, ggf. Witwensitz in Polen geregelt\r\n\r\n8 \u2013 Eheschlie\u00dfung und \u00dcberf\u00fchrung der Braut geregelt: Termin vorbehalten\r\n\r\n9 \u2013 Erbverzicht der Braut geregelt: vor Eheschlie\u00dfung, auf Erbe und Nachfolgerecht des pf\u00e4lzischen Hauses, auf Leheng\u00fcter und Allodialg\u00fcter, Erbfall nach Aussterben in m\u00e4nnlicher Linie ausgenommen, nach dem Vorbild der Brautschwestern\r\n\r\n10 \u2013 Einhaltung zugesichert\r\n\r\n11 \u2013 Ratifikation geregelt\r\n","Regelungen \u00fcber Thronfolge und Regentschaft":"Erbverzicht der Braut geregelt: vor Eheschlie\u00dfung, auf Erbe und Nachfolgerecht des pf\u00e4lzischen Hauses, auf Leheng\u00fcter und Allodialg\u00fcter - 9","konfessionelle Regelungen":"1 \u2013 Eheversprechen ausgetauscht: f\u00fcr Braut, von Br\u00e4utigam, Trauung nach katholischem Ritus und \u00dcberf\u00fchrung der Braut geregelt - 1","erbrechtliche Regelungen":"Widerlage und Zulage festgelegt: Nutzung von Mitgift, Widerlage und Zulage durch Br\u00e4utigam auf Lebenszeit geregelt, zu erblichem Besitz des \u00fcberlebenden Ehepartners, Vererbung an Kinder geregelt - 3\r\n\r\nnach Tod von Br\u00e4utigam: Witwenversorgung geregelt, Eigentum der Braut an Mitgift, Widerlage, Zulage geregelt, zus\u00e4tzlicher Zuschuss aus Schlesien zugesichert mit kaiserlicher Genehmigung zu erblichem Recht des Br\u00e4utigams - 5\r\n\r\nErbverzicht der Braut geregelt: vor Eheschlie\u00dfung, auf Erbe und Nachfolgerecht des pf\u00e4lzischen Hauses, auf Leheng\u00fcter und Allodialg\u00fcter, Erbfall nach Aussterben in m\u00e4nnlicher Linie ausgenommen, nach dem Vorbild der Brautschwestern - 9"},"Einordnung des Vertrags":{"Textbezug zu vergangenen Ereignissen?":"","st\u00e4ndische Instanzen beteiligt?":"","externe Instanzen beteiligt?":"kaiserliche Vermittlung erw\u00e4hnt - Pr\u00e4, Zuschuss zu Witwenversorgung mit kaiserlicher Genehmigung erw\u00e4hnt - 5","Ratifikationen, Best\u00e4tigungen, Genehmigungen erw\u00e4hnt?":"Ratifikation geregelt - 11","weitere Vertr\u00e4ge zwischen Vertragsparteien im Zusammenhang mit dieser Ehe":"","Schlagw\u00f6rter":"","Kommentar":"Der Tag und Monat der Vertragschlie\u00dfung sind in CTS 19, S. 169-175 nicht angegeben.","Literatur":"-"}}}