{"Dokument":{"Name":"Gro\u00dfbritannien - Portugal","In Bearbeitung":"Nein","main":{"Name":"Ehevertrag Gro\u00dfbritannien - Portugal 1661","Zuletzt ge\u00e4ndert":"2020-10 JK"},"Grunddaten Ehevertrag":{"Vertragspartner Br\u00e4utigam":"Gro\u00dfbritannien","Vertragspartner Braut":"Portugal","Datum Vertragsschlie\u00dfung":"1661-06-23","Ort Vertragsschlie\u00dfung":"London","Eheschlie\u00dfung vollzogen?":"Ja","verschiedenkonfessionelle Ehe?":"Ja"},"Br\u00e4utigam":{"Br\u00e4utigam Name, Titel":"Karl II. (Charles), K\u00f6nig von Gro\u00dfbritannien","Br\u00e4utigam GND":"http:\/\/d-nb.info\/gnd\/118560042","Br\u00e4utigam Geburtsjahr":"1630-00-00","Br\u00e4utigam Sterbejahr":"1685-00-00","Br\u00e4utigam Dynastie":"Stuart","Br\u00e4utigam Konfession":"Anglikanisch"},"Braut":{"Braut Name, Titel":"Katharina, Tochter von K\u00f6nig Johann IV. (Joao) von Portugal","Braut GND":"http:\/\/d-nb.info\/gnd\/136069053","Braut Geburtsjahr":"1638-00-00","Braut Sterbejahr":"1705-00-00","Braut Dynastie":"Braganza","Braut Konfession":"R\u00f6misch-Katholisch"},"Akteur Br\u00e4utigam":{"Akteur Br\u00e4utigam Name, Titel":"Karl II. (Charles), K\u00f6nig von Gro\u00dfbritannien","Akteur Br\u00e4utigam GND":"http:\/\/d-nb.info\/gnd\/118560042","Akteur Br\u00e4utigam Dynastie":"Stuart","Akteur Br\u00e4utigam Verh\u00e4ltnis zu Br\u00e4utigam":"selbst"},"Akteur Braut":{"Akteur Braut Name, Titel":"Alfons VI., K\u00f6nig von Portugal","Akteur Braut GND":"http:\/\/d-nb.info\/gnd\/119559889","Akteur Braut Dynastie":"Braganza","Akteur Braut Verh\u00e4ltnis zu Braut":"Bruder"},"Vertragstext":{"Archivexemplar":"nicht nachgewiesen","Vertragssprache Archivexemplar":"nicht nachgewiesen","Digitalisat Archivexemplar":"-","Drucknachweis":"CTS 6, S. 329-336 (engl. Fassung); Text nachgewiesen: Parry\/Hopkins 1970, Bd. II, S. 57","Vertragssprache Druck":"Englisch","Digitalisat Druck":"-","Vertragsinhalt":"Artikel 1: Ratifikation aller Vertr\u00e4ge seit 1641 vereinbart\r\n\r\nArtikel 2-4: Abtretung von Tanger an Gro\u00dfbritannien vereinbart, geregelt\r\n\r\nArtikel 5-6: anschlie\u00dfende \u00dcberf\u00fchrung Katharinas nach England vereinbart - Mitgift festgelegt, Zahlung z.T. in Handelswaren geregelt\r\n\r\nArtikel 7: Leibgedinge festgelegt\r\n\r\nArtikel 9: Hofstaat Katharinas geregelt\r\n\r\nArtikel 10: R\u00fcckkehrrecht, Versorgung Katharinas als Witwe geregelt \r\n\r\nArtikel 11: Abtretung von Bombay an Gro\u00dfbritannien vereinbart, geregelt, f\u00fcr britische Unterst\u00fctzung Portugals in Indien gegen Niederlande\r\n\r\nArtikel 12-13: Handelsfreiheit f\u00fcr britische Untertanen in portugiesischen Kolonien in Indien, Brasilien vereinbart\r\n\r\nArtikel14: Aufteilung k\u00fcnftiger R\u00fcckeroberungen, Eroberungen von Niederlanden vereinbart\r\n\r\nArtikel 15-17: Entsendung britischer Truppen, Kriegsschiffe nach Portugal vereinbart \r\n\r\nArtikel 18: kein Frieden mit Spanien zum Schaden Portugals zugesichert von Gro\u00dfbritannien\r\n\r\nArtikel 19: Erbverzicht Katharinas geregelt au\u00dfer Thronfolgerechte. \r\n\r\nGeheimartikel: britische Verteidigung aller portugiesischen Kolonien zugesichert - britische Vermittlung von Frieden zwischen Portugal, Niederlanden zugesichert - britische Erzwingung der R\u00fcckgabe von niederl\u00e4ndischen Eroberungen an Portugal zugesichert - Entsendung von britischen Hilfstruppen nach Indien zugesichert","Regelungen \u00fcber Thronfolge und Regentschaft":"","konfessionelle Regelungen":"Artikel 7: Religionsaus\u00fcbung Katharinas, ihres Hofstaats geregelt","erbrechtliche Regelungen":""},"Einordnung des Vertrags":{"Textbezug zu vergangenen Ereignissen?":"","st\u00e4ndische Instanzen beteiligt?":"","externe Instanzen beteiligt?":"","Ratifikationen, Best\u00e4tigungen, Genehmigungen erw\u00e4hnt?":"","weitere Vertr\u00e4ge zwischen Vertragsparteien im Zusammenhang mit dieser Ehe":"B\u00fcndnis von London 28.04.1660","Schlagw\u00f6rter":"","Kommentar":"-","Literatur":"-"}}}