{"Dokument":{"Name":"Frankreich - Sachsen","In Bearbeitung":"Nein","main":{"Name":"Ehevertrag Frankreich - Sachsen 1747","Zuletzt ge\u00e4ndert":"2020-10 JK"},"Grunddaten Ehevertrag":{"Vertragspartner Br\u00e4utigam":"Frankreich","Vertragspartner Braut":"Sachsen","Datum Vertragsschlie\u00dfung":"1747-09-02","Ort Vertragsschlie\u00dfung":"Dresden","Eheschlie\u00dfung vollzogen?":"Ja","verschiedenkonfessionelle Ehe?":"Nein"},"Br\u00e4utigam":{"Br\u00e4utigam Name, Titel":"Ludwig, Dauphin von Frankreich","Br\u00e4utigam GND":"http:\/\/d-nb.info\/gnd\/132343762","Br\u00e4utigam Geburtsjahr":"1729-00-00","Br\u00e4utigam Sterbejahr":"1765-00-00","Br\u00e4utigam Dynastie":"Bourbon (Frankreich)","Br\u00e4utigam Konfession":"R\u00f6misch-Katholisch"},"Braut":{"Braut Name, Titel":"Maria Josepha von Sachsen","Braut GND":"http:\/\/d-nb.info\/gnd\/119447568","Braut Geburtsjahr":"1731-00-00","Braut Sterbejahr":"1767-00-00","Braut Dynastie":"Wettiner (Albertiner)","Braut Konfession":"R\u00f6misch-Katholisch"},"Akteur Br\u00e4utigam":{"Akteur Br\u00e4utigam Name, Titel":"Ludwig XV., K\u00f6nig von Frankreich","Akteur Br\u00e4utigam GND":"http:\/\/d-nb.info\/gnd\/118729438","Akteur Br\u00e4utigam Dynastie":"Bourbon (Frankreich)","Akteur Br\u00e4utigam Verh\u00e4ltnis zu Br\u00e4utigam":"Vater"},"Akteur Braut":{"Akteur Braut Name, Titel":"August III., K\u00f6nig von Polen","Akteur Braut GND":"http:\/\/d-nb.info\/gnd\/118505092","Akteur Braut Dynastie":"Wettin (Albertiner)","Akteur Braut Verh\u00e4ltnis zu Braut":"Vater"},"Vertragstext":{"Archivexemplar":"nicht nachgewiesen","Vertragssprache Archivexemplar":"nicht nachgewiesen","Digitalisat Archivexemplar":"-","Drucknachweis":"BCh, TRA17470007","Vertragssprache Druck":"franz\u00f6sisch","Vertragsinhalt":"[Pr\u00e4] - Eheschlie\u00dfung vereinbart\r\n\r\n[1] - Vereinbarung der unmittelbaren Hochzeitsfeierlichkeiten\r\n\r\n[2]  - Festlegung der Mitgift (100.000 \u00e9cus d'Allemagne); Erbverzicht der Braut\r\n\r\n[3] - [6] - Weitere Regelungen bzgl. der Mitgift\r\n\r\n[7] - Festlegung des Wittums\r\n\r\n[8] - Ausstattung des Haushalts\r\n\r\n[9] - Vereinbarung der standesgem\u00e4\u00dfen \u00dcberf\u00fchrung der Braut bis zur franz\u00f6sischen Grenze\r\n\r\n[10] - Regelungen f\u00fcr den Tod des Br\u00e4utigams oder das Scheitern der Ehe: Freiz\u00fcgigkeit der Braut, Regelungen bzgl. Mitgift und Wittum\r\n\r\n[11] - Ratifikation durch die beteiligten Akteure (Ratifikationen beigef\u00fcgt)","Regelungen \u00fcber Thronfolge und Regentschaft":"[2] - Erbverzicht der Braut","konfessionelle Regelungen":"","erbrechtliche Regelungen":"[2] - Erbverzicht der Braut"},"Einordnung des Vertrags":{"Textbezug zu vergangenen Ereignissen?":"","st\u00e4ndische Instanzen beteiligt?":"","externe Instanzen beteiligt?":"","Ratifikationen, Best\u00e4tigungen, Genehmigungen erw\u00e4hnt?":"[11] - Ratifikation durch die beteiligten Akteure, Ratifikationen beigef\u00fcgt","weitere Vertr\u00e4ge zwischen Vertragsparteien im Zusammenhang mit dieser Ehe":"","Schlagw\u00f6rter":"","Kommentar":"-","Literatur":"-"}}}