{"Dokument":{"Name":"Bayern - Polen","In Bearbeitung":"Nein","main":{"Name":"Ehevertrag Bayern - Polen 1694","Zuletzt ge\u00e4ndert":"2017-09 BB"},"Grunddaten Ehevertrag":{"Vertragspartner Br\u00e4utigam":"Bayern","Vertragspartner Braut":"Polen","Datum Vertragsschlie\u00dfung":"1694-05-19","Ort Vertragsschlie\u00dfung":"Zolkiew","Eheschlie\u00dfung vollzogen?":"Ja","verschiedenkonfessionelle Ehe?":"Nein"},"Br\u00e4utigam":{"Br\u00e4utigam Name, Titel":"Maximilian II. Emanuel, Kurf\u00fcrst von Bayern","Br\u00e4utigam GND":"http:\/\/d-nb.info\/gnd\/11857941X","Br\u00e4utigam Geburtsjahr":"1662-00-00","Br\u00e4utigam Sterbejahr":"1726-00-00","Br\u00e4utigam Dynastie":"Wittelsbach (Bayern)","Br\u00e4utigam Konfession":"R\u00f6misch-Katholisch"},"Braut":{"Braut Name, Titel":"Therese Kunigunde von Polen","Braut GND":"http:\/\/d-nb.info\/gnd\/119164051","Braut Geburtsjahr":"1676-00-00","Braut Sterbejahr":"1730-00-00","Braut Dynastie":"Sobieski","Braut Konfession":"R\u00f6misch-Katholisch"},"Akteur Br\u00e4utigam":{"Akteur Br\u00e4utigam Name, Titel":"Maximilian II. Emanuel, Kurf\u00fcrst von Bayern","Akteur Br\u00e4utigam GND":"http:\/\/d-nb.info\/gnd\/11857941X","Akteur Br\u00e4utigam Dynastie":"Wittelsbach (Bayern)","Akteur Br\u00e4utigam Verh\u00e4ltnis zu Br\u00e4utigam":"selbst"},"Akteur Braut":{"Akteur Braut Name, Titel":"Johann III., K\u00f6nig von Polen (Jan)","Akteur Braut GND":"http:\/\/d-nb.info\/gnd\/118557769","Akteur Braut Dynastie":"Sobieski","Akteur Braut Verh\u00e4ltnis zu Braut":"Vater"},"Vertragstext":{"Archivexemplar":"nicht nachgewiesen","Vertragssprache Archivexemplar":"nicht nachgewiesen","Digitalisat Archivexemplar":"-","Drucknachweis":"CTS 20, S. 371-377","Vertragssprache Druck":"Lateinisch","Digitalisat Druck":"-","Vertragsinhalt":"[Pr\u00e4] \u2013 auf Anraten von bayerischen St\u00e4nden und Untertanen, zur St\u00e4rkung der Nachfolge im kurf\u00fcrstlichen Haus nach dem Tod von erster Ehefrau: Absicht von Br\u00e4utigam zu zweiter Eheschlie\u00dfung bekundet \u2013 Hinwendung des Br\u00e4utigams zum k\u00f6niglichen Haus Polen bekundet: zum heilsamen Nutzen der christlichen Sache, zur ewigen Ehre f\u00fcr den Br\u00e4utigam, aus R\u00fccksicht auf die polnischen Verbindungen zum Kaisertum, zur Erneuerung der Bande nach Polen, aus R\u00fccksicht auf die Abstammung des polnischen Hauses von den Piasten, auf seine jahrhundertelangen Verdienste und Siege f\u00fcr die Christenheit, auf die Siege des Brautvaters und auf die hohe Abstammung der Brautmutter: Brautwerbung bekundet \u2013 Einwilligung von Brautvater mit Zustimmung von Brautmutter und Braut, Ernennung von Verhandlern und Vertragsabschluss bekundet: zu Gl\u00fcck und Freude der Christenheit, zu Ehren Gottes, zu Zierde und Nutzen beider f\u00fcrstlicher H\u00e4user, f\u00fcr die Unsterblichkeit des polnischen Staates (371 \u2013 373)\r\n\r\n1 \u2013 Mitgift festgelegt, Aussteuer geregelt: m\u00fctterliches Erbe der Braut geregelt, im Gegenzug f\u00fcr Erbverzicht der Braut auf v\u00e4terliches Erbe\r\n\r\n2 \u2013 Widerlage und Witweng\u00fcter festgelegt: Nutzungsrechte geregelt, Herrschaftsrechte ausgenommen, Besichtigung und ggf. Nachbesserung zugesichert\r\n\r\n3 \u2013 Morgengabe geregelt: nach Ermessen des Br\u00e4utigams\r\n\r\n4 \u2013 nach Tod von Br\u00e4utigam: Auszahlung von Mitgift, Aussteuer und Zugewinn an Braut geregelt, Witweneink\u00fcnfte geregelt, freie Wahl von Wohnsitz zugesichert - Witwensitz geregelt: Ausstattung geregelt \u2013 Unterhalt f\u00fcr Braut und ihren Hofstaat w\u00e4hrend der Ehe geregelt\r\n\r\n5 \u2013 nach Tod der Braut: Vererbung von Nachlass an Kinder geregelt \u2013 nach Tod der Braut ohne Kinder: Nutzung von Mitgift und Aussteuer durch Br\u00e4utigam auf Lebenszeit, danach R\u00fcckfall geregelt\r\n\r\n[6] \u2013 bei Tod von Braut oder Br\u00e4utigam vor Eheschlie\u00dfung: Nichtigkeit des Vertrags vereinbart (377)\r\n\r\n[Esch] \u2013 Einhaltung zugesichert, Ratifikation und \u00dcbergabe von Erbverzichtsurkunde geregelt (377)","Regelungen \u00fcber Thronfolge und Regentschaft":"","konfessionelle Regelungen":"","erbrechtliche Regelungen":"Mitgift festgelegt, Aussteuer geregelt: im Gegenzug f\u00fcr Erbverzicht der Braut auf v\u00e4terliches Erbe - 1\r\n\r\nnach Tod der Braut: Vererbung von Nachlass an Kinder geregelt - 5\r\n\r\nEinhaltung zugesichert, Ratifikation und \u00dcbergabe von Erbverzichtsurkunde geregelt - Esch"},"Einordnung des Vertrags":{"Textbezug zu vergangenen Ereignissen?":"","st\u00e4ndische Instanzen beteiligt?":"Anraten von bayerischen St\u00e4nden und Untertanen zu Eheschlie\u00dfung erw\u00e4hnt - Pr\u00e4","externe Instanzen beteiligt?":"","Ratifikationen, Best\u00e4tigungen, Genehmigungen erw\u00e4hnt?":"Ratifikation und \u00dcbergabe von Erbverzichtsurkunde geregelt - Esch","weitere Vertr\u00e4ge zwischen Vertragsparteien im Zusammenhang mit dieser Ehe":"","Schlagw\u00f6rter":"","Kommentar":"-","Literatur":"-"}}}