{"Dokument":{"Name":"Polen - \u00d6sterreich","In Bearbeitung":"Nein","main":{"Name":"Ehevertrag Polen - \u00d6sterreich 1538","Zuletzt ge\u00e4ndert":"2021-03 JK"},"Grunddaten Ehevertrag":{"Vertragspartner Br\u00e4utigam":"Polen","Vertragspartner Braut":"\u00d6sterreich","Datum Vertragsschlie\u00dfung":"1538-06-16","Ort Vertragsschlie\u00dfung":"Bratislava","Eheschlie\u00dfung vollzogen?":"Ja","verschiedenkonfessionelle Ehe?":"Nein"},"Br\u00e4utigam":{"Br\u00e4utigam Name, Titel":"Sigismund II. August, K\u00f6nig von Polen, Sohn von K\u00f6nig Sigismund I.","Br\u00e4utigam GND":"http:\/\/d-nb.info\/gnd\/118614193","Br\u00e4utigam Geburtsjahr":"1520-00-00","Br\u00e4utigam Sterbejahr":"1572-00-00","Br\u00e4utigam Dynastie":"Jagiellonen","Br\u00e4utigam Konfession":"R\u00f6misch-Katholisch"},"Braut":{"Braut Name, Titel":"Elisabeth von \u00d6sterreich","Braut GND":"http:\/\/d-nb.info\/gnd\/129883514","Braut Geburtsjahr":"1526-00-00","Braut Sterbejahr":"1545-00-00","Braut Dynastie":"Habsburg (\u00d6sterreich)","Braut Konfession":"R\u00f6misch-Katholisch"},"Akteur Br\u00e4utigam":{"Akteur Br\u00e4utigam Name, Titel":"Sigismund I., K\u00f6nig von Polen, und Sigismund II. August, K\u00f6nig von Polen","Akteur Br\u00e4utigam GND":"http:\/\/d-nb.info\/gnd\/118797158","Akteur Br\u00e4utigam Dynastie":"Jagellionen","Akteur Br\u00e4utigam Verh\u00e4ltnis zu Br\u00e4utigam":"Vater und selbst"},"Akteur Braut":{"Akteur Braut Name, Titel":"Ferdinand I., r\u00f6mischer K\u00f6nig","Akteur Braut GND":"http:\/\/d-nb.info\/gnd\/118532502","Akteur Braut Dynastie":"Habsburg (\u00d6sterreich)","Akteur Braut Verh\u00e4ltnis zu Braut":"Vater"},"Vertragstext":{"Archivexemplar":"nicht nachgewiesen","Vertragssprache Archivexemplar":"nicht nachgewiesen","Digitalisat Archivexemplar":"-","Drucknachweis":"Bartenstein 1741, Beilage Urk. 30","Vertragssprache Druck":"Latein","Digitalisat Druck":"-","Vertragsinhalt":"Pr\u00e4ambel: gem\u00e4\u00df dem Vertrag von Posen 1530-11-10 umfasst der vorliegende Vertrag folgende Artikel:\r\n\r\nArtikel 1: Eheschlie\u00dfung vereinbart, Mitgift festgelegt, Mitgiftzahlung geregelt\r\n\r\nArtikel 2: Widerlage festgelegt, Leibgedingeg\u00fcter festgelegt: zum \u00dcbergang an Elisabeth nach Tod ihrer Schwiegermutter, Ausstellung der Versicherungsurkunde geregelt\r\n\r\nArtikel 3: Zustimmung Ferdinands zu Morgengabe nach Gutd\u00fcnken Sigismunds bekundet\r\n\r\nArtikel 4: bei Tod Elisabeths: \u00dcbergang von Mitgift, Widerlage, Morgengabe an Sigismund, ohne R\u00fcckfall vereinbart\r\n\r\nArtikel 5: bei Tod Sigismunds ohne Kinder: Nutzung von Leibgedingeg\u00fctern durch Elisabeth, nach ihrem Tod R\u00fcckfall von Widerlage, Vererbung von Mitgift, Morgengabe vereinbart\r\n\r\nArtikel 6: \u00dcberf\u00fchrung Elisabeths im Alter von 16 Jahren geregelt\r\n\r\nArtikel 7: Erbverzicht Elisabeths geregelt: mit Zustimmung Sigismunds\r\n\r\nArtikel 8: bei Tod von Ehepartner vor Eheschlie\u00dfung: Vertrag nichtig\r\n\r\nArtikel 9: Eheschlie\u00dfung durch Prokurator vereinbart: im Anschlu\u00df an Vertragsunterzeichnung\r\n\r\nArtikel 10: Einhaltung zugesichert, Ratifikation geregelt","Regelungen \u00fcber Thronfolge und Regentschaft":"","konfessionelle Regelungen":"","erbrechtliche Regelungen":"Artikel 5: [...] Vererbung von Mitgift, Morgengabe vereinbart\r\n\r\nArtikel 7: Erbverzicht Elisabeths geregelt: mit Zustimmung Sigismunds"},"Einordnung des Vertrags":{"Textbezug zu vergangenen Ereignissen?":"Pr\u00e4ambel: Verweis auf Vertrag von Posen 1530-11-10 ","st\u00e4ndische Instanzen beteiligt?":"","externe Instanzen beteiligt?":"","Ratifikationen, Best\u00e4tigungen, Genehmigungen erw\u00e4hnt?":"Artikel 10: Einhaltung zugesichert, Ratifikation geregelt","weitere Vertr\u00e4ge zwischen Vertragsparteien im Zusammenhang mit dieser Ehe":"(Waffenstillstand von Posen 1530-11-10 \u00d6-Ungarn: unter polnischer Vermittlung - Waffenstillstand von Wissegrad 1531-05-17 \u00d6-Ungarn: unter polnischer Garantie) - Abkommen von Glogau 1535-05-08 \u00fcber Rechtsgang zwischen beiderseitigen Untertanen (- B\u00fcndnis 1549-08-02)","Schlagw\u00f6rter":"","Kommentar":"Vertrag selbst ist nicht in Artikel unterteilt.","Literatur":"Kohler 2003, S. 292 - Sutter Fichtnner 1982, S. 91 (erw. Vorvertrag 1530)"}}}