{"Dokument":{"Name":"M\u00fcnsterberg-Oels - Sachsen-Altenburg (Nebenlinie)","In Bearbeitung":"Nein","main":{"Name":"Ehevertrag M\u00fcnsterberg-Oels - Sachsen-Altenburg 1618 (Nebenlinie)","Zuletzt ge\u00e4ndert":"2021-04 JK"},"Grunddaten Ehevertrag":{"Vertragspartner Br\u00e4utigam":"M\u00fcnsterberg-Oels","Vertragspartner Braut":"Sachsen-Altenburg","Datum Vertragsschlie\u00dfung":"1618-06-03","Ort Vertragsschlie\u00dfung":"Altenburg","Eheschlie\u00dfung vollzogen?":"Ja","verschiedenkonfessionelle Ehe?":"Nein"},"Br\u00e4utigam":{"Br\u00e4utigam Name, Titel":"Karl Friedrich, Herzog von M\u00fcnsterberg-Oels","Br\u00e4utigam GND":"http:\/\/d-nb.info\/gnd\/120182955","Br\u00e4utigam Geburtsjahr":"1593-00-00","Br\u00e4utigam Sterbejahr":"1647-00-00","Br\u00e4utigam Dynastie":"M\u00fcnsterberg-Oels","Br\u00e4utigam Konfession":"Evangelisch-Lutherisch"},"Braut":{"Braut Name, Titel":"Anna Sophia von Sachsen-Altenburg","Braut GND":"http:\/\/d-nb.info\/gnd\/120182998","Braut Geburtsjahr":"1598-00-00","Braut Sterbejahr":"1641-00-00","Braut Dynastie":"Sachsen-Altenburg","Braut Konfession":"Evangelisch-Lutherisch"},"Akteur Br\u00e4utigam":{"Akteur Br\u00e4utigam Name, Titel":"Karl Friedrich, Herzog von M\u00fcnsterberg-Oels","Akteur Br\u00e4utigam GND":"http:\/\/d-nb.info\/gnd\/120182955","Akteur Br\u00e4utigam Dynastie":"M\u00fcnsterberg-Oels","Akteur Br\u00e4utigam Verh\u00e4ltnis zu Br\u00e4utigam":"selbst"},"Akteur Braut":{"Akteur Braut Name, Titel":"Johann Philipp, Herzog von Sachsen-Altenburg","Akteur Braut GND":"http:\/\/d-nb.info\/gnd\/102109176","Akteur Braut Dynastie":"Sachsen-Altenburg","Akteur Braut Verh\u00e4ltnis zu Braut":"Bruder"},"Vertragstext":{"Archivexemplar":"nicht nachgewiesen","Vertragssprache Archivexemplar":"nicht nachgewiesen","Digitalisat Archivexemplar":"-","Drucknachweis":"Dumont 1726-1739, Bd. V:2, S. 317-321","Vertragssprache Druck":"Deutsch","Digitalisat Druck":"https:\/\/gallica.bnf.fr\/ark:\/12148\/bpt6k1263086r\/f327.item","Vertragsinhalt":"Artikel 1: Eheschlie\u00dfung vereinbart, Beilager in Oels vereinbart, auf Kosten von Herzog Karl Friedrich, angemessener Unterhalt der Braut zugesichert, Aus\u00fcbung der Augsburgische Konfession zugesichert, im Fall des vorzeitigen Todes Karl Friedrichs hat Anna Sophia das Recht, auf Kosten seiner Erben einen lutherischen Prediger anzustellen, eventuelle Kinder aus der Ehe sollen lutherisch erzogen werden\r\n\r\nArtikel 2: Mitgift in H\u00f6he von 20.000 Gulden festgelegt, Zahlung geregelt, Brautschatz geregelt, Morgengabe festgelegt: Schmuck im Wert von 3.000 Gulden, weitere 3.000 Gulden als Geldgeschenk, Zusicherung j\u00e4hrlicher Zahlung von 150 Gulden, Besitz- und Nutzungsrecht daran geregelt\r\n\r\nArtikel 3: Handgeld Anna Sophias w\u00e4hrend der Ehe geregelt, als j\u00e4hrliche Zahlung, die beim Tod Karl Friedrichs endet\r\n\r\nArtikel 4: R\u00fcckfall und ggf. Abl\u00f6sung der Morgengabe im Fall des Todes von Anna Sophia geregelt\r\nArtikel 5: Gegengeld bzw. Widerlage in H\u00f6he von 20.000 Gulden zugesichert, Nutzungsrecht Anna Sophias an ausgewiesenen G\u00fctern Karl Friedrichs geregelt (als Leibgedinge- bzw. Witweng\u00fcter), sodass sie ein j\u00e4hrliches Einkommen von 4.150 Gulden erzielt, Ausschluss Anna Sophies von der Haftung f\u00fcr eventuelle Schulden ihres Ehemanns festgelegt\r\n\r\nArtikel 6: falls die in Artikel 5 genannte Summe aus den ausgewiesenen G\u00fctern nicht erzielt werden kann, sind Karl Friedrich oder seine Nachkommen zur Erg\u00e4nzung und Kompensation verpflichtet, bei Verlust des Witwensitzes ist angemessener Ersatz zu stellen\r\n\r\nArtikel 7: Hoheits- und Steuerrechte auf Anna Sophias Kammer- und Witweng\u00fctern geregelt\r\n\r\nArtikel 8: Anna Sophias Recht auf Verleihung und Besetzung von \u00c4mtern auf ihren Witweng\u00fctern geregelt, eingesetzte Pfarrherren auf Augsburger Konfession verpflichtet, Lebensmittelversorgung ihres Haushalts geregelt\r\n\r\nArtikel 9: Nutzung der Witweng\u00fcter ab Karl Friedrichs Tod zugestanden\r\n\r\nArtikel 10: Verpflichtung der Erben Karl Friedrichs auf Schutz und Schirm der Witweng\u00fcter\r\n\r\nArtikel 11: Huldigung und Anerkennung Anna Sophias als Obrigkeit durch Adel und Untertanen auf den Witweng\u00fctern geregelt\r\n\r\nArtikel 12-13: Ausstattung und Versorgung des Witwensitzes durch die Erben Karl Friedrichs geregelt\r\n\r\nArtikel 14: Nutzungsrechte der Witwe geregelt\r\n\r\nArtikel 15-16: Anna Sophia von Haftung f\u00fcr w\u00e4hrend der Ehe entstandene Schulden Karl Friedrichs ausgenommen, im Gegenzug stellt sie nach seinem Tod keine Forderungen an seinem Besitz \u00fcber die zugewiesenen Witweng\u00fcter hinaus\r\n\r\nArtikel 16: \u00fcber die zugewiesenen Witweng\u00fcter hinausgehende Verschreibungen Karl Friedrichs d\u00fcrfen Anna Sophia nach seinem Tod nicht verweigert werden\r\n\r\nArtikel 17: Ausstattung des Witwensitzes mit Silbergeschirr geregelt \r\n\r\nArtikel 18: Erbverzicht Anna Sophias an v\u00e4terlichem und m\u00fctterlichem Erbe im Gegenzug f\u00fcr Mitgift geregelt\r\n\r\nArtikel 19: bei Tod Anna Sophias vor Karl Friedrich: falls keine Leibeserben vorhanden, erh\u00e4lt er das Recht auf lebenslange Nutzung der Mitgift; nach dessen Tod: Vererbung ihres mobilen Besitzes und der Mitgift an Johann Philipp von Sachsen-Altenburg oder die Erben Karl Friedrichs geregelt\r\n\r\nArtikel 20: Sicherheiten f\u00fcr Johann Philipps Erbanspr\u00fcche geregelt\r\n\r\nArtikel 21: bei Tod Karl Friedrichs: Anspr\u00fcche Anna Sophias auf lebenslange Nutzung des Witwenguts und auf dessen Schutz geregelt\r\n\r\nArtikel 22: im Fall von Anna Sophias Wiederverheiratung nach Karl Friedrichs Tod: Abl\u00f6sung des Witwenguts durch seine Erben geregelt, Besitzrechte an ihrem mobilen Besitz bleiben bestehen\r\n\r\nArtikel 23-24: Verzinsung der Widerlage und Morgengabe geregelt\r\n\r\nArtikel 25: Inventar und gemeinsamer Besitz der Hochzeitsgeschenke geregelt \r\nArtikel 26: Vererbung des Besitzes der Eheleute beim Fehlen von gemeinsamen Kindern und Fehlen besonderer testamentarischer Regelungen geregelt \r\n\r\nArtikel 27-28: Anna Sophia nicht f\u00fcr w\u00e4hrend der Ehe entstandene Schulden haftbar, wenn sie sich hingegen im Witwenstand verschuldet, sind Karl Friedrichs Erben von Schuldenhaftung ausgenommen \r\n\r\nArtikel 29: Aufteilung des Nachlasses Anna Sophias auf Kinder aus der Ehe mit Karl Friedrich und eventuelle Kinder aus einer nachfolgenden Ehe geregelt \r\n\r\nArtikel 30: bei Tod Anna Sophias nach dem Beilager aber vor der Auszahlung der Mitgift: volle G\u00fcltigkeit der wechselseitigen Zahlungsverpflichtungen der Vertragsparteien \r\n\r\nArtikel 31: wechselseitige pers\u00f6nliche Ehezusage zwischen Karl Friedrich und Anna Sophia bekundet\r\n\r\nArtikel 32: bei Tod eines der Ehepartner vor dem Beilager: Aufhebung des Vertrags geregelt\r\n\r\nArtikel 33: wechselseitige Einhaltung zugesichert\r\n\t\r\nArtikel 34: Beurkundung geregelt\r\n\r\nArtikel 35: Zustimmung von Herzog Heinrich Wenzel von M\u00fcnsterberg bekundet\r\n\r\nAnhang: umfangreiche f\u00fcrstlich-m\u00fcnsterbergische Wittumsverschreibung","Regelungen \u00fcber Thronfolge und Regentschaft":"","konfessionelle Regelungen":"Artikel 1: [...] im Fall des vorzeitigen Todes Karl Friedrichs hat Anna Sophia das Recht, auf Kosten seiner Erben einen lutherischen Prediger anzustellen, eventuelle Kinder aus der Ehe sollen lutherisch erzogen werden\r\n\r\nArtikel 8: Anna Sophias Recht auf Verleihung und Besetzung von \u00c4mtern auf ihren Witweng\u00fctern geregelt, eingesetzte Pfarrherren auf Augsburger Konfession verpflichtet [...]","erbrechtliche Regelungen":"Artikel 18: Erbverzicht Anna Sophias an v\u00e4terlichem und m\u00fctterlichem Erbe im Gegenzug f\u00fcr Mitgift geregelt\r\n\r\nArtikel 19: bei Tod Anna Sophias vor Karl Friedrich: falls keine Leibeserben vorhanden, erh\u00e4lt er das Recht auf lebenslange Nutzung der Mitgift; nach dessen Tod: Vererbung ihres mobilen Besitzes und der Mitgift an Johann Philipp von Sachsen-Altenburg oder die Erben Karl Friedrichs geregelt\r\n\r\nArtikel 20: Sicherheiten f\u00fcr Johann Philipps Erbanspr\u00fcche geregelt\r\n\r\nArtikel 26: Vererbung des Besitzes der Eheleute beim Fehlen von gemeinsamen Kindern und Fehlen besonderer testamentarischer Regelungen geregelt "},"Einordnung des Vertrags":{"Textbezug zu vergangenen Ereignissen?":"","st\u00e4ndische Instanzen beteiligt?":"","externe Instanzen beteiligt?":"Anhang: umfangreiche f\u00fcrstlich-m\u00fcnsterbergische Wittumsverschreibung","Ratifikationen, Best\u00e4tigungen, Genehmigungen erw\u00e4hnt?":"","weitere Vertr\u00e4ge zwischen Vertragsparteien im Zusammenhang mit dieser Ehe":"","Schlagw\u00f6rter":"","Kommentar":"Karl Friedrich: letzter Herzog von M\u00fcnsterberg-Oels, 1618 nur 1 weiterer Bruder lebendig - vermittelt durch Kurf\u00fcrst Johann Georg I. von Sachsen, als Vormund f\u00fcr Johann Philipp von Sachsen-Altenburg, gegen den Widerstand von Anna Sophias Mutter.\r\n\r\nVertrag selbst ist nicht in Artikel unterteilt","Literatur":"Kn\u00f6fel 2009, S. 297, 300 f."}}}