{"Dokument":{"Name":"D\u00e4nemark - Mecklenburg-G\u00fcstrow","In Bearbeitung":"Nein","main":{"Name":"Ehevertrag D\u00e4nemark - Mecklenburg-G\u00fcstrow 1572","Zuletzt ge\u00e4ndert":"2020-09 JK"},"Grunddaten Ehevertrag":{"Vertragspartner Br\u00e4utigam":"D\u00e4nemark","Vertragspartner Braut":"Mecklenburg-G\u00fcstrow","Datum Vertragsschlie\u00dfung":"1572-06-17","Ort Vertragsschlie\u00dfung":"Kopenhagen","Eheschlie\u00dfung vollzogen?":"Ja","verschiedenkonfessionelle Ehe?":"Nein"},"Br\u00e4utigam":{"Br\u00e4utigam Name, Titel":"Friedrich II. (Frederik), K\u00f6nig von D\u00e4nemark","Br\u00e4utigam GND":"http:\/\/d-nb.info\/gnd\/118703188","Br\u00e4utigam Geburtsjahr":"1534-00-00","Br\u00e4utigam Sterbejahr":"1588-00-00","Br\u00e4utigam Dynastie":"Oldenburg (D\u00e4nemark)","Br\u00e4utigam Konfession":"Evangelisch-Lutherisch"},"Braut":{"Braut Name, Titel":"Sophie von Mecklenburg-G\u00fcstrow","Braut GND":"http:\/\/d-nb.info\/gnd\/124970826","Braut Geburtsjahr":"1557-00-00","Braut Sterbejahr":"1631-00-00","Braut Dynastie":"Mecklenburg","Braut Konfession":"Evangelisch-Lutherisch"},"Akteur Br\u00e4utigam":{"Akteur Br\u00e4utigam Name, Titel":"Friedrich II. (Frederik), K\u00f6nig von D\u00e4nemark","Akteur Br\u00e4utigam GND":"http:\/\/d-nb.info\/gnd\/118703188","Akteur Br\u00e4utigam Dynastie":"Oldenburg (D\u00e4nemark)","Akteur Br\u00e4utigam Verh\u00e4ltnis zu Br\u00e4utigam":"selbst"},"Akteur Braut":{"Akteur Braut Name, Titel":"Ulrich III. , Herzog zu Mecklenburg","Akteur Braut GND":"http:\/\/d-nb.info\/gnd\/102120390","Akteur Braut Dynastie":"Mecklenburg","Akteur Braut Verh\u00e4ltnis zu Braut":"Vater"},"Vertragstext":{"Archivexemplar":"nicht nachgewiesen","Vertragssprache Archivexemplar":"nicht nachgewiesen","Digitalisat Archivexemplar":"-","Drucknachweis":"DNT II, S. 305-310 (A), 311-313 (B)","Vertragssprache Druck":"Deutsch","Digitalisat Druck":"-","Vertragsinhalt":"A) \r\nPr\u00e4ambel: Zur Ehre des Allm\u00e4chtigen und Sterkung und Wohlfahrt beider L\u00e4nder\r\n\r\nArtikel 1: Leibgedinge festgelegt, als Witwenversorgung\r\n\r\nArtikel 2: k\u00f6nigliche, f\u00fcrstliche Hoheitsrechte auf Leibgedingeg\u00fctern vorbehalten\r\n\r\nArtikel 3: st\u00e4ndische bzw. adelige Privilegien und Freiheiten auf Leibgedingeg\u00fctern garantiert\r\n\r\nArtikel 4: keine Ver\u00e4u\u00dferungen von Teilen der Wittumsg\u00fcter, solange Br\u00e4utigam lebt\r\n\r\nArtikel 5: keine Eingriffe in Wittumsrechte durch Nachkommen, solange Witwe lebt\r\n\r\nArtikel 6: Aussteuer als Privateigentum Sophies gesch\u00fctzt\r\n\r\nArtikel 7: Bei vorzeitigem Tod der Braut: Leibgedinge und Mobilien der Braut fallen an Br\u00e4utigam und Nachkommen\r\n\r\nArtikel 8: bei zweiter Ehe Sophies: R\u00fcckgabe von Leibgedinge, Herausgabe von Brautschatz und Ehegeld samt Zugewinn geregelt\r\n\r\nArtikel 9: Bei vorzeitigem Tod der Braut ohne leibliche Erben: Einbehalt von Brautschatz, Ehegeld durch Br\u00e4utigam und Nachkommen\r\n\r\nArtikel 10: Sophie soll Leibgedinge verantwortungsbewusst verwalten\r\n\r\nArtikel 11: Garantie der Vertragsartikel durch K\u00f6nig Friedrich und d\u00e4nische Reichsr\u00e4the\r\n\r\nB)\r\nPr\u00e4ambel: durch g\u00f6ttliche Vorsehung zur Wohlfahrt beider L\u00e4nder \r\n\r\nArtikel 1: Heiratsgeld bzw. Brautschatz in H\u00f6he von 30.000 Thalern festgelegt, dazu Aussteuer nach altem mecklenburgischen Brauch aufgelistet\r\n\r\nArtikel 2: amtliche Beglaubigung von Wittum und Leibgedinge\r\n\r\nArtikel 3: k\u00f6nigliche, f\u00fcrstliche Hoheitsrechte auf Leibgedingeg\u00fctern vorbehalten\r\n\r\nArtikel 4: Zusicherung der Aussteuer durch Herzog Ulrich","Regelungen \u00fcber Thronfolge und Regentschaft":"","konfessionelle Regelungen":"","erbrechtliche Regelungen":"Artikel VII + IX: Im Falle von Sophies Ableben geht ihr Erbe an ihren Ehemann und Kinder; falls Sophie ohne Nachkommen stirbt bleibt die Mitgift beim Ehemann, die restlichen Besitzt\u00fcmer sollen ihrer Familie in Mecklenburg \u00fcberbracht werden"},"Einordnung des Vertrags":{"Textbezug zu vergangenen Ereignissen?":"","st\u00e4ndische Instanzen beteiligt?":"d\u00e4nische Reichsr\u00e4te als Vertraggaranten ","externe Instanzen beteiligt?":"","Ratifikationen, Best\u00e4tigungen, Genehmigungen erw\u00e4hnt?":"","weitere Vertr\u00e4ge zwischen Vertragsparteien im Zusammenhang mit dieser Ehe":"","Schlagw\u00f6rter":"","Kommentar":"Vertrag in Edition in Teil A (DNT II, S. 305-310, 17.06.1572)und Teil B (DNT II, S. 311-313, 19.06.1572) untergliedert; Z\u00e4hlung der Artikel beginnt in Teil B neu bei 1. Oben ist aus technischen Gr\u00fcnden als Vertragsdatum nur das Datum des ersten Vertrags angegeben.","Literatur":"Laursen in DNT II, S. 300-305"}}}