{"Dokument":{"Name":"Spanien - Frankreich","In Bearbeitung":"Nein","main":{"Name":"Ehevertrag Spanien - Frankreich 1722","Zuletzt ge\u00e4ndert":"2020-12 JK"},"Grunddaten Ehevertrag":{"Vertragspartner Br\u00e4utigam":"Spanien","Vertragspartner Braut":"Frankreich","Datum Vertragsschlie\u00dfung":"1722-11-26","Ort Vertragsschlie\u00dfung":"Versailles (?)","Eheschlie\u00dfung vollzogen?":"Nein","verschiedenkonfessionelle Ehe?":"Nein"},"Br\u00e4utigam":{"Br\u00e4utigam Name, Titel":"Karl (Carlos) von Spanien","Br\u00e4utigam GND":"http:\/\/d-nb.info\/gnd\/118925059","Br\u00e4utigam Geburtsjahr":"1716-00-00","Br\u00e4utigam Sterbejahr":"1788-00-00","Br\u00e4utigam Dynastie":"Bourbon (Spanien)","Br\u00e4utigam Konfession":"R\u00f6misch-Katholisch"},"Braut":{"Braut Name, Titel":"Philippine Elisabeth von Orl\u00e9ans","Braut GND":"","Braut Geburtsjahr":"1714-00-00","Braut Sterbejahr":"1734-00-00","Braut Dynastie":"Orl\u00e9ans","Braut Konfession":"R\u00f6misch-Katholisch"},"Akteur Br\u00e4utigam":{"Akteur Br\u00e4utigam Name, Titel":"Philipp V., K\u00f6nig von Spanien","Akteur Br\u00e4utigam GND":"http:\/\/d-nb.info\/gnd\/119186640","Akteur Br\u00e4utigam Dynastie":"Bourbon (Spanien)","Akteur Br\u00e4utigam Verh\u00e4ltnis zu Br\u00e4utigam":"Vater","Akteur Br\u00e4utigam Name, Titel (32)":"Elisabeth Farnese","Akteur Br\u00e4utigam GND (65)":"http:\/\/d-nb.info\/gnd\/119151804","Akteur Br\u00e4utigam Dynastie (35)":"unbekannt","Akteur Br\u00e4utigam Verh\u00e4ltnis zu Br\u00e4utigam (34)":"Mutter"},"Akteur Braut":{"Akteur Braut Name, Titel":"Ludwig XV., K\u00f6nig von Frankreich","Akteur Braut GND":"http:\/\/d-nb.info\/gnd\/118729438","Akteur Braut Dynastie":"Bourbon (Frankreich)","Akteur Braut Verh\u00e4ltnis zu Braut":"Neffe"},"Vertragstext":{"Archivexemplar":"Trait\u00e9s et accords de la France, TRA17220002","Vertragssprache Archivexemplar":"Franz\u00f6sisch","Digitalisat Archivexemplar":"https:\/\/basedoc.diplomatie.gouv.fr\/exl-php\/recherche\/mae_internet___traites","Drucknachweis":"nicht nachgewiesen","Vertragssprache Druck":"nicht nachgewiesen","Digitalisat Druck":"-","Vertragsinhalt":"Artikel 1: Verlobung, Eheschlie\u00dfung vereinbart: wenn Ehepartner kanonisches Alter erreichen, in Madrid oder Italien, mit p\u00e4pstlicher Dispens\r\n\r\nArtikel 2: Mitgift festgelegt: gezahlt von K\u00f6nig Ludwig, gegen Erbverzicht Philippine Elisabeths zugunsten der Herz\u00f6ge von Orleans\r\n\r\nArtikel 3: Brautjuwelen festgelegt\r\n\r\nArtikel 4: Anlage der Mitgift geregelt\r\n\r\nArtikel 5: Brautgeschenke festgelegt\r\n\r\nArtikel 6: Unterhalt Philippine Elisabeths geregelt\r\n\r\nArtikel 7: Mitgiftanlage festgelegt: nach spanischem Recht anstatt Widerlage, als pers\u00f6nliches Eigentums Philippine Elisabeths\r\n\r\nArtikel 8: R\u00fcckkehrrecht Philippine Elisabeths als Witwe zugesichert\r\n\r\nArtikel 9: \u00dcberf\u00fchrung geregelt, Einhaltung zugesichert","Regelungen \u00fcber Thronfolge und Regentschaft":"","konfessionelle Regelungen":"","erbrechtliche Regelungen":"Artikel 2: Mitgift festgelegt: gezahlt von K\u00f6nig Ludwig, gegen Erbverzicht Philippine Elisabeths zugunsten der Herz\u00f6ge von Orleans"},"Einordnung des Vertrags":{"Textbezug zu vergangenen Ereignissen?":"","st\u00e4ndische Instanzen beteiligt?":"","externe Instanzen beteiligt?":"Artikel 1: Verlobung, Eheschlie\u00dfung vereinbart: wenn Ehepartner kanonisches Alter erreichen, in Madrid oder Italien, mit p\u00e4pstlicher Dispens","Ratifikationen, Best\u00e4tigungen, Genehmigungen erw\u00e4hnt?":"","weitere Vertr\u00e4ge zwischen Vertragsparteien im Zusammenhang mit dieser Ehe":"Konvention von Den Haag 1719.11.19 inkl. \u00d6, GB - spanischer Beitritt zur Quadrupelallianz GB-F-\u00d6-NL 1720.02.16 - Konvention \u00fcber Waffenstillstand zur See 1720.04.02 inkl. GB, \u00d6, Sardinien - Defensivb\u00fcndnis vopn Madrid 1721.03.27 - Defensivb\u00fcndnis von Madrid 1721.06.13 inkl. GB, \u00d6 - spanischer Beitritt 1727.06.13 zu Pr\u00e4liminarartikeln von Paris 1727.05.31","Schlagw\u00f6rter":"","Kommentar":"Vorvertrag (ENr. 162) erw\u00e4hnt: dat. 1722.11.25 Versailles (Pr\u00e4ambel) - Bestimmungen fast w\u00f6rtlich wie Vorvertrag - Eschatokoll unvollst\u00e4ndig: Dat. fehlt im Or.\r\n\r\nDigitalisat: fol. 1-19 (ggf. unvollst\u00e4ndig)\r\n\r\nDigitalisat kann unter der angegebenen URL unter Verwendung der Signatur (TRA17220002) abgerufen werden.","Literatur":"-"}}}