{"Dokument":{"Name":"Frankreich - Gro\u00dfbritannien","In Bearbeitung":"Nein","main":{"Name":"Ehevertrag Frankreich - Gro\u00dfbritannien 1661","Zuletzt ge\u00e4ndert":"2017-09 BB"},"Grunddaten Ehevertrag":{"Vertragspartner Br\u00e4utigam":"Frankreich","Vertragspartner Braut":"Gro\u00dfbritannien","Datum Vertragsschlie\u00dfung":"1661-03-30","Ort Vertragsschlie\u00dfung":"Paris","Eheschlie\u00dfung vollzogen?":"Ja","verschiedenkonfessionelle Ehe?":"Ja"},"Br\u00e4utigam":{"Br\u00e4utigam Name, Titel":"Philipp I., Herzog von Orleans (Philippe)","Br\u00e4utigam GND":"http:\/\/d-nb.info\/gnd\/118820206","Br\u00e4utigam Geburtsjahr":"1640-00-00","Br\u00e4utigam Sterbejahr":"1701-00-00","Br\u00e4utigam Dynastie":"Bourbon (Frankreich)","Br\u00e4utigam Konfession":"R\u00f6misch-Katholisch"},"Braut":{"Braut Name, Titel":"Henriette Anne von England","Braut GND":"http:\/\/d-nb.info\/gnd\/119151790","Braut Geburtsjahr":"1644-00-00","Braut Sterbejahr":"1670-00-00","Braut Dynastie":"Stuart","Braut Konfession":"Anglikanisch"},"Akteur Br\u00e4utigam":{"Akteur Br\u00e4utigam Name, Titel":"Ludwig XIV., K\u00f6nig von Frankreich","Akteur Br\u00e4utigam GND":"http:\/\/d-nb.info\/gnd\/118816829","Akteur Br\u00e4utigam Dynastie":"Bourbon (Frankreich)","Akteur Br\u00e4utigam Verh\u00e4ltnis zu Br\u00e4utigam":"Bruder","Akteur Br\u00e4utigam Name, Titel (32)":"Anna von Spanien, K\u00f6niginwitwe von Frankreich","Akteur Br\u00e4utigam GND (65)":"http:\/\/d-nb.info\/gnd\/118649469","Akteur Br\u00e4utigam Dynastie (35)":"Habsburg (Spanien)","Akteur Br\u00e4utigam Verh\u00e4ltnis zu Br\u00e4utigam (34)":"Mutter"},"Akteur Braut":{"Akteur Braut Name, Titel":"Karl II., K\u00f6nig von Gro\u00dfbritannien (Charles)","Akteur Braut GND":"http:\/\/d-nb.info\/gnd\/118560042","Akteur Braut Dynastie":"Stuart","Akteur Braut Verh\u00e4ltnis zu Braut":"Bruder","Akteur Braut Name, Titel (36)":"Henriette Marie von Frankreich, K\u00f6niginwitwe von Gro\u00dfbritannien","Akteur Braut GND (66)":"http:\/\/d-nb.info\/gnd\/118904043","Akteur Braut Dynastie (40)":"Bourbon (Frankreich)","Akteur Braut Verh\u00e4ltnis zu Braut (38)":"Mutter"},"Vertragstext":{"Archivexemplar":"nicht nachgewiesen","Vertragssprache Archivexemplar":"nicht nachgewiesen","Digitalisat Archivexemplar":"-","Drucknachweis":"CTS 6, S. 283-289","Vertragssprache Druck":"Franz\u00f6sisch","Digitalisat Druck":"-","Vertragsinhalt":"[Pr\u00e4] \u2013 im Wunsch des Br\u00e4utigamsbruders zur standesgem\u00e4\u00dfen Versorgung des Br\u00e4utigams: Belehnung des Br\u00e4utigams mit Herzogt\u00fcmern Orleans, Valois und Chartres bekundet, Brautwerbung des Br\u00e4utigambruders, Eheverhandlungen und Abschlu\u00df von Vorvertrag mit Zustimmung des Papstes bekundet \u2013 mit Zustimmung der Brautleute: Einigung auf Ehevertrag bekundet (285f.)\r\n\r\n1 \u2013 Eheversprechen ausgetauscht\r\n\r\n2 \u2013 Mitgift und Mitgiftzulage festgelegt\r\n\r\n3 \u2013 Witweneink\u00fcnfte festgelegt: Zustimmung von Br\u00e4utigambruder geregelt, zahlbar aus Unterhaltsg\u00fctern des Br\u00e4utigams, Witwensitz geregelt\r\n\r\n4 \u2013 ggf. R\u00fcckfall von Mitgift aus Unterhaltsg\u00fctern des Br\u00e4utigams zugesichert: mit Zustimmung von Br\u00e4utigambruder\r\n\r\n5 \u2013 G\u00fctergemeinschaft der Brautleute an mobilen G\u00fctern und Zugewinn w\u00e4hrend der Ehe vereinbart\r\n\r\n6-7 \u2013 nach Tod von Br\u00e4utigam ohne \u00fcberlebende Kinder: Aufhebung oder Fortbestand der G\u00fctergemeinschaft geregelt, Schuldenhaftung der Braut geregelt, pers\u00f6nlicher Besitz der Braut und Witwenversorgung geregelt \u2013 nach Tod von Br\u00e4utigam mit \u00fcberlebenden Kindern: Anteil der Braut an G\u00fctergemeinschaft geregelt\r\n\r\n8 \u2013 nach Tod der Braut ohne \u00fcberlebende Kinder: R\u00fcckfall von Mitgift geregelt, Verbleib von Zugewinn bei Br\u00e4utigam geregelt\r\n\r\n9 \u2013 Indemnit\u00e4t von Verm\u00f6gen der Braut gegen Entfremdung zugesichert\r\n\r\n10 \u2013 Einhaltung zugesichert\r\n","Regelungen \u00fcber Thronfolge und Regentschaft":"","konfessionelle Regelungen":"","erbrechtliche Regelungen":"[Pr\u00e4] \u2013 im Wunsch des Br\u00e4utigamsbruders zur standesgem\u00e4\u00dfen Versorgung des Br\u00e4utigams: Belehnung des Br\u00e4utigams mit Herzogt\u00fcmern Orleans, Valois und Chartres bekundet, Brautwerbung des Br\u00e4utigambruders, Eheverhandlungen und Abschlu\u00df von Vorvertrag mit Zustimmung des Papstes bekundet \u2013 mit Zustimmung der Brautleute: Einigung auf Ehevertrag bekundet (285f.)\r\n\r\n1 \u2013 Eheversprechen ausgetauscht\r\n\r\n2 \u2013 Mitgift und Mitgiftzulage festgelegt\r\n\r\n3 \u2013 Witweneink\u00fcnfte festgelegt: Zustimmung von Br\u00e4utigambruder geregelt, zahlbar aus Unterhaltsg\u00fctern des Br\u00e4utigams, Witwensitz geregelt\r\n\r\n4 \u2013 ggf. R\u00fcckfall von Mitgift aus Unterhaltsg\u00fctern des Br\u00e4utigams zugesichert: mit Zustimmung von Br\u00e4utigambruder\r\n\r\n5 \u2013 G\u00fctergemeinschaft der Brautleute an mobilen G\u00fctern und Zugewinn w\u00e4hrend der Ehe vereinbart\r\n\r\n6-7 \u2013 nach Tod von Br\u00e4utigam ohne \u00fcberlebende Kinder: Aufhebung oder Fortbestand der G\u00fctergemeinschaft geregelt, Schuldenhaftung der Braut geregelt, pers\u00f6nlicher Besitz der Braut und Witwenversorgung geregelt \u2013 nach Tod von Br\u00e4utigam mit \u00fcberlebenden Kindern: Anteil der Braut an G\u00fctergemeinschaft geregelt\r\n\r\n8 \u2013 nach Tod der Braut ohne \u00fcberlebende Kinder: R\u00fcckfall von Mitgift geregelt, Verbleib von Zugewinn bei Br\u00e4utigam geregelt\r\n\r\n9 \u2013 bei Entfremdung von Verm\u00f6gen der Braut: Schadloshaltung zugesichert\r\n\r\n10 \u2013 Einhaltung zugesichert\r\n"},"Einordnung des Vertrags":{"Textbezug zu vergangenen Ereignissen?":"","st\u00e4ndische Instanzen beteiligt?":"","externe Instanzen beteiligt?":"Zustimmung des Papstes erw\u00e4hnt - Pr\u00e4","Ratifikationen, Best\u00e4tigungen, Genehmigungen erw\u00e4hnt?":"","weitere Vertr\u00e4ge zwischen Vertragsparteien im Zusammenhang mit dieser Ehe":"3 Vertr\u00e4ge zur Vermittlung zwischen D\u00e4nemark und Schweden 21.05-04.08.1659 gemeinsam mit den Niederlanden\r\n\r\nVertrag \u00fcber den Verkauf von D\u00fcnkirchen an Frankreich 10.11.1662","Schlagw\u00f6rter":"","Kommentar":"-","Literatur":"-"}}}