{"Dokument":{"Name":"Oranien-Nassau - Sachsen","In Bearbeitung":"Nein","main":{"Zuletzt ge\u00e4ndert":"2021-05 JT","Name":"Ehevertrag Oranien-Nassau - Sachsen 1561"},"Grunddaten Ehevertrag":{"Vertragspartner Br\u00e4utigam":"Oranien-Nassau","Vertragspartner Braut":"Sachsen (Kursachsen)","Datum Vertragsschlie\u00dfung":"1561-08-24","Ort Vertragsschlie\u00dfung":"Torgau ","Eheschlie\u00dfung vollzogen?":"Ja","verschiedenkonfessionelle Ehe?":"Ja"},"Br\u00e4utigam":{"Br\u00e4utigam Name, Titel":"Wilhelm I., Prinz von Oranien-Nassau","Br\u00e4utigam GND":"http:\/\/d-nb.info\/gnd\/118738062","Br\u00e4utigam Geburtsjahr":"1533-00-00","Br\u00e4utigam Sterbejahr":"1584-00-00","Br\u00e4utigam Dynastie":"Oranien-Nassau","Br\u00e4utigam Konfession":"R\u00f6misch-Katholisch"},"Braut":{"Braut Name, Titel":"Anna von Sachsen","Braut GND":"http:\/\/d-nb.info\/gnd\/118738054","Braut Geburtsjahr":"1544-00-00","Braut Sterbejahr":"1577-00-00","Braut Dynastie":"Wettiner (Albertiner)","Braut Konfession":"Evangelisch-Lutherisch"},"Akteur Br\u00e4utigam":{"Akteur Br\u00e4utigam Name, Titel":"Wilhelm I. von Oranien-Nassau","Akteur Br\u00e4utigam GND":"http:\/\/d-nb.info\/gnd\/118738062","Akteur Br\u00e4utigam Dynastie":"Oranien-Nassau","Akteur Br\u00e4utigam Verh\u00e4ltnis zu Br\u00e4utigam":"Selbst"},"Akteur Braut":{"Akteur Braut Name, Titel":"August, Kurf\u00fcrst von Sachsen","Akteur Braut GND":"http:\/\/d-nb.info\/gnd\/119458446","Akteur Braut Dynastie":"Wettin (Albertiner)","Akteur Braut Verh\u00e4ltnis zu Braut":"Onkel"},"Vertragstext":{"Archivexemplar":"HStA Drd, 10001 O.U. 11659","Vertragssprache Archivexemplar":"Deutsch","Digitalisat Archivexemplar":"","Drucknachweis":"nicht nachgewiesen","Vertragssprache Druck":"nicht nachgewiesen","Digitalisat Druck":"","Vertragsinhalt":"Artikel 1: Ehe beschlossen, zum Ged\u00e4chtnis des verstorbenen Brautvaters, Datum der Hochzeit auf 24.08.1561 festgelegt; Mitgift auf 25.000 Gulden aus dem Erbe von Annas Mutter, Agnes von Hessen, festgesetzt, zuz\u00fcglich 10.000 Taler, die ihr durch ihren Vater, Moritz von Sachsen vererbt wurden; Zusicherung der Aussteuer durch Annas Onkel, den Kurf\u00fcrsten August von Sachsen, entsprechend der hessisch-s\u00e4chsischen Erbverbr\u00fcderung; zus\u00e4tzliche Zahlung von 30.000 Gulden aufgrund der zweiten Ehe von Annas Mutter mit Johann Friedrich II. von Sachsen nach dessen Tod zugesichert; Zulage von weiteren 35.000 Gulden durch August auf eigene Kosten zugesichert, sodass Gesamtsumme von 70.000 Gulden zusammenkommt; Zahlung und Quittierung geregelt, Ausstattung der Braut entsprechend einer F\u00fcrstin des Hauses Sachsen geregelt \r\n\r\nArtikel 2: Morgengabe von einmalig 10.000 Talern oder 500 Taler als j\u00e4hrlicher Rente zugesichert\r\n\r\nArtikel 3: Widerlage auf 70.000 Gulden festgesetzt; Grafschaft Vianden, Herrschaften St. Veit und Warneton in Flandern und Grave samt zugeh\u00f6rigen D\u00f6rfern, L\u00e4ndereien etc. als Leibgedinge- und Wittumsg\u00fcter ausgewiesen, Nutzungsrechte geregelt, Eink\u00fcnfte von 12.500 Gulden j\u00e4hrlich zugesichert; Huldigung und Treuepflichten der Amtsleute Untertanen nach Wilhelms Tod gegen\u00fcber Anna bzw. nach ihrem Tod gegen\u00fcber ihren s\u00e4chsischen Verwandten bis zum Widerfall geregelt\r\n\r\nArtikel 4: Regelung von Annas Hoheitsrechten und Jurisdiktion auf den Leibgedingeg\u00fctern; \u00d6ffnung der G\u00fcter, Untertanengehorsam und Verteidigung bleibt Wilhelm und seinen Erben vorbehalten\r\n\r\nArtikel 5: Besichtigung der G\u00fcter durch Annas Vormund, Kurf\u00fcrst August von Sachsen, vereinbar, um sicherzustellen, dass die zugesicherten 12.500 Gulden j\u00e4hrlicher Eink\u00fcnfte erzielt werden k\u00f6nnen\r\n\r\nArtikel 6: wenn die G\u00fcter die j\u00e4hrliche Versorgung der Braut nicht gew\u00e4hrleisten, verpflichten sich der Br\u00e4utigam und seine Erben die Summe aufzustocken\r\n\r\nArtikel 7: falls Sch\u00e4den und Verw\u00fcstungen an den G\u00fctern entstehen, die Annas j\u00e4hrliches Einkommen \u00fcbersteigen, verpflichten sich der Br\u00e4utigam und seine Erben die Sch\u00e4den zur H\u00e4lfte auszugleichen, die andere H\u00e4lfte der Kosten tr\u00e4gt Anna selbst\r\n\r\nArtikel 8: Schutz und Sicherheit der Annas auf dem Wittum durch Wilhelms Erben versprochen\r\n\r\nArtikel 9: als Gegenleistung f\u00fcr Mitgift, Aussteuer etc.: Erbverzicht der Braut auf v\u00e4terliches, m\u00fctterliches und gro\u00dfm\u00fctterliches Erbe sowie jegliches Erbe des Hauses Sachsen, au\u00dfer bei Aussterben des Hauses Sachsen in m\u00e4nnlicher Linie, formeller Verzichtsbrief vereinbart \r\n\r\nArtikel 10: falls Anna nach dem Beilager und vor Wilhelm verstirbt und keine Leibeserben aus der Ehe vorhanden sind, erh\u00e4lt er lebenslanges Verf\u00fcgungsrecht \u00fcber die 70.000 Gulden Ehegeld, nach seinem Br\u00e4utigams f\u00e4llt die Summe an Kurf\u00fcrst August und dessen Erben, bis zur Auszahlung der Summe erh\u00e4lt das Haus Sachsen die Obrigkeit und Nutzungsrechte \u00fcber die erw\u00e4hnten Herrschaften, Treueverpflichtung der Amtsleute und Untertanen f\u00fcr die Dauer dieses Zeitraums geregelt, R\u00fcckzahlung in Frankfurt am Main vereinbart  \r\n\r\nArtikel 11: falls Anna vor Wilhelm verstirbt und keine Leibeserben vorhanden sind, erh\u00e4lt er lebenslanges Verf\u00fcgungsrecht \u00fcber die 30.000 Gulden, die Anna nach dem Tod Johann Friedrichs II. zufallen; nach Wilhelms Tod: R\u00fcckfall der Summe an Annas n\u00e4chste Erben geregelt, formelle Verschreibung f\u00fcr die kurf\u00fcrstlich-s\u00e4chsischen Seite versprochen; Verbleib der Morgengabe bei Oranien und seinen Erben, sofern Anna keine testamentarische Regelung dar\u00fcber hinterl\u00e4sst\r\n\r\nArtikel 12: Vererbung der Aussteuer geregelt: nach Annas Tod erh\u00e4lt Wilhelm lebenslanges Verf\u00fcgungsrecht gegen Ausfertigung einer Inventarliste, sofern Anna keine anderweitige testamentarische Regelung hinterl\u00e4sst, nach seinem Tod f\u00e4llt die Aussteuer zur\u00fcck an Kurf\u00fcrst August und dessen Erben zur\u00fcck \r\n\r\nArtikel 13: wenn Leibeserben aus der Ehe vorhanden sind, die noch zu Lebzeiten des Ehepaars versterben, ohne selbst Leibeserben zu hinterlassen, tritt vorangegangene Regelung in Kraft\r\n\r\nArtikel 14: falls aber Leibeserben aus der Ehe oder deren Leibeserben beim Tod Annas oder beider Eheleute vorhanden sind, fallen Mitgift, Morgengabe und Aussteuer an diese Erben\r\n\r\nArtikel 15: falls S\u00f6hne aus der Ehe vorhanden sind, erhalten diese den Markgrafentitel und erben die Grafschaft Vianden samt zugeh\u00f6rigen L\u00e4ndereien als Markgrafschaft, die j\u00e4hrlich 60.000 bis 70.000 Gulden an Eink\u00fcnften einbringen soll; Erbe der Kinder aus Wilhelms erster Ehe mit Anna von Egmond geregelt; schriftliche Regelung \u00fcber gerechte Verteilung des Erbes unter Kindern aus Wilhelms erster und zweiter Ehe vereinbart\r\n\r\nArtikel 16: falls Wilhelm vor Anna verstirbt, darf sie ihrem Wittumssitz auf den verschriebenen Wittumsg\u00fctern frei w\u00e4hlen und die G\u00fcter wie vereinbart regieren und nutzen; die G\u00fcter sind ihr mit standesgem\u00e4\u00dfer Ausstattung und von Schulden frei zu \u00fcbergeben; Versorgung der Witwe mit Bau- und Brennholz etc. geregelt; uneingeschr\u00e4nkte Nutzungsrechte bestehen, solange Anna im Witwenstand verbleibt\r\n\r\nArtikel 17: formelle Einwilligung der Lehnsleute auf den Wittumsg\u00fctern soll eingeholt werden, Ausfertigung des Leibgedings- und Wittumsbriefs erw\u00e4hnt, Schulden auf den G\u00fctern sollen getilgt werden\r\n\r\nArtikel 18: standesgem\u00e4\u00dfe Versorgung mit Nahrungsmitteln und Hausrat auf dem f\u00fcrstlichen Wohnsitz der Braut und dem Witwensitz zugesichert, bis sie sich aus den Eink\u00fcnften der G\u00fcter selbst versorgen  kann\r\n\r\nArtikel 19: falls Anna als Witwe nicht auf den niederl\u00e4ndischen G\u00fctern bleibt, verpflichten sich die Erben des Br\u00e4utigams, ihr weiterhin die j\u00e4hrliche Versorgung von 12.500 Gulden jeweils zur Herbstmesse nach Frankfurt am Main zu liefern, Br\u00fcder des Br\u00e4utigams Johann Ludwig und Adolf von Nassau b\u00fcrgen f\u00fcr die Versorgung der Braut, Ausstellung einer Versicherung zugesichert\r\n\r\nArtikel 20: falls Anna als Witwe nicht in den Niederlanden bleibt, sollen ihr die Schl\u00f6sser und Herrschaften Dietz oder Hadamar, je nach Wunsch, samt jeweils zugeh\u00f6rigen G\u00fctern als Wittum zur Verf\u00fcgung stehen, Nutzungsrechte geregelt; Verrechnung der Eink\u00fcnfte aus Dietz oder Hadamar mit den Eink\u00fcnften durch das Wittum in den Niederlanden geregelt; Br\u00fcder des Br\u00e4utigams sollen f\u00fcr diesen Fall eine Versicherung ausfertigen\r\n\r\nArtikel 21: nach Wilhelms Tod: Annas Nutzungs- und Besitzrecht an Leibgedinge, Morgengabe, Aussteuer und den 30.000 Gulden Mitgift etc. geregelt\r\n\r\nArtikel 22: falls Anna als Witwe erneut heiratet: Abl\u00f6sung des Wittums durch Wilhelms Erben durch Zahlung von 150.000 Talern sowie Versicherung \u00fcber den Widerfall der 70.000 Gulden Widerlage nach Annas Tod ohne Leibeserben aus der Ehe mit Wilhelm geregelt; Abtretung der Wittumsg\u00fcter nach Zahlung der Abl\u00f6sesumme und Ausfertigung entsprechender Dokumente geregelt \r\n\r\nArtikel 23: Anna von Haftung f\u00fcr vor und w\u00e4hrend der Ehe entstandenen Schulden Wilhelms ausgenommen; sie soll \u00fcber die im Vertrag festgehaltenen Versorgungsleistungen hinaus keine Forderungen an Wilhelms Erben und Nachfolger stellen; Besiegelung und Unterzeichnung erw\u00e4hnt\r\n","Regelungen \u00fcber Thronfolge und Regentschaft":"Artikel 15: falls S\u00f6hne aus der Ehe vorhanden sind, erhalten diese den Markgrafentitel und erben die Grafschaft Vianden samt zugeh\u00f6rigen L\u00e4ndereien als Markgrafschaft, die j\u00e4hrlich 60.000 bis 70.000 Gulden an Eink\u00fcnften einbringen soll; Erbe der Kinder aus Wilhelms erster Ehe mit Anna von Egmond geregelt; schriftliche Regelung \u00fcber gerechte Verteilung des Erbes unter Kindern aus Wilhelms erster und zweiter Ehe vereinbart","konfessionelle Regelungen":"","erbrechtliche Regelungen":"Artikel 9: als Gegenleistung f\u00fcr Mitgift, Aussteuer etc.: Erbverzicht der Braut auf v\u00e4terliches, m\u00fctterliches und gro\u00dfm\u00fctterliches Erbe sowie jegliches Erbe des Hauses Sachsen, au\u00dfer bei Aussterben des Hauses Sachsen in m\u00e4nnlicher Linie, formeller Verzichtsbrief vereinbart \r\n\r\nArtikel 11: falls Anna vor Wilhelm verstirbt und keine Leibeserben vorhanden sind, erh\u00e4lt er lebenslanges Verf\u00fcgungsrecht \u00fcber die 30.000 Gulden, die Anna nach dem Tod Johann Friedrichs II. zufallen; nach Wilhelms Tod: R\u00fcckfall der Summe an Annas n\u00e4chste Erben geregelt, formelle Verschreibung f\u00fcr die kurf\u00fcrstlich-s\u00e4chsischen Seite versprochen; Verbleib der Morgengabe bei Oranien und seinen Erben, sofern Anna keine testamentarische Regelung dar\u00fcber hinterl\u00e4sst\r\n\r\nArtikel 12: Vererbung der Aussteuer geregelt: nach Annas Tod erh\u00e4lt Wilhelm lebenslanges Verf\u00fcgungsrecht gegen Ausfertigung einer Inventarliste, sofern Anna keine anderweitige testamentarische Regelung hinterl\u00e4sst, nach seinem Tod f\u00e4llt die Aussteuer zur\u00fcck an Kurf\u00fcrst August und dessen Erben zur\u00fcck \r\n\r\nArtikel 13: wenn Leibeserben aus der Ehe vorhanden sind, die noch zu Lebzeiten des Ehepaars versterben, ohne selbst Leibeserben zu hinterlassen, tritt vorangegangene Regelung in Kraft\r\n\r\nArtikel 14: falls aber Leibeserben aus der Ehe oder deren Leibeserben beim Tod Annas oder beider Eheleute vorhanden sind, fallen Mitgift, Morgengabe und Aussteuer an diese Erben\r\n\r\nArtikel 15: falls S\u00f6hne aus der Ehe vorhanden sind, erhalten diese den Markgrafentitel und erben die Grafschaft Vianden samt zugeh\u00f6rigen L\u00e4ndereien als Markgrafschaft, die j\u00e4hrlich 60.000 bis 70.000 Gulden an Eink\u00fcnften einbringen soll; Erbe der Kinder aus Wilhelms erster Ehe mit Anna von Egmond geregelt; schriftliche Regelung \u00fcber gerechte Verteilung des Erbes unter Kindern aus Wilhelms erster und zweiter Ehe vereinbart"},"Einordnung des Vertrags":{"Textbezug zu vergangenen Ereignissen?":"Artikel 1: hessisch-s\u00e4chsischen Erbverbr\u00fcderung erw\u00e4hnt; Artikel 15: Wilhelms erste Ehe mit Anna von Egmond erw\u00e4hnt ","st\u00e4ndische Instanzen beteiligt?":"Artikel 17: formelle Einwilligung der Lehnsleute auf den Wittumsg\u00fctern soll eingeholt werden [...]","externe Instanzen beteiligt?":"Artikel 19: falls Anna als Witwe nicht auf den niederl\u00e4ndischen G\u00fctern bleibt [...] Br\u00fcder des Br\u00e4utigams Johann Ludwig und Adolf von Nassau b\u00fcrgen f\u00fcr die Versorgung der Braut","Ratifikationen, Best\u00e4tigungen, Genehmigungen erw\u00e4hnt?":"Artikel 17: formelle Einwilligung der Lehnsleute auf den Wittumsg\u00fctern soll eingeholt werden [...]","weitere Vertr\u00e4ge zwischen Vertragsparteien im Zusammenhang mit dieser Ehe":"nicht nachgewiesen","Schlagw\u00f6rter":"Niederl\u00e4ndischer Aufstand\/Achtzigj\u00e4hriger Krieg, 1568-1648","Kommentar":"Wilhelm von Oranien bei Eheschlie\u00dfung formal Katholik, tendierte wohl damals zum lutherischen Glauben und vollzog sp\u00e4ter eine Wende zum Reformiertentum. Die Ehe wurde 1571 geschieden. \r\n\r\nVertrag verf\u00fcgt im Original \u00fcber keine Nummerierung der Artikel.\r\n","Literatur":"M\u00f6rke 2007"}}}