{"Dokument":{"Name":"D\u00e4nemark - Gro\u00dfbritannien","In Bearbeitung":"Nein","main":{"Name":"Ehevertrag D\u00e4nemark - Gro\u00dfbritannien 1766","Zuletzt ge\u00e4ndert":"2017-09 BB"},"Grunddaten Ehevertrag":{"Vertragspartner Br\u00e4utigam":"D\u00e4nemark","Vertragspartner Braut":"Gro\u00dfbritannien","Datum Vertragsschlie\u00dfung":"1766-07-14","Ort Vertragsschlie\u00dfung":"London","Eheschlie\u00dfung vollzogen?":"Ja","verschiedenkonfessionelle Ehe?":"unbekannt"},"Br\u00e4utigam":{"Br\u00e4utigam Name, Titel":"Christian VII., K\u00f6nig von D\u00e4nemark","Br\u00e4utigam GND":"http:\/\/d-nb.info\/gnd\/118930915","Br\u00e4utigam Geburtsjahr":"1749-00-00","Br\u00e4utigam Sterbejahr":"1808-00-00","Br\u00e4utigam Dynastie":"Oldenburg (D\u00e4nemark)","Br\u00e4utigam Konfession":"Evangelisch-Lutherisch"},"Braut":{"Braut Name, Titel":"Karoline Mathilde, Prinzessin von Gro\u00dfbritannien","Braut GND":"http:\/\/d-nb.info\/gnd\/11866722X","Braut Geburtsjahr":"1751-00-00","Braut Sterbejahr":"1775-00-00","Braut Dynastie":"Welfen","Braut Konfession":"unbekannt"},"Akteur Br\u00e4utigam":{"Akteur Br\u00e4utigam Name, Titel":"Christian VII., K\u00f6nig von D\u00e4nemark","Akteur Br\u00e4utigam GND":"http:\/\/d-nb.info\/gnd\/118930915","Akteur Br\u00e4utigam Dynastie":"Oldenburg (D\u00e4nemark)","Akteur Br\u00e4utigam Verh\u00e4ltnis zu Br\u00e4utigam":"selbst"},"Akteur Braut":{"Akteur Braut Name, Titel":"Georg III., K\u00f6nig von Gro\u00dfbritannien, Kurf\u00fcrst von Hannover (George)","Akteur Braut GND":"http:\/\/d-nb.info\/gnd\/118716913","Akteur Braut Dynastie":"Welfen","Akteur Braut Verh\u00e4ltnis zu Braut":"Bruder"},"Vertragstext":{"Archivexemplar":"nicht nachgewiesen","Vertragssprache Archivexemplar":"nicht nachgewiesen","Digitalisat Archivexemplar":"-","Drucknachweis":"DT, S. 202-206, danach CTS 43, S. 393-397.","Vertragssprache Druck":"Franz\u00f6sisch","Digitalisat Druck":"-","Vertragsinhalt":"[Pr\u00e4] \u2013 zur Befestigung von l\u00e4ngj\u00e4hriger Freundschaft und Einvernehmen zwischen beiden Kronen, zum Besten der protestantischen Religion: Entschluss zu engerem B\u00fcndnis, Eheabrede, Ernennung von Verhandlern, Vertragschlie\u00dfung bekundet (202f.)\r\n\r\n1 \u2013 Eheschlie\u00dfung durch Prokurator in London, pers\u00f6nliche Eheschlie\u00dfung nach Ankunft der Braut in D\u00e4nemark vereinbart: nach evangelischem Ritus\r\n\r\n2 \u2013 \u00dcberf\u00fchrung der Braut nach D\u00e4nemark geregelt\r\n\r\n3 \u2013 Mitgift festgelegt: Zahlung geregelt, zur ewigen Verf\u00fcgung durch d\u00e4nische Krone\r\n\r\n4 \u2013 Unterhalt der Braut w\u00e4hrend der Ehe, Witweneink\u00fcnfte und Witwensitz zugesichert: wie f\u00fcr d\u00e4nische K\u00f6nigin \u00fcblich\r\n\r\n5 \u2013 nach Tod der Braut ohne \u00fcberlebende Kinder: freies Dispositionsrecht f\u00fcr pers\u00f6nlichen Besitz der Braut au\u00dfer Mitgift zugesichert\r\n\r\n6 \u2013 Vererbung von Zugewinn der Braut w\u00e4hrend der Ehe geregelt: an Kinder oder d\u00e4nische Krone\r\n\r\n7 \u2013 Ratifikation geregelt\r\n","Regelungen \u00fcber Thronfolge und Regentschaft":"","konfessionelle Regelungen":"zur Befestigung von l\u00e4ngj\u00e4hriger Freundschaft und Einvernehmen zwischen beiden Kronen, zum Besten der protestantischen Religion: Entschlu\u00df zu engerem B\u00fcndnis, Eheabrede, Ernennung von Verhandlern, Vertragschlie\u00dfung bekundet - Pr\u00e4\r\n\r\nEheschlie\u00dfung durch Prokurator in London, pers\u00f6nliche Eheschlie\u00dfung nach Ankunft der Braut in D\u00e4nemark vereinbart: nach evangelischem Ritus - 1","erbrechtliche Regelungen":"nach Tod der Braut ohne \u00fcberlebende Kinder: freies Dispositionsrecht f\u00fcr pers\u00f6nlichen Besitz der Braut au\u00dfer Mitgift zugesichert - 5\r\n\r\nVererbung von Zugewinn der Braut w\u00e4hrend der Ehe geregelt: an Kinder oder d\u00e4nische Krone - 6\r\n\r\n7 \u2013 Ratifikation geregelt\r\n"},"Einordnung des Vertrags":{"Textbezug zu vergangenen Ereignissen?":"","st\u00e4ndische Instanzen beteiligt?":"","externe Instanzen beteiligt?":"","Ratifikationen, Best\u00e4tigungen, Genehmigungen erw\u00e4hnt?":"","weitere Vertr\u00e4ge zwischen Vertragsparteien im Zusammenhang mit dieser Ehe":"","Schlagw\u00f6rter":"","Kommentar":"Vorvertrag 19.12.1764 London: nachgewiesen Parry\/Hopkins 1970, Bd. II, S. 113, ungedruckt","Literatur":"-"}}}