{"Dokument":{"Name":"Mailand - D\u00e4nemark","In Bearbeitung":"Nein","main":{"Name":"Ehevertrag Mailand - D\u00e4nemark 1533","Zuletzt ge\u00e4ndert":"2017-12 JK"},"Grunddaten Ehevertrag":{"Vertragspartner Br\u00e4utigam":"Mailand","Vertragspartner Braut":"\u00d6sterreich\/Spanien","Datum Vertragsschlie\u00dfung":"1533-06-10","Ort Vertragsschlie\u00dfung":"Barcelona","Eheschlie\u00dfung vollzogen?":"Ja","verschiedenkonfessionelle Ehe?":"Nein"},"Br\u00e4utigam":{"Br\u00e4utigam Name, Titel":"Franz II. (Francesco) Sforza, Herzog von Mailand","Br\u00e4utigam GND":"http:\/\/d-nb.info\/gnd\/130065331","Br\u00e4utigam Geburtsjahr":"1495-00-00","Br\u00e4utigam Sterbejahr":"1535-00-00","Br\u00e4utigam Dynastie":"Sforza","Br\u00e4utigam Konfession":"R\u00f6misch-Katholisch"},"Braut":{"Braut Name, Titel":"Christina von D\u00e4nemark, Tochter von K\u00f6nig Christian II. von D\u00e4nemark (Christierna)","Braut GND":"http:\/\/d-nb.info\/gnd\/119328313","Braut Geburtsjahr":"1521-00-00","Braut Sterbejahr":"1590-00-00","Braut Dynastie":"Oldenburg (D\u00e4nemark)","Braut Konfession":"R\u00f6misch-Katholisch"},"Akteur Br\u00e4utigam":{"Akteur Br\u00e4utigam Name, Titel":"Franz II. (Francesco) Sforza, Herzog von Mailand","Akteur Br\u00e4utigam GND":"http:\/\/d-nb.info\/gnd\/130065331","Akteur Br\u00e4utigam Dynastie":"Sforza","Akteur Br\u00e4utigam Verh\u00e4ltnis zu Br\u00e4utigam":"selbst"},"Akteur Braut":{"Akteur Braut Name, Titel":"Karl V., Kaiser, K\u00f6nig von Spanien","Akteur Braut GND":"http:\/\/d-nb.info\/gnd\/118560093","Akteur Braut Dynastie":"Habsburg (Spanien)","Akteur Braut Verh\u00e4ltnis zu Braut":"Onkel"},"Vertragstext":{"Archivexemplar":"nicht nachgewiesen","Vertragssprache Archivexemplar":"nicht nachgewiesen","Digitalisat Archivexemplar":"-","Drucknachweis":"Dumont 1726-1739, Bd. IV:2, S. 96-98","Vertragssprache Druck":"Lateinisch","Digitalisat Druck":"https:\/\/gallica.bnf.fr\/ark:\/12148\/bpt6k1263439g\/f110.item","Vertragsinhalt":"[Pr\u00e4] \u2013 Vertragsartikel bekundet: geschlossen zwischen Verhandlern der Vertragsparteien (96 li \u2013 re)\r\n\r\n[1] \u2013 zur Fortsetzung der Freundschaft zwischen Kaiser und Br\u00e4utigam, aus R\u00fccksicht auf die Ruhe der Christenheit und Italiens, zur Festigung des mail\u00e4ndischen Staates und zur Zufriedenheit seiner Untertanen: Einwilligung f\u00fcr Braut erteilt (96 re)\r\n\r\n[2] \u2013 Eheschlie\u00dfung geregelt: in Flandern, zur Vollziehung durch Prokurator des Br\u00e4utigams bis 1533 Sept., anschlie\u00dfend \u00dcberf\u00fchrung der Braut bis 1533 Nov. geregelt (96 re)\r\n\r\n[3] \u2013 Mitgift festgesetzt: Zahlung geregelt, f\u00fcr alle v\u00e4terlichen und m\u00fctterlichen Erbanspr\u00fcche der Braut, im Gegenzug f\u00fcr Erbverzicht der Braut zugunsten von Kaiser und Brautschwester (96 re)\r\n\r\n[4] \u2013 Erbverzicht der Braut geregelt: bedingt durch Versprechen von Mitgiftzulage durch Brautschwester nach deren Antritt des v\u00e4terlichen Erbes, Zahlung der Mitgiftzulage geregelt, nach Tod der Braut ohne Kinder ggf. zugunsten von Kaiser, Best\u00e4tigung von Erbverzicht durch Br\u00e4utigam geregelt (96 re \u2013 97 li)\r\n\r\n[5] \u2013 Anlage von Mitgift und Mitgiftzulage geregelt: nach Zahlung, in Eink\u00fcnften und Besitzungen des mail\u00e4ndischen Staates, zum Nutzen der Braut und ihrer Erben (97 li)\r\n\r\n[6] \u2013 Witweneink\u00fcnfte geregelt: abh\u00e4ngig von Geburt von S\u00f6hnen des Br\u00e4utigams, Begutachtung von Anlageg\u00fctern geregelt (97 li)\r\n\r\n[7] \u2013 nach Tod von Br\u00e4utigam: \u00dcbergang von Kleidung, Brautjuwelen und Hausrat an Braut geregelt (97 li)\r\n\r\n[8] \u2013 nach Tod der Braut ohne Kinder: R\u00fcckfall von Mitgift und Mitgiftzulage nach Tod von Br\u00e4utigam geregelt (97 li)\r\n\r\n[9] \u2013 Ratifikation durch mail\u00e4ndischen Senat, kaiserliche Zustimmung geregelt (97 li \u2013 re)\r\n\r\n[10] \u2013 Einhaltung versprochen\r\n","Regelungen \u00fcber Thronfolge und Regentschaft":"Mitgift festgesetzt: im Gegenzug f\u00fcr Erbverzicht der Braut zugunsten von Kaiser und Brautschwester - 3\r\n\r\nErbverzicht der Braut geregelt: bedingt durch Versprechen von Mitgiftzulage durch Brautschwester nach deren Antritt des v\u00e4terlichen Erbes, Zahlung der Mitgiftzulage geregelt, nach Tod der Braut ohne Kinder ggf. zugunsten von Kaiser, Best\u00e4tigung von Erbverzicht durch Br\u00e4utigam geregelt - 4\r\n","konfessionelle Regelungen":"","erbrechtliche Regelungen":"Mitgift festgesetzt: im Gegenzug f\u00fcr Erbverzicht der Braut zugunsten von Kaiser und Brautschwester - 3\r\n\r\nErbverzicht der Braut geregelt: bedingt durch Versprechen von Mitgiftzulage durch Brautschwester nach deren Antritt des v\u00e4terlichen Erbes, Zahlung der Mitgiftzulage geregelt, nach Tod der Braut ohne Kinder ggf. zugunsten von Kaiser, Best\u00e4tigung von Erbverzicht durch Br\u00e4utigam geregelt - 4\r\n"},"Einordnung des Vertrags":{"Textbezug zu vergangenen Ereignissen?":"","st\u00e4ndische Instanzen beteiligt?":"Ratifikation durch mail\u00e4ndischen Senat geregelt - 13","externe Instanzen beteiligt?":"","Ratifikationen, Best\u00e4tigungen, Genehmigungen erw\u00e4hnt?":"Ratifikation durch mail\u00e4ndischen Senat, kaiserliche Zustimmung geregelt - 13","weitere Vertr\u00e4ge zwischen Vertragsparteien im Zusammenhang mit dieser Ehe":"Friedensvertrag von Bologna 23.12.1529","Schlagw\u00f6rter":"Krieg der Liga von Cognac 1526\u20131530","Kommentar":"-","Literatur":"-"}}}