{"Dokument":{"Name":"\u00d6sterreich\/Spanien - England","In Bearbeitung":"Nein","main":{"Name":"Ehevertrag \u00d6sterreich\/Spanien - England 1522","Zuletzt ge\u00e4ndert":"2020-11 JK"},"Grunddaten Ehevertrag":{"Vertragspartner Br\u00e4utigam":"\u00d6sterreich\/Spanien","Vertragspartner Braut":"England","Datum Vertragsschlie\u00dfung":"1522-06-19","Ort Vertragsschlie\u00dfung":"Windsor ","Eheschlie\u00dfung vollzogen?":"Nein","verschiedenkonfessionelle Ehe?":"Nein"},"Br\u00e4utigam":{"Br\u00e4utigam Name, Titel":"Karl V., Kaiser, K\u00f6nig von Spanien","Br\u00e4utigam GND":"http:\/\/d-nb.info\/gnd\/118560093","Br\u00e4utigam Geburtsjahr":"1500-00-00","Br\u00e4utigam Sterbejahr":"1558-00-00","Br\u00e4utigam Dynastie":"Habsburg (Spanien)","Br\u00e4utigam Konfession":"R\u00f6misch-Katholisch"},"Braut":{"Braut Name, Titel":"Maria von England","Braut GND":"http:\/\/d-nb.info\/gnd\/118640917","Braut Geburtsjahr":"1516-00-00","Braut Sterbejahr":"1558-00-00","Braut Dynastie":"Tudor","Braut Konfession":"R\u00f6misch-Katholisch"},"Akteur Br\u00e4utigam":{"Akteur Br\u00e4utigam Name, Titel":"Karl V., Kaiser, K\u00f6nig von Spanien","Akteur Br\u00e4utigam GND":"http:\/\/d-nb.info\/gnd\/118560093","Akteur Br\u00e4utigam Dynastie":"Habsburg (Spanien)","Akteur Br\u00e4utigam Verh\u00e4ltnis zu Br\u00e4utigam":"selbst"},"Akteur Braut":{"Akteur Braut Name, Titel":"Heinrich VIII., K\u00f6nig von England","Akteur Braut GND":"http:\/\/d-nb.info\/gnd\/118548204","Akteur Braut Dynastie":"Tudor","Akteur Braut Verh\u00e4ltnis zu Braut":"Vater "},"Vertragstext":{"Archivexemplar":"nicht nachgewiesen","Vertragssprache Archivexemplar":"nicht nachgewiesen","Digitalisat Archivexemplar":"-","Drucknachweis":"CSP Sp., Bd. II, S. 438-440 (Regest)","Vertragssprache Druck":"Englisch ","Digitalisat Druck":"https:\/\/www.british-history.ac.uk\/cal-state-papers\/spain\/vol2\/pp434-447","Vertragsinhalt":"Pr\u00e4ambel: Verweis auf Kriegsausbruch zwischen dem Kaiser und Frankreich, trotz englischer Vermittlungsversuche gem\u00e4\u00df Vertrag von London 1518\/19, daraufhin B\u00fcndnis zwischen dem Kaiser und England gegen Frankreich als St\u00f6rer des Friedens\r\n\r\nArtikel 1: Kaiser verpflichtet sich, bis zu Marias Vollj\u00e4hrigkeit keine anderweitige Ehe einzugehen, Eheschlie\u00dfung durch Prokurator vereinbart, sobald Maira 12 Jahre alt ist\r\n\r\nArtikel 2: Verzicht auf anderweitige Verheiratung Marias zugesichert\r\n\r\nArtikel 3: gemeinsame Bitte an Papst wegen Dispens aufgrund naher Verwandschaft der Ehepartner vereinbart, sobald B\u00fcndnis \u00f6ffentlich bekannt ist\r\n\r\nArtikel 4: \u00dcberf\u00fchrung Marias nach Spanien innerhalb von vier Monaten nach Eheschlie\u00dfung durch Prokurator vereinbat, auf Kosten des englischen K\u00f6nigs, \u00f6ffentliche Wiederholung der Heiratszeremonie in Spanien vereinbart\r\n\r\nArtikel 5: Mitgift auf 400.000 Kronen festgelegt, Zahlungsmodalit\u00e4ten vereinbart, falls Maria englischen Thron besteigt, wird keine Mitgift f\u00e4llig, alle eventuell schon get\u00e4tigten Zahlungen werden der englischen Krone erstattet, falls Heinrich zuk\u00fcnftig einen m\u00e4nnlichen Thronerben haben sollte, wird die Mitgift um 600.000 Kronen auf 1.000.000 Kronen aufgestockt, Leibgedinge Marias auf 50.000 Kronen j\u00e4hrlich festgesetzt\r\n\r\nArtikel 6: falls die Ehe nicht zustande kommt, muss schuldige Partei der Gegenpartei 400.000 Kronen als Entsch\u00e4digung zahlen\r\n\r\nArtikel 7: Best\u00e4tigung aller \u00e4lteren B\u00fcndnisse und Vertr\u00e4ge, sofern sie nicht dem aktuellen Vertrag widersprechen\r\n\r\nArtikel 8: gegenseitiger milit\u00e4rischer Beistand im Angriffsfall vereinbart\r\n\r\nArtikel 9: die englische Flotte hat den Kaiser nach England \u00fcbergesetzt, im Gegenzug ist der Kaiser verpflichtet, den K\u00f6nig von England und seine Armee nach Calais \u00fcberzusetzen\r\n\r\nArtikel 10-11: Vereinbarung \u00fcber gemeinsame Invasion Frankreichs bis Ende Mai 1524, Festlegung der von beiden Vertragsparteien zu stellenden Truppenzahlen zu Land und zur See \r\n\r\nArtikel 12: beiden Vertragsparteien ist untersagt, ohne Zustimmung der jeweils anderen einen Waffenstillstand oder Frieden mit Frankreich zu schlie\u00dfen\r\n\r\nArtikel 13: Regelung wechselseitiger der Durchzugsrechte\r\n\r\nArtikel 14: zur Abwehr franz\u00f6sischer Angriffe sollen England und Kaiser je mindestens 2.000 Soldaten in Calais und im Atrois bereithalten\r\n\r\nArtikel 15: Ma\u00dfnahmen zur Verhinderung der Anwerbung deutscher S\u00f6ldner durch Frankreich vereinbart \r\n\r\nArtikel 16: Restitution von durch Frankreich besetzten Pl\u00e4tzen, die rechtm\u00e4\u00dfig einer der beiden Vertragsparteien geh\u00f6ren an die jeweilige Partei, unabh\u00e4ngig davon, von wem sie zur\u00fcckerobert wurden\r\n\r\nArtikel 17: wechselseitige Unterst\u00fctzung bei der R\u00fcckeroberung verlorengegangenen Besitzes vereinbart\r\n\r\nArtikel 18: Verzicht auf separate Verhandlungen mit Frankreich\r\n\r\nArtikel 19: Verpflichtung beider Parteien, den Erzbischof von York f\u00fcr den Fall des Vertragsbruchs um Exkommunikation der vertragsbr\u00fcchigen Partei zu bitten\r\n\r\nArtikel 20: falls Maria vor der Hochzeit stirbt, sind beide Parteien verpflichtet, eine Ehe zwischen zuk\u00fcnftigen Kindern zu schlie\u00dfen\r\n\r\nArtikel 21: Verpflichtung zur Geheimhaltung des Vertrags\r\n\r\n","Regelungen \u00fcber Thronfolge und Regentschaft":"Artikel 5: Mitgift auf 400.000 Kronen festgelegt, Zahlungsmodalit\u00e4ten vereinbart, falls Maria englischen Thron besteigt, wird keine Mitgift f\u00e4llig, alle eventuell schon get\u00e4tigten Zahlungen werden der englischen Krone erstattet, falls Heinrich zuk\u00fcnftig einen m\u00e4nnlichen Thronerben haben sollte, wird die Mitgift um 600.000 Kronen auf 1.000.000 Kronen aufgestockt, Leibgedinge Marias auf 50.000 Kronen j\u00e4hrlich festgesetzt","konfessionelle Regelungen":"","erbrechtliche Regelungen":"Artikel 5: Mitgift auf 400.000 Kronen festgelegt, Zahlungsmodalit\u00e4ten vereinbart, falls Maria englischen Thron besteigt, wird keine Mitgift f\u00e4llig, alle eventuell schon get\u00e4tigten Zahlungen werden der englischen Krone erstattet, falls Heinrich zuk\u00fcnftig einen m\u00e4nnlichen Thronerben haben sollte, wird die Mitgift um 600.000 Kronen auf 1.000.000 Kronen aufgestockt, Leibgedinge Marias auf 50.000 Kronen j\u00e4hrlich festgesetzt"},"Einordnung des Vertrags":{"Textbezug zu vergangenen Ereignissen?":"Bezug auf Vertrag von London 1518\/19 und Kriegsausbruch zwischen Frankreich und dem Kaiser 1521","st\u00e4ndische Instanzen beteiligt?":"","externe Instanzen beteiligt?":"Dispens des Papstes erforderlich (Artikel 3)","Ratifikationen, Best\u00e4tigungen, Genehmigungen erw\u00e4hnt?":"","weitere Vertr\u00e4ge zwischen Vertragsparteien im Zusammenhang mit dieser Ehe":"B\u00fcndnis zwischen Paps Leo X., Kaiser Maximilian I., Karl I. von Spanien, Heinrich VIII. von England, London 19.10.1516 - Vertrag von London 02.10.1518 - B\u00fcndnisvertrag, Westminster 16.06.1522 - Waffenstillstandsvetrag zwischen England, Frankreich, Kaiser Karl V., Margarete von \u00d6sterreich, Hamptoncourt 15.06.1528","Schlagw\u00f6rter":"","Kommentar":"-","Literatur":"Kohler 2005, S. 163"}}}