{"Dokument":{"Name":"Frankreich - \u00d6sterreich\/Spanien (Fortsetzung zu 1526)","In Bearbeitung":"Nein","main":{"Name":"Ehevertrag Frankreich - \u00d6sterreich\/Spanien 1529 (Fortsetzung zu 1526)","Zuletzt ge\u00e4ndert":"2021-03 JK"},"Grunddaten Ehevertrag":{"Vertragspartner Br\u00e4utigam":"Frankreich","Vertragspartner Braut":"\u00d6sterreich\/Spanien","Datum Vertragsschlie\u00dfung":"1529-05-08","Ort Vertragsschlie\u00dfung":"Cambrai","Eheschlie\u00dfung vollzogen?":"Ja","verschiedenkonfessionelle Ehe?":"Nein"},"Br\u00e4utigam":{"Br\u00e4utigam Name, Titel":"Franz I. (Francois), K\u00f6nig von Frankreich","Br\u00e4utigam GND":"http:\/\/d-nb.info\/gnd\/118534947","Br\u00e4utigam Geburtsjahr":"1494-00-00","Br\u00e4utigam Sterbejahr":"1547-00-00","Br\u00e4utigam Dynastie":"Valois","Br\u00e4utigam Konfession":"R\u00f6misch-Katholisch"},"Braut":{"Braut Name, Titel":"Eleonore von Kastilien, Witwe von K\u00f6nig Manuel I. von Portugal","Braut GND":"http:\/\/d-nb.info\/gnd\/129756075","Braut Geburtsjahr":"1498-00-00","Braut Sterbejahr":"1558-00-00","Braut Dynastie":"Habsburg (Spanien)","Braut Konfession":"R\u00f6misch-Katholisch"},"Akteur Br\u00e4utigam":{"Akteur Br\u00e4utigam Name, Titel":"Luise von Savoyen","Akteur Br\u00e4utigam GND":"http:\/\/d-nb.info\/gnd\/121233782","Akteur Br\u00e4utigam Dynastie":"Savoyen","Akteur Br\u00e4utigam Verh\u00e4ltnis zu Br\u00e4utigam":"Mutter"},"Akteur Braut":{"Akteur Braut Name, Titel":"Margarethe, Erzherzogin","Akteur Braut GND":"http:\/\/d-nb.info\/gnd\/118730983","Akteur Braut Dynastie":"Habsburg (\u00d6sterreich)","Akteur Braut Verh\u00e4ltnis zu Braut":"Tante"},"Vertragstext":{"Archivexemplar":"nicht nachgewiesen ","Vertragssprache Archivexemplar":"nicht nachgewiesen ","Digitalisat Archivexemplar":"-","Drucknachweis":"Dumont 1726-1739, Bd. IV:2, S. 7-17","Vertragssprache Druck":"Franz\u00f6sisch","Digitalisat Druck":"https:\/\/gallica.bnf.fr\/ark:\/12148\/bpt6k1263439g\/f21.item.r=dumont%20corps%20universel%20diplomatique","Vertragsinhalt":"Pr\u00e4ambel: Bekundung der beiderseitigen Friedensbestrebungen angesichts schismatischer Unruhen und der T\u00fcrkengefahr\r\n\r\nArtikel 1: Frieden, Ende aller Feindseligkeiten vereinbart\r\n\r\nArtikel 2: Vertrag von Madrid 14.01.1526 best\u00e4tigt: bis auf Artikel \u00fcber R\u00fcckgabe von Burgund an Kaiser\r\n\r\nArtikel 3: Freilassung der beiden S\u00f6hne von Franz vereinbart: bis M\u00e4rz 1530, gegen L\u00f6segeld, Zahlung geregelt, verrechnet mit kaiserlichen Schulden bei K\u00f6nig von England, Sicherheiten gestellt\r\n\r\nArtikel 4-5: franz\u00f6sischer R\u00fcckzug aus Italien vereinbart\r\n\r\nArtikel 6-13: Verzicht auf alle franz\u00f6sischen Anspr\u00fcche auf oder in Flandern und Artois bekr\u00e4ftigt, vereinbart: inkl. Tributzahlung aus Artois, Zollfreiheit geregelt\r\n\r\nArtikel 14-18: Verzicht auf alle kaiserlichen Anspr\u00fcche auf oder in den Grafschaften Boulogne, Guines, Ponthieu vereinbart, territorialer Zustand wie vor Krieg vereinbart\r\n\r\nArtikel 19: \u00dcbersendung aller Prozesse in Flandern, Artois von franz\u00f6sischen Gerichten an kaiserlichen Rat vereinbart: Ausf\u00fchrung ergangener Urteile durch Kaiser vorbehalten\r\n\r\nArtikel 20: Aufhebung des Abzugsrechts zwischen Burgund, Frankreich vereinbart\r\n\r\nArtikel 21: Verbleib von Charolais bei Kaiser vereinbart: auf Lebzeiten von Karl, Margarethe, inkl. grenz\u00fcberschreitende Verfolgung von Verbrechern, franz\u00f6sische Zahlung an Margarethe\r\n\r\nArtikel 22-23: R\u00e4umung von evtl. franz\u00f6sischen Positionen in Mailand, Asti vereinbart\r\n\r\nArtikel 24: sofortige R\u00e4umung von Neapel durch Franzosen und Venetianer vereinbart: ggf. franz\u00f6sische Hilfeleistung gegen Venetianer\r\n\r\nArtikel 25: Auslieferung von eroberten Galeeren an Kaiser vereinbart\r\n\r\nArtikel 26: Residenz des Herren von Angoumois als kaiserlichem Parteig\u00e4nger in franz\u00f6sisches Belieben gestellt: anders als in Vertrag von Madrid 14.01.1526\r\n\r\nArtikel 27: Defensivb\u00fcndnis: gem\u00e4\u00df Vertrag von Madrid 14.01.1526, aber modifiziert\r\n\r\nArtikel 28: Eheschlie\u00dfung best\u00e4tigt: \u00dcbersendung Eleonores zusammen mit Geiseln vereinbart, neue Regelungen \u00fcber Auxerre, Macon, Bar-sur-Seine, Mitgift vorbehalten\r\n\r\nArtikel 29-30: franz\u00f6sische Hilfspflicht f\u00fcr kaiserlichen Italienzug modifiziert: Schiffe, Hilfsgelder, Verzicht auf Soldzahlungen, Lieferungen f\u00fcr kaiserliche Soldaten zugunsten Vermehrung von Mitgift\r\n\r\nArtikel 31: Rechtskraft von Konfiskationen w\u00e4hrend Krieg geregelt\r\n\r\nArtikel 32: Rechtskraft von franz\u00f6sischen Urkunden, Privilegien in Niederlanden geregelt\r\n\r\nArtikel 33: Freilassung aller Gefangenen geregelt\r\n\r\nArtikel 34: Verzicht auf franz\u00f6sische Unterst\u00fctzung f\u00fcr Robert La Marck vereinbart\r\n\r\nArtikel 35-42: Restitution kaiserlicher Parteig\u00e4nger vereinbart\r\n\r\nArtikel 43: Schiedsgericht in Besitzstreit vereinbart\r\n\r\nArtikel 44-45: Beitrittspartner, Beitrittsregeln vereinbart\r\n\r\nArtikel 46: Ratifikation geregelt, Einhaltung versichert: unter Androhung kanonischer Strafen\r\n\r\nArtikel 47: Ratifikation durch Dauphin, franz\u00f6sische St\u00e4nde geregelt\r\n\r\nArtikel 48: Ver\u00f6ffentlichung des Vertrags geregelt\r\n\r\nArtikel 49: Zustimmung von Eleonore geregelt","Regelungen \u00fcber Thronfolge und Regentschaft":"","konfessionelle Regelungen":"","erbrechtliche Regelungen":""},"Einordnung des Vertrags":{"Textbezug zu vergangenen Ereignissen?":"Pr\u00e4ambel: Bezugnahme auf schismatische Unruhen ggf. infolge Reformation, mehrfache Bezugnahme auf Vetrag von Madrid 1526","st\u00e4ndische Instanzen beteiligt?":"","externe Instanzen beteiligt?":"","Ratifikationen, Best\u00e4tigungen, Genehmigungen erw\u00e4hnt?":"Artikel 46: Ratifikation geregelt, Einhaltung versichert: unter Androhung kanonischer Strafen, Artikel 47: Ratifikation durch Dauphin, franz\u00f6sische St\u00e4nde geregelt, Artikel 49: Zustimmung von Eleonore geregelt\r\n","weitere Vertr\u00e4ge zwischen Vertragsparteien im Zusammenhang mit dieser Ehe":"Friedensvertrag von Rom 1524.12.12 - Waffenstillstand von Breda 1525.07.14 - Waffenstillstand von Toledo 1525.08.11 - Friedensvertrag von Madrid 1526.01.14","Schlagw\u00f6rter":"Krieg zwischen Frankreich und Habsburg 1521-1525, Krieg der Liga von Cognac 1526-1530, Kriege zwischen Frankreich und Habsburg 1535-1544","Kommentar":"Der Vertrag ist eine Fortsetzung des Vertrags zwischen beiden Parteien von 1526.\r\n\r\nArtikelz\u00e4hlung erw\u00e4hnt f\u00fcr Vertrag von Madrid 14.01.1526: anders als bei Dumont, Usunariz! - Eheschlie\u00dfung Franz-Eleonore: Dumont Art. 28\r\n\r\nVertrag ist eine Kombination Friedens- und Ehevertrag\r\n\r\ns. auch Ehevertrag Frankreich - \u00d6sterreich\/Spanien 1526 I und II","Literatur":"Schorn-Sch\u00fctte 2006, 12, 35; Kohler 2008, 362"}}}