{"Dokument":{"Name":"Hessen-Philippsthal - Solms-Laubach","In Bearbeitung":"Nein","main":{"Name":"Ehevertrag Hessen-Philippsthal - Solms-Laubach 1680","Zuletzt ge\u00e4ndert":"2020-06 KZ"},"Grunddaten Ehevertrag":{"Vertragspartner Br\u00e4utigam":"Hessen-Philippsthal","Vertragspartner Braut":"Solms-Laubach","Datum Vertragsschlie\u00dfung":"1680-04-16","Ort Vertragsschlie\u00dfung":"Kassel","Eheschlie\u00dfung vollzogen?":"Ja","verschiedenkonfessionelle Ehe?":"unbekannt"},"Br\u00e4utigam":{"Br\u00e4utigam Name, Titel":"Philipp von Hessen-Philippsthal, Landgraf","Br\u00e4utigam GND":"http:\/\/d-nb.info\/gnd\/135671140","Br\u00e4utigam Geburtsjahr":"1655-00-00","Br\u00e4utigam Sterbejahr":"1721-00-00","Br\u00e4utigam Dynastie":"Hessen (Philippsthal)","Br\u00e4utigam Konfession":"Evangelisch-Reformiert"},"Braut":{"Braut Name, Titel":"Katharina Amalia von Solms-Laubach","Braut GND":"","Braut Geburtsjahr":"1654-00-00","Braut Sterbejahr":"1736-00-00","Braut Dynastie":"Solms-Laubach","Braut Konfession":"unbekannt"},"Akteur Br\u00e4utigam":{"Akteur Br\u00e4utigam Name, Titel":"Hedwig Sophie von Brandenburg","Akteur Br\u00e4utigam GND":"http:\/\/d-nb.info\/gnd\/102324115","Akteur Br\u00e4utigam Dynastie":"Hohenzollern","Akteur Br\u00e4utigam Verh\u00e4ltnis zu Br\u00e4utigam":"Mutter ","Akteur Br\u00e4utigam Name, Titel (32)":"Karl von Hessen-Kassel","Akteur Br\u00e4utigam GND (65)":"http:\/\/d-nb.info\/gnd\/118560050","Akteur Br\u00e4utigam Dynastie (35)":"Hessen (Kassel)","Akteur Br\u00e4utigam Verh\u00e4ltnis zu Br\u00e4utigam (34)":"Bruder"},"Akteur Braut":{"Akteur Braut Name, Titel":"Amoena Elisabeth von Bentheim","Akteur Braut GND":"","Akteur Braut Dynastie":"Bentheim","Akteur Braut Verh\u00e4ltnis zu Braut":"Mutter"},"Vertragstext":{"Archivexemplar":"Hessisches Staatsarchiv Marburg (HStAM Urk. 3, 184)","Vertragssprache Archivexemplar":"Deutsch","Digitalisat Archivexemplar":"-","Drucknachweis":"nicht nachgewiesen","Vertragssprache Druck":"nicht nachgewiesen","Digitalisat Druck":"-","Vertragsinhalt":"Artikel 1: Ehe wird beschlossen\r\n\r\nArtikel 2: Mitgift (15 000 fl. Frankfurter W\u00e4hrung) vereinbart sowie deren Anlage festgelegt\r\n\r\nArtikel 3: Aussteuer festgesetzt\r\n\r\nArtikel 4: Morgengabe (1 000 Goldgulden) und Unterhalt festgelegt, das Nadelgeld betr\u00e4gt j\u00e4hrlich 1 000 fl. hessischer Kammerw\u00e4hrung\r\n\r\nArtikel 5: Im Falle des Ablebens von Katharina Amalia ohne Erben soll die Mitgift plus Wiederlage zur\u00fcckgezahlt werden\r\n\r\nArtikel 6: Wittum (Herleshausen)  und Witwengeld (3000 fl. hessischer Kammerw\u00e4hrung) beschlossen\r\n\r\nArtikel 7: Wenn Philipp stirbt und Leibeserben existieren: Wittum bleibt, aber die Erben erhalten die v\u00e4terlichen Landschaften und das Deputat\r\nwenn keine m\u00e4nnlichen Erben existieren, sollen die Prinzessinnen von dem Wittum finanziert werden, au\u00dferdem wird eine Mitgiftsumme f\u00fcr deren Heirat festgelegt. Sollte das Wittum an Carl zur\u00fcckfallen, verpflichtet sich dieser die Prinzessinnen zu finanzieren\r\n\r\nArtikel 8: Ehe wird ratifiziert","Regelungen \u00fcber Thronfolge und Regentschaft":"","konfessionelle Regelungen":"","erbrechtliche Regelungen":"Artikel 5: Im Falle des Ablebens von Katharina Amalia ohne Erben soll die Mitgift plus Wiederlage zur\u00fcckgezahlt werden\r\n\r\nArtikel 7: Wenn Philipp stirbt und Leibeserben existieren: Wittum bleibt, aber die Erben erhalten die v\u00e4terlichen Landschaften und das Deputat\r\nwenn keine m\u00e4nnlichen Erben existieren, sollen die Prinzessinnen von dem Wittum finanziert werden, au\u00dferdem wird eine Mitgiftsumme f\u00fcr deren Heirat festgelegt. Sollte das Wittum an Carl zur\u00fcckfallen, verpflichtet sich dieser die Prinzessinnen zu finanzieren\r\n"},"Einordnung des Vertrags":{"Textbezug zu vergangenen Ereignissen?":"","st\u00e4ndische Instanzen beteiligt?":"","externe Instanzen beteiligt?":"","Ratifikationen, Best\u00e4tigungen, Genehmigungen erw\u00e4hnt?":"Artikel 8: Ehe wird ratifiziert","weitere Vertr\u00e4ge zwischen Vertragsparteien im Zusammenhang mit dieser Ehe":"","Schlagw\u00f6rter":"","Kommentar":"Vertrag selbst ist nicht in Artikel unterteilt.","Literatur":"-"}}}