{"Dokument":{"Name":"Brandenburg - Sachsen","In Bearbeitung":"Nein","main":{"Name":"Ehevertrag Brandenburg - Sachsen 1533","Zuletzt ge\u00e4ndert":"2021-03 JT"},"Grunddaten Ehevertrag":{"Vertragspartner Br\u00e4utigam":"Brandenburg","Vertragspartner Braut":"Sachsen","Datum Vertragsschlie\u00dfung":"1533-08-15","Ort Vertragsschlie\u00dfung":"Freiburg","Eheschlie\u00dfung vollzogen?":"Ja","verschiedenkonfessionelle Ehe?":"Nein"},"Br\u00e4utigam":{"Br\u00e4utigam Name, Titel":"Georg (\u201eder Fromme\u201c) Markgraf von Brandenburg (Brandenburg-Ansbach-Kulmbach)","Br\u00e4utigam GND":"http:\/\/d-nb.info\/gnd\/118716905","Br\u00e4utigam Geburtsjahr":"1484-00-00","Br\u00e4utigam Sterbejahr":"1543-00-00","Br\u00e4utigam Dynastie":"Hohenzollern","Br\u00e4utigam Konfession":"Evangelisch-Lutherisch"},"Braut":{"Braut Name, Titel":"Emilie von Sachsen","Braut GND":"http:\/\/d-nb.info\/gnd\/119662892","Braut Geburtsjahr":"1516-00-00","Braut Sterbejahr":"1591-00-00","Braut Dynastie":"Wettiner (Albertiner)","Braut Konfession":"Evangelisch-Lutherisch"},"Akteur Br\u00e4utigam":{"Akteur Br\u00e4utigam Name, Titel":"Georg (\u201eder Fromme\u201c), Markgraf von Brandenburg (Brandenburg-Ansbach-Kulmbach)","Akteur Br\u00e4utigam GND":"http:\/\/d-nb.info\/gnd\/118716905","Akteur Br\u00e4utigam Dynastie":"Hohenzollern","Akteur Br\u00e4utigam Verh\u00e4ltnis zu Br\u00e4utigam":"Selbst"},"Akteur Braut":{"Akteur Braut Name, Titel":"Heinrich (\u201eder Fromme\u201c), Herzog von Sachsen","Akteur Braut GND":"http:\/\/d-nb.info\/gnd\/115821872","Akteur Braut Dynastie":"Wettin (Albertiner)","Akteur Braut Verh\u00e4ltnis zu Braut":"Vater"},"Vertragstext":{"Archivexemplar":"HStA Drd, 10001 O.U. 10700 ","Vertragssprache Archivexemplar":"Deutsch","Digitalisat Archivexemplar":"-","Drucknachweis":"nicht nachgewiesen","Vertragssprache Druck":"nicht nachgewiesen","Digitalisat Druck":"-","Vertragsinhalt":"Artikel 1: Eheschlie\u00dfung vereinbart, s\u00e4chsische R\u00e4te als Zeugen erw\u00e4hnt, Vollzug von Eheschlie\u00dfung und Beilager 25.08.1533 auf Schloss Freiberg erw\u00e4hnt\r\n\r\nArtikel 2: Heiratsgut nach dem Brauch des Hauses Sachsen zugesichert, Mitgift auf 10.000 Gulden festgesetzt; falls die Herrschaft \u00fcber alle s\u00e4chsischen Territorien an den Brautvater fallen sollte: Zahlung weiterer 10.000 Gulden innerhalb eines Jahres nach dem Erbfall geregelt\r\n\r\nArtikel 3: Widerlage, Versorgung und Morgengabe geregelt: Schloss, Stadt und Amt Bayreuth oder J\u00e4gerndorf mit allen Zugeh\u00f6rungen und \u00c4mtern nach vorheriger Besichtigung als Morgengabe (zugleich als Wittumsgut) zugesprochen, 3.000 Gulden Unterhalt j\u00e4hrlich zugesichert, Nutzungsrechts, Jagdrechte etc. geregelt, Regelungen bez\u00fcglich der Bestellung von Amtsleuten und Treuepflichten der Untertanen vor Ort\r\n\r\nArtikel 4: Wittum zugesprochen, Ausstattung und Besitzrechte geregelt; Wittum und Leibgedinge d\u00fcrfen weder verkauft noch verpf\u00e4ndet werden; Zulage zur Mitgift in dem in Artikel 2 beschriebenen eventuellen Erbfall zugesichert\r\n\r\nArtikel 5: Bestimmungen zur Bestellung von Amtsleuten auf dem Wittumsgut; Bezahlung, Huldigung und Dienstpflicht gegen\u00fcber Emilie geregelt\r\n\r\nArtikel 6: falls die Braut vor dem Br\u00e4utigam verstirbt, gleich, ob Kinder aus der Ehe vorhanden sind oder nicht: Br\u00e4utigam erh\u00e4lt Verf\u00fcgungsrecht \u00fcber den Besitz der Braut (Kleider, Kleinodien, Schmuck), Br\u00e4utigam und T\u00f6chter erben die Kleider\r\n\r\nArtikel 7: nach dem Tod der Braut erh\u00e4lt der Br\u00e4utigam das lebenslange Verf\u00fcgungsrecht \u00fcber das Heiratsgut\r\n\r\nArtikel 8: nach dem Tod von Braut und Br\u00e4utigam f\u00e4llt das Heiratsgut zur\u00fcck an die s\u00e4chsische Linie\r\n\r\nArtikel 9: falls der Br\u00e4utigam vor der Braut verstirbt, gleich, ob Leibeserben aus der Ehe vorhanden sind oder nicht: Die Braut erh\u00e4lt das Verf\u00fcgungsrecht \u00fcber Leibgedinge, Widerlage, Morgengabe, Kleider, Schmuck, Geschenke, etc., Unterhalt der Witwe und ihres Gesindes bis zum Bezug des Wittums zugesichert; ab dem Bezug des Wittums: Nutzungsrecht der Ertr\u00e4ge aus dem Wittum und dort zinstr\u00e4chtig angelegten Geldern zugesichert; Lehnsrechte bez\u00fcglich ritterlicher und geistlicher Lehen auf dem Wittumsgut bleiben Georgs Erben vorbehalten \r\n\r\nArtikel 10: \u00d6ffnung des Wittums f\u00fcr andere ohne Erlaubnis des Br\u00e4utigams oder seiner Erben ausgeschlossen\r\n\r\nArtikel 11: sind durch Georgs Nachkommen und Erben werden auf Schutz des Wittums und Emilies Nutzungsanspr\u00fcchen daran verpflichtet\r\n\r\nArtikel 12: Die Braut wird von s\u00e4mtlichen gemachten und zuk\u00fcnftigen Schulden des Br\u00e4utigams und dessen Familie ausgenommen\r\n\r\nArtikel 13: eventuelle Schulden der Braut m\u00fcssen durch deren Erben bezahlt werden\r\n\r\nArtikel 14: falls die Braut nach dem Tod des Br\u00e4utigams erneut heiratet, erhalten die Erben aus der ersten Ehe die volle Gewalt \u00fcber das Wittum, die Widerlage, das Heiratsgut und die Morgengabe, gegen Zahlung einer Abl\u00f6sung von 30.000 bis 40.000 Gulden, Zahlung geregelt\r\n\r\nArtikel 15: Abtretung des Wittumsguts hat erst nach geleisteter Zahlung zu erfolgen\r\n\r\nArtikel 16: falls Br\u00e4utigam und Braut versterben und keine Leibeserben hinterlassen, erben die n\u00e4chsten Erben des Br\u00e4utigams 17.000 Gulden von den 20.000 Gulden der Widerlage, die \u00fcbrigen 3.000 Gulden, die der Morgengabe zugerechnet werden, werden nach dem Willen der Braut vererbt\r\n\r\nArtikel 17: Vererbung der Mitgift nach geltendem Landes- und Gewohnheitsrecht geregelt; falls keine entsprechende Regelung: R\u00fcckfall an Sachsen, Zahlungsfrist auf ein Jahr festgesetzt\r\n\r\nArtikel 18: sofern Leibeserben vorhanden sind: Vererbung nach altv\u00e4terlichem Vertrag der Markgrafen zu Brandenburg\r\n\r\nArtikel 19: Erbverzicht der Braut auf alles v\u00e4terliche, m\u00fctterliche und br\u00fcderliche Erbe geregelt, au\u00dfer es versterben alle m\u00e4nnlichen Erben dieser Linie \r\n\r\nArtikel 23 (S. 4-5): Best\u00e4tigung und Bekr\u00e4ftigung des Ehevertrages, Einhaltung des Vertrages zugesichert\r\n\r\nArtikel 24 (S. 5): Zeugen genannt","Regelungen \u00fcber Thronfolge und Regentschaft":"","konfessionelle Regelungen":"","erbrechtliche Regelungen":"Artikel 6: falls die Braut vor dem Br\u00e4utigam verstirbt, gleich, ob Kinder aus der Ehe vorhanden sind oder nicht: Br\u00e4utigam erh\u00e4lt Verf\u00fcgungsrecht \u00fcber den Besitz der Braut (Kleider, Kleinodien, Schmuck), Br\u00e4utigam und T\u00f6chter erben die Kleider\r\n\r\nArtikel 7: nach dem Tod der Braut erh\u00e4lt der Br\u00e4utigam das lebenslange Verf\u00fcgungsrecht \u00fcber das Heiratsgut\r\n\r\nArtikel 8: nach dem Tod von Braut und Br\u00e4utigam f\u00e4llt das Heiratsgut zur\u00fcck an die s\u00e4chsische Linie\r\n\r\n\r\nArtikel 20 (S. 4): Wenn Br\u00e4utigam und Braut versterben und keine Erben vorhanden sind, erben die n\u00e4chsten Erben des Br\u00e4utigams 17 000 Gulden von den 20 000 Gulden der Widerlage, die 3 000 Gulden der Morgengabe werden nach dem Gefallen der Braut vererbt; Verschreibung und Versicherung n\u00f6tig; sonst Vererbung nach Land- und Gewohnheitsrecht; Sonst Vererbung an die s\u00e4chsische Linie: Zahlungsfrist 1 Jahr\r\n\r\nArtikel 21 (S. 4): Wenn Leibeserben vorhanden sind: Vererbung nach altv\u00e4terlichem Vertrag\r\n\r\nArtikel 22 (S. 4): Erbverzicht der Braut auf alles v\u00e4terliche, m\u00fctterliche und br\u00fcderliche Erbe, es sei denn alle m\u00e4nnlichen Erben aus dieser Linie versterben\r\n\r\nArtikel 16: falls Br\u00e4utigam und Braut versterben und keine Leibeserben hinterlassen, erben die n\u00e4chsten Erben des Br\u00e4utigams 17.000 Gulden von den 20.000 Gulden der Widerlage, die \u00fcbrigen 3.000 Gulden, die der Morgengabe zugerechnet werden, werden nach dem Willen der Braut vererbt\r\n\r\nArtikel 17: Vererbung der Mitgift nach geltendem Landes- und Gewohnheitsrecht geregelt; falls keine entsprechende Regelung: R\u00fcckfall an Sachsen, Zahlungsfrist auf ein Jahr festgesetzt\r\n\r\nArtikel 18: sofern Leibeserben vorhanden sind: Vererbung nach altv\u00e4terlichem Vertrag der Markgrafen zu Brandenburg\r\n\r\nArtikel 19: Erbverzicht der Braut auf alles v\u00e4terliche, m\u00fctterliche und br\u00fcderliche Erbe geregelt, au\u00dfer es versterben alle m\u00e4nnlichen Erben dieser Linie "},"Einordnung des Vertrags":{"Textbezug zu vergangenen Ereignissen?":"","st\u00e4ndische Instanzen beteiligt?":"","externe Instanzen beteiligt?":"","Ratifikationen, Best\u00e4tigungen, Genehmigungen erw\u00e4hnt?":"","weitere Vertr\u00e4ge zwischen Vertragsparteien im Zusammenhang mit dieser Ehe":"","Schlagw\u00f6rter":"","Kommentar":"Vertrag verf\u00fcgt im Original \u00fcber keine Nummerierung der Artikel.\r\n\r\nRegestierter Vertrag abweichend datiert auf 28.08.1533.","Literatur":"-"}}}