{"Dokument":{"Name":"Modena - Frankreich","In Bearbeitung":"Nein","main":{"Name":"Ehevertrag Modena - Frankreich 1720","Zuletzt ge\u00e4ndert":"2020-12 JK"},"Br\u00e4utigam":{"Br\u00e4utigam Geburtsjahr":"1698-00-00","Br\u00e4utigam Sterbejahr":"1780-00-00","Br\u00e4utigam Dynastie":"Este","Br\u00e4utigam Konfession":"R\u00f6misch-Katholisch","Br\u00e4utigam Name, Titel":"Franz (Francesco) von Este, Erbprinz von Modena","Br\u00e4utigam GND":"http:\/\/d-nb.info\/gnd\/118863525"},"Braut":{"Braut Name, Titel":"Charlotte Agla\u00e9 von Orl\u00e9ans","Braut GND":"http:\/\/d-nb.info\/gnd\/136923283","Braut Geburtsjahr":"1700-00-00","Braut Sterbejahr":"1761-00-00","Braut Dynastie":"Orl\u00e9ans","Braut Konfession":"R\u00f6misch-Katholisch"},"Akteur Br\u00e4utigam":{"Akteur Br\u00e4utigam Name, Titel":"Rinaldo von Este, Herzog von Modena","Akteur Br\u00e4utigam GND":"http:\/\/d-nb.info\/gnd\/118863576","Akteur Br\u00e4utigam Dynastie":"Este","Akteur Br\u00e4utigam Verh\u00e4ltnis zu Br\u00e4utigam":"Vater"},"Akteur Braut":{"Akteur Braut Name, Titel":"Ludwig XV., K\u00f6nig von Frankreich","Akteur Braut GND":"http:\/\/d-nb.info\/gnd\/118729438","Akteur Braut Dynastie":"Bourbon (Frankreich)","Akteur Braut Verh\u00e4ltnis zu Braut":"Neffe"},"Vertragstext":{"Archivexemplar":"Trait\u00e9s et accords de la France, TRA17200003","Vertragssprache Archivexemplar":"Franz\u00f6sisch","Digitalisat Archivexemplar":"https:\/\/basedoc.diplomatie.gouv.fr\/exl-php\/recherche\/mae_internet___traites","Drucknachweis":"nicht nachgewiesen","Vertragssprache Druck":"nicht nachgewiesen","Digitalisat Druck":"-","Vertragsinhalt":"Artikel 1: Mitgift festgelegt: gezahlt von K\u00f6nig Ludwig und Herzog Philipp, zus\u00e4tzlich: Gabe von Brautjuwelen\r\n\r\nArtikel 2: Erbverzicht Charlottes geregelt: mit Zustimmung Herzog Rinaldos, zugunsten der Herz\u00f6ge von Orleans\r\n\r\nArtikel 3: Eigentumsrechte Charlottes und Erbrecht an Mitgift geregelt\r\n\r\nArtikel 4: Anlage der Mitgift geregelt\r\n\r\nArtikel 5: Brautgeschenke und Unterhalt Charlottes w\u00e4hrend der Ehe festgelegt\r\n\r\nArtikel 6: Leibgedinge festgelegt: als Witwenversorgung ausgewiesen; Verwaltung der Leibgedingeg\u00fcter geregelt\r\n\r\nArtikel 7: Witwensitz geregelt\r\n\r\nArtikel 8: R\u00fcckkehrrecht Charlottes als Witwe zugesichert, Witwenversorgung geregelt\r\n\r\nArtikel 9: Bei Tod von Charlottes ohne Kinder: Erbrecht an ihrem Nachla\u00df geregelt\r\n\r\nArtikel 10: bei Tod von Franz vor seinem Vater, Herzog Rinaldo: Erf\u00fcllung des Vertrags durch Herzogtum Modena geregelt\r\n\r\nArtikel 11: Eheschlie\u00dfung und \u00dcberf\u00fchrung Charlottes geregelt\r\n\r\nARtikel 12: Einhaltung zugesichert, Ratifikation geregelt","Regelungen \u00fcber Thronfolge und Regentschaft":"","konfessionelle Regelungen":"","erbrechtliche Regelungen":"Artikel 2: Erbverzicht Charlottes geregelt: mit Zustimmung Herzog Rinaldos, zugunsten der Herz\u00f6ge von Orleans\r\n\r\nArtikel 3: Eigentumsrechte Charlottes und Erbrecht an Mitgift geregelt\r\n\r\nArtikel 9: Bei Tod von Charlottes ohne Kinder: Erbrecht an ihrem Nachla\u00df geregelt"},"Einordnung des Vertrags":{"Textbezug zu vergangenen Ereignissen?":"","st\u00e4ndische Instanzen beteiligt?":"","externe Instanzen beteiligt?":"","Ratifikationen, Best\u00e4tigungen, Genehmigungen erw\u00e4hnt?":"","weitere Vertr\u00e4ge zwischen Vertragsparteien im Zusammenhang mit dieser Ehe":"","Schlagw\u00f6rter":"","Kommentar":"\u00dc - Bestimmungen fast wortgleich mit Vorvertrag 1720.02.07 (Enr. 165)\r\n\r\nVertrag selbst ist nicht explizit in Artikel unterteilt.\r\n\r\nDigitalisat kann unter der angegebenen URL unter Verwendung der Signatur (TRA17200003) abgerufen werden.","Literatur":"-"},"Grunddaten Ehevertrag":{"Vertragspartner Br\u00e4utigam":"Modena","Vertragspartner Braut":"Frankreich","Datum Vertragsschlie\u00dfung":"1720-03-11","Ort Vertragsschlie\u00dfung":"Paris","Eheschlie\u00dfung vollzogen?":"Ja","verschiedenkonfessionelle Ehe?":"Nein"}}}