{"Dokument":{"Name":"Frankreich - Spanien","In Bearbeitung":"Nein","main":{"Name":"Ehevertrag Frankreich - Spanien 1612","Zuletzt ge\u00e4ndert":"2017-07 BB"},"Grunddaten Ehevertrag":{"Vertragspartner Br\u00e4utigam":"Frankreich","Vertragspartner Braut":"Spanien","Datum Vertragsschlie\u00dfung":"1612-08-20","Ort Vertragsschlie\u00dfung":"Madrid","Eheschlie\u00dfung vollzogen?":"Ja","verschiedenkonfessionelle Ehe?":"Nein"},"Br\u00e4utigam":{"Br\u00e4utigam Name, Titel":"Ludwig XIII., K\u00f6nig von Frankreich","Br\u00e4utigam GND":"http:\/\/d-nb.info\/gnd\/11872942X","Br\u00e4utigam Geburtsjahr":"1601-00-00","Br\u00e4utigam Sterbejahr":"1643-00-00","Br\u00e4utigam Dynastie":"Bourbon (Frankreich)","Br\u00e4utigam Konfession":"R\u00f6misch-Katholisch"},"Braut":{"Braut Name, Titel":"Anna von Spanien","Braut GND":"http:\/\/d-nb.info\/gnd\/118649469","Braut Geburtsjahr":"1601-00-00","Braut Sterbejahr":"1666-00-00","Braut Dynastie":"Habsburg (Spanien)","Braut Konfession":"R\u00f6misch-Katholisch"},"Akteur Br\u00e4utigam":{"Akteur Br\u00e4utigam Name, Titel":"Ludwig XIII., K\u00f6nig von Frakreich","Akteur Br\u00e4utigam GND":"http:\/\/d-nb.info\/gnd\/11872942X","Akteur Br\u00e4utigam Dynastie":"Bourbon (Frankreich)","Akteur Br\u00e4utigam Verh\u00e4ltnis zu Br\u00e4utigam":"selbst","Akteur Br\u00e4utigam Name, Titel (32)":"Maria de Medici","Akteur Br\u00e4utigam GND (65)":"http:\/\/d-nb.info\/gnd\/118577778","Akteur Br\u00e4utigam Dynastie (35)":"Medici","Akteur Br\u00e4utigam Verh\u00e4ltnis zu Br\u00e4utigam (34)":"Mutter, Vormund"},"Akteur Braut":{"Akteur Braut Name, Titel":"Philipp III., K\u00f6nig vn Spanien","Akteur Braut GND":"http:\/\/d-nb.info\/gnd\/118593846","Akteur Braut Dynastie":"Habsburg (Spanien)","Akteur Braut Verh\u00e4ltnis zu Braut":"Vater"},"Vertragstext":{"Archivexemplar":"nicht nachgewiesen","Vertragssprache Archivexemplar":"nicht nachgewiesen","Digitalisat Archivexemplar":"-","Drucknachweis":"Dumont 1726-1739, Bd. V:2, S. 215-217","Vertragssprache Druck":"franz\u00f6sisch","Digitalisat Druck":"https:\/\/gallica.bnf.fr\/ark:\/12148\/bpt6k1263086r\/f225.item","Vertragsinhalt":"(bevollm\u00e4chtigete Verhandler der Vertragsparteien bekunden vor versammelten spanischen F\u00fcrsten und R\u00e4ten:) (215 li - re)\r\n\r\n[Pr\u00e4] \u2013 aus Sorge um das Wohl ihrer K\u00f6nigreiche, zur Sicherung des bestehenden Friedens ihrer K\u00f6nigreiche und der Christenheit seit den K\u00f6nigen Philipp II. von Spanien, Heinrich IV. von Frankreich, im Wunsch nach Fortsetzung des Friedens \u00fcber Lebenszeit beider K\u00f6nige hinaus: beide K\u00f6nige \u00fcberzeugt von m\u00f6glichst doppelter Eheschlie\u00dfung als geeignetem Mittel \u2013 durch Gnade Gottes, zur Vermehrung des Gottesdienstes, mit dem Segen des Papstes, unter Vermittlung des Gro\u00dfherzogs der Toskana: vorherige Vereinbarung \u00fcber Doppelheirat zwischen Frankreich und Spanien bekundet \u2013 zur Festigung von B\u00fcndnis, Liebe und Br\u00fcderlichkeit zwischen beiden K\u00f6nigen: Ehevertrag vereinbart, wie folgt: (215 re)\r\n\r\n[1] \u2013 Eheschlie\u00dfung vereinbart: mit Dispens des Papstes, nach Vollendung des 12. Lebensjahrs der Braut, Eheschlie\u00dfung am spanischen Hof vereinbart, Ratifikation und kirchliche Hochzeit nach \u00dcberf\u00fchrung der Braut nach Frankreich vereinbart, Terminabsprache vorbehalten (215 re)\r\n\r\n[2] \u2013 Mitgift festgelegt: Zahlung verabredet (215 re)\r\n\r\n[3] - Anlage der Mitgift in Geldrenten geregelt: Verzinsung bei R\u00fcckfall der Mitgift geregelt (215 re)\r\n\r\n[4] \u2013 Erbverzicht der Braut geregelt: im Gegenzug f\u00fcr Mitgiftzahlung, auf v\u00e4terliches und m\u00fctterliches Erbe, abzugeben vor und nach der Eheschlie\u00dfung, mit Zustimmung von Br\u00e4utigam, mit sofortiger Wirkung (216 li)\r\n\r\n[5] \u2013 zur Sicherung von Frieden der Christenheit, von Liebe und Br\u00fcderlichkeit zwischen den K\u00f6nigen, aus R\u00fccksicht auf die Ausgewogenheit und Schicklichkeit der Eheschlie\u00dfungen, zur Mehrung der christlichen Religion, f\u00fcr das Gemeinwohl beider K\u00f6nigreiche und ihrer Untertanen, aus Furcht vor unvorhergesehenen Konsequenzen aus den Eheschlie\u00dfungen: Thronfolge der Braut und ihrer Nachkommen in allen L\u00e4ndern der spanischen Krone auf ewig ausgeschlossen, besonders in Flandern, Burgund, Charolais, au\u00dfer Thronfolge der Braut als Witwe ohne Kinder (216 li - re)\r\n\r\n[6] \u2013 Erkl\u00e4rung der Braut \u00fcber Thronfolgeverzicht geregelt: abzugeben vor und nach der Eheschlie\u00dfung, mit Zustimmung von Br\u00e4utigam, zur Ratifikation durch Parlament von Paris und spanischen Staatsrat (216 re \u2013 217 li)\r\n\r\n[7] \u2013 Brautjuwelen festgelegt: zu erblichem Besitz der Braut (217 li)\r\n\r\n[8] \u2013 Witweneink\u00fcnfte festgelegt: angelegt in Witweng\u00fctern mit Herzogstitel, Nutzungs- und Herrschaftsrechte geregelt, auf Lebenszeit der Braut (217 li)\r\n\r\n[9] \u2013 Unterhalt der Braut und ihres Hofstaats w\u00e4hrend der Ehe geregelt (217 li)\r\n\r\n[10] \u2013 Eheschlie\u00dfung durch Prokurator, Aussteuer, \u00dcberf\u00fchrung geregelt: nach Vollendung des 12. Lebensjahrs der Braut, bis an die Grenze von Frankreich (217 li)\r\n\r\n[11] \u2013 freie Wahl von Witwensitz geregelt: in Frankreich, Spanien oder anderswo, mit allen Witweneink\u00fcnften, \u00dcbergabe von Sicherheitsbrief an Braut und Brautvater zugesichert (217 li)\r\n\r\n[12] \u2013 nach p\u00e4pstlicher Vermittlung: Best\u00e4tigung des Vertrags von Papst erbeten (217 li \u2013 re)\r\n\r\n[13] \u2013 Einhaltung zugesichert, Ratifikation geregelt (217 re)\r\n","Regelungen \u00fcber Thronfolge und Regentschaft":"[5] \u2013 zur Sicherung von Frieden der Christenheit, von Liebe und Br\u00fcderlichkeit zwischen den K\u00f6nigen, aus R\u00fccksicht auf die Ausgewogenheit und Schicklichkeit der Eheschlie\u00dfungen, zur Mehrung der christlichen Religion, f\u00fcr das Gemeinwohl beider K\u00f6nigreiche und ihrer Untertanen, aus Furcht vor unvorhergesehenen Konsequenzen aus den Eheschlie\u00dfungen: Thronfolge der Braut und ihrer Nachkommen in allen L\u00e4ndern der spanischen Krone auf ewig ausgeschlossen, besonders in Flandern, Burgund, Charolais, au\u00dfer Thronfolge der Braut als Witwe ohne Kinder (216 li - re)\r\n\r\n[6] \u2013 Erkl\u00e4rung der Braut \u00fcber Thronfolgeverzicht geregelt: abzugeben vor und nach der Eheschlie\u00dfung, mit Zustimmung von Br\u00e4utigam, zur Ratifikation durch Parlament von Paris und spanischen Staatsrat (216 re \u2013 217 li)\r\n","konfessionelle Regelungen":"","erbrechtliche Regelungen":"[4] \u2013 Erbverzicht der Braut geregelt: im Gegenzug f\u00fcr Mitgiftzahlung, auf v\u00e4terliches und m\u00fctterliches Erbe, abzugeben vor und nach der Eheschlie\u00dfung, mit Zustimmung von Br\u00e4utigam, mit sofortiger Wirkung (216 li)\r\n\r\n[5] \u2013 zur Sicherung von Frieden der Christenheit, von Liebe und Br\u00fcderlichkeit zwischen den K\u00f6nigen, aus R\u00fccksicht auf die Ausgewogenheit und Schicklichkeit der Eheschlie\u00dfungen, zur Mehrung der christlichen Religion, f\u00fcr das Gemeinwohl beider K\u00f6nigreiche und ihrer Untertanen, aus Furcht vor unvorhergesehenen Konsequenzen aus den Eheschlie\u00dfungen: Thronfolge der Braut und ihrer Nachkommen in allen L\u00e4ndern der spanischen Krone auf ewig ausgeschlossen, besonders in Flandern, Burgund, Charolais, au\u00dfer Thronfolge der Braut als Witwe ohne Kinder (216 li - re)\r\n\r\n[7] \u2013 Brautjuwelen festgelegt: zu erblichem Besitz der Braut (217 li)\r\n"},"Einordnung des Vertrags":{"Textbezug zu vergangenen Ereignissen?":"p\u00e4pstliche Vermittlung erw\u00e4hnt - 12","st\u00e4ndische Instanzen beteiligt?":"Ratifikation durch Parlament von Paris und spanischen Staatsrat gefordert- 6","externe Instanzen beteiligt?":"p\u00e4pstliche Vermittlung, Best\u00e4tigung erw\u00e4hnt - 12","Ratifikationen, Best\u00e4tigungen, Genehmigungen erw\u00e4hnt?":"Ratifikation durch Parlament von Paris und spanischen Staatsrat gefordert - 6\r\n\r\np\u00e4pstliche Vermittlung, Best\u00e4tigung erw\u00e4hnt - 12","weitere Vertr\u00e4ge zwischen Vertragsparteien im Zusammenhang mit dieser Ehe":"Erster Friedensvertrag von Asti 01.12.1614\r\n\r\nZweiter Friedensvertrag von Asti 21.06.1615\r\n\r\nFriedensvertrag von Paris 06.09.1617","Schlagw\u00f6rter":"","Kommentar":"Erster Friedensvertrag von Asti 01.12.1614\r\n\r\n Zweiter Friedensvertrag von Asti 21.06.1615\r\n\r\n Friedensvertrag von Paris 06.09.1617","Literatur":"-"}}}