{"Dokument":{"Name":"Sachsen (Herzogtum) - Pfalz (Kurpfalz)","In Bearbeitung":"Nein","main":{"Name":"Ehevertrag Sachsen (Herzogtum) - Pfalz (Kurpfalz) 1560","Zuletzt ge\u00e4ndert":"2017-09 BB"},"Grunddaten Ehevertrag":{"Vertragspartner Br\u00e4utigam":"Sachsen (Herzogtum)","Vertragspartner Braut":"Pfalz (Kurpfalz)","Datum Vertragsschlie\u00dfung":"1560-06-13","Ort Vertragsschlie\u00dfung":"Heidelberg","Eheschlie\u00dfung vollzogen?":"Ja","verschiedenkonfessionelle Ehe?":"Nein"},"Br\u00e4utigam":{"Br\u00e4utigam Name, Titel":"Johann Wilhelm I., Herzog von Sachsen","Br\u00e4utigam GND":"http:\/\/d-nb.info\/gnd\/10086389","Br\u00e4utigam Geburtsjahr":"1530-00-00","Br\u00e4utigam Sterbejahr":"1573-00-00","Br\u00e4utigam Dynastie":"Wettin (Ernestiner)","Br\u00e4utigam Konfession":"Evangelisch-Lutherisch"},"Braut":{"Braut Name, Titel":"Dorothea Susanne von der Pfalz","Braut GND":"http:\/\/d-nb.info\/gnd\/102360847","Braut Geburtsjahr":"1544-00-00","Braut Sterbejahr":"1592-00-00","Braut Dynastie":"Wittelsbach (Pfalz)","Braut Konfession":"Evangelisch-Lutherisch"},"Akteur Br\u00e4utigam":{"Akteur Br\u00e4utigam Name, Titel":"Johann Wilhelm I., Herzog von Sachsen","Akteur Br\u00e4utigam GND":"http:\/\/d-nb.info\/gnd\/10086389","Akteur Br\u00e4utigam Dynastie":"Wettin (Ernestiner)","Akteur Br\u00e4utigam Verh\u00e4ltnis zu Br\u00e4utigam":"selbst"},"Akteur Braut":{"Akteur Braut Name, Titel":"Friedrich III., Kurf\u00fcrst von der Pfalz","Akteur Braut GND":"http:\/\/d-nb.info\/gnd\/118535722","Akteur Braut Dynastie":"Wittelsbach (Pfalz)","Akteur Braut Verh\u00e4ltnis zu Braut":"Vater"},"Vertragstext":{"Archivexemplar":"nicht nachgewiesen","Vertragssprache Archivexemplar":"nicht nachgewiesen","Digitalisat Archivexemplar":"-","Drucknachweis":"Dumont 1726-1739, Bd. V:1, S. 63-65","Vertragssprache Druck":"Deutsch","Digitalisat Druck":"https:\/\/gallica.bnf.fr\/ark:\/12148\/bpt6k1262878n\/f111.item","Vertragsinhalt":"[Pr\u00e4] \u2013 mit Zustimmung der Brautleute, zum Lob Gottes, zun Nutzen beider L\u00e4nder, zur Best\u00e4tigung und Erweiterung von bestehender Freundschaft und Verwandtschaft: Eheabrede bekundet (63 li \u2013 re)\r\n\r\n[1] \u2013 Einwilligung f\u00fcr Braut erteilt (63 re)\r\n\r\n[2] \u2013 Beilager festgelegt, Mitgift festgelegt, Aussteuer geregelt (63 re)\r\n\r\n[3] \u2013 Morgengabe festgelegt: Zahlung und Nutzung geregelt (63 re)\r\n\r\n[4] \u2013 Witweng\u00fcter, Widerlage und Witweneink\u00fcnfte festgelegt (63 re)\r\n\r\n[5] \u2013 Witweng\u00fcter geregelt: Nachbesserung zugesichert (63 re \u2013 64 li)\r\n\r\n[6] \u2013 Witweng\u00fcter und Witwensitz geregelt: Nutzungsrechte geregelt, Herrschaftsrechte ausgenommen, Rechtsstellung der Untertanen geregelt (64 li)\r\n\r\n[7] \u2013 Witweng\u00fcter geregelt: Ausstattung, Zustand und Nutzung geregelt (64 li)\r\n\r\n[8] - Erbverzicht der Braut geregelt: auf v\u00e4terliches, m\u00fctterliches und br\u00fcderliches Erbe (64 li)\r\n\r\n[9] \u2013 nach Tod der Braut ohne \u00fcberlebende Kinder: lebenslange Nutzung der Mitgift durch Br\u00e4utigam geregelt, R\u00fcckfall von H\u00e4lfte der Brautjuwelen geregelt (64 li)\r\n\r\n[10] \u2013 nach Tod von Br\u00e4utigam ohne \u00fcberlebende Kinder: lebenslange Witwenversorgung, Schutz von Witweng\u00fctern geregelt, Witweng\u00fcter als Pfand eingesetzt f\u00fcr Witwenversorgung und R\u00fcckfall der Mitgift (64 li \u2013 re)\r\n\r\n[11] \u2013 bei zweiter Ehe der Braut: Abl\u00f6sung von Witweng\u00fctern im Gegenzug f\u00fcr Auszahlung von Mitgift und Widerlage geregelt, Vererbung von Widerlage an Kinder oder R\u00fcckfall geregelt, Vererbung von Mitgift an Kinder aus erster und zweiter Ehe geregelt (64 re)\r\n\r\n[12] \u2013 nach Tod der Braut ohne \u00fcberlebende Kinder: R\u00fcckfall von Mitgift und Widerlage geregelt (64 re \u2013 65 li)\r\n\r\n[Esch] \u2013 Best\u00e4tigung durch Br\u00e4utigambr\u00fcder erteilt: als Ehevermittler (65 li)\r\n","Regelungen \u00fcber Thronfolge und Regentschaft":"","konfessionelle Regelungen":"","erbrechtliche Regelungen":"Erbverzicht der Braut geregelt: auf v\u00e4terliches, m\u00fctterliches und br\u00fcderliches Erbe - 8\r\n\r\nbei zweiter Ehe der Braut: Vererbung von Widerlage an Kinder oder R\u00fcckfall geregelt, Vererbung von Mitgift an Kinder aus erster und zweiter Ehe geregelt - 11"},"Einordnung des Vertrags":{"Textbezug zu vergangenen Ereignissen?":"","st\u00e4ndische Instanzen beteiligt?":"","externe Instanzen beteiligt?":"","Ratifikationen, Best\u00e4tigungen, Genehmigungen erw\u00e4hnt?":"Best\u00e4tigung durch Br\u00e4utigambr\u00fcder erteilt - Esch","weitere Vertr\u00e4ge zwischen Vertragsparteien im Zusammenhang mit dieser Ehe":"","Schlagw\u00f6rter":"","Kommentar":"NB Verweis auf Ehe Johann Friedrich II. der Mittlere von Sachsen - Elisabeth von der Pfalz 1558 - Pr\u00e4","Literatur":"Kn\u00f6fel 2009, S. 290 f."}}}