{"Dokument":{"Name":"D\u00e4nemark - Brandenburg (Erzstift Magdeburg)","In Bearbeitung":"Nein","main":{"Name":"Ehevertrag D\u00e4nemark - Brandenburg (Erzstift Magdeburg) 1597","Zuletzt ge\u00e4ndert":"2017-07 BB"},"Grunddaten Ehevertrag":{"Datum Vertragsschlie\u00dfung":"1597-08-28","Ort Vertragsschlie\u00dfung":"Wolmirstedt","Eheschlie\u00dfung vollzogen?":"Ja","verschiedenkonfessionelle Ehe?":"Nein","Vertragspartner Br\u00e4utigam":"D\u00e4nemark","Vertragspartner Braut":"Brandenburg (Erzstift Magdeburg)"},"Br\u00e4utigam":{"Br\u00e4utigam Name, Titel":"Christian IV., K\u00f6nig von D\u00e4nemark","Br\u00e4utigam GND":"http:\/\/d-nb.info\/gnd\/118676059","Br\u00e4utigam Geburtsjahr":"1577-00-00","Br\u00e4utigam Sterbejahr":"1648-00-00","Br\u00e4utigam Dynastie":"Oldenburg (D\u00e4nemark)","Br\u00e4utigam Konfession":"Evangelisch-Lutherisch"},"Braut":{"Braut Name, Titel":"Anna Katharina von Brandenburg","Braut GND":"http:\/\/d-nb.info\/gnd\/121428370","Braut Geburtsjahr":"1575-00-00","Braut Sterbejahr":"1612-00-00","Braut Dynastie":"Hohenzollern","Braut Konfession":"Evangelisch-Lutherisch"},"Akteur Br\u00e4utigam":{"Akteur Br\u00e4utigam Name, Titel":"Christian IV., K\u00f6nig von D\u00e4nemark","Akteur Br\u00e4utigam GND":"http:\/\/d-nb.info\/gnd\/118676059","Akteur Br\u00e4utigam Dynastie":"Oldenburg (D\u00e4nemark)","Akteur Br\u00e4utigam Verh\u00e4ltnis zu Br\u00e4utigam":"selbst"},"Akteur Braut":{"Akteur Braut Name, Titel":"Joachim Friedrich, Markgraf von Brandenburg (sp\u00e4ter Kurf\u00fcrst), Administrator von Magdeburg","Akteur Braut GND":"http:\/\/d-nb.info\/gnd\/117677256","Akteur Braut Dynastie":"Hohenzollern","Akteur Braut Verh\u00e4ltnis zu Braut":"Vater"},"Vertragstext":{"Archivexemplar":"nicht nachgewiesen","Vertragssprache Archivexemplar":"nicht nachgewiesen","Digitalisat Archivexemplar":"-","Drucknachweis":"DNT III, S. 87-90","Vertragssprache Druck":"deutsch","Digitalisat Druck":"","Vertragsinhalt":"[Pr\u00e4] \u2013 Ehe verabredet\r\n\r\n1 \u2013 Brautwerbung bekundet: aus Zuneigung zum Haus Brandenburg, Einwilligung f\u00fcr Braut bekundet: mit Zustimmung von Kurf\u00fcrst Johann Georg von Brandenburg, Herzog Georg Friedrich von Preu\u00dfen\r\n\r\n2 \u2013 Mitgift festgelegt: gem\u00e4\u00df brandenburgischer Erbverbr\u00fcderung, Aussteuer geregelt\r\n\r\n3 \u2013 Widerlage, Zulage versprochen, Witweng\u00fcter festgelegt: unter Verweis auf vorgelegte kgl. Verschreibungsurkunde 09.08.1597\r\n\r\n4 \u2013 Einhaltung zugesichert\r\n","Regelungen \u00fcber Thronfolge und Regentschaft":"","konfessionelle Regelungen":"","erbrechtliche Regelungen":""},"Einordnung des Vertrags":{"Textbezug zu vergangenen Ereignissen?":"","st\u00e4ndische Instanzen beteiligt?":"","externe Instanzen beteiligt?":"","Ratifikationen, Best\u00e4tigungen, Genehmigungen erw\u00e4hnt?":"Zustimmung von Kurf\u00fcrst Johann Georg von Brandenburg, Herzog Georg Friedrich von Preu\u00dfen erw\u00e4hnt - 1","weitere Vertr\u00e4ge zwischen Vertragsparteien im Zusammenhang mit dieser Ehe":"","Schlagw\u00f6rter":"","Kommentar":"vgl. Erbverzichtserkl\u00e4rung der Braut  05.12.1597","Literatur":"Laursen in DNT III, S. 86 f."}}}