{"Dokument":{"Name":"Solms-Braunfels - Tecklenburg (Nebenlinie)","In Bearbeitung":"Nein","main":{"Name":"Ehevertrag Solms-Braunfels - Tecklenburg 1534 (Nebenlinie)","Zuletzt ge\u00e4ndert":"2020-10 JK"},"Grunddaten Ehevertrag":{"Vertragspartner Br\u00e4utigam":"Solms-Braunfels","Vertragspartner Braut":"Tecklenburg","Datum Vertragsschlie\u00dfung":"1534-08-07","Ort Vertragsschlie\u00dfung":"Rheda","Eheschlie\u00dfung vollzogen?":"Ja","verschiedenkonfessionelle Ehe?":"unbekannt"},"Br\u00e4utigam":{"Br\u00e4utigam Name, Titel":"Philipp von Solms","Br\u00e4utigam GND":"http:\/\/d-nb.info\/gnd\/135596823","Br\u00e4utigam Geburtsjahr":"1494-00-00","Br\u00e4utigam Sterbejahr":"1581-00-00","Br\u00e4utigam Dynastie":"Solms (Braunfels)","Br\u00e4utigam Konfession":"unbekannt"},"Braut":{"Braut Name, Titel":"Anna von Tecklenburg","Braut GND":"","Braut Geburtsjahr":"1500-00-00","Braut Sterbejahr":"1554-00-00","Braut Dynastie":"Tecklenburg","Braut Konfession":"Evangelisch-Lutherisch"},"Akteur Br\u00e4utigam":{"Akteur Br\u00e4utigam Name, Titel":"Bernhard III., Graf von Solms","Akteur Br\u00e4utigam GND":"","Akteur Br\u00e4utigam Dynastie":"Oldenburg (D\u00e4nemark)","Akteur Br\u00e4utigam Verh\u00e4ltnis zu Br\u00e4utigam":"Vater"},"Akteur Braut":{"Akteur Braut Name, Titel":"Irmgard von Rietberg","Akteur Braut GND":"http:\/\/d-nb.info\/gnd\/1153637243","Akteur Braut Dynastie":"Tecklenburg","Akteur Braut Verh\u00e4ltnis zu Braut":"Mutter","Akteur Braut Name, Titel (36)":"Johann, Graf von Tecklenburg","Akteur Braut GND (66)":"","Akteur Braut Dynastie (40)":"Tecklenburg","Akteur Braut Verh\u00e4ltnis zu Braut (38)":"Bruder"},"Vertragstext":{"Archivexemplar":"nicht nachgewiesen","Vertragssprache Archivexemplar":"nicht nachgewiesen","Digitalisat Archivexemplar":"-","Drucknachweis":"Dumont 1726-1739, Bd. IV:2, S. 124 f.","Vertragssprache Druck":"Deutsch","Digitalisat Druck":"https:\/\/gallica.bnf.fr\/ark:\/12148\/bpt6k1263439g\/f138.image","Vertragsinhalt":"Artikel 1: Eheschlie\u00dfung vereinbart\r\n\r\nArtikel 2: Mitgift festgelegt auf 6.000 Gulden, Zahlung und Zahlungsfrist geregelt\r\n\r\nArtikel 3: Widerlage auf 6.000 Gulden festgelegt\r\n\r\nArtikel 4: Leibgedinge, Witwengut festgelegt\r\n\r\nArtikel 5: Brautschatz geregelt\r\n\r\nArtikel 6: Morgengabe festgelegt\r\n\r\nArtikel 7: Erbrecht an Mitgift: bei Tod der Braut ohne Kinder, R\u00fcckfall der Mitgift an Tecklenburger Verwandtschaft\r\n\r\nArtikel 8: bei Tod des Ehemanns und Vorhandensein von Kindern: Witwe darf mit mit Br\u00fcdern des Verstorbenen die Erziehung \u00fcbernehmen\r\n\r\nArtikel 9: alterntaiv steht ihr frei, sich auf Witwengut zur\u00fcckzuziehen\r\n\r\nArtikel 10: Mitnahme von Fahrhabe, Leibgedinge, Witwenversorgung geregelt\r\n\r\nArtikel 11: Witwe von Haftung f\u00fcr Schulden des Ehemanns ausgeschlossen\r\n\r\nArtikel 12: Erbrecht an Mitgift und Widerlage, Wittum, Fahrhabe der Witwe bei vorhandenen Kindern aus Ehe mit Philipp\r\n\r\nArtikel 13: Bei Tod der Witwe ohne Kinder: R\u00fcckfall der Mitgift Tecklenburg und des \u00fcbrigen Besitzes der Witwe an Solms\r\n\r\nArtikel 14: falls Anna nach Philipps Tod erneut heiratet und aus beiden Ehen Kinder hinterl\u00e4sst, wird Mitgilft unter Erben aufgeteilt\r\n\r\nArtikel 15: wechselseitige Best\u00e4tigung des Eheschlusses durch Akteure\r\n","Regelungen \u00fcber Thronfolge und Regentschaft":"","konfessionelle Regelungen":"","erbrechtliche Regelungen":"Artikel 7: Erbrecht an Mitgift: bei Tod der Braut ohne Kinder, R\u00fcckfall der Mitgift an Tecklenburger Verwandtschaft\r\n\r\nArtikel 12: Erbrecht an Mitgift und Widerlage, Wittum, Fahrhabe der Witwe bei vorhandenen Kindern aus Ehe mit Philipp\r\n\r\nArtikel 14: falls Anna nach Philipps Tod erneut heiratet und aus beiden Ehen Kinder hinterl\u00e4sst, wird Mitgilft unter Erben aufgeteilt\r\n"},"Einordnung des Vertrags":{"Textbezug zu vergangenen Ereignissen?":"","st\u00e4ndische Instanzen beteiligt?":"","externe Instanzen beteiligt?":"","Ratifikationen, Best\u00e4tigungen, Genehmigungen erw\u00e4hnt?":"Artikel 15: wechselseitige Best\u00e4tigung des Eheschlusses durch Akteure\r\n","weitere Vertr\u00e4ge zwischen Vertragsparteien im Zusammenhang mit dieser Ehe":"","Schlagw\u00f6rter":"","Kommentar":"Verhandlungen begonnen mit Graf Otto VIII. von Tecklenburg, gest. 1534\r\n\r\nVertrag in Edition nicht in Artikel unterteilt.","Literatur":"-"}}}