{"Dokument":{"Name":"Sachsen - W\u00fcrttemberg ","In Bearbeitung":"Nein","Einordnung des Vertrags":{"Literatur":"","Textbezug zu vergangenen Ereignissen?":"","st\u00e4ndische Instanzen beteiligt?":"","externe Instanzen beteiligt?":"","Ratifikationen, Best\u00e4tigungen, Genehmigungen erw\u00e4hnt?":"","Kommentar":"Vertrag im Original nicht in Artikel unterteilt\n\nVertrag liegt in 2 Exemplaren vor, das Regest beruht auf dem ersten Exemplar\n","weitere Vertr\u00e4ge zwischen Vertragsparteien im Zusammenhang mit dieser Ehe":""},"Vertragstext":{"Digitalisat Archivexemplar":"","Drucknachweis":"","Vertragssprache Druck":"","Vertragssprache Druck (46)":"","Archivexemplar":"HStA Drd 10001 O.U. 12623 (1604 V 11)","Vertragssprache Archivexemplar":"Deutsch","Vertragsinhalt":"Artikel 1 (S. 1): Eheschlie\u00dfung beschlossen\n\nArtikel 2 (S. 1): Beilager geregelt\n\nArtikel 3 (S. 1-2): Die Mitgift betr\u00e4gt 32.000 Gulden, Zahlung geregelt; Aussteuer an Kleidern, Kleinodien, Schmuck, Silbergeschirr etc. gem\u00e4\u00df der Gewohnheit des Hauses W\u00fcrttemberg zugesprochen; Quittung \u00fcber die gezahlten Summen notwendig\n\nArtikel 4 (S. 2): Erbverzicht der Braut auf alles v\u00e4terliche, m\u00fctterliche, br\u00fcderliche und vetterliche Erbe mit Einverst\u00e4ndnis des Br\u00e4utigams, der Erbfall f\u00fcr die Braut tritt erst ein, wenn die m\u00e4nnlichen Leibserben des Hauses W\u00fcrttemberg versterben\n\nArtikel 5 (S. 2): Die Widerlage betr\u00e4gt 32.000 Gulden\n\nArtikel 6 (S. 2): Die Braut erh\u00e4lt 3.200 Gulden zur Versorgung\n\nArtikel 7 (S. 3): F\u00fcrstlicher Sitz und Wittum der Braut festgelegt (Schloss Wei\u00dfenstein\/Wei\u00dfensee und Schloss K\u00f6lleda), Nutzungs- und Verf\u00fcgungsrechte geregelt, Register erw\u00e4hnt; Jagdrechte geregelt\n\nArtikel 8 (S. 3 \/ S. 3 Ex. 2): Verzinsung der 3.200 Gulden geregelt, Nutzungsrechte auf dem Wittum erw\u00e4hnt; Regelungen bez\u00fcglich Wild und Gefl\u00fcgel; Frondienste geregelt; Versorgung mit Bauholz geregelt\n\nArtikel 9 (S. 3-4): Pfarrei auf dem Wittum zugesprochen\n\nArtikel 10 (S. 4): Schw\u00fcre und Eide der Amtleute auf dem Wittum festgelegt, Wittumsbrief erw\u00e4hnt\n\nArtikel 11 (S. 4): Gehorsam der Untertanen gegen\u00fcber der Braut auf dem Wittum festgelegt, Erlass von Geboten und Verboten durch die Witwe m\u00f6glich\n\nArtikel 12 (S. 4): Ritterschaft und Adel auf dem Wittum der Witwe nach Gewohnheit verpflichtet\n\nArtikel 13 (S. 4-5): Sollte das Wittum mit Schulden belastet sein, ist die Braut nicht zahlungspflichtig, der Br\u00e4utigam und dessen Erben m\u00fcssen die Schulden begleichen\n\nArtikel 14 (S. 5 \/ S. 4 Ex. 2): Der Br\u00e4utigam beh\u00e4lt sich sich und seinen Erben vor, die Konfession und Formulae Concordia zu bestimmen, die augsburgische Konfession soll bestehen bleiben\n\nArtikel 15 (S. 5-6): Erbhuldigung erw\u00e4hnt, Trank- und andere Steuern erw\u00e4hnt\n\nArtikel 16 (S. 6): Vergleich des Wittums mit anderen G\u00fctern, wenn Sch\u00e4den vorliegen, Frist eines Jahres festgelegt\n\nArtikel 17 (S. 6): Verweisung von Wittum und Morgengabe festgelegt\n\nArtikel 18 (S. 6): Schutz des Wittums versprochen\n\nArtikel 19 (S. 6): \u00d6ffnung des Wittums ohne das Einverst\u00e4ndnis der Erben des Br\u00e4utigams untersagt\n\nArtikel 20 (S. 6): Das Wittum soll nicht durch die Erben des Br\u00e4utigams als Lehen vergeben und nicht mit Schulden belastet werden\n\nArtikel 21 (S. 6-7): Wenn das Wittum die 3.200 Gulden j\u00e4hrlich nicht einbringt, muss die fehlende Summe erstattet werden\n\nArtikel 22 (S. 7): Wenn der Br\u00e4utigam vor der Braut verstirbt und Leibserben vorhanden sind: Die Leibserben erhalten ihr Erbe, wie es im Haus Sachsen \u00fcblich ist; Antritt des Wittums geregelt, lebenslange Nutzungsrechte geregelt, Nutzungsrecht \u00fcber die Widerlage zugesichert, solange die Witwe nicht erneut heiratet, Versorgung an Hausrat, Wein und Fr\u00fcchten zugesichert; Die Braut beh\u00e4lt die Aussteuer\n\nArtikel 23 (S. 7-8): Vorrat zugesichert, falls die Ertr\u00e4ge des Wittums nicht ausreichen (Frist eines Jahres genannt), die Versorgung ist durch die Erben des Br\u00e4utigams zu gew\u00e4hrleisten\n\nArtikel 24 (S. 8): Die Witwe erh\u00e4lt, wenn das Wittum abgel\u00f6st ist, 1.600 Gulden j\u00e4hrlich auf Lebenszeit; Abl\u00f6sung des Wittums mit 32.000 Gulden m\u00f6glich\n\nArtikel 25 (S. 8): Wenn die Witwe erneut heiratet und aus der zweiten Ehe ebenfalls Kinder hat: Die 32.000 Gulden sollen nach dem Tod der Braut auf die Kinder der ersten und zweiten Ehe aufgeteilt werden\n\nArtikel 26 (S. 9): Wenn keine Kinder aus der Ehe hervorgehen: Die Braut verbringt ihren Lebensabend auf ihrem Wittum, die 32.000 Gulden fallen nach dem Tod der Braut zur\u00fcck an den Brautvater oder dessen Erben, die Widerlage f\u00e4llt an die n\u00e4chsten Erben des Br\u00e4utigams\n\nArtikel 27 (S: 9): Regelungen bez\u00fcglich der fahrenden Habe: Die Erben erben nur die Gegenst\u00e4nde, die bereits vor der Witwenzeit der Braut in ihrem Besitz waren und was sie w\u00e4hrend der Witwenzeit selbst erworben hat, der \u00fcbrige Hausrat soll zu 2\/3 auf die Erben Johann Georgs und zu 1\/3 auf die Erben der Braut verteilt werden \n\nArtikel 28 (S. 10): Bis die 32.000 Gulden an die Erben zur\u00fcckgezahlt werden, sollen die Erben des Hauses W\u00fcrttemberg die Herrschaft \u00fcber das Wittum erhalten; Gehorsam der Untertanen zugesichert\n\nArtikel 29 (S. 10): Wenn die Braut verstirbt und keine Kinder vorhanden sind: Das Heiratgeld verbleibt beim Br\u00e4utigam, wenn dieser verstirbt f\u00e4llt die Summe an die jeweiligen Erben\n\nArtikel 30 (S. 10): Schulden des Brautpaares sollen aus dem Verm\u00f6gen des Br\u00e4utigams beglichen werden, die Braut ist nicht zahlungspflichtig\n\nArtikel 31 (S. 10): Unbezahlte Schulden auf dem Wittum sollen nach dem Tod der Braut mit der Widerlage bezahlt werden\n\nArtikel 32 (S. 10): Die Morgengabe betr\u00e4gt 8.000 Gulden und danach j\u00e4hrlich 400 Gulden\n\nArtikel 33 (S. 11): Zu Ostern und zu Michaelis erh\u00e4lt die Braut je 200 Gulden, Nutzungsrechte festgelegt\n\nArtikel 34 (S. 11): Versorgungs- und Verweisungsbrief erw\u00e4hnt\n\nArtikel 35 (S. 11): Die Braut kann nach Gefallen \u00fcber die Morgengabe verf\u00fcgen\n\nArtikel 36 (S. 11): Wenn keine Leibserben vorhanden sind, soll die Summe an die n\u00e4chsten Erben des Br\u00e4utigams fallen\n\nArtikel 37 (S. 11): Losung der Morgengabe geregelt\n\nArtikel 38 (S. 11): Wenn die Braut oder der Br\u00e4utigam nach dem Beilager und vor der Zahlung des Heiratsgeldes versterben: Ehevertrag g\u00fcltig\n\nArtikel 39 (S. 11): Wenn die Braut oder der Br\u00e4utigam vor dem Beilager versterben: Ehevertrag ung\u00fcltig\n\nArtikel 40 (S. 11-12): Einhaltung des Vertrages versprochen\n\nArtikel 41 (S. 12): Verschreibung von Wittum und Morgengabe erw\u00e4hnt\n","Regelungen \u00fcber Thronfolge und Regentschaft":"","konfessionelle Regelungen":"Artikel 9 (S. 3-4): Pfarrei auf dem Wittum zugesprochen\n\nArtikel 14 (S. 5 \/ S. 4 Ex. 2): Der Br\u00e4utigam beh\u00e4lt sich f\u00fcr sich und seine Erben vor, die Konfession und Formulae Concordia zu bestimmen, die augsburgische Konfession soll bestehen bleiben\n","erbrechtliche Regelungen":"Artikel 4 (S. 2): Erbverzicht der Braut auf alles v\u00e4terliche, m\u00fctterliche, br\u00fcderliche und vetterliche Erbe mit Einverst\u00e4ndnis des Br\u00e4utigams, der Erbfall f\u00fcr die Braut tritt erst ein, wenn die m\u00e4nnlichen Leibserben des Hauses W\u00fcrttemberg versterben\n\nArtikel 15 (S. 5-6): Erbhuldigung erw\u00e4hnt, Trank- und andere Steuern erw\u00e4hnt\n\nArtikel 22 (S. 7): Wenn der Br\u00e4utigam vor der Braut verstirbt und Leibserben vorhanden sind: Die Leibserben erhalten ihr Erbe, wie es im Haus Sachsen \u00fcblich ist; Antritt des Wittums geregelt, lebenslange Nutzungsrechte geregelt, Nutzungsrecht \u00fcber die Widerlage zugesichert, solange die Witwe nicht erneut heiratet, Versorgung an Hausrat, Wein und Fr\u00fcchten zugesichert; Die Braut beh\u00e4lt die Aussteuer\n\nArtikel 25 (S. 8): Wenn die Witwe erneut heiratet und aus der zweiten Ehe ebenfalls Kinder hat: Die 32.000 Gulden sollen nach dem Tod der Braut auf die Kinder der ersten und zweiten Ehe aufgeteilt werden\n\nArtikel 26 (S. 9): Wenn keine Kinder aus der Ehe entstehen: Die Braut verbringt ihren Lebensabend auf ihrem Wittum, die 32.000 Gulden fallen nach dem Tod der Braut zur\u00fcck an den Brautvater oder dessen Erben, die Widerlage f\u00e4llt an die n\u00e4chsten Erben des Br\u00e4utigams\n\nArtikel 27 (S: 9): Regelungen bez\u00fcglich der fahrenden Habe: Die Erben erben nur die Gegenst\u00e4nde, die bereits vor der Witwenzeit der Braut in ihrem Besitz waren und was sie w\u00e4hrend der Witwenzeit selbst erworben hat, der \u00fcbrige Hausrat soll zu 2\/3 auf die Erben Johann Georgs und zu 1\/3 auf die Erben der Braut verteilt werden \n\nArtikel 28 (S. 10): Bis die 32.000 Gulden an die Erben zur\u00fcckgezahlt werden, sollen die Erben des Hauses W\u00fcrttemberg die Herrschaft \u00fcber das Wittum erhalten, Gehorsam der Untertanen zugesichert\n\nArtikel 29 (S. 10): Wenn die Braut verstirbt und keine Kinder vorhanden sind: Das Heiratgeld verbleibt beim Br\u00e4utigam, wenn dieser verstirbt f\u00e4llt die Summe an die jeweiligen Erben\n\nArtikel 36 (S. 11): Wenn keine Leibserben vorhanden sind, soll die Summe an die n\u00e4chsten Erben des Br\u00e4utigams fallen\n"},"main":{"Name":"Ehevertrag Sachsen - W\u00fcrttemberg 1604","Zuletzt ge\u00e4ndert":"2021-07 JT"},"Grunddaten Ehevertrag":{"Vertragspartner Br\u00e4utigam":"Sachsen","Vertragspartner Braut":"W\u00fcrttemberg","Datum Vertragsschlie\u00dfung":"1604-05-11","Ort Vertragsschlie\u00dfung":"","Eheschlie\u00dfung vollzogen?":"Ja","verschiedenkonfessionelle Ehe?":"Nein"},"Br\u00e4utigam":{"Br\u00e4utigam Name, Titel":"Johann Georg (I.) von Sachsen, sp\u00e4ter Kurf\u00fcrst von Sachsen","Br\u00e4utigam GND":"http:\/\/d-nb.info\/gnd\/100029752","Br\u00e4utigam Geburtsjahr":"1585-00-00","Br\u00e4utigam Sterbejahr":"1656-00-00","Br\u00e4utigam Dynastie":"Wettin (Albertiner)","Br\u00e4utigam Konfession":"Evangelisch-Lutherisch"},"Braut":{"Braut Name, Titel":"Sibylle Elisabeth von W\u00fcrttemberg","Braut Geburtsjahr":"1584-00-00","Braut Sterbejahr":"1606-00-00","Braut Dynastie":"W\u00fcrttemberg","Braut Konfession":"Evangelisch-Lutherisch","Braut GND":"http:\/\/d-nb.info\/gnd\/118535862"},"Akteur Braut":{"Akteur Braut GND":"http:\/\/d-nb.info\/gnd\/104177640","Akteur Braut Name, Titel":"Friedrich I., Herzog von W\u00fcrttemberg","Akteur Braut Dynastie":"W\u00fcrttemberg","Akteur Braut Verh\u00e4ltnis zu Braut":"Vater"},"Akteur Br\u00e4utigam":{"Akteur Br\u00e4utigam Name, Titel":"Johann Georg (I.) von Sachsen, sp\u00e4ter Kurf\u00fcrst von Sachsen","Akteur Br\u00e4utigam GND":"http:\/\/d-nb.info\/gnd\/100029752","Akteur Br\u00e4utigam Dynastie":"Wettin (Albertiner)","Akteur Br\u00e4utigam Verh\u00e4ltnis zu Br\u00e4utigam":"Selbst"}}}