{"Dokument":{"Name":"Lothringen - Frankreich","In Bearbeitung":"Nein","main":{"Name":"Ehevertrag Lothringen - Frankreich 1598","Zuletzt ge\u00e4ndert":"2017-08 BB"},"Grunddaten Ehevertrag":{"Vertragspartner Br\u00e4utigam":"Lothringen","Vertragspartner Braut":"Frankreich","Datum Vertragsschlie\u00dfung":"1598-08-05","Ort Vertragsschlie\u00dfung":"Monceaux","Eheschlie\u00dfung vollzogen?":"Ja","verschiedenkonfessionelle Ehe?":"Nein"},"Br\u00e4utigam":{"Br\u00e4utigam Name, Titel":"Heinrich von Lothringen, Markgraf von Pont-\u00e0-Mousson (sp\u00e4ter Herzog Heinrich II. von Lothringen) (Henri)","Br\u00e4utigam GND":"http:\/\/d-nb.info\/gnd\/100349137","Br\u00e4utigam Geburtsjahr":"1563-00-00","Br\u00e4utigam Sterbejahr":"1624-00-00","Br\u00e4utigam Dynastie":"Lothringen","Br\u00e4utigam Konfession":"R\u00f6misch-Katholisch"},"Braut":{"Braut Name, Titel":"Katharina von Navarra (Catherine)","Braut GND":"http:\/\/d-nb.info\/gnd\/128602945","Braut Geburtsjahr":"1559-00-00","Braut Sterbejahr":"1604-00-00","Braut Dynastie":"Bourbon (Frankreich)","Braut Konfession":"R\u00f6misch-Katholisch"},"Akteur Br\u00e4utigam":{"Akteur Br\u00e4utigam Name, Titel":"Karl III., Herzog","Akteur Br\u00e4utigam GND":"http:\/\/d-nb.info\/gnd\/120082268","Akteur Br\u00e4utigam Dynastie":"Lothringen","Akteur Br\u00e4utigam Verh\u00e4ltnis zu Br\u00e4utigam":"Vater"},"Akteur Braut":{"Akteur Braut Name, Titel":"Heinrich IV., K\u00f6nig von Frankreich (Henri)","Akteur Braut GND":"http:\/\/d-nb.info\/gnd\/118548174","Akteur Braut Dynastie":"Bourbon (Frankreich)","Akteur Braut Verh\u00e4ltnis zu Braut":"Bruder"},"Vertragstext":{"Archivexemplar":"nicht nachgewiesen","Vertragssprache Archivexemplar":"nicht nachgewiesen","Digitalisat Archivexemplar":"https:\/\/gallica.bnf.fr\/ark:\/12148\/bpt6k1262878n\/f630.item","Drucknachweis":"Dumont 1726-1739, Bd. V:1, S. 582-584","Vertragssprache Druck":"Franz\u00f6sisch","Digitalisat Druck":"-","Vertragsinhalt":"[Pr\u00e4] \u2013 folgende Vertragschlie\u00dfung bekundet: (582 re)\r\n\r\n[1] \u2013 Eheschlie\u00dfung vereinbart: so bald wie m\u00f6glich, einschlie\u00dflich aller Sukzessionsanspr\u00fcche der Braut (?) (582 re)\r\n\r\n[2] \u2013 Mitgift festgelegt: Zahlung geregelt, Verzinsung bis zur vollst\u00e4ndigen Auszahlung geregelt, Anlage von Mitgiftanteilen in lothringschen Besitzungen oder f\u00fcr mobile Ausstattung geregelt (582 re)\r\n\r\n[3] \u2013 Witweneink\u00fcnfte. Witweng\u00fcter geregelt: ggf. inkl. Nachbesserung (582 re \u2013 583 li)\r\n\r\n[4] \u2013 G\u00fctergemeinschaft der Eheleute an mobiler Ausstattung und Zugewinn vereinbart, Witwensitz inkl. Ausstattung geregelt (583 li)\r\n\r\n[5] \u2013 nach Tod von Braut oder Br\u00e4utigam: Auszahlung von zwei Dritteln der Mitgift an Braut oder Brauterben geregelt (583 li)\r\n\r\n[6] \u2013 nach Tod des Br\u00e4utigams vor Braut: m\u00f6gliche Aufl\u00f6sung der G\u00fctergemeinschaft, Auszahlung von Mitgift, Auslieferung von Witweng\u00fctern, Kleidern und Brautjuwelen an Braut geregelt (583 li)\r\n\r\n[7] \u2013 nach Tod der Braut ohne Kinder vor Br\u00e4utigam: Auszahlung von zwei Dritteln der Mitgift, von Eigeng\u00fctern der Braut und Brautjuwelen an Brauterben geregelt (583 li)\r\n\r\n[8] \u2013 Indemnit\u00e4t des Brautverm\u00f6gens von Schulden des Br\u00e4utigams vereinbart (583 li \u2013 re)\r\n\r\n[9] \u2013 j\u00e4hrliche Geldrente f\u00fcr Br\u00e4utigam festgelegt: zahlbar durch Br\u00e4utigamvater bis zur Thronfolge des Br\u00e4utigams, zum Unterhalt der Eheleute (583 re)\r\n\r\n[10] \u2013 Ratifikation geregelt (583 re)\r\n\r\n(Vollmacht, Ratifikation des Herzogs von Lothringen angeh\u00e4ngt) (583 re \u2013 584 re)\r\n","Regelungen \u00fcber Thronfolge und Regentschaft":"Eheschlie\u00dfung vereinbart: so bald wie m\u00f6glich, einschlie\u00dflich aller Sukzessionsanspr\u00fcche der Braut (?) - 1\r\n","konfessionelle Regelungen":"","erbrechtliche Regelungen":"nach Tod von Braut oder Br\u00e4utigam: Auszahlung von zwei Dritteln der Mitgift an Braut oder Brauterben geregelt - 5\r\n\r\nnach Tod des Br\u00e4utigams vor Braut: m\u00f6gliche Aufl\u00f6sung der G\u00fctergemeinschaft, Auszahlung von Mitgift, Auslieferung von Witweng\u00fctern, Kleidern und Brautjuwelen an Braut geregelt - 6\r\n\r\nnach Tod der Braut ohne Kinder vor Br\u00e4utigam: Auszahlung von zwei Dritteln der Mitgift, von Eigeng\u00fctern der Braut und Brautjuwelen an Brauterben geregelt - 7\r\n"},"Einordnung des Vertrags":{"Textbezug zu vergangenen Ereignissen?":"","st\u00e4ndische Instanzen beteiligt?":"","externe Instanzen beteiligt?":"","Ratifikationen, Best\u00e4tigungen, Genehmigungen erw\u00e4hnt?":"Ratifikation geregelt - 10","weitere Vertr\u00e4ge zwischen Vertragsparteien im Zusammenhang mit dieser Ehe":"","Schlagw\u00f6rter":"","Kommentar":"Braut: = Kalvinistin, alle Versuche, sie zum \u00dcbertritt zum Katholizismus zu bewegen, vergeblich, daher G\u00fcltigkeit der Ehe umstritten bis zum Tod Katharinas 1604 (Mohr)","Literatur":"Babel 2010, S. 459 - Mohr 1986, S. 256-258"}}}