{"Dokument":{"Name":"Hessen-Kassel - D\u00e4nemark","In Bearbeitung":"Nein","main":{"Name":"Ehevertrag Hessen-Kassel - D\u00e4nemark 1766","Zuletzt ge\u00e4ndert":"2017-09 BB"},"Grunddaten Ehevertrag":{"Vertragspartner Br\u00e4utigam":"Hessen-Kassel","Vertragspartner Braut":"D\u00e4nemark","Datum Vertragsschlie\u00dfung":"1766-08-25","Ort Vertragsschlie\u00dfung":"Frederiksborg","Eheschlie\u00dfung vollzogen?":"Ja","verschiedenkonfessionelle Ehe?":"Ja"},"Br\u00e4utigam":{"Br\u00e4utigam Name, Titel":"Karl, Landgraf von Hessen-Kassel, Statthalter von Norwegen (sp\u00e4ter Statthalter von Schleswig-Holstein)","Br\u00e4utigam GND":"http:\/\/d-nb.info\/gnd\/119356392","Br\u00e4utigam Geburtsjahr":"1744-00-00","Br\u00e4utigam Sterbejahr":"1836-00-00","Br\u00e4utigam Dynastie":"Hessen (Kassel)","Br\u00e4utigam Konfession":"Evangelisch-Reformiert"},"Braut":{"Braut Name, Titel":"Louise, Prinzessin von D\u00e4nemark","Braut GND":"","Braut Geburtsjahr":"1750-00-00","Braut Sterbejahr":"1831-00-00","Braut Dynastie":"Oldenburg (D\u00e4nemark)","Braut Konfession":"Evangelisch-Lutherisch"},"Akteur Br\u00e4utigam":{"Akteur Br\u00e4utigam Name, Titel":"Maria von Gro\u00dfbritannien und Hannover, verheiratete Landgr\u00e4fin von Hessen-Kassel","Akteur Br\u00e4utigam GND":"","Akteur Br\u00e4utigam Dynastie":"Welfen","Akteur Br\u00e4utigam Verh\u00e4ltnis zu Br\u00e4utigam":"Mutter"},"Akteur Braut":{"Akteur Braut Name, Titel":"Christian VII., K\u00f6nig von D\u00e4nemark","Akteur Braut GND":"http:\/\/d-nb.info\/gnd\/118930915","Akteur Braut Dynastie":"Oldenburg (D\u00e4nemark)","Akteur Braut Verh\u00e4ltnis zu Braut":"Bruder"},"Vertragstext":{"Archivexemplar":"nicht nachgewiesen","Vertragssprache Archivexemplar":"nicht nachgewiesen","Digitalisat Archivexemplar":"-","Drucknachweis":"CTS 43, S. 401-408 nach DT, S. 206-211","Vertragssprache Druck":"Deutsch","Digitalisat Druck":"-","Vertragsinhalt":"[Pr\u00e4] \u2013 zur Erneuerung und Befestigung von Verwandtschaft und Freundschaft zwischen Dynastien: Eheabrede und Vertrag bekundet (206f.)\r\n\r\n1 \u2013 Eheversprechen f\u00fcr Braut und Br\u00e4utigam ausgetauscht\r\n\r\n2 \u2013 Aussteuer geregelt\r\n\r\n3 \u2013 Unterhalt f\u00fcr Braut und ihre m\u00e4nnlichen Nachkommen festgelegt: bis zur Thronbesteigung von Br\u00e4utigam und dessen m\u00e4nnlichen Nachkommen in Hessen, Verf\u00fcgung durch Br\u00e4utigam geregelt\r\n\r\n4 \u2013 nach Thronbesteigung von Br\u00e4utigam oder dessen m\u00e4nnlichen Erben in Hessen: regul\u00e4re Mitgift, Morgengabe, Unterhalt f\u00fcr Braut, Witweneink\u00fcnfte und Witwensitz zugesichert nach Vorbild von Ehevertrag Hessen \u2013 D\u00e4nemark 1757\r\n\r\n5 \u2013 nach Tod der Braut ohne m\u00e4nnliche Nachkommen: lebenslange Nutzung des Unterhaltsgeldes durch Br\u00e4utigam, R\u00fcckfall nach Tod des Br\u00e4utigams geregelt, ggf. Auszahlung von Mitgift an T\u00f6chter der Braut geregelt\r\n\r\n6 \u2013 lutherische Religionsaus\u00fcbung f\u00fcr Braut und ihren Hofstaat geregelt \u2013 Kindererziehung geregelt: reformierte Erziehung f\u00fcr S\u00f6hne, lutherische Erziehung f\u00fcr T\u00f6chter vorgeschrieben, nach Vorbild des Ehevertrages Hessen-D\u00e4nemark 1757\r\n\r\n7 \u2013 Erbverzicht der Braut geregelt: nach d\u00e4nischem Hausrecht, auf v\u00e4terliches und m\u00fctterliches Erbe, mit Zustimmung von Br\u00e4utigam nach erlangter Vollj\u00e4hrigkeit\r\n","Regelungen \u00fcber Thronfolge und Regentschaft":"Unterhalt f\u00fcr Braut und ihre m\u00e4nnlichen Nachkommen festgelegt: bis zur Thronbesteigung von Br\u00e4utigam und dessen m\u00e4nnlichen Nachkommen in Hessen - 3\r\n\r\nnach Thronbesteigung von Br\u00e4utigam oder dessen m\u00e4nnlichen Erben in Hessen: regul\u00e4re Mitgift, Morgengabe, Unterhalt f\u00fcr Braut, Witweneink\u00fcnfte und Witwensitz zugesichert nach Vorbild des Ehevertrages Hessen \u2013 D\u00e4nemark 1757 - 4\r\n\r\n5 \u2013 nach Tod der Braut ohne m\u00e4nnliche Nachkommen: lebenslange Nutzung des Unterhaltsgeldes durch Br\u00e4utigam, R\u00fcckfall nach Tod des Br\u00e4utigams geregelt, ggf. Auszahlung von Mitgift an T\u00f6chter der Braut geregelt\r\n\r\n6 \u2013 lutherische Religionsaus\u00fcbung f\u00fcr Braut und ihren Hofstaat geregelt \u2013 Kindererziehung geregelt: reformierte Erziehung f\u00fcr S\u00f6hne, lutherische Erziehung f\u00fcr T\u00f6chter vorgeschrieben, nach Vorbild des Ehevertrages Hessen-D\u00e4nemark 1757\r\n\r\n7 \u2013 Erbverzicht der Braut geregelt: nach d\u00e4nischem Hausrecht, auf v\u00e4terliches und m\u00fctterliches Erbe, mit Zustimmung von Br\u00e4utigam nach erlangter Vollj\u00e4hrigkeit\r\n","konfessionelle Regelungen":"lutherische Religionsaus\u00fcbung f\u00fcr Braut und ihren Hofstaat geregelt \u2013 Kindererziehung geregelt: reformierte Erziehung f\u00fcr S\u00f6hne, lutherische Erziehung f\u00fcr T\u00f6chter vorgeschrieben, nach Vorbild des Ehevertrages Hessen-D\u00e4nemark 1757 - 6\r\n\r\n7 \u2013 Erbverzicht der Braut geregelt: nach d\u00e4nischem Hausrecht, auf v\u00e4terliches und m\u00fctterliches Erbe, mit Zustimmung von Br\u00e4utigam nach erlangter Vollj\u00e4hrigkeit\r\n","erbrechtliche Regelungen":"Erbverzicht der Braut geregelt: nach d\u00e4nischem Hausrecht, auf v\u00e4terliches und m\u00fctterliches Erbe, mit Zustimmung von Br\u00e4utigam nach erlangter Vollj\u00e4hrigkeit - 7\r\n"},"Einordnung des Vertrags":{"Textbezug zu vergangenen Ereignissen?":"Ehevertrag Hessen-Kassel - D\u00e4nemark 1757 erw\u00e4hnt - 4, 6","st\u00e4ndische Instanzen beteiligt?":"","externe Instanzen beteiligt?":"","Ratifikationen, Best\u00e4tigungen, Genehmigungen erw\u00e4hnt?":"","weitere Vertr\u00e4ge zwischen Vertragsparteien im Zusammenhang mit dieser Ehe":"","Schlagw\u00f6rter":"","Kommentar":"-","Literatur":"J\u00e4ger\/Burmeister 2010, S. 70f."}}}