{"Dokument":{"Name":"Frankreich - Hessen-Kassel","In Bearbeitung":"Nein","main":{"Name":"Ehevertrag Frankreich - Hessen-Kassel 1648","Zuletzt ge\u00e4ndert":"2021-05 JK"},"Grunddaten Ehevertrag":{"Vertragspartner Br\u00e4utigam":"Frankreich","Vertragspartner Braut":"Hessen-Kassel","Datum Vertragsschlie\u00dfung":"1648-05-24","Ort Vertragsschlie\u00dfung":"Kassel","Eheschlie\u00dfung vollzogen?":"Ja","verschiedenkonfessionelle Ehe?":"Nein"},"Br\u00e4utigam":{"Br\u00e4utigam Name, Titel":"Henri Charles de la Tr\u00e9mouille","Br\u00e4utigam GND":"http:\/\/d-nb.info\/gnd\/1019980869","Br\u00e4utigam Geburtsjahr":"1620-00-00","Br\u00e4utigam Sterbejahr":"1672-00-00","Br\u00e4utigam Dynastie":"La Tr\u00e9moille","Br\u00e4utigam Konfession":"Evangelisch-Reformiert"},"Braut":{"Braut Name, Titel":"Emilie von Hessen-Kassel","Braut GND":"http:\/\/d-nb.info\/gnd\/1020051663","Braut Geburtsjahr":"1626-00-00","Braut Sterbejahr":"1693-00-00","Braut Dynastie":"Hessen (Kassel)","Braut Konfession":"Evangelisch-Reformiert"},"Akteur Br\u00e4utigam":{"Akteur Br\u00e4utigam Name, Titel":"Henri de la Tr\u00e9moille, Marie de la Tour d\u2019Auvergne","Akteur Br\u00e4utigam GND":"http:\/\/d-nb.info\/gnd\/1020054441","Akteur Br\u00e4utigam Dynastie":"La Tr\u00e9moille","Akteur Br\u00e4utigam Verh\u00e4ltnis zu Br\u00e4utigam":"Vater","Akteur Br\u00e4utigam Name, Titel (32)":"Marie de la Tour d\u2019Auvergne","Akteur Br\u00e4utigam GND (65)":"","Akteur Br\u00e4utigam Dynastie (35)":"unbekannt","Akteur Br\u00e4utigam Verh\u00e4ltnis zu Br\u00e4utigam (34)":"Mutter"},"Akteur Braut":{"Akteur Braut Name, Titel":"Amalie Elisabeth von Hanau-M\u00fcnzenberg","Akteur Braut GND":"http:\/\/d-nb.info\/gnd\/119207826","Akteur Braut Dynastie":"Hanau (M\u00fcnzenberg)","Akteur Braut Verh\u00e4ltnis zu Braut":"Mutter"},"Vertragstext":{"Archivexemplar":"HStAM, Urk. 3, Nr. 318","Vertragssprache Archivexemplar":"Franz\u00f6sisch","Digitalisat Archivexemplar":"-","Drucknachweis":"nicht nachgewiesen","Vertragssprache Druck":"nicht nachgewiesen","Digitalisat Druck":"-","Vertragsinhalt":"Artikel 1: Ehevertrag geschlossen zwischen Prokurator f\u00fcr Henri Charles de la Tr\u00e9mouille und Landgr\u00e4fin Amalie von Hessen-Kassel\r\n\r\nArtikel 2: vorzeitige \u00dcbertragung der Herrschaft \u00fcber verschiedene Territorien und G\u00fcter, die Teil des Erbes der Herz\u00f6ge von Tr\u00e9mouille sind, mit jeweils zugeh\u00f6rigen Gebieten und Rechten an Henri Charles als Hochzeitsgeschenk geregelt, auf Grundlage einer umfangreichen \u00dcbereinkunft zur Aufteilung des elterlichen Erbes mit seinen Geschwistern \r\n\r\nArtikel 3: Herzog und Herzogin von Tr\u00e9mouille verpflichten sich, Henri Charles alle Schulden zu erlassen\r\n\r\nArtikel 4: Mitgift auf 150.000 Livre festgelegt, Zahlung der Summe in mehreren Raten an das Brautpaar geregelt; im Gegenzug: Erbverzicht Emilies zugunsten ihres Bruders, Landgraf Wilhelm VI., und seiner m\u00e4nnlichen Nachkommen festgelegt; falls die m\u00e4nnliche Linie des Hauses Hessen-Kassel ausstirbt, kann Emilie ihre Rechte geltend machen\r\n\r\nArtikel 4: Zahlung zus\u00e4tzlicher 24.000 Livre f\u00fcr Emilies Ausstattung mit Kleidung und Juwelen durch Landgr\u00e4fin Amalie zugesichert\r\n\r\nArtikel 5: G\u00fctergemeinschaft der Eheleute vereinbart, g\u00fcltig ab dem Tag ihres Eheschlusses; \u00dcbereinkunft, dass die Mitgiftsumme in die G\u00fctergemeinschaft einflie\u00dft, die zus\u00e4tzlichen 45.000 Livre verbleiben formell in Emilies Besitz, bei Aufl\u00f6sung der G\u00fctergemeinschaft erh\u00e4lt sie die Summe und allen mobilen Besitz, den sie in die Ehe einbringt, frei von eventuellen Schulden ihres Ehemanns zur\u00fcck\r\n\r\nArtikel 6: beim Tod eines der Ehepartner werden die 45.000 Livre dem \u00fcberlebenden Partner zugesprochen, unabh\u00e4ngig davon, ob die G\u00fctergemeinschaft fortbesteht oder nicht\r\n\r\nArtikel 7: Witwenrente in H\u00f6he von 12.000 Livre j\u00e4hrlich geregelt, Wittumsverschreibung und Witwensitz zugesichert; auch im Fall von Emilies Wiederverheiratung nach dem Tod Henri Charles\u2019 besteht Anspruch auf Witwenrente fort\r\n\r\nArtikel 8: falls die Herzogin von Tr\u00e9mouille vor Emilie stirbt, erh\u00e4lt letztere das die Baronie und das Schloss Vitr\u00e9 als Wittum \r\n\r\nArtikel 9: falls Emilie vor Henri Charles stirbt, darf er die Mitgift ab ihrem Todestag sechs Jahre lang uneingeschr\u00e4nkt nutzen, nach Ablauf der Frist fallen 50.000 Livre an Hessen-Kassel zur\u00fcck, die \u00fcbrigen 100.000 Livre darf er lebenslang nutzen, nach seinem Tod sind sie an Hessen-Kassel zu restituieren \r\n\r\nArtikel 10: Verzicht auf Erhebung von Zinsen an der Mitgiftsumme durch Hessen-Kassel geregelt\r\n\r\nArtikel 11: beim Tod Henri Charles\u2019: Auszahlung der Mitgift an Emilie innerhalb von vier Jahren in Jahresraten von 37.500 Livre zugesichert, zuz\u00fcglich Zinsen\r\n\r\nArtikel 12: Anlage und Verzinsung der Mitgift w\u00e4hrend der Ehe geregelt \r\n\r\nArtikel 13: Ratifikation geregelt, Zustimmung und Einhaltung durch alle Parteien zugesichert","Regelungen \u00fcber Thronfolge und Regentschaft":"","konfessionelle Regelungen":"","erbrechtliche Regelungen":"Artikel 2: vorzeitige \u00dcbertragung der Herrschaft \u00fcber verschiedene Territorien und G\u00fcter, die Teil des Erbes der Herz\u00f6ge von Tr\u00e9mouille sind, mit jeweils zugeh\u00f6rigen Gebieten und Rechten an Henri Charles als Hochzeitsgeschenk geregelt, auf Grundlage einer umfangreichen \u00dcbereinkunft zur Aufteilung des elterlichen Erbes mit seinen Geschwistern \r\n\r\nArtikel 4: Mitgift auf 150.000 Livre festgelegt [...]; im Gegenzug: Erbverzicht Emilies zugunsten ihres Bruders, Landgraf Wilhelm VI., und seiner m\u00e4nnlichen Nachkommen festgelegt; falls die m\u00e4nnliche Linie des Hauses Hessen-Kassel ausstirbt, kann Emilie ihre Rechte geltend machen"},"Einordnung des Vertrags":{"Textbezug zu vergangenen Ereignissen?":"","st\u00e4ndische Instanzen beteiligt?":"","externe Instanzen beteiligt?":"","Ratifikationen, Best\u00e4tigungen, Genehmigungen erw\u00e4hnt?":"Artikel 13: Ratifikation geregelt, Zustimmung und Einhaltung durch alle Parteien zugesichert","weitere Vertr\u00e4ge zwischen Vertragsparteien im Zusammenhang mit dieser Ehe":"","Schlagw\u00f6rter":"","Kommentar":"Der Originalvertrag verf\u00fcgt \u00fcber keine Nummerierung der Artikel.","Literatur":"-"}}}