{"Dokument":{"Name":"Mecklenburg-G\u00fcstrow - Hessen-Marburg","In Bearbeitung":"Nein","main":{"Name":"Ehevertrag Mecklenburg-G\u00fcstrow - Hessen-Marburg 1618","Zuletzt ge\u00e4ndert":"2017-12 BB"},"Grunddaten Ehevertrag":{"Vertragspartner Br\u00e4utigam":"Mecklenburg-G\u00fcstrow","Vertragspartner Braut":"Hessen-Kassel","Datum Vertragsschlie\u00dfung":"1618-03-24","Ort Vertragsschlie\u00dfung":"Kassel","Eheschlie\u00dfung vollzogen?":"Ja","verschiedenkonfessionelle Ehe?":"Nein"},"Br\u00e4utigam":{"Br\u00e4utigam Name, Titel":"Johann Albrecht II., Herzog von Mecklenburg-G\u00fcstrow","Br\u00e4utigam GND":"http:\/\/d-nb.info\/gnd\/10142552X","Br\u00e4utigam Geburtsjahr":"1590-00-00","Br\u00e4utigam Sterbejahr":"1636-00-00","Br\u00e4utigam Dynastie":"Mecklenburg","Br\u00e4utigam Konfession":"Evangelisch-Reformiert"},"Braut":{"Braut Name, Titel":"Elisabeth von Hessen-Kassel","Braut GND":"http:\/\/d-nb.info\/gnd\/119142120","Braut Geburtsjahr":"1596-00-00","Braut Sterbejahr":"1625-00-00","Braut Dynastie":"Hessen (Kassel)","Braut Konfession":"Evangelisch-Reformiert"},"Akteur Br\u00e4utigam":{"Akteur Br\u00e4utigam Name, Titel":"Johann Albrecht II., Herzog von Mecklenburg-G\u00fcstrow","Akteur Br\u00e4utigam GND":"http:\/\/d-nb.info\/gnd\/10142552X","Akteur Br\u00e4utigam Dynastie":"Mecklenburg","Akteur Br\u00e4utigam Verh\u00e4ltnis zu Br\u00e4utigam":"selbst"},"Akteur Braut":{"Akteur Braut Name, Titel":"Moritz, Landgraf von Hessen-Kassel","Akteur Braut GND":"http:\/\/d-nb.info\/gnd\/11858412X","Akteur Braut Dynastie":"Hessen (Kassel)","Akteur Braut Verh\u00e4ltnis zu Braut":"Vater"},"Vertragstext":{"Archivexemplar":"Marburg, Staatsarchiv, Urk. 3, Nr. 267","Vertragssprache Archivexemplar":"Deutsch","Drucknachweis":"nicht nachgewiesen","Vertragssprache Druck":"nicht nachgewiesen","Digitalisat Druck":"-","Vertragsinhalt":"[Pr\u00e4] \u2013 im Namen der heiligen Dreifaltigkeit, zu Lob und Ehren Gottes, zur St\u00e4rkung und Vermehrung best\u00e4ndiger Freundschaft und Wohlfahrt, mit Zustimmung von Brautvater und Brautmutter (Stiefmutter): Eheabrede geschlossen, Vertragsschlie\u00dfung bekundet (1)\r\n\r\n[1] \u2013 Eheversprechen ausgetauscht: f\u00fcr Braut, von Br\u00e4utigam (1)\r\n\r\n[2] \u2013 Mitgift festgelegt, Aussteuer geregelt: Zahlung geregelt (1)\r\n\r\n[3] \u2013 Erbverzicht der Braut geregelt: mit Zustimmung des Br\u00e4utigams, gem\u00e4\u00df hessischem Hausrecht, auf Vatererbe, Muttererbe, Brudererbe und Vettererbe, Erbanspr\u00fcche bei Aussterben des Hauses Hessen ausgenommen (1)\r\n\r\n[4] \u2013 Morgengabe festgelegt: Verzinsung geregelt, zum pers\u00f6nlichen Bedarf der Braut (1-2)\r\n\r\n[5] \u2013 Widerlage, Witweng\u00fcter und Witweneink\u00fcnfte festgelegt: Nutzungsrechte geregelt, mit Zustimmung von Br\u00e4utigambruder, geistliche und weltliche Herrschaftsrechte, Gerichtsbarkeit und \u00d6ffnung ausgenommen, Schadenersatz geregelt, eigener Prediger auf Witweng\u00fctern gestattet (2-3)\r\n\r\n[6-7] \u2013 Witweng\u00fcter geregelt: Vereidigung der Amtleute und Rechtsstellung der Untertanen geregelt (3)\r\n\r\n[8] \u2013 Witweng\u00fcter geregelt: Schutz durch Herz\u00f6ge von Mecklenburg zugesichert (3)\r\n\r\n[9] \u2013 Witweng\u00fcter geregelt: Ver\u00e4u\u00dferung, \u00d6ffnung gegen\u00fcber Dritten, B\u00fcndnis mit Dritten verboten, Erhaltung von Witwensitz und Schadenersatz geregelt (3)\r\n\r\n[10] \u2013 Witweng\u00fcter geregelt: ggf. Nachbesserung zugesichert, Schadenersatz bei Einkommensausfall geregelt (3)\r\n\r\n[11] \u2013 nach Tod von Br\u00e4utigam: Vormundschaft \u00fcber unm\u00fcndige Kinder geregelt, Bezug von Witweng\u00fctern geregelt, pers\u00f6nlicher Besitz der Braut als Witwe geregelt (3-4)\r\n\r\n[12] \u2013 Witweng\u00fcter geregelt: Vorr\u00e4te und Ausstattung bei Bezug geregelt (4)\r\n\r\n[13-15] \u2013 bei zweiter Ehe der Braut: Abl\u00f6sung von Witweng\u00fctern, Auszahlung der Mitgift, Abtretung von Witweng\u00fctern geregelt, Vererbung der Mitgift ggf. an Kinder aus erster und zweiter Ehe geregelt, Nachlass der Braut als Witwe mit oder ohne \u00fcberlebende Kinder geregelt (4)\r\n\r\n[16-17] \u2013 nach Tod der Braut ohne Kinder: R\u00fcckfall von Witweng\u00fctern und Mitgift geregelt, Vererbung von Morgengabe und Nachlass au\u00dfer Silbergeschirr geregelt (4-5)\r\n\r\n[18] \u2013 nach Tod der Braut ohne Kinder: Witweng\u00fcter als Pfand gestellt von R\u00fcckfall der Mitgift (5)\r\n\r\n[19] \u2013 Morgengabe geregelt: Vererbung und Abl\u00f6sung geregelt (5)\r\n\r\n[20] \u2013 Schuldenhaftung der Braut geregelt (5)\r\n\r\n[21] \u2013 Eigentum an Hochzeitsgeschenken geregelt: Schmuck an Braut gefallen, Silbergeschirr geteilt, Vererbung geregelt (5)\r\n\r\n[22] \u2013 bei Tod von Braut oder Br\u00e4utigam vor Hochzeit: Nichtigkeit von Ehevertrag vereinbart (5)","konfessionelle Regelungen":"Widerlage, Witweng\u00fcter und Witweneink\u00fcnfte festgelegt: eigener Prediger auf Witweng\u00fctern gestattet - 5","erbrechtliche Regelungen":"Erbverzicht der Braut geregelt: mit Zustimmung des Br\u00e4utigams, gem\u00e4\u00df hessischem Hausrecht, auf Vatererbe, Muttererbe, Brudererbe und Vettererbe, Erbanspr\u00fcche bei Aussterben des Hauses Hessen ausgenommen - 3\r\n\r\n Vererbung der Mitgift ggf. an Kinder aus erster und zweiter Ehe geregelt- 13-15\r\n\r\nnach Tod der Braut ohne Kinder: Vererbung von Morgengabe und Nachlass au\u00dfer Silbergeschirr geregelt - 16-17\r\n\r\nEigentum an Hochzeitsgeschenken geregelt: Vererbung geregelt - 21"},"Einordnung des Vertrags":{"Textbezug zu vergangenen Ereignissen?":"","st\u00e4ndische Instanzen beteiligt?":"","externe Instanzen beteiligt?":"","Ratifikationen, Best\u00e4tigungen, Genehmigungen erw\u00e4hnt?":"Widerlage, Witweng\u00fcter und Witweneink\u00fcnfte festgelegt: mit Zustimmung von Br\u00e4utigambruder - 5","weitere Vertr\u00e4ge zwischen Vertragsparteien im Zusammenhang mit dieser Ehe":"","Schlagw\u00f6rter":"","Kommentar":"Der Br\u00e4utigam konvertierte anl\u00e4sslich der Ehe zum Reformierten Glauben (Bei der Wieden 2006).","Literatur":"Bei der Wieden, H.: Herzog Johann Albrechts II. zu Mecklenburg-G\u00fcstrow Hinwendung zum Kalvinismus. In: Jahrbuch f\u00fcr Mechlenburgische Kirchengeschichte. Mecklenburgica Sacra 9 (2006). S. 34-56."}}}