{"Dokument":{"Name":"Sachsen - Hessen","In Bearbeitung":"Nein","main":{"Name":"Ehevertrag Sachsen - Hessen 1505","Zuletzt ge\u00e4ndert":"2021-03 JT"},"Grunddaten Ehevertrag":{"Vertragspartner Br\u00e4utigam":"Sachsen","Vertragspartner Braut":"Hessen","Datum Vertragsschlie\u00dfung":"1505-03-08","Ort Vertragsschlie\u00dfung":"nicht genannt","Eheschlie\u00dfung vollzogen?":"Ja","verschiedenkonfessionelle Ehe?":"Nein"},"Br\u00e4utigam":{"Br\u00e4utigam Name, Titel":"Johann Herzog von Sachsen","Br\u00e4utigam GND":"http:\/\/d-nb.info\/gnd\/136293662","Br\u00e4utigam Geburtsjahr":"1498-00-00","Br\u00e4utigam Sterbejahr":"1537-00-00","Br\u00e4utigam Dynastie":"Wettin (Albertiner)","Br\u00e4utigam Konfession":"R\u00f6misch-Katholisch"},"Braut":{"Braut Name, Titel":"Elisabeth Landgr\u00e4fin von Hessen","Braut GND":"http:\/\/d-nb.info\/gnd\/13669523X","Braut Geburtsjahr":"1502-00-00","Braut Sterbejahr":"1557-00-00","Braut Dynastie":"Hessen (Kassel)","Braut Konfession":"R\u00f6misch-Katholisch"},"Akteur Br\u00e4utigam":{"Akteur Br\u00e4utigam Name, Titel":"Georg Herzog von Sachsen","Akteur Br\u00e4utigam GND":"http:\/\/d-nb.info\/gnd\/118716921","Akteur Br\u00e4utigam Dynastie":"Wettin (Albertiner)","Akteur Br\u00e4utigam Verh\u00e4ltnis zu Br\u00e4utigam":"Vater"},"Akteur Braut":{"Akteur Braut Name, Titel":"Wilhelm Landgraf von Hessen","Akteur Braut GND":"http:\/\/d-nb.info\/gnd\/133272605","Akteur Braut Dynastie":"Hessen (Kassel)","Akteur Braut Verh\u00e4ltnis zu Braut":"Vater"},"Vertragstext":{"Archivexemplar":"HStA Drd, 10001 O.U. 9601","Vertragssprache Archivexemplar":"Deutsch","Digitalisat Archivexemplar":"","Drucknachweis":"nicht nachgewiesen","Vertragssprache Druck":"nicht nachgewiesen","Digitalisat Druck":"","Vertragsinhalt":"Artikel 1: Eheschlie\u00dfung vereinbart\r\n\r\nArtikel 2: Mitgift auf 25.000 Gulden festgesetzt, Beilager erw\u00e4hnt\r\n\r\nArtikel 3: Aussteuer in Form von Kleinodien, Kleidern etc. zugesichert\r\n\r\nArtikel 4: Die Widerlage auf 25.000 Gulden\r\n\r\nArtikel 5: Morgengabe betr\u00e4gt 5.000 Gulden\r\n\r\nArtikel 6: Schloss Rochlitz als Witwensitz festgelegt, Unterhalt und Eink\u00fcnfte der Witwe geregelt, Nutzungsrechte geregelt, Huldigung und Eidleistung der Amtsleute und Untertanen zugesichert\r\n\r\nArtikel 7: Vererbung der H\u00e4lfte der Wiederlage an die n\u00e4chsten Erben geregelt\r\n\r\nArtikel 8: Herrschaft geregelt, Wittumsverschreibung zugesichert\r\n\r\nArtikel 9: Erbrecht des \u00e4ltesten Sohns geregelt\r\n\r\nArtikel 10: Erbrecht des Br\u00e4utigams und dessen Nachkommen im Herzogtum Sachsen geregelt\r\n\r\nArtikel 11: Ersatz und Reparatur bei Besch\u00e4digung der Witweng\u00fcter geregelt: eine H\u00e4lfte wird durch die Witwe bezahlt, die andere durch die Erben Herzog Georgs, sofern keine Leibeserben aus der Ehe vorhanden sind, sonst sind die Leibeserben aus der Ehe zahlungspflichtig), Steuerfreiheit des Wittums geregelt\r\n\r\nArtikel 12: Versorgung der Witwe durch Erben des Herzogs Georg zugesichert\r\n\r\nArtikel 13: Besichtigung der Witweng\u00fcter und zugeh\u00f6rigen L\u00e4ndereien durch den Brautvater zugesichert\r\n\r\nArtikel 14: Beilager, Heiratsalter der Brautleute und \u00dcberf\u00fchrung der Braut geregelt\r\n\r\nArtikel 15: Erbverzicht der Braut auf das v\u00e4terliche, m\u00fctterliche und br\u00fcderliche Erbe geregelt\r\n\r\nArtikel 16: nach dem Tod des Brautpaares ohne Leibeserben: R\u00fcckfall von Kleidern, Kleinodien, Silbergeschirr und weiterem Besitz, den die Braut in die Ehe eingebracht hat, an die hessische Seite; solange der Br\u00e4utigam noch lebt, hat er lebenslanges Nutzungs- und Gebrauchsrecht daran\r\n\r\nArtikel 17: Br\u00e4utigam erbt Herrschaft und Schloss des Vaters\r\n\r\nArtikel 18: Vererbung von Heiratsgut und Widerlage an die Leibeserben geregelt, Aufteilung geregelt\r\n\r\nArtikel 19: falls die Braut nach dem Beilager mit oder ohne Leibeserben aus der Ehe verstirbt, fallen Mitgift, Widerlage und Witweng\u00fcter und alles was seitens der Braut in die Ehe eingebracht wurde an den Br\u00e4utigam\r\n\r\nArtikel 21: Regelungen f\u00fcr den Fall der Widerverheiratung der Witwe nach dem Tod des Br\u00e4utigams: Abl\u00f6sung von Mitgift, Widerlage und Morgengabe geregelt, Leibgedinge soll abgetreten werden, Regelungen bez\u00fcglich der Treuepflichten der Amtleute gegen\u00fcber der Witwe in diesem Fall, B\u00fcrgschaft und Versicherung n\u00f6tig\r\n\r\nArtikel 22: nach dem Tod des Br\u00e4utigams verf\u00fcgt die Witwe \u00fcber den Besitz der 55.000 Gulden auf die sich Mitgift, Widerlage und Morgengabe in der Summe belaufen, nach deren Tod f\u00e4llt die Summe an die Leibeserben, sind solche nicht vorhanden erh\u00e4lt die hessische Seite einen Teil des Nachlasses, die Widerlage verbleibt bei der Familie des Br\u00e4utigams\r\n\r\nArtikel 23: Braut ist von Haftung f\u00fcr aktuelle oder zuk\u00fcnftige Schulden des Br\u00e4utigams oder des Brautvaters ausgenommen\r\n\r\nArtikel 24: Vater des Br\u00e4utigams und dessen andere Erben verzichten auf ihr Nutzungsrecht an den Witweng\u00fctern\r\n\r\nArtikel 25: Witwensitz festgelegt und Nutzungsrechte geregelt\r\n\r\nArtikel 26: Versetzung der Witweng\u00fcter geregelt\r\n\r\nArtikel 27: Vergaben von Lehen auf den Witweng\u00fctern geregelt\r\n\r\nArtikel 28: Sch\u00e4den an den Witweng\u00fctern m\u00fcssen durch den Br\u00e4utigam und dessen Erben behoben bzw. finanziell ausgeglichen werden\r\n\r\nArtikel 29: Huldigungsbrief erw\u00e4hnt\r\n\r\nArtikel 30: Quittierung der gezahlten Summen zugesichert\r\n\r\nArtikel 31: Zahlung geregelt, falls einer der beiden Akteure verstirbt oder die Zahlungen nicht eingehalten werden k\u00f6nnen\r\n\r\nArtikel 32: Zahlung geregelt, falls Braut oder Br\u00e4utigam vor der Eheschlie\u00dfung versterben\r\n\r\nArtikel 33: Vasallen und St\u00e4dte Brandenburgs und Hessens als Vertragsgaranten oder Zeugen benannt?","Regelungen \u00fcber Thronfolge und Regentschaft":"","konfessionelle Regelungen":"","erbrechtliche Regelungen":"Artikel 7: Vererbung der H\u00e4lfte der Wiederlage an die n\u00e4chsten Erben geregelt\r\n\r\nArtikel 9: Erbrecht des \u00e4ltesten Sohns geregelt\r\n\r\nArtikel 10: Erbrecht des Br\u00e4utigams und dessen Nachkommen im Herzogtum Sachsen geregelt\r\n\r\nArtikel 15: Erbverzicht der Braut auf das v\u00e4terliche, m\u00fctterliche und br\u00fcderliche Erbe geregelt\r\n\r\nArtikel 16: nach dem Tod des Brautpaares ohne Leibeserben: R\u00fcckfall von Kleidern, Kleinodien, Silbergeschirr und weiterem Besitz, den die Braut in die Ehe eingebracht hat, an die hessische Seite; solange der Br\u00e4utigam noch lebt, hat er lebenslanges Nutzungs- und Gebrauchsrecht daran\r\n\r\nArtikel 17: Br\u00e4utigam erbt Herrschaft und Schloss des Vaters\r\n\r\nArtikel 18: Vererbung von Heiratsgut und Widerlage an die Leibeserben geregelt, Aufteilung geregelt\r\n\r\nArtikel 19: falls die Braut nach dem Beilager mit oder ohne Leibeserben aus der Ehe verstirbt, fallen Mitgift, Widerlage und Witweng\u00fcter und alles was seitens der Braut in die Ehe eingebracht wurde an den Br\u00e4utigam\r\n\r\nArtikel 21: Regelungen f\u00fcr den Fall der Widerverheiratung der Witwe nach dem Tod des Br\u00e4utigams: Abl\u00f6sung von Mitgift, Widerlage und Morgengabe geregelt, Leibgedinge soll abgetreten werden, Regelungen bez\u00fcglich der Treuepflichten der Amtleute gegen\u00fcber der Witwe in diesem Fall, B\u00fcrgschaft und Versicherung n\u00f6tig\r\n\r\nArtikel 22: nach dem Tod des Br\u00e4utigams verf\u00fcgt die Witwe \u00fcber den Besitz der 55.000 Gulden auf die sich Mitgift, Widerlage und Morgengabe in der Summe belaufen, nach deren Tod f\u00e4llt die Summe an die Leibeserben, sind solche nicht vorhanden erh\u00e4lt die hessische Seite einen Teil des Nachlasses, die Widerlage verbleibt bei der Familie des Br\u00e4utigams"},"Einordnung des Vertrags":{"Textbezug zu vergangenen Ereignissen?":"","st\u00e4ndische Instanzen beteiligt?":"Artikel 33: Vasallen und St\u00e4dte Brandenburgs und Hessens als Vertragsgaranten oder Zeugen benannt?","externe Instanzen beteiligt?":"","Ratifikationen, Best\u00e4tigungen, Genehmigungen erw\u00e4hnt?":"","weitere Vertr\u00e4ge zwischen Vertragsparteien im Zusammenhang mit dieser Ehe":"","Schlagw\u00f6rter":"","Kommentar":"Vertrag verf\u00fcgt im Original \u00fcber keine Nummerierung der Artikel.","Literatur":""}}}