{"Dokument":{"Name":"Spanien - Frankreich","In Bearbeitung":"Nein","main":{"Name":"Ehevertrag Spanien - Frankreich 1612","Zuletzt ge\u00e4ndert":"2017-07 BB"},"Grunddaten Ehevertrag":{"Vertragspartner Br\u00e4utigam":"Spanien","Vertragspartner Braut":"Frankreich","Datum Vertragsschlie\u00dfung":"1612-08-25","Ort Vertragsschlie\u00dfung":"Paris","Eheschlie\u00dfung vollzogen?":"Ja","verschiedenkonfessionelle Ehe?":"Nein"},"Br\u00e4utigam":{"Br\u00e4utigam Name, Titel":"Philipp, Prinz von Spanien (sp\u00e4ter als Philipp IV. K\u00f6nig von Spanien)","Br\u00e4utigam GND":"http:\/\/d-nb.info\/gnd\/118593870","Br\u00e4utigam Geburtsjahr":"1605-00-00","Br\u00e4utigam Sterbejahr":"1665-00-00","Br\u00e4utigam Dynastie":"Habsburg (Spanien)","Br\u00e4utigam Konfession":"R\u00f6misch-Katholisch"},"Braut":{"Braut Name, Titel":"Elisabeth de Bourbon, Prinzessin von Frankreich","Braut GND":"http:\/\/d-nb.info\/gnd\/122381335","Braut Geburtsjahr":"1602-00-00","Braut Sterbejahr":"1644-00-00","Braut Dynastie":"Bourbon (Frankreich)","Braut Konfession":"R\u00f6misch-Katholisch"},"Akteur Br\u00e4utigam":{"Akteur Br\u00e4utigam Name, Titel":"Philipp III., K\u00f6nig von Spanien","Akteur Br\u00e4utigam GND":"http:\/\/d-nb.info\/gnd\/118593846","Akteur Br\u00e4utigam Dynastie":"Habsburg (Spanien)","Akteur Br\u00e4utigam Verh\u00e4ltnis zu Br\u00e4utigam":"Vater"},"Akteur Braut":{"Akteur Braut Name, Titel":"Ludwig XIII., K\u00f6nig von Frankreich","Akteur Braut GND":"http:\/\/d-nb.info\/gnd\/11872942X","Akteur Braut Dynastie":"Bourbon (Frankreich)","Akteur Braut Verh\u00e4ltnis zu Braut":"Bruder","Akteur Braut Name, Titel (36)":"Maria de Medici","Akteur Braut GND (66)":"http:\/\/d-nb.info\/gnd\/118577778","Akteur Braut Dynastie (40)":"Medici","Akteur Braut Verh\u00e4ltnis zu Braut (38)":"Mutter"},"Vertragstext":{"Archivexemplar":"nicht nachgewiesen","Vertragssprache Archivexemplar":"nicht nachgewiesen","Digitalisat Archivexemplar":"-","Drucknachweis":"Dumont 1726-1739, Bd. V:2, S. 217-220","Vertragssprache Druck":"franz\u00f6sisch","Digitalisat Druck":"https:\/\/gallica.bnf.fr\/ark:\/12148\/bpt6k1263086r\/f227.item","Vertragsinhalt":"[Pr\u00e4] \u2013 aus Sorge um die Festigung und Sicherung des allgemeinen Friedens, zum Nutzen ihrer V\u00f6lker, ermuntert durch den Papst und seinen Nuntius in Frankreich, vermittelt durch den Gro\u00dfherzog der Toskana und seinen Botschafter in Frankreich, zur Festigung von br\u00fcderlicher Freundschaft und Frieden seit den K\u00f6nigen Heinrich IV. von Frankreich, Philipp II. von Spanien durch neuerliche Doppelheirat auf ewig unter ihren Nachfolgern: Vereinbarung \u00fcber doppelte Eheschlie\u00dfung mit Dispens des Papstes bei Vollj\u00e4hrigkeit der Brautleute, \u00fcber Aufsetzung der Ehevertr\u00e4ge an den jeweiligen H\u00f6fen bekundet, Entsendung von spanischen Verhandlern, Vertragsverhandlungen bekundet, Ehevertrag vereinbart:\r\n\r\n1 \u2013 Eheschlie\u00dfung vereinbart: nach Erreichen des erforderlichen Heiratsalters der Braut\r\n\r\n2 \u2013 Mitgift festgelegt: f\u00fcr alle v\u00e4terlichen und m\u00fctterlichen Erbrechte der Braut, Zahlung verabredet\r\n\r\n3 \u2013 Anlage der Mitgift in Geldrenten geregelt: Verzinsung geregelt\r\n\r\n4 \u2013 zur besseren Sicherung des Friedens der Christenheit durch Doppelheirat, zur Fortsetzung von Frieden und B\u00fcndnis zwischen den K\u00f6nigen und ihren Nachfolgern, zur Entfernung aller Streitgr\u00fcnde aus den Erbanspr\u00fcchen der ehelichen Nachkommen an den jeweiligen K\u00f6nigreichen: Thronfolge der Braut und ihrer Nachkommen in L\u00e4ndern der franz\u00f6sischen Krone ausgeschlossen, Anspr\u00fcche mit Mitgift abgefunden\r\n\r\n5-6 \u2013 Erbverzicht der Braut geregelt: w\u00e4hrend Minderj\u00e4hrigkeit der Braut, zusammen mit Br\u00e4utigam und f\u00fcr ihre Nachkommen, auf L\u00e4nder und Erbanspr\u00fcche der franz\u00f6sischen Krone\r\n\r\n7-8 \u2013 Ratifikation, Beeidung von Erbverzicht der Braut geregelt: durch Braut und Br\u00e4utigam, spanischen Staatsrat\r\n\r\n9 - Brautjuwelen festgelegt: zu erblichem Besitz der Braut\r\n\r\n10 \u2013 Unterhalt der Braut und ihres Hofstaats w\u00e4hrend der Ehe geregelt\r\n\r\n11 \u2013 Zusatzzahlung zur Mitgift festgelegt: in H\u00f6he von einem Drittel der Mitgift, anstelle von Widerlage, zur Witwenversorgung, zu erblichem Besitz\r\n\r\n12-13 \u2013 freie Wahl von Witwensitz geregelt: in Spanien oder Frankreich, mit allen Witweneink\u00fcnften, \u00dcbergabe von Sicherheitsbrief an Braut zugesichert\r\n\r\n14 \u2013 \u00dcberf\u00fchrung der Braut geregelt: bis an die Grenze von Spanien, gleichzeitig mit \u00dcberf\u00fchrung Annas von Spanien\r\n\r\n15 \u2013 Einhaltung versprochen\r\n","Regelungen \u00fcber Thronfolge und Regentschaft":"4 \u2013 zur besseren Sicherung des Friedens der Christenheit durch Doppelheirat, zur Fortsetzung von Frieden und B\u00fcndnis zwischen den K\u00f6nigen und ihren Nachfolgern, zur Entfernung aller Streitgr\u00fcnde aus den Erbanspr\u00fcchen der ehelichen Nachkommen an den jeweiligen K\u00f6nigreichen: Thronfolge der Braut und ihrer Nachkommen in L\u00e4ndern der franz\u00f6sischen Krone ausgeschlossen, Anspr\u00fcche mit Mitgift abgefunden\r\n","konfessionelle Regelungen":"","erbrechtliche Regelungen":"4 \u2013 zur besseren Sicherung des Friedens der Christenheit durch Doppelheirat, zur Fortsetzung von Frieden und B\u00fcndnis zwischen den K\u00f6nigen und ihren Nachfolgern, zur Entfernung aller Streitgr\u00fcnde aus den Erbanspr\u00fcchen der ehelichen Nachkommen an den jeweiligen K\u00f6nigreichen: Thronfolge der Braut und ihrer Nachkommen in L\u00e4ndern der franz\u00f6sischen Krone ausgeschlossen, Anspr\u00fcche mit Mitgift abgefunden\r\n\r\n5-6 \u2013 Erbverzicht der Braut geregelt: w\u00e4hrend Minderj\u00e4hrigkeit der Braut, zusammen mit Br\u00e4utigam und f\u00fcr ihre Nachkommen, auf L\u00e4nder und Erbanspr\u00fcche der franz\u00f6sischen Krone\r\n\r\n7-8 \u2013 Ratifikation, Beeidung von Erbverzicht der Braut geregelt: durch Braut und Br\u00e4utigam, spanischen Staatsrat\r\n\r\n9 - Brautjuwelen festgelegt: zu erblichem Besitz der Braut\r\n"},"Einordnung des Vertrags":{"Textbezug zu vergangenen Ereignissen?":"Vermittlung durch den Gro\u00dfherzog der Toskana erw\u00e4hnt - Pr\u00e4","st\u00e4ndische Instanzen beteiligt?":"Ratifikation durch spanischen Staatsrat erw\u00e4hnt - 7-8","externe Instanzen beteiligt?":"","Ratifikationen, Best\u00e4tigungen, Genehmigungen erw\u00e4hnt?":"Ratifikation durch spanischen Staatsrat erw\u00e4hnt - 7-8","weitere Vertr\u00e4ge zwischen Vertragsparteien im Zusammenhang mit dieser Ehe":"Erster Friedensvertrag von Asti 01.12.1614\r\n\r\nZweiter Friedensvertrag von Asti 21.06.1615\r\n\r\nFriedensvertrag von Paris 06.09.1617","Schlagw\u00f6rter":"","Kommentar":"vgl. Pr\u00e4liminarartikel 30.04\/30.07.1611 (FVVo, Dumont)","Literatur":"-"}}}