{"Dokument":{"Name":"Frankreich - Sachsen-Polen","In Bearbeitung":"Nein","main":{"Name":"Ehevertrag Frankreich - Sachsen-Polen 1747","Zuletzt ge\u00e4ndert":"2020-04 JK"},"Br\u00e4utigam":{"Br\u00e4utigam Geburtsjahr":"1729-00-00","Br\u00e4utigam Sterbejahr":"1765-00-00","Br\u00e4utigam Dynastie":"Bourbon (Frankreich)","Br\u00e4utigam Konfession":"R\u00f6misch-Katholisch","Br\u00e4utigam Name, Titel":"Ludwig Ferdinand, Dauphin von Frankreich","Br\u00e4utigam GND":"http:\/\/d-nb.info\/gnd\/132343762"},"Braut":{"Braut Name, Titel":"Maria Josepha von Sachsen","Braut GND":"http:\/\/d-nb.info\/gnd\/119447568","Braut Geburtsjahr":"1731-00-00","Braut Sterbejahr":"1767-00-00","Braut Dynastie":"Wettiner (Albertiner)","Braut Konfession":"R\u00f6misch-Katholisch"},"Akteur Br\u00e4utigam":{"Akteur Br\u00e4utigam Name, Titel":"Ludwig XV. von Frankreich","Akteur Br\u00e4utigam GND":"http:\/\/d-nb.info\/gnd\/118729438","Akteur Br\u00e4utigam Dynastie":"Bourbon (Frankreich)","Akteur Br\u00e4utigam Verh\u00e4ltnis zu Br\u00e4utigam":"Vater"},"Akteur Braut":{"Akteur Braut Name, Titel":"Friedrich August II., Kurf\u00fcrst von Sachsen, K\u00f6nig von Polen","Akteur Braut GND":"http:\/\/d-nb.info\/gnd\/118505092","Akteur Braut Dynastie":"Wettin (Albertiner)","Akteur Braut Verh\u00e4ltnis zu Braut":"Vater","Akteur Braut Name, Titel (36)":"Maria Josepha von \u00d6sterreich","Akteur Braut GND (66)":"http:\/\/d-nb.info\/gnd\/11917426X","Akteur Braut Dynastie (40)":"Habsburg (\u00d6sterreich)","Akteur Braut Verh\u00e4ltnis zu Braut (38)":"Mutter"},"Vertragstext":{"Archivexemplar":"Trait\u00e9s et accords de la France, TRA17470007","Vertragssprache Archivexemplar":"Franz\u00f6sisch","Digitalisat Archivexemplar":"https:\/\/basedoc.diplomatie.gouv.fr\/exl-php\/recherche\/mae_internet___traites","Drucknachweis":"nicht nachgewiesen","Vertragssprache Druck":"nicht nachgewiesen","Digitalisat Druck":"-","Vertragsinhalt":"Artikel 1: Eheschlie\u00dfung vereinbart\r\n\r\nArtikel 2: Mitgift auf 100.000 \u00c9cus d\u2019Allemangne festgelegt, zu zahlen unmittelbar nach der Hochzeit, im Gegenzug f\u00fcr Maria Josephas Erbverzicht und Verzicht auf alle Sukzessionsrechte als s\u00e4chsische Prinzessin\r\n\r\nArtikel 3: Anlage der Mitgift zur Zufriedenheit des polnischen K\u00f6nigs durch den Dauphin und franz\u00f6sischen K\u00f6nig geregelt, bei Aufl\u00f6sung der Ehe: R\u00fcckgabe an Maria Josepha oder ihre Erben geregelt\r\n\r\nArtikel 4: Eigentumsrecht Maria Josephas an der Mitgift geregelt, im Fall von Maria Josephas Tod ohne Kinder: R\u00fcckfall von Mitgift an K\u00f6nig von Polen geregelt; Regelung gilt auch, falls leibliche Kinder und Erben nach Maria Josephas Tod selbst minderj\u00e4hrig versterben\r\n\r\nArtikel 5: Schenkung von Brautjuwelen durch K\u00f6nig von Polen im Wert von 100.000 \u00c9cus d\u2019Allemagne festgelegt, Eigentumsrecht Maria Josephas und Recht auf Vererbung geregelt\r\n\r\nArtikel 6: Schenkung von Brautjuwelen durch K\u00f6nig von Frankreich im Wert von 50.000 \u00c9cus, Eigentumsrecht Maria Josephas und Recht auf Vererbung geregelt \r\n\r\nArtikel 7: Leibgedinge zur Witwenversorgung auf 20.000 \u00c9cus j\u00e4hrlich festgelegt, anzulegen auf verschiedenen Leibgedingeg\u00fctern, das Hauptgut wird zum Herzogtum erhoben, Hoheitsrechte f\u00fcr Maria Josepha, Ernennung von Amtsleuten und Verwaltung geregelt, lebenslanger Nie\u00dfbrauch unabh\u00e4ngig von Verbleib in Frankreich oder Ausreise als Witwe geregelt\r\n\r\nArtikel 8: Unterhalt Maria Josephas w\u00e4hrend der Ehe geregelt\r\n\r\nArtikel 9: Trauung mit Prokurator f\u00fcr den Dauphin am Hof des polnischen K\u00f6nigs, im Anschluss \u00dcberf\u00fchrung  Maria Josephas nach Stra\u00dfburg, wo sie vom Dauphin und franz\u00f6sischen K\u00f6nig empfang genommen wird\r\n\r\nArtikel 10: R\u00fcckkehrrecht Maria Josephas als Witwe nach Polen zugesichert, Recht auf Mitf\u00fchrung von mobilem Besitz und Dienerschaft zugesichert, Anspr\u00fcche auf Witwenversorgung bleiben bei Ausreise bestehen\r\n\r\nArtikel 11: Ratifikation innerhalb von vier Wochen geregelt\r\n\r\nAnhang: nach Annahme der formellen Werbung: formeller Vertrag aufgesetzt und verlesen, Ratifikation zugesichert, Vertrag unterzeichnet, Vollmachten des K\u00f6nigs und der K\u00f6nigin von Frankreich, des Dauphin sowie des K\u00f6nigs von Polen und Maria Josephas enthalten","Regelungen \u00fcber Thronfolge und Regentschaft":"","konfessionelle Regelungen":"","erbrechtliche Regelungen":"Artikel 2: Mitgift auf 100.000 \u00c9cus d\u2019Allemangne festgelegt, [...] im Gegenzug f\u00fcr Maria Josephas Erbverzicht und Verzicht auf alle Sukzessionsrechte als s\u00e4chsische Prinzessin\r\n\r\nArtikel 3: Anlage der Mitgift [...] geregelt, bei Aufl\u00f6sung der Ehe: R\u00fcckgabe an Maria Josepha oder ihre Erben geregelt"},"Einordnung des Vertrags":{"Textbezug zu vergangenen Ereignissen?":"","st\u00e4ndische Instanzen beteiligt?":"","externe Instanzen beteiligt?":"","Ratifikationen, Best\u00e4tigungen, Genehmigungen erw\u00e4hnt?":"Artikel 11: Ratifikation innerhalb von vier Wochen geregelt\r\n","weitere Vertr\u00e4ge zwischen Vertragsparteien im Zusammenhang mit dieser Ehe":"franz\u00f6sisch-s\u00e4chsischer Subsidienvertrag 1746-04-25","Schlagw\u00f6rter":"","Kommentar":"Digitalisat kann unter der angegebenen URL unter Verwendung der Signatur (TRA17470007) abgerufen werden.","Literatur":"-"},"Grunddaten Ehevertrag":{"Vertragspartner Br\u00e4utigam":"Frankreich","Vertragspartner Braut":"Sachsen-Polen","Datum Vertragsschlie\u00dfung":"1747-01-09","Ort Vertragsschlie\u00dfung":"Dresden","Eheschlie\u00dfung vollzogen?":"Ja","verschiedenkonfessionelle Ehe?":"Nein"}}}