{"Dokument":{"Name":"Schwarzburg-Sonderhausen - Braunschweig-L\u00fcneburg-Wolfenb\u00fcttel","In Bearbeitung":"Nein","main":{"Name":"Ehevertrag Schwarzburg-Sonderhausen - Braunschweig-L\u00fcneburg-Wolfenb\u00fcttel 1684","Zuletzt ge\u00e4ndert":"2019-05 KZ"},"Grunddaten Ehevertrag":{"Vertragspartner Br\u00e4utigam":"Schwarzburg-Sonderhausen","Vertragspartner Braut":"Braunschweig-L\u00fcneburg-Wolfenb\u00fcttel","Datum Vertragsschlie\u00dfung":"1684-08-06","Ort Vertragsschlie\u00dfung":"Wolfenb\u00fcttel","Eheschlie\u00dfung vollzogen?":"Ja","verschiedenkonfessionelle Ehe?":"Nein"},"Br\u00e4utigam":{"Br\u00e4utigam Name, Titel":"Anton G\u00fcnther II., Graf von Schwarzburg-Sonderhausen","Br\u00e4utigam GND":"http:\/\/d-nb.info\/gnd\/117764337","Br\u00e4utigam Geburtsjahr":"1653-00-00","Br\u00e4utigam Sterbejahr":"1716-00-00","Br\u00e4utigam Dynastie":"Schwarzburg","Br\u00e4utigam Konfession":"Evangelisch-Lutherisch"},"Braut":{"Braut Name, Titel":"Augusta Dorothea von Braunschweig-L\u00fcneburg","Braut GND":"http:\/\/d-nb.info\/gnd\/119065983","Braut Geburtsjahr":"1666-00-00","Braut Sterbejahr":"1751-00-00","Braut Dynastie":"Welfen","Braut Konfession":"Evangelisch-Lutherisch"},"Akteur Br\u00e4utigam":{"Akteur Br\u00e4utigam Name, Titel":"Anton G\u00fcnther II., Graf von Schwarzburg-Sonderhausen","Akteur Br\u00e4utigam GND":"http:\/\/d-nb.info\/gnd\/117764337","Akteur Br\u00e4utigam Dynastie":"Schwarzburg","Akteur Br\u00e4utigam Verh\u00e4ltnis zu Br\u00e4utigam":"selbst"},"Akteur Braut":{"Akteur Braut Name, Titel":"Anton Ulrich, Herzog von Braunschweig-L\u00fcneburg","Akteur Braut GND":"http:\/\/d-nb.info\/gnd\/118503472","Akteur Braut Dynastie":"Welfen","Akteur Braut Verh\u00e4ltnis zu Braut":"Vater"},"Vertragstext":{"Archivexemplar":"nicht nachgewiesen","Vertragssprache Archivexemplar":"nicht nachgewiesen","Digitalisat Archivexemplar":"-","Drucknachweis":"L\u00fcnig, Reichsarchiv, Bd. XXIII, S. 1306-1309","Vertragssprache Druck":"Deutsch","Digitalisat Druck":"https:\/\/reader.digitale-sammlungen.de\/de\/fs1\/object\/display\/bsb10492193_00360.html","Vertragsinhalt":"Pr\u00e4ambel: Eheabrede, Zustimmung der beiden F\u00fcrstenh\u00e4user erw\u00e4hnt\r\n\r\nArtikel 1: Eheschlie\u00dfung, Beilager vereinbart \r\n\r\nArtikel 2: Mitgift festgesetzt (10.000 Thaler), Auszahlung geregelt\r\n\r\nArtikel 3: Aussteuer geregelt\r\n\r\nArtikel 4: Kosten\u00fcbernahme f\u00fcr Beilager, Erbverzicht Augusta Dorotheas geregelt\r\n\r\nArtikel 5: Widerlage (20.000 Taler), Leibgedinge festgesetzt (j\u00e4hrliche Zahlung von 2.000 Talern), Anlage und Verzinsung geregelt\r\n\r\nArtikel 6-14: Nutzung der Leibgedingeg\u00fcter durch Witwe geregelt: zur Witwenversorgung, inkl. Verwaltung, Witwensitz, Pflicht des Hauses Braunschweig-L\u00fcneburg-Wolfenb\u00fcttel zu Reparatur oder Wiederaufbau von Witwensitz im Schadensfall geregelt, Instandhaltung geregelt, Ausweichquartier in Bedrohungslagen geregelt, Herrschaftsrechte der Witwe geregelt, zus\u00e4tzliche Naturalleistungen geregelt\r\n\r\nArtikel 15: Morgengabe festgelegt, Verzinsung geregelt\r\n\r\nArtikel 16: Handgeld Augusta Dorotheas geregelt\r\n\r\nArtikel 17: Nutzung von Zugewinnen Augusta Dorotheas geregelt\r\n\r\nArtikel 18-19: bei Tod Anton G\u00fcnthers vor Augusta Dorothea mit oder ohne aus Ehe hervorgegangenen Kindern: Erbrecht an Fahrhabe geregelt\r\n\r\nArtikel 20: bei Tod Augusta Dorotheas: braunschweigischer Verzicht auf Mitgiftr\u00fcckfall zugestanden\r\n\r\nArtikel 21: Fahrhabe, \u00fcber die Anton G\u00fcnther nicht testamentarisch verf\u00fcgt hat, f\u00e4llt an Kinder oder n\u00e4chste Erben\r\n\r\nArtikel 22-23: nach dem Tod Anton G\u00fcnthers ggf. gemeinsame Hofhaltung Augusta Dorotheas mit ihren Kindern geregelt, entweder in f\u00fcrstlicher Residenz des verstorbenen Ehemanns oder, wenn nur T\u00f6chter als Nachkommen vorhanden, auf Witwengut\r\n\r\nArtikel 24: Bei Todesfall von Kindern, Vererbung ihre Erbanteils nach s\u00e4chsichen Recht\r\n\r\nArtikel 25: bei 2. Ehe Augusta Dorotheas: Abl\u00f6sung von Leibgedingeg\u00fctern geregelt\r\n\r\nArtikel 26: bei Tod von Ehepartner vor Mitgiftzahlung: G\u00fcltigkeit des Vertrags geregelt","Regelungen \u00fcber Thronfolge und Regentschaft":"","konfessionelle Regelungen":"","erbrechtliche Regelungen":"Artikel 4: Erbverzicht Augusta Dorotheas geregelt\r\n\r\nArtikel 18-19: bei Tod Anton G\u00fcnthers vor Augusta Dorothea mit oder ohne aus Ehe hervorgegangenen Kindern: Erbrecht an Fahrhabe geregelt\r\n\r\nArtikel 21: Fahrhabe, \u00fcber die Anton G\u00fcnther nicht testamentarisch verf\u00fcgt hat, f\u00e4llt an Kinder oder n\u00e4chste Erben\r\n\r\nArtikel 24: Bei Todesfall von Kindern, Vererbung ihre Erbanteils nach s\u00e4chsichen Recht"},"Einordnung des Vertrags":{"Textbezug zu vergangenen Ereignissen?":"","st\u00e4ndische Instanzen beteiligt?":"","externe Instanzen beteiligt?":"","Ratifikationen, Best\u00e4tigungen, Genehmigungen erw\u00e4hnt?":"","weitere Vertr\u00e4ge zwischen Vertragsparteien im Zusammenhang mit dieser Ehe":"","Schlagw\u00f6rter":"","Kommentar":"Zustimmung des regierenden Herzogs Rudolf August von Braunschweig-L\u00fcneburg-Wolfenb\u00fcttel erw\u00e4hnt (Narratio)","Literatur":"-"}}}