{"Dokument":{"Name":"Frankreich - Savoyen","In Bearbeitung":"Nein","main":{"Name":"Ehevertrag Frankreich - Savoyen 1773","Zuletzt ge\u00e4ndert":"2021-04 JK"},"Vertragstext":{"Digitalisat Archivexemplar":"https:\/\/basedoc.diplomatie.gouv.fr\/exl-php\/recherche\/mae_internet___traites","Drucknachweis":"nicht nachgewiesen","Vertragssprache Druck":"nicht nachgewiesen","Digitalisat Druck":"-","Vertragsinhalt":"Artikel 1: Eheschlie\u00dfung vereinbart: mit p\u00e4pstlicher Dispens aufgrund des Verwandtschaftsgrades der Eheleute, mit Prokurator f\u00fcr den Grafen von Artois, findet statt am savoyischen Hof\r\n\r\nArtikel 2: nach der Eheschlie\u00dfung erh\u00e4lt Maria Theresia den Titel der Gr\u00e4fin von Artois, \u00dcberf\u00fchrung Maria Theresias von Turin nach Frankreich und ehrenvoller Empfang durch den Grafen von Artois am Pont de Beauvoisin geregelt \r\n\r\nArtikel 3: Mitgift auf 420.000 Livre festgelegt, Zahlung geregelt \r\n\r\nArtikel 4: Eigentumsrecht Maria Theresias an der Mitgift geregelt, bei Tod Maria Theresias ohne Kinder oder falls ihre Kinder bei ihrem Tod minderj\u00e4hrig sind und selbst vor der Vollj\u00e4hrigkeit versterben: R\u00fcckfall der Mitgift geregelt, bis auf eine testamentarisch bestimmte Summe, von h\u00f6chstens 100.000 Livre\r\n\r\nArtikel 5: Anlage der Mitgift durch den K\u00f6nig von Frankreich und Grafen von Artois geregelt: anzulegen vor allem in den Apanagegebieten Karl Philipps, u. a. den Herzogt\u00fcmern Auvergne und Merc\u0153ur [Freilassung f\u00fcr Nennung weiterer Gebiete], bei Aufl\u00f6sung der Ehe: R\u00fcckfall zugesichert\r\n\r\nArtikel 6: Mitgift als Erbabfindung Maria Theresas angesehen, Erbverzicht Maria Theresias geregelt: au\u00dfer bei Aussterben aller \u00fcbrigen Nachkommen von Viktor Amadeus\r\n\r\nArtikel 7: Brautschatz im Wert von 100.000 Livre festgelegt\r\n\r\nArtikel 8: Brautgeschenke durch den K\u00f6nig von Frankreich und Grafen von Artois im Wert von 300.000 Livre zugesichert, Morgengabe festgelegt, Besitzrechte Maria Theresias geregelt\r\n\r\nArtikel 9: Unterhalt Maria Theresias und ihres Hofstaats w\u00e4hrend der Ehe geregelt\r\n\r\nArtikel 10: Leibgedinge festgelegt: G\u00fcter aus Karl Philipps Apanage als Leibgedingeg\u00fcter zugesichert, Hauptgut wird zum Herzogtum erhoben, G\u00fcterverwaltung durch Maria Theresia geregelt, als Witwenversorgung\r\n\r\nArtikel 11: R\u00fcckkehrrecht nach Savoyen bzw. in die L\u00e4nder des K\u00f6nigs von Piemont als Witwe zugesichert\r\n\r\nArtikel 12: Vererbung von pers\u00f6nlichem Nachlass Maria Theresias geregelt: Familienjuwelen ausgenommen, Einhaltung zugesichert, Ratifikation geregelt, ausgefertigt vom sardischen Minister als Notar","Regelungen \u00fcber Thronfolge und Regentschaft":"","konfessionelle Regelungen":"","erbrechtliche Regelungen":"Artikel 6: Mitgift als Erbabfindung Maria Theresas angesehen, Erbverzicht Maria Theresias geregelt: au\u00dfer bei Aussterben aller \u00fcbrigen Nachkommen von Viktor Amadeus\r\n\r\nArtikel 12: Vererbung von pers\u00f6nlichem Nachlass Maria Theresias geregelt: Familienjuwelen ausgenommen [...]","Archivexemplar":"Trait\u00e9s et accords de la France, TRA17730008","Vertragssprache Archivexemplar":"Franz\u00f6sisch"},"Einordnung des Vertrags":{"Textbezug zu vergangenen Ereignissen?":"","st\u00e4ndische Instanzen beteiligt?":"","externe Instanzen beteiligt?":"Artikel 1: Eheschlie\u00dfung vereinbart: mit p\u00e4pstlicher Dispens aufgrund des Verwandtschaftsgrades der Eheleute,","Ratifikationen, Best\u00e4tigungen, Genehmigungen erw\u00e4hnt?":"Artikel 12: [...] Ratifikation geregelt [...]","weitere Vertr\u00e4ge zwischen Vertragsparteien im Zusammenhang mit dieser Ehe":"Konvention von Versailles \u00fcber die Errichtung des Bistums Chambery 1773.02.01 (CTS) - erneuerter Garantievertrag von Versailles 1775.04.09 (Trait\u00e9s et accords de la France: bei Ehevertrag 1775.04.09, S. 35-38)","Schlagw\u00f6rter":"","Kommentar":"\u00dc - Artikel fast identisch mit Vorvertrag 1773.09.03 (Enr. 146)\r\n\r\nDas Digitalisat kann unter der angegebenen URL unter der Signatur (TRA17730008) abgerufen werden.","Literatur":"-"},"Grunddaten Ehevertrag":{"Vertragspartner Br\u00e4utigam":"Frankreich","Vertragspartner Braut":"Savoyen","Datum Vertragsschlie\u00dfung":"1773-10-23","Ort Vertragsschlie\u00dfung":"Moncalieri","Eheschlie\u00dfung vollzogen?":"Ja","verschiedenkonfessionelle Ehe?":"Nein"},"Br\u00e4utigam":{"Br\u00e4utigam Name, Titel":"Karl Philipp, Graf von Artois","Br\u00e4utigam GND":"http:\/\/d-nb.info\/gnd\/118776770","Br\u00e4utigam Geburtsjahr":"1757-00-00","Br\u00e4utigam Sterbejahr":"1836-00-00","Br\u00e4utigam Dynastie":"Bourbon (Frankreich)","Br\u00e4utigam Konfession":"R\u00f6misch-Katholisch"},"Braut":{"Braut Name, Titel":"Maria Theresia von Savoyen","Braut GND":"http:\/\/d-nb.info\/gnd\/1078038988","Braut Geburtsjahr":"1756-00-00","Braut Sterbejahr":"1805-00-00","Braut Dynastie":"Savoyen","Braut Konfession":"R\u00f6misch-Katholisch"},"Akteur Br\u00e4utigam":{"Akteur Br\u00e4utigam Name, Titel":"Ludwig XV. von Frankreich","Akteur Br\u00e4utigam GND":"http:\/\/d-nb.info\/gnd\/118729438","Akteur Br\u00e4utigam Dynastie":"Bourbon (Frankreich)","Akteur Br\u00e4utigam Verh\u00e4ltnis zu Br\u00e4utigam":"Gro\u00dfvater","Akteur Br\u00e4utigam Name, Titel (32)":"Karl Philipp, Graf von Artois","Akteur Br\u00e4utigam GND (65)":"http:\/\/d-nb.info\/gnd\/118776770","Akteur Br\u00e4utigam Dynastie (35)":"Bourbon (Frankreich)","Akteur Br\u00e4utigam Verh\u00e4ltnis zu Br\u00e4utigam (34)":"selbst"},"Akteur Braut":{"Akteur Braut Name, Titel":"Viktor Amadeus III., K\u00f6nig von Sardinien-Piemont","Akteur Braut GND":"http:\/\/d-nb.info\/gnd\/117682349","Akteur Braut Dynastie":"Savoyen","Akteur Braut Verh\u00e4ltnis zu Braut":"Vater","Akteur Braut Name, Titel (36)":"Marie Antoinette Ferdinande von Spanien","Akteur Braut GND (66)":"","Akteur Braut Dynastie (40)":"Bourbon (Spanien)","Akteur Braut Verh\u00e4ltnis zu Braut (38)":"Mutter"}}}