{"Dokument":{"Name":"Schottland - Frankreich","In Bearbeitung":"Nein","main":{"Name":"Ehevertrag Schottland - Frankreich 1536","Zuletzt ge\u00e4ndert":"2017-09 BB"},"Grunddaten Ehevertrag":{"Vertragspartner Br\u00e4utigam":"Schottland ","Vertragspartner Braut":"Frankreich","Datum Vertragsschlie\u00dfung":"1536-11-26","Ort Vertragsschlie\u00dfung":"Blois","Eheschlie\u00dfung vollzogen?":"Ja","verschiedenkonfessionelle Ehe?":"Nein"},"Br\u00e4utigam":{"Br\u00e4utigam Name, Titel":"Jakob V., K\u00f6nig von Schottland (James)","Br\u00e4utigam GND":"http:\/\/d-nb.info\/gnd\/118775847","Br\u00e4utigam Geburtsjahr":"1512-00-00","Br\u00e4utigam Sterbejahr":"1542-00-00","Br\u00e4utigam Dynastie":"Stuart","Br\u00e4utigam Konfession":"R\u00f6misch-Katholisch"},"Braut":{"Braut Name, Titel":"Magdalena von Frankreich (Madeleine)","Braut GND":"http:\/\/d-nb.info\/gnd\/124327575","Braut Geburtsjahr":"1520-00-00","Braut Sterbejahr":"1537-00-00","Braut Dynastie":"Valois","Braut Konfession":"R\u00f6misch-Katholisch"},"Akteur Br\u00e4utigam":{"Akteur Br\u00e4utigam Name, Titel":"Jakob V., K\u00f6nig von Schottland (James)","Akteur Br\u00e4utigam GND":"http:\/\/d-nb.info\/gnd\/118775847","Akteur Br\u00e4utigam Dynastie":"Stuart","Akteur Br\u00e4utigam Verh\u00e4ltnis zu Br\u00e4utigam":"selbst"},"Akteur Braut":{"Akteur Braut Name, Titel":"Franz I. (Francois), K\u00f6nig von Frankreich (Francois)","Akteur Braut GND":"http:\/\/d-nb.info\/gnd\/118534947","Akteur Braut Dynastie":"Valois","Akteur Braut Verh\u00e4ltnis zu Braut":"Vater"},"Vertragstext":{"Archivexemplar":"nicht nachgewiesen","Vertragssprache Archivexemplar":"nicht nachgewiesen","Digitalisat Archivexemplar":"-","Drucknachweis":"Dumont 1726-1739, Bd. IV:2, S. 148 f.","Vertragssprache Druck":"Lateinisch","Digitalisat Druck":"https:\/\/gallica.bnf.fr\/ark:\/12148\/bpt6k1263439g\/f162.item","Vertragsinhalt":"[Pr\u00e4] \u2013 untrennbare Liebe und Freundschaft, Blutverwandtschaft als bestes Mittel zur Bewahrung von Wohlwollen bekundet \u2013 Wunsch beider K\u00f6nige zur Festigung des freundschaftlichen B\u00fcndnisses ihrer Vorg\u00e4nger bekundet \u2013 zur Vermehrung und Verst\u00e4rkung von B\u00fcndnis: Ratifikation von Ehevertrag bekundet, Vertragsartikel inseriert wie folgt (148 re \u2013 149 li)\r\n\r\n[1] \u2013 Eheschlie\u00dfung vereinbart: mit Zustimmung von Brautvater, Verhandlungen \u00fcber Termin vorbehalten (149 li)\r\n\r\n[2] \u2013 Mitgift festgelegt: Zahlung geregelt, anteilig aus Geldrenten und Abgaben in Frankreich auf Wiederkauf, ausgenommen Herrschaftsrechte, im Gegenzug f\u00fcr Erbverzicht der Braut auf v\u00e4terliches und m\u00fctterliches Erbe und auf v\u00e4terliche Thronfolge (149 li)\r\n\r\n[3] \u2013 nach Tod von Br\u00e4utigam: Auszahlung von Mitgiftanteilen an Braut geregelt, Verbleib von Restanteil von Mitgift bei Erben des Br\u00e4utigams vereinbart \u2013 nach Tod von Braut: R\u00fcckfall von Mitgift an Erben der Braut vereinbart, Nutzung durch Br\u00e4utigam auf Lebenszeit, danach Wiederkauf geregelt (149 li)\r\n\r\n[4] \u2013 nach Tod von Br\u00e4utigam: Verbleib von Aussteuer und Brautjuwelen bei Braut oder Abl\u00f6sung geregelt (149 li)\r\n\r\n[5] \u2013 Indemnit\u00e4t der Braut von schottischer Schuldenzahlung zugesichert (149 li)\r\n\r\n[6] \u2013 Witweng\u00fcter und Witweneink\u00fcnfte festgesetzt: ggf. Nachbesserung geregelt, Witwensitz in Schottland oder Frankreich geregelt (149 li \u2013 re)\r\n\r\n[7] \u2013 Einhaltung und Ratifikation zugesichert (149 re)\r\n","Regelungen \u00fcber Thronfolge und Regentschaft":"Mitgift festgelegt:  im Gegenzug f\u00fcr Erbverzicht der Braut auf v\u00e4terliches und m\u00fctterliches Erbe und auf v\u00e4terliche Thronfolge - 2\r\n","konfessionelle Regelungen":"","erbrechtliche Regelungen":"Mitgift festgelegt:  im Gegenzug f\u00fcr Erbverzicht der Braut auf v\u00e4terliches und m\u00fctterliches Erbe und auf v\u00e4terliche Thronfolge - 2\r\n\r\nnach Tod von Br\u00e4utigam: Auszahlung von Mitgiftanteilen an Braut geregelt, Verbleib von Restanteil von Mitgift bei Erben des Br\u00e4utigams vereinbart \u2013 nach Tod von Braut: R\u00fcckfall von Mitgift an Erben der Braut vereinbart, Nutzung durch Br\u00e4utigam auf Lebenszeit, danach Wiederkauf geregelt - 3"},"Einordnung des Vertrags":{"Textbezug zu vergangenen Ereignissen?":"","st\u00e4ndische Instanzen beteiligt?":"","externe Instanzen beteiligt?":"","Ratifikationen, Best\u00e4tigungen, Genehmigungen erw\u00e4hnt?":"Ratifikation von Ehevertrag bekundet - Pr\u00e4\r\n\r\nEinhaltung und Ratifikation zugesichert - 7","weitere Vertr\u00e4ge zwischen Vertragsparteien im Zusammenhang mit dieser Ehe":"","Schlagw\u00f6rter":"","Kommentar":"-","Literatur":"-"}}}