{"Dokument":{"Name":"Bayern - \u00d6sterreich","In Bearbeitung":"Nein","main":{"Name":"Ehevertrag Bayern - \u00d6sterreich 1546","Zuletzt ge\u00e4ndert":"2017-07 BB"},"Grunddaten Ehevertrag":{"Vertragspartner Br\u00e4utigam":"Bayern","Vertragspartner Braut":"\u00d6sterreich","Datum Vertragsschlie\u00dfung":"1546-06-19","Ort Vertragsschlie\u00dfung":"nicht erw\u00e4hnt","Eheschlie\u00dfung vollzogen?":"Ja","verschiedenkonfessionelle Ehe?":"Nein"},"Br\u00e4utigam":{"Br\u00e4utigam Name, Titel":"Albrecht, Herzog von Bayern (sp\u00e4ter als Albrecht V. regierender Herzog)","Br\u00e4utigam GND":"http:\/\/d-nb.info\/gnd\/118647571","Br\u00e4utigam Geburtsjahr":"1528-00-00","Br\u00e4utigam Sterbejahr":"1579-00-00","Br\u00e4utigam Dynastie":"Wittelsbach (Bayern)","Br\u00e4utigam Konfession":"R\u00f6misch-Katholisch"},"Braut":{"Braut Name, Titel":"Anna von \u00d6sterreich","Braut GND":"http:\/\/d-nb.info\/gnd\/132969548","Braut Geburtsjahr":"1538-00-00","Braut Sterbejahr":"1590-00-00","Braut Dynastie":"Habsburg (\u00d6sterreich)","Braut Konfession":"R\u00f6misch-Katholisch"},"Akteur Br\u00e4utigam":{"Akteur Br\u00e4utigam Name, Titel":"Wilhelm IV., Herzog von Bayern","Akteur Br\u00e4utigam GND":"http:\/\/d-nb.info\/gnd\/118632868","Akteur Br\u00e4utigam Dynastie":"Wittelsbach (Bayern)","Akteur Br\u00e4utigam Verh\u00e4ltnis zu Br\u00e4utigam":"Vater"},"Akteur Braut":{"Akteur Braut Name, Titel":"Ferdinand I., r\u00f6mischer K\u00f6nig, Erzherzog von \u00d6sterreich","Akteur Braut GND":"http:\/\/d-nb.info\/gnd\/118532502","Akteur Braut Dynastie":"Habsburg (\u00d6sterreich)","Akteur Braut Verh\u00e4ltnis zu Braut":"Vater"},"Vertragstext":{"Archivexemplar":"nicht nachgewiesen","Vertragssprache Archivexemplar":"nicht nachgewiesen","Digitalisat Archivexemplar":"-","Drucknachweis":"Bartenstein 1741, Beilage Urk. 29","Vertragssprache Druck":"deutsch","Digitalisat Druck":"-","Vertragsinhalt":"[Pr\u00e4] \u2013 zu Lob und Ehre Gottes, zu Vermehrung und Bekr\u00e4ftigung von Freundschaft und Vertrauen zwischen H\u00e4usern, zu Einigkeit, Nutzen und Wohlfahr von L\u00e4ndern und Untertanen beider Seiten: Ehe verabredet (55)\r\n\r\n[1] \u2013 Einwilligung f\u00fcr Braut erteilt (55)\r\n\r\n[2] \u2013 Mitgift festgelegt: zuz\u00fcglich Zulage festgelegt, Zahlung geregelt (55)\r\n\r\n[3] \u2013 Einwilligung f\u00fcr Br\u00e4utigam erteilt (55)\r\n\r\n[4] \u2013 p\u00e4pstliche Dispens geregelt (55)\r\n\r\n[5] - Widerlage, Morgengabe festgelegt (55)\r\n\r\n[6] \u2013 Witweng\u00fcter festgelegt: inkl. Nutzungsrechte, Herrschaftsrechte, als \r\nWitwenversorgung, Witweneink\u00fcnfte festgelegt, Verschreibungsurkunde geregelt, R\u00fcckfall nach Tod der Braut ohne Erben geregelt, Ersetzung bei Entfremdung geregelt (55f)\r\n\r\n[7] \u2013 nach Tod der Braut: lebenslange Nutzung von Mitgift durch Br\u00e4utigam, Vererbung von Mitgift, Zulage, Morgengabe, Nachlass der Braut geregelt (56)\r\n\r\n[8] \u2013 nach Tod von Br\u00e4utigam ohne Kinder: Nutzung, Vererbung von Brautschmuck, Mitgift, Morgengabe geregelt, R\u00fcckfall von Widerlage geregelt, Teilung von Fahrhabe des Br\u00e4utigams geregelt (56f)\r\n\r\n[9] - Erbverzicht der Baut geregelt: au\u00dfer bei Aussterben des Hauses \u00d6sterreich in m\u00e4nnlicher Linie, mit Zustimmung des Br\u00e4utigams (57)\r\n\r\n[10] \u2013 Br\u00e4utigam als k\u00fcnftiger Landesherr in Bayern festgelegt: Zustimmung seiner Br\u00fcder geregelt (57)\r\n\r\n[11] \u2013 Hochzeitstermin, Beilager festgelegt f\u00fcr 1546-07 -04 Regensburg (57)\r\n\r\n[12] \u2013 nach Tod von Ehepartner vor Hochzeit: Vertrag f\u00fcr nichtig erkl\u00e4rt (57)\r\n\r\n[13] \u2013 Einhaltung zugesichert (57f)\r\n","Regelungen \u00fcber Thronfolge und Regentschaft":"Br\u00e4utigam als k\u00fcnftiger Landesherr in Bayern festgelegt: Zustimmung seiner Br\u00fcder geregelt - 10\r\n","konfessionelle Regelungen":"","erbrechtliche Regelungen":"nach Tod der Braut: lebenslange Nutzung von Mitgift durch Br\u00e4utigam, Vererbung von Mitgift, Zulage, Morgengabe, Nachlass der Braut geregelt - 7\r\n\r\nnach Tod von Br\u00e4utigam ohne Kinder: Nutzung, Vererbung von Brautschmuck, Mitgift, Morgengabe geregelt, R\u00fcckfall von Widerlage geregelt, Teilung von Fahrhabe des Br\u00e4utigams geregelt - 8\r\n\r\nErbverzicht der Baut geregelt: au\u00dfer bei Aussterben des Hauses \u00d6sterreich in m\u00e4nnlicher Linie, mit Zustimmung des Br\u00e4utigams - 9\r\n"},"Einordnung des Vertrags":{"Textbezug zu vergangenen Ereignissen?":"","st\u00e4ndische Instanzen beteiligt?":"","externe Instanzen beteiligt?":"","Ratifikationen, Best\u00e4tigungen, Genehmigungen erw\u00e4hnt?":"","weitere Vertr\u00e4ge zwischen Vertragsparteien im Zusammenhang mit dieser Ehe":"Grenzvertrag von Tegernsee 25.06.1541\r\n\r\nGrenzvertrag ohne Ort 1545 ohne Tag\r\n\r\nVertrag von Regensburg 06.1546 \u00fcber Hilfe gegen Protestanten, bayerische Anspr\u00fcche auf Kurw\u00fcrde, pf\u00e4lzische Erbfolge\r\n","Schlagw\u00f6rter":"","Kommentar":"-","Literatur":"Kohler 2003, S. 291 f."}}}