{"Dokument":{"Name":"Hessen-Kassel - Hanau-M\u00fcnzenberg","In Bearbeitung":"Nein","main":{"Name":"Ehevertrag Hessen-Kassel - Hanau-M\u00fcnzenberg 1619","Zuletzt ge\u00e4ndert":"2017-12 BB"},"Einordnung des Vertrags":{"Textbezug zu vergangenen Ereignissen?":"","st\u00e4ndische Instanzen beteiligt?":"","externe Instanzen beteiligt?":"","Ratifikationen, Best\u00e4tigungen, Genehmigungen erw\u00e4hnt?":"","weitere Vertr\u00e4ge zwischen Vertragsparteien im Zusammenhang mit dieser Ehe":"","Schlagw\u00f6rter":"","Kommentar":"-","Literatur":"-"},"Grunddaten Ehevertrag":{"Vertragspartner Br\u00e4utigam":"Hessen-Kassel","Vertragspartner Braut":"Hanau-M\u00fcnzenberg","Datum Vertragsschlie\u00dfung":"1619-02-26","Ort Vertragsschlie\u00dfung":"nicht nachgewiesen","Eheschlie\u00dfung vollzogen?":"Ja","verschiedenkonfessionelle Ehe?":"Nein"},"Br\u00e4utigam":{"Br\u00e4utigam Name, Titel":"Wilhelm von Hessen-Kassel, Administrator von Hersfeld (sp\u00e4ter Landgraf Wilhelm V.)","Br\u00e4utigam GND":"http:\/\/d-nb.info\/gnd\/118807331","Br\u00e4utigam Geburtsjahr":"1602-00-00","Br\u00e4utigam Sterbejahr":"1637-00-00","Br\u00e4utigam Dynastie":"Hessen (Kassel)","Br\u00e4utigam Konfession":"Evangelisch-Reformiert"},"Braut":{"Braut Name, Titel":"Amalie Elisabeth von Hanau-M\u00fcnzenberg","Braut GND":"http:\/\/d-nb.info\/gnd\/119207826","Braut Geburtsjahr":"1602-00-00","Braut Sterbejahr":"1651-00-00","Braut Dynastie":"Hanau","Braut Konfession":"Evangelisch-Reformiert"},"Akteur Br\u00e4utigam":{"Akteur Br\u00e4utigam Name, Titel":"Moritz, Landgraf von Hessen-Kassel","Akteur Br\u00e4utigam GND":"http:\/\/d-nb.info\/gnd\/11858412X","Akteur Br\u00e4utigam Dynastie":"Hessen (Kassel)","Akteur Br\u00e4utigam Verh\u00e4ltnis zu Br\u00e4utigam":"Vater"},"Akteur Braut":{"Akteur Braut Name, Titel":"Katharina Belgica von Oranien-Nassau, Gr\u00e4finwitwe von Hanau-M\u00fcnzenberg","Akteur Braut GND":"http:\/\/d-nb.info\/gnd\/133288463","Akteur Braut Dynastie":"Oranien-Nassau","Akteur Braut Verh\u00e4ltnis zu Braut":"Mutter"},"Vertragstext":{"Archivexemplar":"Marburg, Staatsarchiv, Urk. 3, Nr. 306","Vertragssprache Archivexemplar":"Deutsch","Drucknachweis":"nicht nachgewiesen","Vertragssprache Druck":"nicht nachgewiesen","Digitalisat Druck":"-","Vertragsinhalt":"[Pr\u00e4] \u2013 im Namen der heiligen Dreifaltigkeit, zu Lob und Ehren Gottes, zur Vermehrung guter Freundschaft, mit gutem Willen und Vorbedacht, mit Zustimmung von Braut und Br\u00e4utigam: Eheabrede getroffen, Vertragsschlie\u00dfung bekundet (1)\r\n\r\n[1] \u2013 Eheversprechen ausgetauscht: f\u00fcr Braut und Br\u00e4utigam (1)\r\n\r\n[2] \u2013 Mitgift festgelegt, Aussteuer und Zahlung geregelt, im Gegenzug f\u00fcr Erbverzicht der Braut auf Vatererbe, Muttererbe, Brudererbe und Schwestererbe gem\u00e4\u00df hanauischem Hausrecht, mit Zustimmung von Br\u00e4utigam, Erbanspr\u00fcche bei Aussterben des Hauses Hanau vorbehalten (1)\r\n\r\n[3] \u2013 im Gegenzug f\u00fcr Mitgiftzahlung: Witweng\u00fcter und Witweneink\u00fcnfte festgelegt, Nutzungsrechte geregelt (1-2)\r\n\r\n[4-5] \u2013 Witweng\u00fcter geregelt: Vereidigung der Amtleute und Huldigung der Untertanen geregelt, Rechtsstand der Untertanen geregelt (2)\r\n\r\n[6] \u2013 Witweng\u00fcter geregelt: geistliche und weltliche Herrschaftsrechte, Gerichtsbarkeit und \u00d6ffnung vorbehalten, Schadenersatz geregelt (2-3)\r\n\r\n[7] \u2013 Witweng\u00fcter geregelt: Schutz zugesichert (3)\r\n\r\n[8-9] \u2013 Witweng\u00fcter geregelt: \u00d6ffnung gegen\u00fcber Dritten, B\u00fcndnis mit Dritten und Ver\u00e4u\u00dferung verboten, Holznutzung geregelt, Erhaltung und Schadenersatz geregelt (3)\r\n\r\n[10] \u2013 nach Tod des Br\u00e4utigams: Vormundschaft f\u00fcr unm\u00fcndige Kinder geregelt gem\u00e4\u00df hessischem Hausrecht, Bezug von Witweng\u00fctern geregelt, pers\u00f6nlicher Besitz der Braut als Witwe geregelt, Ausstattung und Zustand von Witwensitz geregelt (3-4)\r\n\r\n[11] \u2013 bei zweiter Ehe der Braut: Abl\u00f6sung der Witweng\u00fcter, lebenslange Verzinsung der Widerlage und Vererbung der Widerlage an Kinder aus erster und zweiter Ehe geregelt (4-5)\r\n\r\n[12-13] \u2013 nach Tod der Braut ohne Kinder: R\u00fcckfall von Witweng\u00fctern und Mitgift, Vererbung von Nachlass geregelt, lebenslage Nutzung der Mitgift durch Br\u00e4utigam geregelt (5)\r\n\r\n[14] \u2013 Eigentum an Hochzeitsgeschenken geregelt: Schmuck an Braut gefallen, Silbergeschirr geteilt (5)\r\n\r\n[15] \u2013 Schuldenhaftung der Braut geregelt (5)\r\n\r\n[16-17] \u2013 Morgengabe festgelegt: Verzinsung, Nutzung, Vererbung und Abl\u00f6sung geregelt (5-6)\r\n\r\n[18] \u2013 bei Tod von Braut oder Br\u00e4utigam nach Hochzeit vor Mitgiftzahlung: G\u00fcltigkeit von Ehevertrag vereinbart (6)\r\n\r\n[19] \u2013 bei Tod von Braut oder Br\u00e4utigam vor Hochzeit: Nichtigkeit von Ehevertrag vereinbart (6)\r\n\r\n[Esch] \u2013 Einhaltung versprochen (6-7)\r\n","erbrechtliche Regelungen":"Mitgift festgelegt, Aussteuer und Zahlung geregelt, im Gegenzug f\u00fcr Erbverzicht der Braut auf Vatererbe, Muttererbe, Brudererbe und Schwestererbe gem\u00e4\u00df hanauischem Hausrecht, mit Zustimmung von Br\u00e4utigam, Erbanspr\u00fcche bei Aussterben des Hauses Hanau vorbehalten - 2\r\n\r\n[11] \u2013 bei zweiter Ehe der Braut: Vererbung der Widerlage an Kinder aus erster und zweiter Ehe geregelt - 11\r\n\r\nnach Tod der Braut ohne Kinder: Vererbung von Nachlass geregelt - 12-13\r\n\r\nMorgengabe festgelegt: Verzinsung, Nutzung, Vererbung und Abl\u00f6sung geregelt - 16-17"}}}