{"Dokument":{"Name":"Savoyen-Nemours - Frankreich (Vend\u00f4me)","In Bearbeitung":"Nein","main":{"Name":"Ehevertrag Savoyen-Nemours - Frankreich (Vend\u00f4me) 1643","Zuletzt ge\u00e4ndert":"2021-04 JK"},"Grunddaten Ehevertrag":{"Eheschlie\u00dfung vollzogen?":"Ja","verschiedenkonfessionelle Ehe?":"Nein","Vertragspartner Br\u00e4utigam":"Savoyen-Nemours","Vertragspartner Braut":"Frankreich","Datum Vertragsschlie\u00dfung":"1643-07-07","Ort Vertragsschlie\u00dfung":"Paris"},"Br\u00e4utigam":{"Br\u00e4utigam Name, Titel":"Karl Amadeus von Savoyen, Herzog von Genf, Nemours, Aumale","Br\u00e4utigam GND":"http:\/\/d-nb.info\/gnd\/1055547010","Br\u00e4utigam Geburtsjahr":"1624-00-00","Br\u00e4utigam Sterbejahr":"1652-00-00","Br\u00e4utigam Dynastie":"Savoyen","Br\u00e4utigam Konfession":"R\u00f6misch-Katholisch"},"Braut":{"Braut Name, Titel":"Elisabeth von Vend\u00f4me","Braut GND":"http:\/\/d-nb.info\/gnd\/1037239385","Braut Geburtsjahr":"1614-00-00","Braut Sterbejahr":"1664-00-00","Braut Dynastie":"Bourbon (Frankreich)","Braut Konfession":"R\u00f6misch-Katholisch"},"Akteur Br\u00e4utigam":{"Akteur Br\u00e4utigam Name, Titel":"Karl Amadeus von Savoyen, Herzog von Genf, Nemours, Aumale","Akteur Br\u00e4utigam GND":"http:\/\/d-nb.info\/gnd\/1055547010","Akteur Br\u00e4utigam Dynastie":"Savoyen","Akteur Br\u00e4utigam Verh\u00e4ltnis zu Br\u00e4utigam":"selbst"},"Akteur Braut":{"Akteur Braut Name, Titel":"C\u00e9sar, Herzog von Vend\u00f4me","Akteur Braut GND":"http:\/\/d-nb.info\/gnd\/12108972X","Akteur Braut Dynastie":"Bourbon (Frankreich)","Akteur Braut Verh\u00e4ltnis zu Braut":"Vater","Akteur Braut Name, Titel (36)":"Fran\u00e7oise von Lorraine-Mercoeur","Akteur Braut GND (66)":"http:\/\/d-nb.info\/gnd\/123036267","Akteur Braut Dynastie (40)":"Lothringen","Akteur Braut Verh\u00e4ltnis zu Braut (38)":"Mutter "},"Vertragstext":{"Archivexemplar":"nicht nachgewiesen","Vertragssprache Archivexemplar":"nicht nachgewiesen","Digitalisat Archivexemplar":"-","Drucknachweis":"Dumont 1726-1739, Bd. VI:1, S. 282-283","Vertragssprache Druck":"Franz\u00f6sisch","Digitalisat Druck":"https:\/\/gallica.bnf.fr\/ark:\/12148\/bpt6k1263173g\/f322","Vertragsinhalt":"Artikel 1: Eheschlie\u00dfung vereinbart\r\n\r\nArtikel 2: Besitz- und G\u00fctergemeinschaft vereinbart: davon ausgenommen sind vor der Ehe zustande gekommenen Schulden; Mitgift in H\u00f6he von 900.000 Livre festgelegt, teils als Geldsumme, teils in G\u00fctern, teils in Juwelen und Schmuck; im Gegenzug f\u00fcr Mitgift: Erbverzicht Elisabeths geregelt; Leibgedinge und Auswahl des Witwensitzes durch Elisabeth geregelt\r\n\r\nArtikel 3: Aufl\u00f6sung der G\u00fctergemeinschaft nach Tod eines Ehepartners geregelt\r\n\r\nArtikel 4: werden von Elisabeth in die G\u00fctergemeinschaft eingebrachte Besitzt\u00fcmer ver\u00e4u\u00dfert, ist f\u00fcr gleichwertigen Ersatz zu sorgen, sp\u00e4testens bei Aufl\u00f6sung der G\u00fctergemeinschaft \r\n\r\nArtikel 5: Elisabeth, ihre Verwandten, Kinder oder Nachkommen sind berechtig allen in der G\u00fctergemeinschaft eingeschlossenen Besitz mit s\u00e4mtlichen daraus resultierenden Verpflichtungen nach dem Tod ihres Ehemanns zu \u00fcbernehmen oder abzulehnen; im Fall der Ablehnung: R\u00fcckfall des von Elisabeth eingebrachten Besitzes; Regelungen bez\u00fcglich des Leibgedinges und der Schuldenhaftung in Zusammenhang damit\r\n\r\nArtikel 6: Zahlungsmodalit\u00e4ten der in Artikel 1 erw\u00e4hnten Geldsumme geregelt\r\n\r\nArtikel 7: Schenkung von 100.000 Livre durch den K\u00f6nig von Frankreich aufgrund seiner nahen Verwandtschaft zu beiden Eheleuten zugesichert\r\n\r\nArtikel 8: Vererbung von Herzogtum Nemours, Grafschaft Gisors an Sohn geregelt: oder R\u00fcckkauf durch K\u00f6nig von Frankreich, falls keine S\u00f6hne vorhanden","Regelungen \u00fcber Thronfolge und Regentschaft":"","konfessionelle Regelungen":"","erbrechtliche Regelungen":"Artikel 2: [...] im Gegenzug f\u00fcr Mitgift: Erbverzicht Elisabeths geregelt; Leibgedinge und Auswahl des Witwensitzes durch Elisabeth geregelt\r\n\r\nArtikel 8: Vererbung von Herzogtum Nemours, Grafschaft Gisors an Sohn geregelt: oder R\u00fcckkauf durch K\u00f6nig von Frankreich, falls keine S\u00f6hne vorhanden"},"Einordnung des Vertrags":{"Textbezug zu vergangenen Ereignissen?":"","st\u00e4ndische Instanzen beteiligt?":"","externe Instanzen beteiligt?":"","Ratifikationen, Best\u00e4tigungen, Genehmigungen erw\u00e4hnt?":"","weitere Vertr\u00e4ge zwischen Vertragsparteien im Zusammenhang mit dieser Ehe":"","Schlagw\u00f6rter":"","Kommentar":"Karl Amadeus: vgl. Europ. Stammtf. NF II, 195 - Elisabeth: vgl. Europ. Stammtf. NF III, 338 - C\u00e4sar von Vend\u00f4me: unehelicher Sohn von K\u00f6nig Heinrich IV. von Frankreich\r\nArtikel selbst ist nicht in Artikel unterteilt.","Literatur":"-"}}}