{"Dokument":{"Name":"Frankreich - Schottland","In Bearbeitung":"Nein","main":{"Name":"Ehevertrag Frankreich - Schottland 1558","Zuletzt ge\u00e4ndert":"2017-09 BB"},"Grunddaten Ehevertrag":{"Vertragspartner Br\u00e4utigam":"Frankreich","Vertragspartner Braut":"Schottland","Datum Vertragsschlie\u00dfung":"1558-04-19","Ort Vertragsschlie\u00dfung":"nicht nachgewiesen","Eheschlie\u00dfung vollzogen?":"Ja","verschiedenkonfessionelle Ehe?":"Nein"},"Br\u00e4utigam":{"Br\u00e4utigam Name, Titel":"Franz, Dauphin von Frankreich (sp\u00e4ter als Franz II. K\u00f6nig von Frankreich) ","Br\u00e4utigam GND":"http:\/\/d-nb.info\/gnd\/118577808","Br\u00e4utigam Geburtsjahr":"1544-00-00","Br\u00e4utigam Sterbejahr":"1560-00-00","Br\u00e4utigam Dynastie":"Valois","Br\u00e4utigam Konfession":"R\u00f6misch-Katholisch"},"Braut":{"Braut Name, Titel":"Maria I., K\u00f6nigin von Schottland","Braut GND":"http:\/\/d-nb.info\/gnd\/118577808","Braut Geburtsjahr":"1542-00-00","Braut Sterbejahr":"1587-00-00","Braut Dynastie":"Stuart","Braut Konfession":"R\u00f6misch-Katholisch"},"Akteur Br\u00e4utigam":{"Akteur Br\u00e4utigam Name, Titel":"Heinrich II., K\u00f6nig von Frankreich (Henri)","Akteur Br\u00e4utigam GND":"http:\/\/d-nb.info\/gnd\/118548166","Akteur Br\u00e4utigam Dynastie":"Valois","Akteur Br\u00e4utigam Verh\u00e4ltnis zu Br\u00e4utigam":"Vater","Akteur Br\u00e4utigam Name, Titel (32)":"Katharina von Medici, K\u00f6nigin von Frankreich (Catherine)","Akteur Br\u00e4utigam GND (65)":"http:\/\/d-nb.info\/gnd\/118560557","Akteur Br\u00e4utigam Dynastie (35)":"Medici","Akteur Br\u00e4utigam Verh\u00e4ltnis zu Br\u00e4utigam (34)":"Mutter"},"Akteur Braut":{"Akteur Braut Name, Titel":"Antoinette de Bourbon, Herzoginwitwe von Guise","Akteur Braut GND":"","Akteur Braut Dynastie":"Bourbon (Frankreich)","Akteur Braut Verh\u00e4ltnis zu Braut":"Gro\u00dfmutter, als Prokuratorin f\u00fcr Mutter","Akteur Braut Name, Titel (36)":"[Vertreter der schottischen St\u00e4nde]","Akteur Braut GND (66)":"","Akteur Braut Dynastie (40)":"Savoyen","Akteur Braut Verh\u00e4ltnis zu Braut (38)":"-"},"Vertragstext":{"Archivexemplar":"nicht nachgewiesen","Vertragssprache Archivexemplar":"nicht nachgewiesen","Digitalisat Archivexemplar":"-","Drucknachweis":"Dumont 1726-1739, Bd. V:1, S. 22 f.","Vertragssprache Druck":"Franz\u00f6sisch","Digitalisat Druck":"https:\/\/gallica.bnf.fr\/ark:\/12148\/bpt6k1262878n\/f70.item","Vertragsinhalt":"[Pr\u00e4] \u2013 alte und wohlbekannte B\u00fcndnisse und Freundschaften zwischen beiden K\u00f6nigreichen bekundet \u2013 daraus erwachsenes Wohlwollen zwischen Monarchen, gemeinschafliche Wahrnehmung ihrer Gesch\u00e4fte und Willen zur Verfolgung eines gemeinsamen Schicksals in Krieg und Frieden bekundet \u2013 Eheschlie\u00dfungen des Brautvaters mit Madeleine von Frankreich und Brautmutter bekundet: auf Betreiben von K\u00f6nig Franz I. von Frankreich, zu Erhaltung und Wachstum der Freundschaft, zur Erneuerung der Allianz, Geburt der Braut bekundet \u2013 Inschutznahme von Schottland durch franz\u00f6sischen K\u00f6nig bekundet: nach Tod des Brautvaters, zur Abwehr gegen die Engl\u00e4nder \u2013 Erziehung der Braut in Frankreich bekundet: zur Entziehung der minderj\u00e4hrigen Braut vor dem Zugriff der Engl\u00e4nder, mit Zustimmung von Brautmutter und schottischen St\u00e4nden, f\u00fcr Eheschlie\u00dfung mit Br\u00e4utigam \u2013 nach Erreichen von Heiratsalter: Entschluss zur Eheschlie\u00dfung durch Br\u00e4utigameltern, Ernennung von Verhandlern bekundet \u2013 Vertragschlie\u00dfung bekundet: mit Zustimmung von Br\u00e4utigameltern, Brautmutter und Braut, gem\u00e4\u00df Vorvertrag von Haddington 07.07.1548 und vor Zeugen (22 li \u2013 re)\r\n\r\n[1] \u2013 kirchliche Trauung festgelegt auf 24.04.1558 (22 re)\r\n\r\n[2] \u2013 G\u00fctergemeinschaft nach franz\u00f6sischem Recht vereinbart (22 re))\r\n\r\n[3] \u2013 Witweneink\u00fcnfte geregelt: H\u00f6he abh\u00e4ngig gemacht von Thronfolge des Br\u00e4utigams in Frankreich, angewiesen aus Herrschaften und Besitzungen in Frankreich, Nutzungsrechte geregelt, nach dem Vorbild von K\u00f6niginwitwe Eleonore von Kastilien (22 re \u2013 23 li)\r\n\r\n[4] \u2013Unterhalt f\u00fcr Braut und Br\u00e4utigam w\u00e4hrend der Ehe geregelt (23 li)\r\n\r\n[5] \u2013 Abzugsrecht der Braut als Witwe geregelt: Verf\u00fcgung \u00fcber pers\u00f6nlichen Besitz geregelt (23 li)\r\n\r\n[6] \u2013 Thronfolge der Kinder geregelt: f\u00fcr \u00e4ltesten Sohn in Frankreich und Schottland zugleich, f\u00fcr Tochter nur in Schottland, Verheiratung der \u00e4ltesten Tochter mit Zustimmung des franz\u00f6sischen K\u00f6nigs und der schottischen St\u00e4nde geregelt, franz\u00f6sische Aussteuer f\u00fcr T\u00f6chter festgelegt im Gegenzug f\u00fcr Erbverzicht (23 li)\r\n\r\n[7] \u2013 im Gegenzug: Treueeid der schottischen St\u00e4nde an Br\u00e4utigam und schottischen Thronerben zugesichert (23 li)\r\n\r\n[8] \u2013 Rechtsstellung und Titel von Br\u00e4utigam als K\u00f6nig von Schottland geregelt (23 li)\r\n\r\n[9] \u2013 Einhaltung zugesichert (23 li)\r\n\r\n[10] \u2013 Eheversprechen ausgetauscht: mit Zustimmung von Br\u00e4utigameltern, Brautmutter und schottischen St\u00e4nden (23 li)\r\n\r\n[11] \u2013 Ratifikation geregelt: in Parlamentskammern beider Reiche und im schottischen Senat (23 li)\r\n","Regelungen \u00fcber Thronfolge und Regentschaft":"Witweneink\u00fcnfte geregelt: H\u00f6he abh\u00e4ngig gemacht von Thronfolge des Br\u00e4utigams in Frankreich - 3\r\n\r\nThronfolge der Kinder geregelt: f\u00fcr \u00e4ltesten Sohn in Frankreich und Schottland zugleich, f\u00fcr Tochter nur in Schottland - 6\r\n\r\nTreueeid der schottischen St\u00e4nde an Br\u00e4utigam und schottischen Thronerben zugesichert - 7\r\n\r\nRechtsstellung und Titel von Br\u00e4utigam als K\u00f6nig von Schottland geregelt - 8","konfessionelle Regelungen":"","erbrechtliche Regelungen":"Thronfolge der Kinder geregelt: f\u00fcr \u00e4ltesten Sohn in Frankreich und Schottland zugleich, f\u00fcr Tochter nur in Schottland, Verheiratung der \u00e4ltesten Tochter mit Zustimmung des franz\u00f6sischen K\u00f6nigs und der schottischen St\u00e4nde geregelt, franz\u00f6sische Aussteuer f\u00fcr T\u00f6chter festgelegt im Gegenzug f\u00fcr Erbverzicht - 6"},"Einordnung des Vertrags":{"Textbezug zu vergangenen Ereignissen?":"Vertrag von Haddington 07.07.1548 erw\u00e4hnt - Pr\u00e4","st\u00e4ndische Instanzen beteiligt?":"Verheiratung der \u00e4ltesten Tochter mit Zustimmung des franz\u00f6sischen K\u00f6nigs und der schottischen St\u00e4nde geregelt - 6, Treueeid der schottischen St\u00e4nde an Br\u00e4utigam und schottischen Thronerben zugesichert - 7, Eheversprechen ausgetauscht: mit Zustimmung von schottischen St\u00e4nden - 10","externe Instanzen beteiligt?":"","Ratifikationen, Best\u00e4tigungen, Genehmigungen erw\u00e4hnt?":"Ratifikation geregelt: in Parlamentskammern beider Reiche und im schottischen Senat - 11","weitere Vertr\u00e4ge zwischen Vertragsparteien im Zusammenhang mit dieser Ehe":"Vertrag von Haddington 07.07.1548\r\n\r\nErkl\u00e4rung von Fontainebleau 04.04.1558","Schlagw\u00f6rter":"","Kommentar":"-","Literatur":"Bryce 1907, S. 45 - Donaldson 1971, S. 79"}}}