{"Dokument":{"Name":"Schleswig-Holstein-Gottorf - D\u00e4nemark","In Bearbeitung":"Nein","main":{"Name":"Ehevertrag Schleswig-Holstein-Gottorf - D\u00e4nemark 1667","Zuletzt ge\u00e4ndert":"2017-09 BB"},"Grunddaten Ehevertrag":{"Vertragspartner Br\u00e4utigam":"Schleswig-Holstein-Gottorf","Vertragspartner Braut":"D\u00e4nemark","Datum Vertragsschlie\u00dfung":"1667-10-23","Ort Vertragsschlie\u00dfung":"Gl\u00fcckstadt","Eheschlie\u00dfung vollzogen?":"Ja","verschiedenkonfessionelle Ehe?":"Nein"},"Br\u00e4utigam":{"Br\u00e4utigam Name, Titel":"Christian Albrecht, Herzog von Schleswig-Holstein-Gottorf","Br\u00e4utigam GND":"http:\/\/d-nb.info\/gnd\/102125880","Br\u00e4utigam Geburtsjahr":"1641-00-00","Br\u00e4utigam Sterbejahr":"1695-00-00","Br\u00e4utigam Dynastie":"Oldenburg (Gottorf)","Br\u00e4utigam Konfession":"Evangelisch-Lutherisch"},"Braut":{"Braut Name, Titel":"Friederike Amalie, Prinzessin von D\u00e4nemark","Braut GND":"http:\/\/d-nb.info\/gnd\/104193328","Braut Geburtsjahr":"1649-00-00","Braut Sterbejahr":"1704-00-00","Braut Dynastie":"Oldenburg (D\u00e4nemark)","Braut Konfession":"Evangelisch-Lutherisch"},"Akteur Br\u00e4utigam":{"Akteur Br\u00e4utigam Name, Titel":"Christian Albrecht, Herzog von Schleswig-Holstein-Gottorf","Akteur Br\u00e4utigam GND":"http:\/\/d-nb.info\/gnd\/102125880","Akteur Br\u00e4utigam Dynastie":"Oldenburg (Gottorf)","Akteur Br\u00e4utigam Verh\u00e4ltnis zu Br\u00e4utigam":"selbst"},"Akteur Braut":{"Akteur Braut Name, Titel":"Friedrich III., K\u00f6nig von D\u00e4nemark","Akteur Braut GND":"http:\/\/d-nb.info\/gnd\/118693484","Akteur Braut Dynastie":"Oldenburg (D\u00e4nemark)","Akteur Braut Verh\u00e4ltnis zu Braut":"Vater"},"Vertragstext":{"Archivexemplar":"nicht nachgewiesen","Vertragssprache Archivexemplar":"nicht nachgewiesen","Digitalisat Archivexemplar":"-","Drucknachweis":"DNT VI, S. 241-251","Vertragssprache Druck":"Deutsch","Digitalisat Druck":"-","Vertragsinhalt":"[Pr\u00e4] \u2013 im Andenken an alte, oft erneuerte Verwandtschaft zwischen Dynastien, zum Lob Gottes, zu Mehrung von Freundschaft und Vertrauen zwischen beiden L\u00e4ndern, zu engerer Vereinigung von Nachkommen beider Seiten, zu Nutzen, Wohlfahrt und Sicherheit beider L\u00e4nder: Eheabrede bekundet (241f.)\r\n\r\n1 \u2013 Einwilligung f\u00fcr Braut erteilt, Eheschlie\u00dfung vereinbart: Termin f\u00fcr Beilager festgesetzt\r\n\r\n2 \u2013 Mitgift festgelegt: im Gegenzug f\u00fcr Erbverzicht der Braut, Zahlung geregelt\r\n\r\n3 \u2013 Morgengabe festgelegt: Nutzung und Zahlung geregelt\r\n\r\n4 \u2013 Widerlage, Witweneink\u00fcnfte, Witweng\u00fcter festgelegt: Nutzungsrechte, Witwensitz, Besichtigung der Witweng\u00fcter geregelt, Nachbesserung vorbehalten\r\n\r\n5-6 \u2013 Witweng\u00fcter geregelt: Anweisung und Huldigung, Rechtsstellung und Dienstpflichten von Bediensteten und Untertanen geregelt, Herrschaftsrechte vorbehalten\r\n\r\n7-8 \u2013 Besoldung und Bestellung der Bediensteten auf den Witweng\u00fctern geregelt\r\n\r\n9 \u2013 Bestellung von Kirchen-und Schulbediensteten auf den Witweng\u00fctern geregelt, Bestellung von Hofkaplan der Braut geregelt\r\n\r\n10 \u2013 \u00d6ffnung von Witweng\u00fctern gegen\u00fcber Dritten, Ver\u00e4u\u00dferung von Witweng\u00fctern verboten, Erhaltung von Witweng\u00fctern geregelt\r\n\r\n11-12 \u2013 Ersatz oder Vertauschung von Witweng\u00fctern geregelt\r\n\r\n13 \u2013 nach Tod von Br\u00e4utigam: Witwenversorgung festgelegt, Auslieferung von pers\u00f6nlichem Besitz der Braut geregelt\r\n\r\n14 \u2013 bei zweiter Ehe der Braut: Abfindung von Witweng\u00fctern, Auszahlung von Mitgift, Verzinsung von Widerlage und Morgengabe geregelt\r\n\r\n15-16 \u2013 nach Tod der Braut nach zweiter Ehe: R\u00fcckfall von Morgengabe, Widerlage, ggf. Vererbung von Mitgift, Nachlass an Kinder aus beiden Ehen geregelt\r\n\r\n17 \u2013 Abtretung von Witweng\u00fctern geregelt: gegen R\u00fcckzahlung von Mitgift, mit allen Verschreibungsurkunden\r\n\r\n18 \u2013 nach Tod von Br\u00e4utigam: Haftung der Braut f\u00fcr Schulden von Br\u00e4utigam ausgeschlossen\r\n\r\n19-22 \u2013 nach Tod der Braut ohne \u00fcberlebende Kinder: Weiternutzung von Mitgift und Aussteuer durch Br\u00e4utigam, R\u00fcckfall nach Tod von Br\u00e4utigam und R\u00fcckzahlung geregelt\r\n\r\n23 \u2013 Vererbung von Mitgift und Aussteuer an Kinder geregelt\r\n\r\n24 \u2013 bei Tod von Ehepartner vor Beilager: Nichtigkeit von Ehevertrag geregelt\r\n\r\n[Esch] \u2013 Einhaltung versprochen (251)\r\n","Regelungen \u00fcber Thronfolge und Regentschaft":"Witweng\u00fcter geregelt: Anweisung und Huldigung, Rechtsstellung und Dienstpflichten von Bediensteten und Untertanen geregelt, Herrschaftsrechte vorbehalten - 5-6\r\n","konfessionelle Regelungen":"Bestellung von Kirchen-und Schulbediensteten auf den Witweng\u00fctern geregelt, Bestellung von Hofkaplan der Braut geregelt - 9\r\n","erbrechtliche Regelungen":"Mitgift festgelegt: im Gegenzug f\u00fcr Erbverzicht der Braut, Zahlung geregelt - 2\r\n\r\nnach Tod der Braut nach zweiter Ehe: ggf. Vererbung von Mitgift, Nachlass an Kinder aus beiden Ehen geregelt - 15-16\r\n\r\n23 \u2013 Vererbung von Mitgift und Aussteuer an Kinder geregelt"},"Einordnung des Vertrags":{"Textbezug zu vergangenen Ereignissen?":"","st\u00e4ndische Instanzen beteiligt?":"","externe Instanzen beteiligt?":"","Ratifikationen, Best\u00e4tigungen, Genehmigungen erw\u00e4hnt?":"","weitere Vertr\u00e4ge zwischen Vertragsparteien im Zusammenhang mit dieser Ehe":"Rezess \u00fcber Ausgleich der Herrschaftsanteile 05.05.1663\r\n\r\nVergleich \u00fcber Streitigkeiten 12.10.1667\r\n\r\ngemeinsamer Rezess mit Allodialerben der Gft. Oldenburg 18.07.1669","Schlagw\u00f6rter":"","Kommentar":"-","Literatur":"Laursen in DNT VI, S. 225-234."}}}