{"Dokument":{"Name":"Frankreich - Baden-Baden","In Bearbeitung":"Nein","main":{"Name":"Ehevertrag Frankreich - Baden-Baden 1724","Zuletzt ge\u00e4ndert":"2021-04 JK"},"Grunddaten Ehevertrag":{"Vertragspartner Br\u00e4utigam":"Frankreich","Vertragspartner Braut":"Baden-Baden","Datum Vertragsschlie\u00dfung":"1724-06-12","Ort Vertragsschlie\u00dfung":"Rastatt","Eheschlie\u00dfung vollzogen?":"Ja","verschiedenkonfessionelle Ehe?":"Nein"},"Br\u00e4utigam":{"Br\u00e4utigam Name, Titel":"Ludwig, Herzog von Orl\u00e9ans","Br\u00e4utigam GND":"http:\/\/d-nb.info\/gnd\/123397316","Br\u00e4utigam Geburtsjahr":"1703-00-00","Br\u00e4utigam Sterbejahr":"1752-00-00","Br\u00e4utigam Dynastie":"Orl\u00e9ans","Br\u00e4utigam Konfession":"R\u00f6misch-Katholisch"},"Braut":{"Braut Name, Titel":"Auguste Maria Johanna von Baden-Baden","Braut GND":"http:\/\/d-nb.info\/gnd\/1017916969","Braut Geburtsjahr":"1704-00-00","Braut Sterbejahr":"1726-00-00","Braut Dynastie":"Z\u00e4hringen","Braut Konfession":"R\u00f6misch-Katholisch"},"Akteur Br\u00e4utigam":{"Akteur Br\u00e4utigam Name, Titel":"Marie Fran\u00e7oise von Bourbon","Akteur Br\u00e4utigam GND":"http:\/\/d-nb.info\/gnd\/101292341X","Akteur Br\u00e4utigam Dynastie":"Bourbon (Frankreich)","Akteur Br\u00e4utigam Verh\u00e4ltnis zu Br\u00e4utigam":"Mutter","Akteur Br\u00e4utigam Name, Titel (32)":"Ludwig, Herzog von Orl\u00e9ans","Akteur Br\u00e4utigam GND (65)":"http:\/\/d-nb.info\/gnd\/123397316","Akteur Br\u00e4utigam Dynastie (35)":"Bourbon (Frankreich)","Akteur Br\u00e4utigam Verh\u00e4ltnis zu Br\u00e4utigam (34)":"selbst"},"Akteur Braut":{"Akteur Braut Name, Titel":"Franziska Sibylla Auguste von Baden-Baden","Akteur Braut GND":"http:\/\/d-nb.info\/gnd\/118613871","Akteur Braut Dynastie":"Askanier (Sachsen-Lauenburg)","Akteur Braut Verh\u00e4ltnis zu Braut":"Mutter"},"Vertragstext":{"Archivexemplar":"Trait\u00e9s et accords de la France, TRA17240001","Vertragssprache Archivexemplar":"Franz\u00f6sisch","Digitalisat Archivexemplar":"https:\/\/basedoc.diplomatie.gouv.fr\/exl-php\/recherche\/mae_internet___traites","Drucknachweis":"nicht nachgewiesen","Vertragssprache Druck":"nicht nachgewiesen","Digitalisat Druck":"-","Vertragsinhalt":"Artikel 1: Eheschlie\u00dfung vereinbart: Verlobung und Eheschlie\u00dfung in Rastatt mit einem Prokurator f\u00fcr Ludwig von Orl\u00e9ans geregelt, in Verantwortung des Bruders der Braut, Prinz Ludwig Georg von Baden-Baden\r\n\r\nArtikel 2: \u00dcberf\u00fchrung der Braut nach Stra\u00dfburg geregelt, wo sie von Ludwig von Orl\u00e9ans empfangen wird\r\n\r\nArtikel 3: Brautlager in Chalons-sur-Marne vereinbart\r\n\r\nArtikel 4: Mitgift geregelt: entsprechend dem Testament von Markgraf Ludwig Wilhelm, zum Verbleib bei Herzog Ludwig bei Tod Auguste Maria Johannas ohne Kinder, R\u00fcckfall bei Tod von Herzog Ludwig inkl. Widerlage geregelt\r\n\r\nArtikel 5: Morgengabe geregelt, Besitzrechte Auguste Maria Johannas daran geregelt\r\n\r\nArtikel 6: Schenkung von Brautjuwelen im Wert von 50.000 Livre geregelt\r\n\r\nArtikel 7: Unterhalt Auguste Maria Johanna w\u00e4hrend der Ehe festgelegt\r\n\r\nArtikel 8: Witwenversorgung geregelt\r\n\r\nArtikel 9: Witwensitz samt standesgem\u00e4\u00dfer Ausstattung geregelt\r\n\r\nArtikel 10: Erbverzicht Auguste Maria Johannas geregelt: au\u00dfer bei Aussterben des Hauses Baden in m\u00e4nnlicher Linie, mit Zustimmung von Herzog Ludwig\r\n\r\nArtikel 11: Eheg\u00fcter von Herzog Ludwig als Erbe innerhalb seiner Linie ausgewiesen\r\n\r\nArtikel 12: getrennte Verwaltung der Eheg\u00fcter Auguste Maria Johannas festgelegt\r\n\r\nArtikel 13: Verzicht auf G\u00fctergemeinschaft festgelegt\r\n\r\nArtikel 14: Rechte von Herzogin Marie Francoise vorbehalten\r\n\r\nArtikel 15: Zustimmung von K\u00f6nig Ludwig XV., Vertragspartnern,  Auguste Maria Johannas Br\u00fcdern bekundet","Regelungen \u00fcber Thronfolge und Regentschaft":"","konfessionelle Regelungen":"","erbrechtliche Regelungen":"Artikel 10: Erbverzicht Auguste Maria Johannas geregelt: au\u00dfer bei Aussterben des Hauses Baden in m\u00e4nnlicher Linie, mit Zustimmung von Herzog Ludwig\r\n\r\nArtikel 11: Eheg\u00fcter von Herzog Ludwig definiert: als Erbe innerhalb seiner Linie"},"Einordnung des Vertrags":{"Textbezug zu vergangenen Ereignissen?":"","st\u00e4ndische Instanzen beteiligt?":"","externe Instanzen beteiligt?":"","Ratifikationen, Best\u00e4tigungen, Genehmigungen erw\u00e4hnt?":"Artikel 15: Zustimmung von K\u00f6nig Ludwig XV., Vertragspartnern,  Auguste Maria Johannas Br\u00fcdern bekundet","weitere Vertr\u00e4ge zwischen Vertragsparteien im Zusammenhang mit dieser Ehe":"","Schlagw\u00f6rter":"","Kommentar":"\u00dc - mit Zustimmung von, nach Werbung durch K\u00f6nig Ludwig (Pr\u00e4ambel) - Zustimmung von Kaiser als Tutor der Braut erw\u00e4hnt (Pr\u00e4ambel) - Mutter Herzog Ludwigs: Marie Francoise von Bourbon, legimierte Tochter von K\u00f6nig Ludwig XIV. mit M\u00e4tresse\r\n\r\nVertrag selbst nicht in nummerierte Artikel unterteilt.\r\n\r\nDigitalisat kann unter der angegebenen URL unter Verwendung der Signatur (TRA17240001) abgerufen werden.","Literatur":"-"}}}