{"Dokument":{"Name":"Schweden - Preu\u00dfen","In Bearbeitung":"Nein","main":{"Name":"Ehevertrag Schweden - Preu\u00dfen 1744","Zuletzt ge\u00e4ndert":"2017-09 BB"},"Grunddaten Ehevertrag":{"Vertragspartner Br\u00e4utigam":"Schweden","Vertragspartner Braut":"Preu\u00dfen","Datum Vertragsschlie\u00dfung":"1744-07-11","Ort Vertragsschlie\u00dfung":"Berlin","Eheschlie\u00dfung vollzogen?":"Ja","verschiedenkonfessionelle Ehe?":"Ja"},"Br\u00e4utigam":{"Br\u00e4utigam Name, Titel":"Adolf Friedrich von Schleswig-Holstein-Gottorf, Erbf\u00fcrst von Schweden, Bischof von L\u00fcbeck","Br\u00e4utigam GND":"http:\/\/d-nb.info\/gnd\/116008652","Br\u00e4utigam Geburtsjahr":"1710-00-00","Br\u00e4utigam Sterbejahr":"1771-00-00","Br\u00e4utigam Dynastie":"Oldenburg (Gottorf)","Br\u00e4utigam Konfession":"Evangelisch-Lutherisch"},"Braut":{"Braut Name, Titel":"Luise Ulrike von Preu\u00dfen","Braut GND":"http:\/\/d-nb.info\/gnd\/102017077","Braut Geburtsjahr":"1720-00-00","Braut Sterbejahr":"1782-00-00","Braut Dynastie":"Hohenzollern","Braut Konfession":"Evangelisch-Reformiert"},"Akteur Br\u00e4utigam":{"Akteur Br\u00e4utigam Name, Titel":"Friedrich I., K\u00f6nig von Schweden, Landgraf von Hessen-Kassel","Akteur Br\u00e4utigam GND":"http:\/\/d-nb.info\/gnd\/118535803","Akteur Br\u00e4utigam Dynastie":"Hessen (Kassel)","Akteur Br\u00e4utigam Verh\u00e4ltnis zu Br\u00e4utigam":"(entfernt)"},"Akteur Braut":{"Akteur Braut Name, Titel":"Friedrich II., K\u00f6nig von Preu\u00dfen","Akteur Braut GND":"http:\/\/d-nb.info\/gnd\/118535749","Akteur Braut Dynastie":"Hohenzollern","Akteur Braut Verh\u00e4ltnis zu Braut":"Bruder"},"Vertragstext":{"Archivexemplar":"Stockholm, Riksarkivet, Konungahusens urkunder, 46 Urkunder r\u00f6rande arvfursten Adolf Fredriks och prinsessan Lovisa Ulrikas af Preussen gifterm\u00e5l 1744, nr. 46 a Heirathskontrakt","Vertragssprache Archivexemplar":"Deutsch","Digitalisat Archivexemplar":"https:\/\/sok.riksarkivet.se\/bildvisning\/R0001257","Drucknachweis":"nicht nachgewiesen","Vertragssprache Druck":"nicht nachgewiesen","Digitalisat Druck":"-","Vertragsinhalt":"[Pr\u00e4] \u2013 aus freundschaftlicher Zuneigung zwischen Vertragspartnern, zur St\u00e4rkung von nachbarschaftlichem Einverst\u00e4ndnis zwischen Vertragspartnern, ihren Dynastien und L\u00e4ndern: Eheabrede, Ernennung von Verhandlern, Vertragsabschluss bekundet\r\n\r\n1 \u2013 Einwilligung f\u00fcr Braut erteilt, Eheversprechen ausgetauscht: mit Zustimmung von Brautmutter und schwedischem K\u00f6nig \u2013 Trauung durch Prokurator in Berlin vereinbart \u2013 \u00dcberf\u00fchrung der Braut und kirchliche Trauung in Schweden geregelt\r\n\r\n2 \u2013 Mitgift und Mitgiftzulage festgelegt: Mitgift durch Hausregel beschr\u00e4nkt, Zahlung und Nutzung durch Br\u00e4utigam geregelt, Aussteuer geregelt\r\n\r\n3 \u2013 Erbverzicht der Braut geregelt: nach Hausregel, im Gegenzug f\u00fcr Mitgiftzahlung, auf v\u00e4terliches und br\u00fcderliches Erbe, mit Zustimmung von schwedischem K\u00f6nig und Br\u00e4utigam, Thronanspr\u00fcche und Erbanspr\u00fcche nach Aussterben der Brautfamilie in m\u00e4nnlicher Linie vorbehalten\r\n\r\n4 \u2013 Morgengabe festgelegt: Zahlung geregelt\r\n\r\n5 \u2013 Unterhalt der Braut festgelegt: zus\u00e4tzlich zu Nutzung von Morgengabe und Widerlage geregelt, f\u00fcr Kleidung und pers\u00f6nlichen Bedarf, Zahlung geregelt, Erh\u00f6hung bei Thronbesteigung vorbehalten\r\n\r\n6 \u2013 Hofstaat der Braut geregelt: Besoldung und Bestellung von Bediensteten geregelt\r\n\r\n7 \u2013 Kindererziehung geregelt: Finanzierung geregelt, lutherische Konfession vorgeschrieben, lutherische Konfession der Braut bekundet\r\n\r\n8 \u2013 Widerlage, Witweneink\u00fcnfte festgelegt: anstelle von Witweng\u00fctern, Zahlung geregelt, ggf. Nachbesserung zugesichert \u2013 Witwensitz geregelt: Nutzungsrechte, Zustand, Ausstattung und Erhaltung geregelt \u2013 bei Abzug der Braut im Witwenschaft ins Ausland: Zustimmung der schwedischen Reichsst\u00e4nde vorbehalten, Abtretung von Witwensitz geregelt, pers\u00f6nlicher Besitz der Braut geregelt\r\n\r\n9 \u2013 Indemnit\u00e4t von Braut und ihren Witweng\u00fctern von schwedischen Schulden zugesichert, pers\u00f6nliche Schuldenhaftung der Braut im Witwenstand geregelt\r\n\r\n10 \u2013 nach Tod der Braut ohne \u00fcberlebende Kinder: Nutzung und R\u00fcckfall von Mitgift und Mitgiftzulage geregelt, \u00dcbergang von Nachlass und Zugewinn der Braut an Br\u00e4utigam geregelt \u2013 ggf. Vererbung von Mitgift, Mitgiftzulage und Nachlass der Braut an \u00fcberlebende Kinder geregelt \u2013 bei zweiter Ehe der Braut: Zustimmung von schwedischen Reichsst\u00e4nden vorbehalten, Abl\u00f6sung von Witweneink\u00fcnften und Abtretung von Witwensitz geregelt abh\u00e4ngig von K\u00f6nig und Reichsst\u00e4nden in Schweden\r\n\r\n11 \u2013 bei Tod von Braut oder Br\u00e4utigam vor Eheschlie\u00dfung: Nichtigkeit von Ehevertrag geregelt\r\n\r\n12 \u2013 Ratifikation geregelt\r\n","Regelungen \u00fcber Thronfolge und Regentschaft":"Erbverzicht der Braut geregelt:  Thronanspr\u00fcche und Erbanspr\u00fcche nach Aussterben der Brautfamilie in m\u00e4nnlicher Linie vorbehalten - 3\r\n\r\nUnterhalt der Braut festgelegt: Erh\u00f6hung bei Thronbesteigung vorbehalten - 5\r\n","konfessionelle Regelungen":"Kindererziehung geregelt: Finanzierung geregelt, lutherische Konfession vorgeschrieben, lutherische Konfession der Braut bekundet - 7\r\n","erbrechtliche Regelungen":"Erbverzicht der Braut geregelt: nach Hausregel, im Gegenzug f\u00fcr Mitgiftzahlung, auf v\u00e4terliches und br\u00fcderliches Erbe, mit Zustimmung von schwedischem K\u00f6nig und Br\u00e4utigam, Thronanspr\u00fcche und Erbanspr\u00fcche nach Aussterben der Brautfamilie in m\u00e4nnlicher Linie vorbehalten - 3\r\n\r\nggf. Vererbung von Mitgift, Mitgiftzulage und Nachlass der Braut an \u00fcberlebende Kinder geregelt - 10\r\n"},"Einordnung des Vertrags":{"Textbezug zu vergangenen Ereignissen?":"","st\u00e4ndische Instanzen beteiligt?":"Zustimmung der schwedischen Reichsst\u00e4nde vorbehalten: bei Abzug der Braut im Witwenschaft ins Ausland, bei zweiter Ehe der Braut, bei Abtretung von Witwensitz geregelt abh\u00e4ngig von K\u00f6nig und Reichsst\u00e4nden in Schweden - 8, 10","externe Instanzen beteiligt?":"","Ratifikationen, Best\u00e4tigungen, Genehmigungen erw\u00e4hnt?":"Ratifikation geregelt - 12","weitere Vertr\u00e4ge zwischen Vertragsparteien im Zusammenhang mit dieser Ehe":"Defensivallianz 29.05.1747","Schlagw\u00f6rter":"","Kommentar":"Braut - Konfession: lutherische Konfession der Braut im Vertrag bekundet (Art. 7), vgl. lutherische Konversion 28.06.1744 erw\u00e4hnt bei Wikipedia (Sv. Wikipedia \"Lovisa Ulrika av Preussen\" von 07.09.2017)\r\n\r\nAufgrund des Konfessionsunterschieds kommen bei der Datierung des Vertrags der Julianische und der Gregorianische Kalender zum Einsatz; daraus resultiert eine Doppeldatierung: 30.06.1744 \/ 11.07.1744; oben angegeben ist das Datum nach dem Gregorianischen Kalender. ","Literatur":"Rangstr\u00f6m 2010, S. 224-237."}}}