{"Dokument":{"Name":"Pfalz (Kurpfalz) - D\u00e4nemark","In Bearbeitung":"Nein","main":{"Name":"Ehevertrag Pfalz (Kurpfalz) - D\u00e4nemark 1670","Zuletzt ge\u00e4ndert":"2017-09 BB"},"Grunddaten Ehevertrag":{"Vertragspartner Br\u00e4utigam":"Pfalz (Kurpfalz)","Vertragspartner Braut":"D\u00e4nemark","Datum Vertragsschlie\u00dfung":"1670-07-10","Ort Vertragsschlie\u00dfung":"ohne Ort","Eheschlie\u00dfung vollzogen?":"Ja","verschiedenkonfessionelle Ehe?":"Ja"},"Br\u00e4utigam":{"Br\u00e4utigam Name, Titel":"Karl, Kurprinz von der Pfalz (sp\u00e4ter Kurf\u00fcrst Karl II.)","Br\u00e4utigam GND":"http:\/\/d-nb.info\/gnd\/102440174","Br\u00e4utigam Geburtsjahr":"1651-00-00","Br\u00e4utigam Sterbejahr":"1685-00-00","Br\u00e4utigam Dynastie":"Wittelsbach (Pfalz)","Br\u00e4utigam Konfession":"Evangelisch-Reformiert"},"Braut":{"Braut Name, Titel":"Wilhelmine Ernstine, Prinzessin von D\u00e4nemark","Braut GND":"http:\/\/d-nb.info\/gnd\/120040050","Braut Geburtsjahr":"1650-00-00","Braut Sterbejahr":"1706-00-00","Braut Dynastie":"Oldenburg (D\u00e4nemark)","Braut Konfession":"Evangelisch-Lutherisch"},"Akteur Br\u00e4utigam":{"Akteur Br\u00e4utigam Name, Titel":"Karl I. Ludwig, Kurf\u00fcrst von der Pfalz","Akteur Br\u00e4utigam GND":"http:\/\/d-nb.info\/gnd\/118560182","Akteur Br\u00e4utigam Dynastie":"Wittelsbach (Pfalz)","Akteur Br\u00e4utigam Verh\u00e4ltnis zu Br\u00e4utigam":"Vater"},"Akteur Braut":{"Akteur Braut Name, Titel":"Christian V., K\u00f6nig von D\u00e4nemark","Akteur Braut GND":"http:\/\/d-nb.info\/gnd\/119175800","Akteur Braut Dynastie":"Oldenburg (D\u00e4nemark)","Akteur Braut Verh\u00e4ltnis zu Braut":"Bruder"},"Vertragstext":{"Archivexemplar":"nicht nachgewiesen","Vertragssprache Archivexemplar":"nicht nachgewiesen","Digitalisat Archivexemplar":"-","Drucknachweis":"DNT VI, S. 283-296","Vertragssprache Druck":"Deutsch","Digitalisat Druck":"-","Vertragsinhalt":"[Pr\u00e4] \u2013 im Andenken an alte, oft erneuerte Freundschaft und Verwandtschaft zwischen Dynastien, zu Lob Gottes, zu Freundschaft und Vertrauen zwischen beiden L\u00e4ndern, zu engerer Vereinigung von Nachkommen beider Seiten, zu Nutzen und Wohlfahrt beider L\u00e4nder: Eheabrede unter K\u00f6nig Friedrich III. angebahnt, nach dessen Tod geschlossen (283f.)\r\n\r\n1 \u2013 Einwilligung f\u00fcr Braut erteilt, Eheschlie\u00dfung festgelegt: Terminabsprache vorbehalten\r\n\r\n2 \u2013 lutherische Religionsaus\u00fcbung f\u00fcr Braut und ihren Hofstaat geregelt\r\n\r\n3 \u2013 \u00dcberf\u00fchrung der Braut geregelt, Mitgift festgelegt: im Gegenzug f\u00fcr Erbverzicht der Braut, Zahlung der Mitgift geregelt, Aussteuer geregelt\r\n\r\n4 \u2013 Morgengabe festgelegt: Zahlung geregelt\r\n\r\n5 \u2013 Unterhalt der Braut w\u00e4hrend der Ehe festgelegt: f\u00fcr Kleidung und pers\u00f6nlichen Bedarf, Patengeschenke ausgenommen\r\n\r\n6-7 \u2013 Hofstaat der Braut geregelt: Bestellung, Besoldung und Rechtsstellung von Bediensteten geregelt\r\n\r\n8 \u2013 Widerlage, Witweneink\u00fcnfte, Witwensitz und Witweng\u00fcter festgelegt: Nutzungsrechte und Besichtigung geregelt, ggf. Nachbesserung zugesichert\r\n\r\n9 \u2013 Witweng\u00fcter geregelt: Huldigung und Rechtsstellung von Amtleuten und Untertanen geregelt, Herrschaftsrechte ausgenommen\r\n\r\n10 \u2013 Witweng\u00fcter geregelt: Dienstpflichten und Austattung geregelt\r\n\r\n11 \u2013 Witweng\u00fcter gergelt: Besoldung der Bediensteten geregelt\r\n\r\n12 \u2013 Witweng\u00fcter geregelt: Bestellung von Bediensteten und Hofprediger der Braut geregelt\r\n\r\n13 \u2013 Witweng\u00fcter geregelt: \u00d6ffnung und Ver\u00e4u\u00dferung an Dritte, B\u00fcndnisse mit Dritten verboten, Erhaltung von Witweng\u00fctern geregelt\r\n\r\n14 \u2013 Witweng\u00fcter geregelt: Ersatz im Schadensfall geregelt\r\n\r\n15 \u2013 Witweng\u00fcter geregelt: Vertauschung geregelt\r\n\r\n16 \u2013 nach Tod von Br\u00e4utigam: Witwenversorgung zusammengefa\u00dft\r\n\r\n17 \u2013 bei zweiter Ehe der Braut: Abfindung von Witweng\u00fctern durch Auszahlung von Mitgift, Verzinsung von Widerlage und Morgengabe geregelt\r\n\r\n18-19 \u2013 nach Tod der Braut w\u00e4hrend Witwenzeit: R\u00fcckfall von Morgengabe und Widerlage, ggf. Vererbung von Mitgift und Nachla\u00df an Kinder aus beiden Ehen geregelt\r\n\r\n20 \u2013 Abtretung von Witweng\u00fctern geregelt: im Gegenzug f\u00fcr Auszahlung von Mitgift\r\n\r\n21 \u2013 nach Tod von Br\u00e4utigam: Indemnit\u00e4t der Braut f\u00fcr Schulden von Br\u00e4utigam geregelt\r\n\r\n22-25 \u2013 nach Tod der Braut ohne \u00fcberlebende Kinder: Nutzung von Mitgift und Aussteuer durch Br\u00e4utigam, R\u00fcckfall nach Tod von Br\u00e4utigam, R\u00fcckzahlung geregelt\r\n\r\n26 \u2013 Vererbung von Mitgift und Aussteuer an Kinder geregelt\r\n\r\n27 \u2013 bei Tod von Braut oder Br\u00e4utigam vor Eheschlie\u00dfung: Nichtigkeit von Ehevertrag geregelt\r\n\r\n[Esch] \u2013 Einhaltung versprochen (295)","Regelungen \u00fcber Thronfolge und Regentschaft":"","konfessionelle Regelungen":"lutherische Religionsaus\u00fcbung f\u00fcr Braut und ihren Hofstaat geregelt - 2\r\n\r\nWitweng\u00fcter geregelt: Bestellung von Bediensteten und Hofprediger der Braut geregelt - 12\r\n\r\n13 \u2013 Witweng\u00fcter geregelt: \u00d6ffnung und Ver\u00e4u\u00dferung an Dritte, B\u00fcndnisse mit Dritten verboten, Erhaltung von Witweng\u00fctern geregelt","erbrechtliche Regelungen":"Mitgift festgelegt: im Gegenzug f\u00fcr Erbverzicht der Braut - 3\r\n\r\nnach Tod der Braut w\u00e4hrend Witwenzeit:  ggf. Vererbung von Mitgift und Nachla\u00df an Kinder aus beiden Ehen geregelt - 18-19\r\n\r\nVererbung von Mitgift und Aussteuer an Kinder geregelt - 26"},"Einordnung des Vertrags":{"Textbezug zu vergangenen Ereignissen?":"","st\u00e4ndische Instanzen beteiligt?":"","externe Instanzen beteiligt?":"","Ratifikationen, Best\u00e4tigungen, Genehmigungen erw\u00e4hnt?":"","weitere Vertr\u00e4ge zwischen Vertragsparteien im Zusammenhang mit dieser Ehe":"","Schlagw\u00f6rter":"","Kommentar":"-","Literatur":"Laursen in DNT VI, S. 277-283."}}}