{"Dokument":{"Name":"Portugal - \u00d6sterreich","In Bearbeitung":"Nein","main":{"Name":"Ehevertrag Portugal - \u00d6sterreich 1518","Zuletzt ge\u00e4ndert":"2021-05 JK"},"Grunddaten Ehevertrag":{"Vertragspartner Br\u00e4utigam":"Portugal","Vertragspartner Braut":"\u00d6sterreich (Habsburg)","Datum Vertragsschlie\u00dfung":"1518-06-02","Ort Vertragsschlie\u00dfung":"Lissabon","Eheschlie\u00dfung vollzogen?":"Ja","verschiedenkonfessionelle Ehe?":"Nein"},"Br\u00e4utigam":{"Br\u00e4utigam Name, Titel":"Emauel I., K\u00f6nig von Portugal","Br\u00e4utigam GND":"http:\/\/d-nb.info\/gnd\/118954830","Br\u00e4utigam Geburtsjahr":"1469-00-00","Br\u00e4utigam Sterbejahr":"1521-00-00","Br\u00e4utigam Dynastie":"unbekannt","Br\u00e4utigam Konfession":"R\u00f6misch-Katholisch"},"Braut":{"Braut Name, Titel":"Eleonore von Kastilien, Erzherzogin von \u00d6sterreich, Infantin von Spanien","Braut GND":"http:\/\/d-nb.info\/gnd\/129756075","Braut Geburtsjahr":"1498-00-00","Braut Sterbejahr":"1558-00-00","Braut Dynastie":"Habsburg (\u00d6sterreich)","Braut Konfession":"R\u00f6misch-Katholisch"},"Akteur Br\u00e4utigam":{"Akteur Br\u00e4utigam Name, Titel":"Emauel I., K\u00f6nig von Portugal","Akteur Br\u00e4utigam GND":"http:\/\/d-nb.info\/gnd\/118954830","Akteur Br\u00e4utigam Dynastie":"unbekannt","Akteur Br\u00e4utigam Verh\u00e4ltnis zu Br\u00e4utigam":"selbst"},"Akteur Braut":{"Akteur Braut Name, Titel":"Karl I., K\u00f6nig von Spanien ","Akteur Braut GND":"http:\/\/d-nb.info\/gnd\/118560093","Akteur Braut Dynastie":"Habsburg (\u00d6sterreich)","Akteur Braut Verh\u00e4ltnis zu Braut":"Bruder"},"Vertragstext":{"Archivexemplar":"AT-OeStA \/ HHStA, UR FUK 1115","Vertragssprache Archivexemplar":"Portugiesisch \/ Spanisch","Digitalisat Archivexemplar":"","Drucknachweis":"","Vertragssprache Druck":"","Digitalisat Druck":"","Vertragsinhalt":"Pr\u00e4ambel (fol. 2r-2v): Eheschlie\u00dfung vereinbart, bevollm\u00e4chtigte Verhandler und Prokuratoren benannt\r\n\r\nArtikel 1 (fol. 2v): Alvaro de Acosta leistet als Bevollm\u00e4chtigter der K\u00f6nigs von Portugal einen Eid, dass dieser sich nach Eingang einer p\u00e4pstlichen Dispens mit Eleonore verheiraten wird\r\n\r\nArtikel 2 (fol. 2v): Karl und Eleonore leisten in Gegenwart von Acosta einen Eid, dass sie sich nach Eingang der Dispens mit Emanuel verheiraten wird\r\n\r\nArtikel 3 (fol. 2v-3r): Trauung mit Prokurator f\u00fcr Emanuel innerhalb von zwei Monaten nach Eingang der Dispens vereinbart \r\n\r\nArtikel 4 (fol. 3r): \u00dcberf\u00fchrung der Braut von Kastilien nach Portugal geregelt\r\n\r\nArtikel 5 (fol. 3r): Mitgift auf 200.000 kastilische Goldm\u00fcnzen (\u201edoblas de oro\u201c) festgesetzt, die Summe wird mit dem Wert des Schmucks, mit dem die Braut ausgestattet wird, verrechnet; Zahlungsfrist von drei Jahren und Zahlungsmodalit\u00e4ten geregelt, Quittierung geregelt, Zahlung durch Karl und seine Bevollm\u00e4chtigten zugesichert\r\n\r\nArtikel 6 (fol 3r): im Fall einer Aufl\u00f6sung der Ehe verpflichten sich Emanuel und seine Erben und Nachfolger zur R\u00fcckzahlung der Mitgift an Eleonore oder ihre Erben innerhalb von vier Jahren\r\n\r\nArtikel 7 (fol 3v): Emanuel sichert Eleonore als Witwenversorgung ein Handgeld im Gegenwert der Mitgift zu Raten von je 66.666 Goldm\u00fcnzen kastilischer W\u00e4hrung zu, sobald die Ehe aufgel\u00f6st wird, unabh\u00e4ngig davon, ob aus der Ehe Kinder hervorgehen; falls Eleonore vor Emanuel stirbt, ist die Zahlung hinf\u00e4llig; Besitzrechte an dem Handgeld, Vererbung und Zahlungsmodalit\u00e4ten geregelt \r\n\r\nArtikel 8 (fol 3v-4r): Ausstattung der Braut bzw. Aussteuer geregelt; Emanuel ist zu keinem Zeitpunkt zur R\u00fcckgabe dieser Aussteuer verpflichtet, sondern sie geht in seinen Besitz \u00fcber, was aber Eleonore w\u00e4hrend der Ehe an mobilem Besitz erwirbt oder durch Schenkung erlangt, unterliegt nicht seinem Zugriff \r\n\r\nArtikel 9 (fol. 4r): Karl verpflichtet sich, einen Beitrag zu Finanzierung der Hof- und Haushaltung seiner Schwester zu leisten \r\n\r\nArtikel 10 (fol. 4r): Emanuel verpflichtet sich, Eleonore zu ihrem Unterhalt alle G\u00fcter und L\u00e4ndereien, die gegenw\u00e4rtig noch im Besitz seiner Schwester sind, zu \u00fcbereignen, sobald sie vakant werden; Nutzungsrechte an den Ertr\u00e4gen aus diesen L\u00e4ndereien geregelt\r\n\r\nArtikel 11 (fol 4r-4v): Emanuel sichert f\u00fcr den erstgeborenen Sohn aus der Ehe mit Eleonore f\u00fcr den Fall seines vorzeitigen Todes eine Unterhaltssumme von 800.000 kastilischen Goldm\u00fcnzen zus\u00e4tzlich zur \u00dcberlassung der Mitgift zu, entweder in Form von Renten oder L\u00e4ndereien; Auszahlung innerhalb von vier Jahren vereinbart, sofern besagter Sohn zum Zeitpunkt von Emanuels Tod bereits sechzehn Jahre alt ist; andernfalls beginnt die Zahlungsfrist, sobald er dieses Alter erreicht hat; falls er ebenfalls verstirbt, f\u00e4llt die Summe an die n\u00e4chsten Erben\r\n\r\nArtikel 12 (fol. 4v): sobald die Trauung vollzogen ist, soll Eleonore als nat\u00fcrliche Untertanin der portugiesischen Krone behandelt werden und alle Rechte und Privilegien einer K\u00f6nigin von Portugal genie\u00dfen, auch alle Mitglieder ihres mitgebrachten Hofstaats sollen als nat\u00fcrliche Untertanen der portugiesischen Krone behandelt werden, zugleich sollen sie aber alle Privilegien und Freiheiten behalten, die Ausl\u00e4ndern in Portugal zugesprochen werden\r\n\r\nArtikel 13 (fol. 4v-5r): falls Emanuel vor Eleonore stirbt, ist es ihr erlaubt, nach entsprechender Ank\u00fcndigung, mit ihren Kindern und Bediensteten Portugal ungehindert zu verlassen und nach Kastilien oder einen Ort ihrer Wahl zu gehen; Mitf\u00fchrung ihres mobilen Besitzes wird gestattet; ihre Besitzrechte, Eink\u00fcnfte, Unterhaltsanspr\u00fcche etc. in Portugal sowie die ihrer Erben bleiben unver\u00e4ndert bestehen; gleiches gilt f\u00fcr den Fall, dass Krieg zwischen Spanien und Portugal ausbricht\r\n\r\nArtikel 14 (fol. 5r): Best\u00e4tigung aller fr\u00fcheren Friedensschl\u00fcsse und Vertr\u00e4ge zwischen Spanien und Portugal mittels des Ehevertrags vereinbart; wechselseitige Hilfe, Verteidigung und Treue zwischen den K\u00f6nigreichen zugesichert; Schlie\u00dfung eines separaten ausf\u00fchrlichen Vertrags hier\u00fcber vereinbart \r\n\r\nArtikel 15 (fol. 5r-5v): wechselseitige Einhaltung des Vertrags zugesichert, Eidleistung durch die Bevollm\u00e4chtigten auf die Einhaltung des Vertrags erw\u00e4hnt, Ratifikation durch Emanuel und seinen Thronfolger zugesichert, pers\u00f6nliche \u00dcberbringung eines Vertragsexemplars durch Acosta an Karl innerhalb von vierzig Tagen vereinbart, Anfertigung von Abschriften f\u00fcr beide Parteien vereinbart \r\n\r\nAnhang (fol. 5v-6v): Best\u00e4tigungen der portugiesischen Bevollm\u00e4chtigten und des Infanten Johann von Portugal sowie Beglaubigung der Abschrift durch den kaiserlichen Sekret\u00e4r Luis de Lizarazo ","Regelungen \u00fcber Thronfolge und Regentschaft":"","konfessionelle Regelungen":"","erbrechtliche Regelungen":"Artikel 6 (fol 3r): im Fall einer Aufl\u00f6sung der Ehe verpflichten sich Emanuel und seine Erben und Nachfolger zur R\u00fcckzahlung der Mitgift an Eleonore oder ihre Erben innerhalb von vier Jahren\r\n\r\nArtikel 7 (fol 3v): Emanuel sichert Eleonore als Witwenversorgung ein Handgeld im Gegenwert der Mitgift zu Raten von je 66.666 Goldm\u00fcnzen kastilischer W\u00e4hrung zu, sobald die Ehe aufgel\u00f6st wird, unabh\u00e4ngig davon, ob aus der Ehe Kinder hervorgehen; falls Eleonore vor Emanuel stirbt, ist die Zahlung hinf\u00e4llig; Besitzrechte an dem Handgeld, Vererbung und Zahlungsmodalit\u00e4ten geregelt \r\n\r\nArtikel 11 (fol 4r-4v): Emanuel sichert f\u00fcr den erstgeborenen Sohn aus der Ehe mit Eleonore f\u00fcr den Fall seines vorzeitigen Todes eine Unterhaltssumme von 800.000 kastilischen Goldm\u00fcnzen zus\u00e4tzlich zur \u00dcberlassung der Mitgift zu, entweder in Form von Renten oder L\u00e4ndereien; Auszahlung innerhalb von vier Jahren vereinbart, sofern besagter Sohn zum Zeitpunkt von Emanuels Tod bereits sechzehn Jahre alt ist; andernfalls beginnt die Zahlungsfrist, sobald er dieses Alter erreicht hat; falls er ebenfalls verstirbt, f\u00e4llt die Summe an die n\u00e4chsten Erben\r\n\r\nArtikel 13 (fol. 4v-5r): falls Emanuel vor Eleonore stirbt, ist es ihr erlaubt, nach entsprechender Ank\u00fcndigung, mit ihren Kindern und Bediensteten Portugal ungehindert zu verlassen und nach Kastilien oder einen Ort ihrer Wahl zu gehen; Mitf\u00fchrung ihres mobilen Besitzes wird gestattet; ihre Besitzrechte, Eink\u00fcnfte, Unterhaltsanspr\u00fcche etc. in Portugal sowie die ihrer Erben bleiben unver\u00e4ndert bestehen; gleiches Gilt f\u00fcr den Fall, dass Krieg zwischen Spanien und Portugal ausbricht"},"Einordnung des Vertrags":{"Textbezug zu vergangenen Ereignissen?":"","st\u00e4ndische Instanzen beteiligt?":"","externe Instanzen beteiligt?":"Artikel 1-3 (fol. 2v-3r): Erw\u00e4hnung der erforderlichen p\u00e4pstlichen Dispens ","Ratifikationen, Best\u00e4tigungen, Genehmigungen erw\u00e4hnt?":"Artikel 15 (fol. 5r-5v): [...] Ratifikation durch Emanuel und seinen Thronfolger zugesichert [...]","weitere Vertr\u00e4ge zwischen Vertragsparteien im Zusammenhang mit dieser Ehe":"","Schlagw\u00f6rter":"","Kommentar":"Bei dem archivalisch \u00fcberlieferten Vertrag handelt es sich um eine beglaubigte Abschrift, ausgefertigt in Br\u00fcssel mit Datum vom 28.01.1522. Vertrag verf\u00fcgt im Original \u00fcber keine Nummerierung der Artikel.\r\n\r\nKarl I. war ab 1520 als Karl V. auch Kaiser des Heiligen R\u00f6mischen Reichs. Emanuel I. von Portugal verstarb bereits 1521 und Eleonore wurde daraufhin am 04.07.1530 mit Franz I. von Frankreich verheiratet; die Ehe sollte den Frieden zwischen den H\u00e4usern Habsburg und Valois absichern  (vgl. hierzu die Vertr\u00e4ge Frankreich - \u00d6sterreich 1526 I-II und 1529). ","Literatur":"Kohler 2005"}}}