{"Dokument":{"Name":"Spanien - Frankreich","In Bearbeitung":"Nein","main":{"Name":"Ehevertrag Spanien - Frankreich 1721","Zuletzt ge\u00e4ndert":"2020-01 KZ"},"Grunddaten Ehevertrag":{"Vertragspartner Br\u00e4utigam":"Spanien","Vertragspartner Braut":"Frankreich","Datum Vertragsschlie\u00dfung":"1721-11-16","Ort Vertragsschlie\u00dfung":"Tuilerien (Paris)","Eheschlie\u00dfung vollzogen?":"Ja","verschiedenkonfessionelle Ehe?":"Nein"},"Br\u00e4utigam":{"Br\u00e4utigam Name, Titel":"Ludwig, Prinz von Asturien","Br\u00e4utigam GND":"http:\/\/d-nb.info\/gnd\/121222233","Br\u00e4utigam Geburtsjahr":"1707-00-00","Br\u00e4utigam Sterbejahr":"1724-00-00","Br\u00e4utigam Dynastie":"Bourbon (Spanien)","Br\u00e4utigam Konfession":"R\u00f6misch-Katholisch"},"Braut":{"Braut Name, Titel":"Louise Elisabeth von Orl\u00e9ans","Braut GND":"http:\/\/d-nb.info\/gnd\/121221482","Braut Geburtsjahr":"1709-00-00","Braut Sterbejahr":"1742-00-00","Braut Dynastie":"Bourbon (Frankreich)","Braut Konfession":"R\u00f6misch-Katholisch"},"Akteur Br\u00e4utigam":{"Akteur Br\u00e4utigam Name, Titel":"Philipp V., K\u00f6nig von Spanien","Akteur Br\u00e4utigam GND":"http:\/\/d-nb.info\/gnd\/119186640","Akteur Br\u00e4utigam Dynastie":"Bourbon (Spanien)","Akteur Br\u00e4utigam Verh\u00e4ltnis zu Br\u00e4utigam":"Vater"},"Akteur Braut":{"Akteur Braut Name, Titel":"Ludwig XV., K\u00f6nig von Frankreich","Akteur Braut GND":"http:\/\/d-nb.info\/gnd\/118729438","Akteur Braut Dynastie":"Bourbon (Frankreich)","Akteur Braut Verh\u00e4ltnis zu Braut":"Neffe"},"Vertragstext":{"Archivexemplar":"Trait\u00e9s et accords de la France, TRA17210003","Vertragssprache Archivexemplar":"Franz\u00f6sisch","Digitalisat Archivexemplar":"https:\/\/basedoc.diplomatie.gouv.fr\/exl-php\/recherche\/mae_internet___traites","Drucknachweis":"nicht nachgewiesen","Vertragssprache Druck":"nicht nachgewiesen","Digitalisat Druck":"-","Vertragsinhalt":"Artikel 1: Eheschlie\u00dfung vereinbart: wenn Ehepartner kanonisches Alter erreicht, Hochzeit in Madrid, mit p\u00e4pstlicher Dispens\r\n\r\nArtikel 2: Mitgift auf 500.000 Gold-\u00c9cus festgelegt: gezahlt von K\u00f6nig Ludwig, gegen Erbverzicht der Braut zugunsten der Herz\u00f6ge von Orleans, Zahlung geregelt\r\n\r\nArtikel 3: Schenkung von Brautjuwelen durch den Herzog von Orleans festgelegt\r\n\r\nArtikel 4: Anlage der Mitgift durch den spanischen K\u00f6nig in Stellvertretung f\u00fcr den Prinzen von Asturien entsprechend Louise Elisabeths Rang festgelegt\r\n\r\nArtikel 5: Brautgeschenke (Juwelen und Schmuck) durch die spanische Seite im Wert von 50.000 Gold-\u00c9cus festgelegt, Louise Elisabeth erh\u00e4lt Recht auf Vererbung der Geschenke \r\n\r\nArtikel 6: Unterhalt der Braut und ihres Hofstaats in Spanien geregelt\r\n\r\nArtikel 7: Mitgiftzulage festgelegt: nach spanischem Recht und Brauch, anstelle der in Frankreich \u00fcblichen Widerlage, als pers\u00f6nliches Eigentum der Braut festgelegt, Louise Elisabeth erh\u00e4lt Recht auf Vererbung\r\n\r\nArtikel 8: R\u00fcckkehrrecht der Braut als Witwe nach Frankreich zugesichert, Mitf\u00fchrung ihres Hofstaats und mobilen Besitzes geregelt, durch den spanischen K\u00f6nig per Eid zugesichert\r\n\r\nArtikel 9: standesgem\u00e4\u00dfe \u00dcberf\u00fchrung Louise Elisabeths nach Spanien geregelt\r\n\r\nArtikel 10: Einhaltung zugesichert, Ratifikation vereinbart\r\n\r\nAnhang: Verhandlungsvollmachten der K\u00f6nige von Frankreich und Spanien enthalten","Regelungen \u00fcber Thronfolge und Regentschaft":"","konfessionelle Regelungen":"","erbrechtliche Regelungen":"Artikel 2: Mitgift [...] gezahlt von K\u00f6nig Ludwig, gegen Erbverzicht der Braut zugunsten der Herz\u00f6ge von Orleans\r\n\r\nArtikel 5: Brautgeschenke [...] festgelegt, Louise Elisabeth erh\u00e4lt Recht auf Vererbung der Geschenke \r\n\r\nArtikel 7: Mitgiftzulage festgelegt [...] Louise Elisabeth erh\u00e4lt Recht auf Vererbung"},"Einordnung des Vertrags":{"Textbezug zu vergangenen Ereignissen?":"","st\u00e4ndische Instanzen beteiligt?":"","externe Instanzen beteiligt?":"Artikel 1: Eheschlie\u00dfung vereinbart: wenn Ehepartner kanonisches Alter erreicht, Hochzeit in Madrid, mit p\u00e4pstlicher Dispens","Ratifikationen, Best\u00e4tigungen, Genehmigungen erw\u00e4hnt?":"Artikel 10: Einhaltung zugesichert, Ratifikation vereinbart","weitere Vertr\u00e4ge zwischen Vertragsparteien im Zusammenhang mit dieser Ehe":"Konvention von Den Haag 1719.11.19 inkl. \u00d6, GB - spanischer Beitritt zur Quadrupelallianz GB-F-\u00d6-NL 1720.02.16 - Konvention \u00fcber Waffenstillstand zur See 1720.04.02 inkl. GB, \u00d6, Sardinien - Defensivb\u00fcndnis vopn Madrid 1721.03.27 - Defensivb\u00fcndnis von Madrid 1721.06.13 inkl. GB, \u00d6 - spanischer Beitritt 1727.06.13 zu Pr\u00e4liminarartikeln von Paris 1727.05.31","Schlagw\u00f6rter":"Krieg der Quadrupelallianz 1717-1720","Kommentar":"\u00dc - fast w\u00f6rtlich wie Vorvertrag 1721.10.05 Madrid: erw\u00e4hnt  in Pr\u00e4ambel - erneute Unterzeichnung von Vorvertrag erw\u00e4hnt: dat. 1721.11.14 Paris (Pr\u00e4ambel)\r\n\r\nDigitalisat kann unter der angegebenen URL unter Verwendung der Signatur (TRA17210003) abgerufen werden.","Literatur":"-"}}}