{"Dokument":{"Name":"Savoyen - Frankreich","In Bearbeitung":"Nein","main":{"Name":"Ehevertrag Savoyen - Frankreich 1684","Zuletzt ge\u00e4ndert":"2021-03 JK"},"Grunddaten Ehevertrag":{"Vertragspartner Br\u00e4utigam":"Savoyen","Vertragspartner Braut":"Frankreich","Datum Vertragsschlie\u00dfung":"1684-04-09","Ort Vertragsschlie\u00dfung":"Versailles","Eheschlie\u00dfung vollzogen?":"Ja","verschiedenkonfessionelle Ehe?":"Nein"},"Br\u00e4utigam":{"Br\u00e4utigam Name, Titel":"Viktor Amadeus II., Herzog von Savoyen","Br\u00e4utigam GND":"http:\/\/d-nb.info\/gnd\/118804537","Br\u00e4utigam Geburtsjahr":"1666-00-00","Br\u00e4utigam Sterbejahr":"1732-00-00","Br\u00e4utigam Dynastie":"Savoyen","Br\u00e4utigam Konfession":"R\u00f6misch-Katholisch"},"Braut":{"Braut Name, Titel":"Anna Maria von Orl\u00e9ans","Braut GND":"http:\/\/d-nb.info\/gnd\/133606457","Braut Geburtsjahr":"1669-00-00","Braut Sterbejahr":"1728-00-00","Braut Dynastie":"Orl\u00e9ans","Braut Konfession":"R\u00f6misch-Katholisch"},"Akteur Br\u00e4utigam":{"Akteur Br\u00e4utigam Name, Titel":"Viktor Amadeus II., Herzog von Savoyen","Akteur Br\u00e4utigam GND":"http:\/\/d-nb.info\/gnd\/118804537","Akteur Br\u00e4utigam Dynastie":"Savoyen","Akteur Br\u00e4utigam Verh\u00e4ltnis zu Br\u00e4utigam":"selbst"},"Akteur Braut":{"Akteur Braut Name, Titel":"Ludwig XIV., K\u00f6nig von Frankreich","Akteur Braut GND":"http:\/\/d-nb.info\/gnd\/118816829","Akteur Braut Dynastie":"Bourbon (Frankreich)","Akteur Braut Verh\u00e4ltnis zu Braut":"Onkel"},"Vertragstext":{"Archivexemplar":"nicht nachgewiesen","Vertragssprache Archivexemplar":"nicht nachgewiesen","Digitalisat Archivexemplar":"-","Drucknachweis":"CTS 17, S. 35-41","Vertragssprache Druck":"Franz\u00f6sisch","Digitalisat Druck":"-","Vertragsinhalt":"Artikel 1: Eheschlie\u00dfung vereinbart: am franz\u00f6sischen Hof durch Prokurator zu vollziehen\r\n\r\nArtikel 2: Mitgift festlegt auf 900.000 Livres, ein Teil der Summe besteht in Schulden des englischen K\u00f6nigs bei der franz\u00f6sischen Krone, Zahlung der gesamten Summe durch Ludwig XIV. geregelt, Zahlungsmodalit\u00e4ten geregelt\r\n\r\nArtikel 3: Zahlung der Mitgift gegen Verzicht auf alle Erbanspr\u00fcche, die Anna durch ihre Mutter, Henrietta Anna Stuart, in England besitzt\r\n\r\nArtikel 4: Mitgift erg\u00e4nzt um 300.000 Livres und Schmuck durch Herzog Philipp\r\n\r\nArtikel 5: vollst\u00e4ndiger Erbverzicht Annas geregelt\r\n\r\nArtikel 6: Anlage der Mitgift geregelt, Witwengut bezeichnet  \r\n\r\nArtikel 7: Brautschatz geregelt\r\n\r\nArtikel 8: Unterhalt Annas w\u00e4hrend der Ehe geregelt\r\n\r\nArtikel 9: Leibgedinge festgelegt, Verwaltung geregelt, Regelung von Annas Rechten auf Leibgedingeg\u00fctern\r\n\r\nArtikel 10: Ausstattung des Witwensitzes geregelt\r\n\r\nArtikel 11: Witwenversorgung geregelt\r\n\r\nArtikel 12: bei Tod Annas: Erb- und Verf\u00fcgungsrecht ihrer Kinder an ihrem Nachlass geregelt\r\n\r\n13: bei Tod Annas ohne Kinder: Erb- und Verf\u00fcgungsrecht ihrer n\u00e4chsten Erben an ihrem Nachlass geregelt\r\n\r\nArtikel 14: \u00dcberf\u00fchrung Annas geregelt\r\n\r\nArtikel 15: Einhaltung und Ratifikation des Vertrags geregelt","Regelungen \u00fcber Thronfolge und Regentschaft":"","konfessionelle Regelungen":"","erbrechtliche Regelungen":"Artikel 3: Zahlung der Mitgift gegen Verzicht auf alle Erbanspr\u00fcche, die Anna durch ihre Mutter, Henrietta Anna Stuart, in England besitzt\r\n\r\nArtikel 5: vollst\u00e4ndiger Erbverzicht Annas geregelt\r\n\r\nArtikel 12: bei Tod Annas: Erb- und Verf\u00fcgungsrecht ihrer Kinder an ihrem Nachlass geregelt\r\n\r\n13: bei Tod Annas ohne Kinder: Erb- und Verf\u00fcgungsrecht ihrer n\u00e4chsten Erben an ihrem Nachlass geregelt\r\n"},"Einordnung des Vertrags":{"Textbezug zu vergangenen Ereignissen?":"","st\u00e4ndische Instanzen beteiligt?":"","externe Instanzen beteiligt?":"Artikel 2: Mitgift festlegt auf 900.000 Livres, ein Teil der Summe besteht in Schulden des englischen K\u00f6nigs bei der franz\u00f6sischen Krone [...]","Ratifikationen, Best\u00e4tigungen, Genehmigungen erw\u00e4hnt?":"Artikel 15: Einhaltung und Ratifikation des Vertrags geregelt","weitere Vertr\u00e4ge zwischen Vertragsparteien im Zusammenhang mit dieser Ehe":"Vertrag von Turin 1682.11.24 \u00fcber Defensivb\u00fcndnis","Schlagw\u00f6rter":"","Kommentar":"\u00dc - enge Beziehungen der Mutter von Herzog Viktor Amadeus II., Herzogin Maria Johanna Baptista von Savoyen, nach Frankreich erw\u00e4hnt (Narratio): i.e. Maria Johanna Bapt. = Tochter von Herzog Karl Amadeus von Savoyen-Nemours und Elisabeth von Bourbon - Bestimmungen bis auf erste, letzte fast w\u00f6rtlich wie Vorvertrag 1684.02.23 (Enr. 169)","Literatur":"-"}}}