{"Dokument":{"Name":"Polen - \u00d6sterreich","In Bearbeitung":"Nein","main":{"Name":"Ehevertrag Polen - \u00d6sterreich 1592","Zuletzt ge\u00e4ndert":"2017-09 BB"},"Grunddaten Ehevertrag":{"Vertragspartner Br\u00e4utigam":"Polen","Vertragspartner Braut":"\u00d6sterreich","Datum Vertragsschlie\u00dfung":"1592-04-17","Ort Vertragsschlie\u00dfung":"Prag","Eheschlie\u00dfung vollzogen?":"Ja","verschiedenkonfessionelle Ehe?":"Nein"},"Br\u00e4utigam":{"Br\u00e4utigam Name, Titel":"Sigismund III., K\u00f6nig von Polen (sp\u00e4ter auch K\u00f6nig von Schweden)","Br\u00e4utigam GND":"http:\/\/d-nb.info\/gnd\/119383845","Br\u00e4utigam Geburtsjahr":"1566-00-00","Br\u00e4utigam Sterbejahr":"1632-00-00","Br\u00e4utigam Dynastie":"Wasa","Br\u00e4utigam Konfession":"R\u00f6misch-Katholisch"},"Braut":{"Braut Name, Titel":"Anna von \u00d6sterreich","Braut GND":"http:\/\/d-nb.info\/gnd\/115772561","Braut Geburtsjahr":"1573-00-00","Braut Sterbejahr":"1598-00-00","Braut Dynastie":"Habsburg (\u00d6sterreich)","Braut Konfession":"R\u00f6misch-Katholisch"},"Akteur Br\u00e4utigam":{"Akteur Br\u00e4utigam Name, Titel":"Sigismund III., K\u00f6nig von Polen (sp\u00e4ter auch K\u00f6nig von Schweden)","Akteur Br\u00e4utigam GND":"http:\/\/d-nb.info\/gnd\/119383845","Akteur Br\u00e4utigam Dynastie":"Wasa","Akteur Br\u00e4utigam Verh\u00e4ltnis zu Br\u00e4utigam":"selbst"},"Akteur Braut":{"Akteur Braut Name, Titel":"Rudolf II., Kaiser, K\u00f6nig von B\u00f6hmen und Ungarn, Erzherzog von \u00d6sterreich","Akteur Braut GND":"http:\/\/d-nb.info\/gnd\/118603701","Akteur Braut Dynastie":"Habsburg (\u00d6sterreich)","Akteur Braut Verh\u00e4ltnis zu Braut":"Vetter, als Mitvormund"},"Vertragstext":{"Archivexemplar":"nicht nachgewiesen","Vertragssprache Archivexemplar":"nicht nachgewiesen","Digitalisat Archivexemplar":"-","Drucknachweis":"Dogiel 1758-1764, S. 272-275","Vertragssprache Druck":"Lateinisch","Digitalisat Druck":"-","Vertragsinhalt":"(polnische Verhandler bekunden:)\r\n\r\n[Pr\u00e4] \u2013 Brautwerbung und Einwilligung des Kaisers, weiterer Brautvorm\u00fcnder und der Braut bekundet \u2013 zu Lob und Ehren Gottes und Mariens, zur Bewahrung und Vermehrung der Christenheit, zur Festigung der Reiche und L\u00e4nder beider Majest\u00e4ten und zur St\u00e4rkung der Blutsbande zwischen den Majest\u00e4ten durch neue Verwandtschaft: Eheschlie\u00dfung mit p\u00e4pstlicher Dispens und Vertragsbestimmungen bekundet (272 re \u2013 273 li)\r\n\r\n[1] \u2013 Mitgift festgelegt: Zahlung geregelt (273 li)\r\n\r\n[2] \u2013 Widerlage festgelegt: Zahlung geregelt, Anlage von Mitgift und Widerlage in polnischen Witweng\u00fctern geregelt, Vereidigung und Gehorsam der Untertanen auf Witweng\u00fctern f\u00fcr Witwenzeit geregelt (273 li \u2013 re))\r\n\r\n[3] \u2013 Morgengabe geregelt: nach Ermessen des Br\u00e4utigams (273 re)\r\n\r\n[4] \u2013 nach Tod der Braut: Anfall von Mitgift, Widerlage und Morgengabe an Br\u00e4utigam und polnische Krone geregelt (273 re)\r\n\r\n[5] \u2013 nach Tod von Br\u00e4utigam: Nutzung von Witweng\u00fctern und Morgengabe durch Braut auf Lebenszeit geregelt, R\u00fcckfall von Widerlage nach Tod der Braut geregelt, ggf. testmentarische Vergabung oder Vererbung an Kinder oder R\u00fcckfall von Mitgift und Morgengabe am Brautfamilie geregelt (273 re \u2013 274 li)\r\n\r\n[6] \u2013 Rechtsstellung der Braut als K\u00f6nigin von Polen geregelt (274 li \u2013 re)\r\n\r\n[7] \u2013 Verf\u00fcgungsrecht der Braut \u00fcber pers\u00f6nlichen Besitz geregelt: Testierrecht zugesichert, Vererbung geregelt (274 re)\r\n\r\n[8] \u2013 Vererbung von Zugewinnen der Braut w\u00e4hrend der Ehe geregelt (274 re \u2013 275 li)\r\n\r\n[9] \u2013 Verf\u00fcgungsrecht und Testierrecht der Braut \u00fcber pers\u00f6nlichen Besitz und Zugewinne zugesichert (275 li)\r\n\r\n[10] \u2013 Erbverzicht der Braut geregelt: auf v\u00e4terliches und m\u00fctterliches Erbe, auf G\u00fcter des Hauses \u00d6sterreich, au\u00dfer bei Aussterben des Hauses \u00d6sterreich im Mannesstamm, mit Zustimmung des Br\u00e4utigams (275 li)\r\n\r\n[11] \u2013 bei Tod von Braut oder Br\u00e4utigam vor Hochzeit: Nichtigkeit des Vertrags vereinbart (275 li)\r\n\r\n[12] \u2013 Ratifikation geregelt (275 li)\r\n\r\n[13] - Eheschlie\u00dfung durch Prokurator von Br\u00e4utigam in Wien geregelt (275 li \u2013 re)","Regelungen \u00fcber Thronfolge und Regentschaft":"[6] \u2013 Rechtsstellung der Braut als K\u00f6nigin von Polen geregelt - 6","konfessionelle Regelungen":"","erbrechtliche Regelungen":"nach Tod der Braut: Anfall von Mitgift, Widerlage und Morgengabe an Br\u00e4utigam und polnische Krone geregelt - 4\r\n\r\nnach Tod von Br\u00e4utigam: Nutzung von Witweng\u00fctern und Morgengabe durch Braut auf Lebenszeit geregelt, R\u00fcckfall von Widerlage nach Tod der Braut geregelt, ggf. testmentarische Vergabung oder Vererbung an Kinder oder R\u00fcckfall von Mitgift und Morgengabe am Brautfamilie geregelt  - 5\r\n\r\nVerf\u00fcgungsrecht der Braut \u00fcber pers\u00f6nlichen Besitz geregelt: Testierrecht zugesichert, Vererbung geregelt - 7\r\n\r\nVererbung von Zugewinnen der Braut w\u00e4hrend der Ehe geregelt (274 re \u2013 275 li) - 8\r\n\r\nVerf\u00fcgungsrecht und Testierrecht der Braut \u00fcber pers\u00f6nlichen Besitz und Zugewinne zugesichert - 9\r\n\r\nErbverzicht der Braut geregelt: auf v\u00e4terliches und m\u00fctterliches Erbe, auf G\u00fcter des Hauses \u00d6sterreich, au\u00dfer bei Aussterben des Hauses \u00d6sterreich im Mannesstamm, mit Zustimmung des Br\u00e4utigams - 10"},"Einordnung des Vertrags":{"Textbezug zu vergangenen Ereignissen?":"","st\u00e4ndische Instanzen beteiligt?":"","externe Instanzen beteiligt?":"Eheschlie\u00dfung mit p\u00e4pstlicher Dispens bekundet - Pr\u00e4","Ratifikationen, Best\u00e4tigungen, Genehmigungen erw\u00e4hnt?":"Eheschlie\u00dfung mit p\u00e4pstlicher Dispens bekundet - Pr\u00e4\r\n\r\nRatifikation geregelt - 12","weitere Vertr\u00e4ge zwischen Vertragsparteien im Zusammenhang mit dieser Ehe":"Friedensvertrag von Beuthen und Bendzin 09.03.1589 \u00fcber Verzicht von Erzherzog Maximilian III. auf polnischen Thron\r\n\r\nB\u00fcndnis (ohne Ort) 10.07.1589","Schlagw\u00f6rter":"polnischer Erbfolgekrieg 1587-1588","Kommentar":"-","Literatur":"-"}}}