{"Dokument":{"Name":"Lothringen - D\u00e4nemark","In Bearbeitung":"Nein","main":{"Name":"Ehevertrag Lothringen - D\u00e4nemark 1540","Zuletzt ge\u00e4ndert":"2017-12 JK"},"Grunddaten Ehevertrag":{"Vertragspartner Br\u00e4utigam":"Lothringen","Vertragspartner Braut":"\u00d6sterreich Spanien","Datum Vertragsschlie\u00dfung":"1540-03-20","Ort Vertragsschlie\u00dfung":"Regensburg","Eheschlie\u00dfung vollzogen?":"Ja","verschiedenkonfessionelle Ehe?":"Nein"},"Br\u00e4utigam":{"Br\u00e4utigam Name, Titel":"Franz von Lothringen (sp\u00e4ter als Franz I. Herzog von Lothringen) (Francois)","Br\u00e4utigam GND":"http:\/\/d-nb.info\/gnd\/13692753X","Br\u00e4utigam Geburtsjahr":"1517-00-00","Br\u00e4utigam Sterbejahr":"1545-00-00","Br\u00e4utigam Dynastie":"Lothringen","Br\u00e4utigam Konfession":"R\u00f6misch-Katholisch"},"Braut":{"Braut Name, Titel":"Christina von D\u00e4nemark, Herzoginwitwe von Mailand, Tochter von K\u00f6nig Christian II. von D\u00e4nemark (Christierna)","Braut GND":"http:\/\/d-nb.info\/gnd\/119328313","Braut Geburtsjahr":"1521-00-00","Braut Sterbejahr":"1590-00-00","Braut Dynastie":"Oldenburg (D\u00e4nemark)","Braut Konfession":"R\u00f6misch-Katholisch"},"Akteur Br\u00e4utigam":{"Akteur Br\u00e4utigam Name, Titel":"Anton II., Herzog von Lothringen (Antoine)","Akteur Br\u00e4utigam GND":"http:\/\/d-nb.info\/gnd\/101100655","Akteur Br\u00e4utigam Dynastie":"Lothringen","Akteur Br\u00e4utigam Verh\u00e4ltnis zu Br\u00e4utigam":"Vater"},"Akteur Braut":{"Akteur Braut Name, Titel":"Karl V., Kaiser, K\u00f6nig von Spanien","Akteur Braut GND":"http:\/\/d-nb.info\/gnd\/118560093","Akteur Braut Dynastie":"Habsburg (Spanien)","Akteur Braut Verh\u00e4ltnis zu Braut":"Onkel"},"Vertragstext":{"Archivexemplar":"nicht nachgewiesen","Vertragssprache Archivexemplar":"nicht nachgewiesen","Digitalisat Archivexemplar":"-","Drucknachweis":"Dumont 1726-1739, Bd. IV:2, S. 193 f.","Vertragssprache Druck":"Franz\u00f6sisch","Digitalisat Druck":"https:\/\/gallica.bnf.fr\/ark:\/12148\/bpt6k1263439g\/f207.item","Vertragsinhalt":"[Pr\u00e4] \u2013 Vertragsabschluss bekundet: (193 li)\r\n\r\n[1] \u2013 Eheschlie\u00dfung vereinbart: so bald wie m\u00f6glich, nach katholischem Ritus (193 li)\r\n\r\n[2] \u2013 Mitgift geregelt: mail\u00e4ndische Witweng\u00fcter und Witweneink\u00fcnfte, v\u00e4terliche und m\u00fctterliche Erbanspr\u00fcche der Braut als Mitgift eingesetzt, u.a. gem\u00e4\u00df Ehevertrag der Brautschwester, mail\u00e4ndische Witweng\u00fcter und Witweneink\u00fcnfte garantiert durch Kaiser (193 li)\r\n\r\n[3] \u2013 bei Abfindung der mail\u00e4ndischen Witweneink\u00fcnfte: Neuanlage der Abfindungssumme gefordert, als erblicher Besitz der Braut oder des Kaisers nach Tod der Braut ohne Kinder (193 li)\r\n\r\n[4] \u2013 nach Tod der Braut ohne Kinder: ggf. Nutzung der mail\u00e4ndischen Witweneink\u00fcnfte und Witweng\u00fcter von Kaiser \u00fcberlassen an Br\u00e4utigam, Br\u00e4utigamvater auf Lebenszeit (193 li)\r\n\r\n[5] \u2013 bei Abfindung von mail\u00e4ndischen Witweng\u00fctern: G\u00fctertrennung f\u00fcr Abfindungssumme und Erbzugewinne vereinbart, Erwerbungen durch Br\u00e4utigam geregelt (193 li \u2013 re)\r\n\r\n[6] \u2013 nach Tod eines Ehepartners: Erbrecht des \u00fcberlebenden Ehepartners an mobiler Ausstattung geregelt, ausgenommen Waffen, Befestigungen, Salinen- und Bergwerkszubeh\u00f6r f\u00fcr Br\u00e4utigam, ausgenommen Anteilen an mail\u00e4ndischen Witweng\u00fctern, Thronanspr\u00fcchen in D\u00e4nemark und Norwegen, v\u00e4terlichen Erbg\u00fctern f\u00fcr Braut, Brautjuwelen und Hausrat reserviert f\u00fcr Braut abh\u00e4ngig von Schuldenhaftung (193 re)\r\n\r\n[7] \u2013 getrennte Schuldenhaftung f\u00fcr vor der Ehe gemachte Schulden vereinbart (193 re)\r\n\r\n[8] \u2013 Brautjuwelen festgelegt: als erblicher Besitz der Braut (193 re)\r\n\r\n[9] \u2013 Witweneink\u00fcnfte, Witweng\u00fcter festgelegt: Nutzungsrechte geregelt, mit Abweichungen zu Lebzeiten von Brautvater (193 re)\r\n\r\n[10] \u2013 Beilager am Hof der K\u00f6niginwitwe von Ungarn, anschlie\u00dfende \u00dcberf\u00fchrung der Braut vereinbart (193 re)\r\n\r\n[11] \u2013 j\u00e4hrliche Geldrente f\u00fcr Br\u00e4utigam festgelegt: zu Lebzeiten von Br\u00e4utigamvater, Aussetzung von Wohnsitz f\u00fcr Eheleute geregelt (193 re \u2013 194 li)\r\n\r\n[12] \u2013 nach Tod von Br\u00e4utigam vor Br\u00e4utigamvater: Thronfolge der Kinder in Lothringen zugesichert (194 li)\r\n\r\n[13] \u2013 Ratifikation geregelt (194 li)\r\n\r\n(Vollmachten von Kaiser, Herzog von Lothringen angeh\u00e4ngt) (194 li \u2013 re)\r\n","Regelungen \u00fcber Thronfolge und Regentschaft":"nach Tod eines Ehepartners: Erbrecht des \u00fcberlebenden Ehepartners an mobiler Ausstattung geregelt,  ausgenommen Anteilen an mail\u00e4ndischen Witweng\u00fctern, Thronanspr\u00fcchen in D\u00e4nemark und Norwegen, v\u00e4terlichen Erbg\u00fctern f\u00fcr Braut - 6\r\n\r\nnach Tod von Br\u00e4utigam vor Br\u00e4utigamvater: Thronfolge der Kinder in Lothringen zugesichert - 12\r\n","konfessionelle Regelungen":"","erbrechtliche Regelungen":"Mitgift geregelt: mail\u00e4ndische Witweng\u00fcter und Witweneink\u00fcnfte, v\u00e4terliche und m\u00fctterliche Erbanspr\u00fcche der Braut als Mitgift eingesetzt, u.a. gem\u00e4\u00df Ehevertrag der Brautschwester, mail\u00e4ndische Witweng\u00fcter und Witweneink\u00fcnfte garantiert durch Kaiser - 2\r\n\r\nbei Abfindung der mail\u00e4ndischen Witweneink\u00fcnfte: Neuanlage der Abfindungssumme gefordert, als erblicher Besitz der Braut oder des Kaisers nach Tod der Braut ohne Kinder - 3\r\n\r\nnach Tod eines Ehepartners: Erbrecht des \u00fcberlebenden Ehepartners an mobiler Ausstattung geregelt, ausgenommen Waffen, Befestigungen, Salinen- und Bergwerkszubeh\u00f6r f\u00fcr Br\u00e4utigam, ausgenommen Anteilen an mail\u00e4ndischen Witweng\u00fctern, Thronanspr\u00fcchen in D\u00e4nemark und Norwegen, v\u00e4terlichen Erbg\u00fctern f\u00fcr Braut, Brautjuwelen und Hausrat reserviert f\u00fcr Braut abh\u00e4ngig von Schuldenhaftung - 6\r\n\r\nBrautjuwelen festgelegt: als erblicher Besitz der Braut - 8\r\n"},"Einordnung des Vertrags":{"Textbezug zu vergangenen Ereignissen?":"","st\u00e4ndische Instanzen beteiligt?":"","externe Instanzen beteiligt?":"","Ratifikationen, Best\u00e4tigungen, Genehmigungen erw\u00e4hnt?":"Ratifikation geregelt - 13","weitere Vertr\u00e4ge zwischen Vertragsparteien im Zusammenhang mit dieser Ehe":"","Schlagw\u00f6rter":"","Kommentar":"Vertragsschlie\u00dfung: in Lit. zu 01.04.1541 (Mohr)","Literatur":"Babel 2010, S. 456 - Mohr 1986, S. 160 f."}}}