{"Dokument":{"Name":"Mecklenburg (Hochstift Ratzeburg) - D\u00e4nemark","In Bearbeitung":"Nein","main":{"Name":"Ehevertrag Mecklenburg (Hochstift Ratzeburg) - D\u00e4nemark 1573","Zuletzt ge\u00e4ndert":"2017-08 BB"},"Grunddaten Ehevertrag":{"Vertragspartner Br\u00e4utigam":"Mecklenburg (Bistum Ratzeburg) ","Vertragspartner Braut":"D\u00e4nemark","Datum Vertragsschlie\u00dfung":"1573-10-27","Ort Vertragsschlie\u00dfung":"Kolding","Eheschlie\u00dfung vollzogen?":"Ja","verschiedenkonfessionelle Ehe?":"Nein"},"Br\u00e4utigam":{"Br\u00e4utigam Name, Titel":"Christoph, Herzog von Mecklenburg, Administrator von Ratzeburg","Br\u00e4utigam GND":"http:\/\/d-nb.info\/gnd\/104183292","Br\u00e4utigam Geburtsjahr":"1537-00-00","Br\u00e4utigam Sterbejahr":"1592-00-00","Br\u00e4utigam Dynastie":"Mecklenburg","Br\u00e4utigam Konfession":"Evangelisch-Lutherisch"},"Braut":{"Braut Name, Titel":"Dorothea von D\u00e4nemark","Braut GND":"","Braut Geburtsjahr":"1528-00-00","Braut Sterbejahr":"1575-00-00","Braut Dynastie":"Oldenburg (D\u00e4nemark)","Braut Konfession":"Evangelisch-Lutherisch"},"Akteur Br\u00e4utigam":{"Akteur Br\u00e4utigam Name, Titel":"Christoph, Herzog von Mecklenburg, Administrator von Ratzeburg","Akteur Br\u00e4utigam GND":"http:\/\/d-nb.info\/gnd\/104183292","Akteur Br\u00e4utigam Dynastie":"Mecklenburg","Akteur Br\u00e4utigam Verh\u00e4ltnis zu Br\u00e4utigam":"selbst"},"Akteur Braut":{"Akteur Braut Name, Titel":"Friedrich II., K\u00f6nig von D\u00e4nemark","Akteur Braut GND":"http:\/\/d-nb.info\/gnd\/118703188","Akteur Braut Dynastie":"Oldenburg (D\u00e4nemark)","Akteur Braut Verh\u00e4ltnis zu Braut":"Neffe","Akteur Braut Name, Titel (36)":"Adolf I., Herzog von Schleswig-Holstein-Gottorf","Akteur Braut GND (66)":"http:\/\/d-nb.info\/gnd\/118812319","Akteur Braut Dynastie (40)":"Oldenburg (D\u00e4nemark)","Akteur Braut Verh\u00e4ltnis zu Braut (38)":"Bruder"},"Vertragstext":{"Archivexemplar":"nicht nachgewiesen","Vertragssprache Archivexemplar":"nicht nachgewiesen","Digitalisat Archivexemplar":"-","Drucknachweis":"DNT II, S. 341-345","Vertragssprache Druck":"Deutsch","Digitalisat Druck":"-","Vertragsinhalt":"[Pr\u00e4] \u2013 Eheschlie\u00dfung beschlossen: unter Vermittlung von Herzog Ulrich von Mecklenburg und dessen Ehefrau Elisabeth von D\u00e4nemark (341)\r\n\r\n1 \u2013 Brautwerbung stattgegeben, Einwilligung f\u00fcr Braut erteilt\r\n\r\n2 \u2013 Mitgift und Aussteuergeld festgelegt, Zahlung geregelt\r\n\r\n3 \u2013 nach Tod der Braut ohne Kinder: Weiternutzung von Mitgift und Aussteuer durch Br\u00e4utigam geregelt, nach Tod von Br\u00e4utigam R\u00fcckfall von H\u00e4lfte des Aussteuergeldes vereinbart\r\n\r\n4 \u2013 Erbverzicht der Braut geregelt: auf v\u00e4terliches, m\u00fctterliches, br\u00fcderliches Erbe, mit Zustimmung des Br\u00e4utigams\r\n\r\n5 \u2013 Morgengabe geregelt\r\n\r\n6 \u2013 Witweng\u00fcter Witweneink\u00fcnfte festgelegt: ggf. Nachbesserung zugesichert\r\n\r\n7 \u2013 Zustimmung der Br\u00fcder Christophs versprochen: im Gegenzug f\u00fcr Mitgiftzahlung\r\n\r\n8 \u2013 Besichtigung von Witweng\u00fcter geregelt\r\n\r\n[Esch] \u2013 Besiegelung geregelt: auch durch Herzog Ulrich (344f.)\r\n","Regelungen \u00fcber Thronfolge und Regentschaft":"","konfessionelle Regelungen":"","erbrechtliche Regelungen":"Erbverzicht der Braut geregelt: auf v\u00e4terliches, m\u00fctterliches, br\u00fcderliches Erbe, mit Zustimmung des Br\u00e4utigams - 4"},"Einordnung des Vertrags":{"Textbezug zu vergangenen Ereignissen?":"","st\u00e4ndische Instanzen beteiligt?":"","externe Instanzen beteiligt?":"Herzog Ulrich von Mecklenburg als Vermittler - Pr\u00e4, Esch","Ratifikationen, Best\u00e4tigungen, Genehmigungen erw\u00e4hnt?":"Besiegelung geregelt: auch durch Herzog Ulrich von Mecklenburg - Esch","weitere Vertr\u00e4ge zwischen Vertragsparteien im Zusammenhang mit dieser Ehe":"Vergleich von Odense 17.07.1569 zwischen D\u00e4nemark, Schleswig-Holstein: vermittelt u.a. durch Herzog Ulrich von Mecklenburg","Schlagw\u00f6rter":"","Kommentar":"Pr\u00e4, Esch: erw\u00e4hnt Herzog Ulrich von Mecklenburg = Bruder von Br\u00e4utigam, Schwiegervater von Brautbruder","Literatur":"Laursen in DNT II, S. 337-340."}}}