{"Dokument":{"Name":"D\u00e4nemark - Russland","In Bearbeitung":"Nein","main":{"Name":"Ehevertrag D\u00e4nemark - Russland 1601","Zuletzt ge\u00e4ndert":"2017-07 BB"},"Grunddaten Ehevertrag":{"Vertragspartner Br\u00e4utigam":"D\u00e4nemark","Vertragspartner Braut":"Russland","Datum Vertragsschlie\u00dfung":"1601-12-20","Ort Vertragsschlie\u00dfung":"nicht nachgewiesen","Eheschlie\u00dfung vollzogen?":"Nein","verschiedenkonfessionelle Ehe?":"Ja"},"Br\u00e4utigam":{"Br\u00e4utigam Name, Titel":"Johann (Hans) von D\u00e4nemark","Br\u00e4utigam GND":"","Br\u00e4utigam Geburtsjahr":"1583-00-00","Br\u00e4utigam Sterbejahr":"1602-00-00","Br\u00e4utigam Dynastie":"Oldenburg (D\u00e4nemark)","Br\u00e4utigam Konfession":"Evangelisch-Lutherisch"},"Braut":{"Braut Name, Titel":"Xenia (Oxenia) Borissowna Godunova","Braut GND":"","Braut Geburtsjahr":"1581-00-00","Braut Sterbejahr":"1622-00-00","Braut Dynastie":"Hanau","Braut Konfession":"Russisch-Orthodox"},"Akteur Br\u00e4utigam":{"Akteur Br\u00e4utigam Name, Titel":"Christian IV., K\u00f6nig von D\u00e4nemark","Akteur Br\u00e4utigam GND":"http:\/\/d-nb.info\/gnd\/118676059","Akteur Br\u00e4utigam Dynastie":"Oldenburg (D\u00e4nemark)","Akteur Br\u00e4utigam Verh\u00e4ltnis zu Br\u00e4utigam":"Bruder"},"Akteur Braut":{"Akteur Braut Name, Titel":"Boris Godunov, Zar von Russland","Akteur Braut GND":"http:\/\/d-nb.info\/gnd\/118637940","Akteur Braut Dynastie":"Savoyen","Akteur Braut Verh\u00e4ltnis zu Braut":"Vater"},"Vertragstext":{"Archivexemplar":"nicht nachgewiesen","Vertragssprache Archivexemplar":"nicht nachgewiesen","Drucknachweis":"DNT III, S. 131-137","Vertragssprache Druck":"deutsch","Digitalisat Druck":"-","Vertragsinhalt":"[Pr\u00e4] \u2013 Verhandlungen bekundet:\r\n\r\n1 \u2013 Entsendung des Br\u00e4utigams nach Russland verabredet: bis Mai 1602\r\n\r\n2 \u2013 engere Freundschaft zwischen beiden Seiten bekundet\r\n\r\n3 \u2013 Empfang, Geleit des Br\u00e4utigams von Narva bis Moskau geregelt\r\n\r\n4 \u2013 Empfang des Br\u00e4utigams durch Brautvater in Moskau geregelt\r\n\r\n5 \u2013 \u00dcbergabe von F\u00fcrstentum Twer an Johann geregelt: inkl. Herrschaftsrechte\r\n\r\n6 \u2013 f\u00fcrstlicher Rang des Br\u00e4utigams geregelt: wie von Zarensohn, Ehe und Mitgift versprochen\r\n\r\n7 \u2013 F\u00fcrstentum Twer an Br\u00e4utigam als Erbbesitz zugesichert: auch nach kinderloser Ehe oder nach Tod der Braut oder erblich unter Nachkommen des Br\u00e4utigams\r\n\r\n8 \u2013 Religionsfreiheit f\u00fcr Br\u00e4utigam und sein Gefolge zugesichert: inkl. Kirchenbau, nach d\u00e4nischem Ritus, auch im F\u00fcrstentum Twer\r\n\r\n9 \u2013 Herrschaftsaus\u00fcbung im F\u00fcrstentum Twer geregelt: nach russischem Recht\r\n\r\n10 \u2013 Nutzungsrechte des Br\u00e4utigams geregelt\r\n\r\n11 \u2013 Kreuzk\u00fcssung festgelegt (f\u00fcr Gefolge des Br\u00e4utigams?)\r\n\r\n12 \u2013 freier Boten- und Briefverkehr des Br\u00e4utigams nach D\u00e4nemark zugesichert\r\n\r\n13 \u2013 Reisefreiheit des Br\u00e4utigams nach D\u00e4nemark zugesichert: ohne Begleitung der Braut\r\n\r\n14 \u2013 Einhaltung durch Brautvater, dessen Sohn zugesichert\r\n\r\n15 \u2013 durch Umsetzung des Vertrags: Ruhm f\u00fcr K\u00f6nig Christian, Nutzen f\u00fcr D\u00e4nemark, Friedenszustand und gottseliges Lebens f\u00fcr d\u00e4nische Untertanen und die Christenheit beschieden\r\n","Regelungen \u00fcber Thronfolge und Regentschaft":"\u00dcbergabe von F\u00fcrstentum Twer an Johann geregelt: inkl. Herrschaftsrechte - 5\r\n\r\nf\u00fcrstlicher Rang des Br\u00e4utigams geregelt: wie von Zarensohn, Ehe und Mitgift versprochen - 6\r\n\r\nF\u00fcrstentum Twer an Br\u00e4utigam als Erbbesitz zugesichert: auch nach kinderloser Ehe oder nach Tod der Braut oder erblich unter Nachkommen des Br\u00e4utigams - 7\r\n\r\nHerrschaftsaus\u00fcbung im F\u00fcrstentum Twer geregelt: nach russischem Recht - 9\r\n","konfessionelle Regelungen":"Religionsfreiheit f\u00fcr Br\u00e4utigam und sein Gefolge zugesichert: inkl. Kirchenbau, nach d\u00e4nischem Ritus, auch im F\u00fcrstentum Twer - 8","erbrechtliche Regelungen":"F\u00fcrstentum Twer an Br\u00e4utigam als Erbbesitz zugesichert: auch nach kinderloser Ehe oder nach Tod der Braut oder erblich unter Nachkommen des Br\u00e4utigams - 7\r\n"},"Einordnung des Vertrags":{"Textbezug zu vergangenen Ereignissen?":"","st\u00e4ndische Instanzen beteiligt?":"","externe Instanzen beteiligt?":"","Ratifikationen, Best\u00e4tigungen, Genehmigungen erw\u00e4hnt?":"","weitere Vertr\u00e4ge zwischen Vertragsparteien im Zusammenhang mit dieser Ehe":"","Schlagw\u00f6rter":"","Kommentar":"Br\u00e4utigam vor Eheschlie\u00dfung 1602 in Russland verstorben\r\n\r\nVertrag nicht wortgleich mit russischer Ratif. 10.04.1602","Literatur":"Laursen in DNT, S. 123-131"}}}