{"Dokument":{"Name":"Brandenburg-K\u00fcstrin - Braunschweig-Wolfenb\u00fcttel ","In Bearbeitung":"Ja","Einordnung des Vertrags":{"st\u00e4ndische Instanzen beteiligt?":"","externe Instanzen beteiligt?":"","Ratifikationen, Best\u00e4tigungen, Genehmigungen erw\u00e4hnt?":"","weitere Vertr\u00e4ge zwischen Vertragsparteien im Zusammenhang mit dieser Ehe":"","Schlagw\u00f6rter":"","Kommentar":"Vertrag im Original nicht in Artikel unterteilt\n\nDie Seiten wurden nicht konsistent durchnummeriert\n","Literatur":"","Textbezug zu vergangenen Ereignissen?":""},"main":{"Name":"Brandenburg-K\u00fcstrin - Braunschweig-Wolfenb\u00fcttel ","Zuletzt ge\u00e4ndert":"2021-09 JT"},"Grunddaten Ehevertrag":{"Vertragspartner Br\u00e4utigam":"Brandenburg-K\u00fcstrin ","Vertragspartner Braut":"Braunschweig-Wolfenb\u00fcttel","Datum Vertragsschlie\u00dfung":"1529-08-29","Ort Vertragsschlie\u00dfung":"","Eheschlie\u00dfung vollzogen?":"Ja","verschiedenkonfessionelle Ehe?":"unbekannt"},"Br\u00e4utigam":{"Br\u00e4utigam Name, Titel":"Johann (Hans) Markgraf von Brandenburg-K\u00fcstrin","Br\u00e4utigam GND":"http:\/\/d-nb.info\/gnd\/102111553","Br\u00e4utigam Geburtsjahr":"1513-00-00","Br\u00e4utigam Sterbejahr":"1571-00-00","Br\u00e4utigam Dynastie":"Hohenzollern","Br\u00e4utigam Konfession":"R\u00f6misch-Katholisch"},"Braut":{"Braut Name, Titel":"Katharina von Braunschweig-Wolfenb\u00fcttel","Braut GND":"http:\/\/d-nb.info\/gnd\/1079072322","Braut Geburtsjahr":"1518-00-00","Braut Sterbejahr":"1574-00-00","Braut Dynastie":"Welfen","Braut Konfession":"unbekannt"},"Akteur Br\u00e4utigam":{"Akteur Br\u00e4utigam Name, Titel":"Joachim I. Nestor Markgraf von Brandenburg","Akteur Br\u00e4utigam GND":"http:\/\/d-nb.info\/gnd\/119214644","Akteur Br\u00e4utigam Dynastie":"Hohenzollern","Akteur Br\u00e4utigam Verh\u00e4ltnis zu Br\u00e4utigam":"Vater","Akteur Br\u00e4utigam Name, Titel (32)":"Johann (Hans) Markgraf von Brandenburg-K\u00fcstrin","Akteur Br\u00e4utigam GND (65)":"http:\/\/d-nb.info\/gnd\/102111553","Akteur Br\u00e4utigam Dynastie (35)":"Hohenzollern","Akteur Br\u00e4utigam Verh\u00e4ltnis zu Br\u00e4utigam (34)":"Selbst"},"Akteur Braut":{"Akteur Braut Name, Titel":"Heinrich II. (der J\u00fcngere) Herzog von Braunschweig-Wolfenb\u00fcttel","Akteur Braut GND":"http:\/\/d-nb.info\/gnd\/119024918","Akteur Braut Dynastie":"Welfen","Akteur Braut Verh\u00e4ltnis zu Braut":"Vater"},"Vertragstext":{"Archivexemplar":"GStA, I. HA Rep. 78, Nr. 24, fol. 108v-115r","Vertragssprache Archivexemplar":"Deutsch","Digitalisat Archivexemplar":"","Drucknachweis":"","Vertragssprache Druck":"","Digitalisat Druck":"","Vertragsinhalt":"Artikel 1 (fol. 109r): Ehe beschlossen\n\nArtikel 2 (fol. 109r): Beilager festgelegt, Datum festgelegt\n\nArtikel 3 (fol. 109r-109v): achtj\u00e4hrige Frist festgelegt\n\nArtikel 4 (fol. 109v): Die Mitgift betr\u00e4gt 15.000 Gulden, Groschensumme festgelegt\n\nArtikel 5 (fol. 109v): Zahlungsregelungen hinsichtlich der Mitgift: 10.000 Gulden nach vollzogenem Beilager, die gesamten 15.000 Gulden m\u00fcssen innerhalb eines Jahres ganz gezahlt werden, Zahlungstermine festgelegt, Zahlung von 5.000 Gulden mit Schuldverschreibung\n\nArtikel 6 (fol. 109v): Erbverzicht der Braut auf alles v\u00e4terliche, m\u00fctterliche und br\u00fcderliche Erbe. Der Erbfall f\u00fcr die Braut tritt erst ein, wenn alle m\u00e4nnlichen Erben ihres Hauses versterben, Anfertigung eines Verzichtbriefs geregelt\n\nArtikel 7 (fol. 110r): Aussteuer mit Kleidern, Silbergeschirr, etc. zugesprochen, wie es ihrem Stand entspricht\n\nArtikel 8 (fol. 110r): Die Widerlage betr\u00e4gt 15.000 Gulden\n\nArtikel 9 (fol. 110r): Morgengabe versprochen, Verschreibung von Mitgift, Widerlage und Morgengabe geregelt, anderweitige Verschreibung ausgeschlossen\n\nArtikel 10 (fol. 110r): Anlage des Heiratsgutes geregelt; F\u00fcrstlicher Sitz der Braut erw\u00e4hnt\n\nArtikel 11 (fol. 110r): Renten, Jagdrechte etc. geregelt, Verweisung und Versorgung geregelt\n\nArtikel 12 (fol. 110r): Die Braut erh\u00e4lt j\u00e4hrlich 4 500 Gulden\n\nArtikel 13 (fol. 110r-110v): Jagdrechte, Frondienste, Fischereirechte, Zinsgeld, etc. geregelt\n\nArtikel 14 (fol. 110v): Regelungen bez\u00fcglich der Untertanen auf dem Wittum: Bussen und Strafen unter der Billigkeit geregelt\n\nArtikel 15 (fol. 110v): Ausstattung der Amtleute etc. mit 40 Pferden geregelt\n\nArtikel 16 (fol. 110v): Huldigung und Schw\u00fcre der Amtleute und Untertanen der Braut gegen\u00fcber geregelt\n\nArtikel 17 (fol. 110v): Vererbung der halben Widerlage an die m\u00e4nnlichen Erben des Br\u00e4utigams geregelt; Zinsen, Pachten, Nutzungsrechte der Braut festgelegt\n\nArtikel 18 (fol. 110v-111r): Versorgung der Braut durch einen Verschreibungsbrief geregelt\n\nArtikel 19 (fol. 111r): Bei Bestellung neuer Amtleute: Huldigung und Eide gegen\u00fcber der Braut geregelt\n\nArtikel 20 (fol. 111r-111v): Falls das Wittum durch einen Brand o.\u00e4. besch\u00e4digt wurde: Ersatz geregelt, Erstattung von Holz und Hilfeleistung durch die Erben des Br\u00e4utigams geregelt\n\nArtikel 21 (fol. 111v): Schutz der Braut, des Leibgedinges und der Morgengabe durch die Erben des Br\u00e4utigams geregelt; Versicherung von Leibgedinge und Morgengabe erw\u00e4hnt\n\nArtikel 22 (fol. 111v): Besichtigung der Witweng\u00fcter durch den Brautvater geregelt\n\nArtikel 23 (fol. 111v-112r): Wenn die Braut vor dem Br\u00e4utigam verstirbt und keine gemeinsamen Leibserben vorhanden sind: Anfertigung einer Inventarliste der Aussteuer notwendig; der Br\u00e4utigam erh\u00e4lt das lebenslange Nutzungsrecht \u00fcber die Aussteuer (und die Mitgift?), nach dessen Tod f\u00e4llt die G\u00fcter an den Brautvater, dessen n\u00e4chste Erben und die n\u00e4chsten Erben der Braut\n\nArtikel 24 (fol. 112r-112v): Solange bis die Mitgift und die Aussteuer nach dem Tod der Braut nicht zur\u00fcckgezahlt wurden, erh\u00e4lt der Brautvater oder dessen Erben das Verf\u00fcgungsrecht \u00fcber die Witweng\u00fcter und 900 Gulden j\u00e4hrlich; Eide und Schw\u00fcre der Amtleute und Untertanen auf den Witweng\u00fctern gegen\u00fcber der Braut, dem Brautvater oder dessen Erben geregelt; Erbhuldigung erw\u00e4hnt; Entbindung der Eide der Amtleute und Untertanen dem Br\u00e4utigam und dessen Erben gegen\u00fcber geregelt\n\nArtikel 25 (fol. 112v-113r): Wenn gemeinsame Leibserben vorhanden sind und diese versterben: Die vorherigen Regelungen behalten ihre G\u00fcltigkeit\n\nArtikel 26 (fol. 113r): Wenn die Braut oder das Brautpaar versterben und gemeinsame Leibserben vorhanden sind: Die Widerlage, das Heiratsgut, etc. sollen an diese Erben vererbt werden\n\nArtikel 27 (fol. 113r-113v): Wenn der Br\u00e4utigam vor der Braut verstirbt und gemeinsame Leibserben vorhanden sind oder nicht: Die Braut erh\u00e4lt die Mitgift, die Widerlage und die Morgengabe; Antritt des Wittums geregelt; Leibgedingebrief erw\u00e4hnt; die Braut erh\u00e4lt das lebenslange Nutzungsrecht am Leibgedinge; die Braut erh\u00e4lt die Aussteuer; Versorgung mit Wein und Bier geregelt; Erstattung von M\u00e4ngel, auch bei der Rente, durch die Erben des Br\u00e4utigams geregelt \n\nArtikel 28 (fol. 113v-NNr): Wenn die Braut erneut heiratet: Abl\u00f6sung des Leibgedinges mit 30.000 Gulden geregelt, sofern keine m\u00e4nnlichen Leibserben aus der Ehe vorhanden sind; wenn m\u00e4nnliche Leibserben aus der Ehe vorhanden sind, betr\u00e4gt die Abl\u00f6sesumme 25.000 Gulden; wollen die Erben des Br\u00e4utigams die Summe der Widerlage nicht direkt ausbezahlen, erh\u00e4lt die Braut die j\u00e4hrliche Verzinsung von 1.500 Gulden; Regelungen bez\u00fcglich der Zinsen; lebenslanges Nutzungsrecht geregelt\n\nArtikel 29 (fol. NNr-NNv): Abtretung des Leibgedinges geregelt; Entbindung von Eiden und Schw\u00fcren der Amtleute, V\u00f6gte, Lehnsm\u00e4nner und Untertanen der Braut gegen\u00fcber geregelt; Versicherung und Verschreibung \u00fcber die gezahlte Abl\u00f6sesumme notwendig; lebenslanges Nutzungsrecht der Braut \u00fcber die Abl\u00f6sesumme geregelt; nach dem Tod der Braut erben die Erben des Br\u00e4utigams oder deren Erben die Abl\u00f6sesumme, wenn keine gemeinsamen Erben aus der ersten Ehe vorhanden sind, erben der Brautvater oder dessen Erben die Summe\n\nArtikel 30 (fol. NNv): Bis die 15.000 oder 25.000 Gulden zur\u00fcckgezahlt wurden, verf\u00fcgt die Braut \u00fcber die H\u00e4lfte des Leibgedinges\n\nArtikel 31 (fol. NNv): Leibgedingebrief und Best\u00e4tigung erw\u00e4hnt\n\nArtikel 32 (fol NNv): Die Braut wird f\u00fcr keinerlei Schulden des Br\u00e4utigams pfandbar gemacht\n\nArtikel 33 (fol. NNv): Schulden der Braut nach Antritt des Wittums sollen die Erben mit der Widerlage begleichen\n\nArtikel 34 (fol. NNv-114r): Verkauf, Versetzung, etc. der Wittumsg\u00fcter ohne Einverst\u00e4ndnis des Br\u00e4utigamvaters oder dessen Erben verboten\n\nArtikel 35 (fol. 114r): Gebrauch des Wittums durch den Br\u00e4utigamvater oder dessen Erben ohne Einverst\u00e4ndnis der Braut ausgeschlossen; die geistlichen und weltlichen Lehen auf den Witweng\u00fctern k\u00f6nnen durch die Braut vergeben werden, die Ritterlehen sind davon ausgeschlossen; wenn die Braut erneut heiratet, liegt die Lehnsherrschaft bei dem Haus des Br\u00e4utigams; Frondienste geregelt; verschriebene H\u00fctten sollen durch die Erben bezahlt werden\n\nArtikel 36 (fol. 114r-114v): \u00d6ffnung des Wittums geregelt; Steuern geregelt\n\nArtikel 37 (fol. 114v): Beilager geregelt; Frist von 8 Jahren festgelegt; Aussteuer zugesprochen\n\nArtikel 38 (fol. 114v): Einwilligung der Braut geregelt; Einwilligung des Br\u00e4utigams geregelt\n\nArtikel 39 (fol. 114v): Wenn die Braut oder der Br\u00e4utigam vor dem Beilager versterben: Vertrag ung\u00fcltig\n\nArtikel 40 (fol. 114v): Wenn eine Partei den Vertrag innerhalb der 8 Jahre nicht erf\u00fcllen will: Zahlung von 10.000 Gulden vorgeschrieben\n\nArtikel 41 (fol. 114v-115r): Einhaltung des Vertrages versprochen\n","Regelungen \u00fcber Thronfolge und Regentschaft":"","konfessionelle Regelungen":"","erbrechtliche Regelungen":"Artikel 6 (fol. 109v): Erbverzicht der Braut auf alles v\u00e4terliche, m\u00fctterliche und br\u00fcderliche Erbe. Der Erbfall f\u00fcr die Braut tritt erst ein, wenn alle m\u00e4nnlichen Erben ihres Hauses versterben, Anfertigung eines Verzichtbriefs geregelt\n\nArtikel 17 (fol. 110v): Vererbung der halben Widerlage an die m\u00e4nnlichen Erben des Br\u00e4utigams geregelt; Zinsen, Pachten, Nutzungsrechte der Braut festgelegt\n\nArtikel 23 (fol. 111v-112r): Wenn die Braut vor dem Br\u00e4utigam verstirbt und keine gemeinsamen Leibserben vorhanden sind: Anfertigung einer Inventarliste der Aussteuer notwendig; der Br\u00e4utigam erh\u00e4lt das lebenslange Nutzungsrecht \u00fcber die Aussteuer (und die Mitgift?), nach dessen Tod f\u00e4llt die G\u00fcter an den Brautvater, dessen n\u00e4chste Erben und die n\u00e4chsten Erben der Braut\n\nArtikel 24 (fol. 112r-112v): Solange bis die Mitgift und die Aussteuer nach dem Tod der Braut nicht zur\u00fcckgezahlt wurden, erh\u00e4lt der Brautvater oder dessen Erben das Verf\u00fcgungsrecht \u00fcber die Witweng\u00fcter und 900 Gulden j\u00e4hrlich; Eide und Schw\u00fcre der Amtleute und Untertanen auf den Witweng\u00fctern gegen\u00fcber der Braut, dem Brautvater oder dessen Erben geregelt; Erbhuldigung erw\u00e4hnt; Entbindung der Eide der Amtleute und Untertanen dem Br\u00e4utigam und dessen Erben gegen\u00fcber geregelt\n\nArtikel 25 (fol. 112v-113r): Wenn gemeinsame Leibserben vorhanden sind und diese versterben: Die vorherigen Regelungen behalten ihre G\u00fcltigkeit\n\nArtikel 26 (fol. 113r): Wenn die Braut oder das Brautpaar versterben und gemeinsame Leibserben vorhanden sind: Die Widerlage, das Heiratsgut, etc. sollen an diese Erben vererbt werden\n\nArtikel 27 (fol. 113r-113v): Wenn der Br\u00e4utigam vor der Braut verstirbt und gemeinsame Leibserben vorhanden sind oder nicht: Die Braut erh\u00e4lt die Mitgift, die Widerlage und die Morgengabe; Antritt des Wittums geregelt; Leibgedingebrief erw\u00e4hnt; die Braut erh\u00e4lt das lebenslange Nutzungsrecht am Leibgedinge; die Braut erh\u00e4lt die Aussteuer; Versorgung mit Wein und Bier geregelt; Erstattung von M\u00e4ngel, auch bei der Rente, durch die Erben des Br\u00e4utigams geregelt \n\nArtikel 29 (fol. unfol. r-unfol. v): Abtretung des Leibgedinges geregelt; Entbindung von Eiden und Schw\u00fcren der Amtleute, V\u00f6gte, Lehnsm\u00e4nner und Untertanen der Braut gegen\u00fcber geregelt; Versicherung und Verschreibung \u00fcber die gezahlte Abl\u00f6sesumme notwendig; lebenslanges Nutzungsrecht der Braut \u00fcber die Abl\u00f6sesumme geregelt; nach dem Tod der Braut erben die Erben des Br\u00e4utigams oder deren Erben die Abl\u00f6sesumme, wenn keine gemeinsamen Erben aus der ersten Ehe vorhanden sind, erben der Brautvater oder dessen Erben die Summe\n"}}}