{"Dokument":{"Name":"Anhalt-Dessau - Hessen-Kassel","In Bearbeitung":"Nein","main":{"Name":"Ehevertrag Anhalt-Dessau - Hessen-Kassel 1623","Zuletzt ge\u00e4ndert":"2017-12 BB"},"Grunddaten Ehevertrag":{"Vertragspartner Br\u00e4utigam":"Anhalt-Dessau","Vertragspartner Braut":"Hessen-Kassel","Datum Vertragsschlie\u00dfung":"1623-05-17","Ort Vertragsschlie\u00dfung":"Dessau","Eheschlie\u00dfung vollzogen?":"Ja","verschiedenkonfessionelle Ehe?":"Nein"},"Br\u00e4utigam":{"Br\u00e4utigam Name, Titel":"Johann Kasimir, F\u00fcrst von Anhalt-Dessau","Br\u00e4utigam GND":"http:\/\/d-nb.info\/gnd\/100858457","Br\u00e4utigam Geburtsjahr":"1596-00-00","Br\u00e4utigam Sterbejahr":"1660-00-00","Br\u00e4utigam Dynastie":"Askanier (Anhalt)","Br\u00e4utigam Konfession":"Evangelisch-Reformiert"},"Braut":{"Braut Name, Titel":"Agnes von Hessen-Kassel","Braut Geburtsjahr":"1606-00-00","Braut Sterbejahr":"1650-00-00","Braut Dynastie":"Hessen (Kassel)","Braut Konfession":"Evangelisch-Reformiert"},"Akteur Br\u00e4utigam":{"Akteur Br\u00e4utigam Name, Titel":"Johann Kasimir, F\u00fcrst von Anhalt-Dessau","Akteur Br\u00e4utigam GND":"http:\/\/d-nb.info\/gnd\/100858457","Akteur Br\u00e4utigam Dynastie":"Askanier (Anhalt)","Akteur Br\u00e4utigam Verh\u00e4ltnis zu Br\u00e4utigam":"selbst"},"Akteur Braut":{"Akteur Braut Name, Titel":"Moritz, Landgraf von Hessen-Kassel","Akteur Braut GND":"http:\/\/d-nb.info\/gnd\/11858412X","Akteur Braut Dynastie":"Hessen (Kassel)","Akteur Braut Verh\u00e4ltnis zu Braut":"Vater"},"Vertragstext":{"Archivexemplar":"Marburg, Staatsarchiv, Urk. 3, Nr. 278","Vertragssprache Archivexemplar":"Deutsch","Drucknachweis":"nicht nachgewiesen","Vertragssprache Druck":"nicht nachgewiesen","Digitalisat Druck":"-","Vertragsinhalt":"[Pr\u00e4] \u2013 zu Lob und Ehre Gottes, zur Erhaltung, Vermehrung und Best\u00e4tigung von Freundschaft, Liebe und Korrespondenz zwischen beiden F\u00fcrtsenh\u00e4usern, zu Wohlfahrt und F\u00f6rderung von Land und Leuten beider Seiten: Eheabrede bekundet (3)\r\n\r\n[1] \u2013 mit Rat und Zustimmung von Verwandten des Brautvaters, nach Brautwerbung: Einwilligung f\u00fcr Braut erteilt, Hochzeit in Dessau vereinbart, Eheversprechen von Br\u00e4utigam erteilt (3)\r\n\r\n[2] \u2013 Mitgift festgelegt: gem\u00e4\u00df hessischem Hausrecht, W\u00e4hrung und Zahlung geregelt, Aussteuer geregelt, im Gegenzug f\u00fcr Erbverzicht der Braut (3-4)\r\n\r\n[3] \u2013 Widerlage festgelegt, Anlage von Mitgift und Morgengabe zur Witwenversorgung zugesichert: mit Zustimmung von Verwandten des Br\u00e4utigams, Witweng\u00fcter angewiesen, Witweneink\u00fcnfte festgelegt, Nutzungsrechte geregelt (4-5)\r\n\r\n[4] \u2013 Witwensitz geregelt: au\u00dferhalb von Witweng\u00fctern in Residenzstadt Dessau, Einrichtung und Ausstattung geregelt \u2013 Vereidigung und Rechtsstellung von Bediensteten auf Witweng\u00fctern geregelt (5-6)\r\n\r\n[5] \u2013 Witweng\u00fcter und Witwensitz geregelt: Ersatz im Schadensfall und bei Zerst\u00f6rungen geregelt, Schutz zugesichert (6)\r\n\r\n[6] \u2013 Morgengabe festgelegt: Verzinsung, Nutzung und Vererbung geregelt (7)\r\n\r\n[7] \u2013 nach Tod der Braut ohne Kinder: lebenslane Nutzung von Mitgift und Aussteuer durch Br\u00e4utigam, danach R\u00fcckfall geregelt, Witweng\u00fcter bis zum R\u00fcckfall als Pfand gestellt (7-8)\r\n\r\n[8] \u2013 Witweng\u00fcter geregelt: Rechtsstellung von Amtleuten und Untertanen geregelt (8)\r\n\r\n[9] \u2013 Vererbung von Mitgift, Widerlage und Aussteuer an \u00fcberlebende Kinder geregelt (8)\r\n\r\n[10] \u2013 nach Tod des Br\u00e4utigams: Verf\u00fcgung der Braut \u00fcber Aussteuer und Zugewinn zugesichert (8-9)\r\n\r\n[11] \u2013 Witweng\u00fcter geregelt: Austattung bei Bezug geregelt, R\u00fcckfall nach Tod der Braut als Witwe geregelt (9)\r\n\r\n[12] \u2013 bei zweiter Ehe der Braut: Auszahlung von Mitgift an Braut, lebenslange Verzinsung von Widerlage geregelt, Abtretung von Witweng\u00fctern, Entlassung von Amtleuten und Untertanen und R\u00fcckgabe der Verschreibungsurkunden geregelt (9)\r\n\r\n[13] \u2013 nach Abl\u00f6sung von Witweng\u00fctern: R\u00fcckfall von Widerlage abgesichert durch Verschreibungsurkunden (9-10)\r\n\r\n[14] \u2013 nach Tod der Braut ohne \u00fcberlebende Kinder: R\u00fcckfall der Mitgift geregelt (10)\r\n\r\n[15] \u2013 bei zweiter Ehe der Braut: Vererbung von Mitgift an Kinder aus erster und zweiter Ehe geregelt, Vererbung der Morgengabe f\u00fcr Kinder aus erster Ehe vorbehalten (10)\r\n\r\n[16] \u2013 Indemnit\u00e4t der Braut von Schulden des Br\u00e4utigams geregelt (10)\r\n\r\n[17] \u2013 Witweng\u00fcter geregelt: Erhaltung geregelt, Ver\u00e4u\u00dferung verboten, \u00d6ffnung f\u00fcr Haus Anhalt zugesichert, weltliche und geistliche Herrschaftsrechte vorbehalten (10-11)\r\n\r\n[18] \u2013 Einhaltung zugesichert: von Br\u00e4utigam auch in Vormundschaft f\u00fcr unm\u00fcndigen Bruder (11)\r\n\r\n[Esch] \u2013 Zustimmung erteilt von Vettern des Br\u00e4utigams: als F\u00fcrsten von Anhalt-Bernburg, Anhalt-Zerbst und Anhalt-K\u00f6then (11-12)\r\n","erbrechtliche Regelungen":"Mitgift festgelegt: im Gegenzug f\u00fcr Erbverzicht der Braut - 2\r\n\r\nMorgengabe festgelegt: Verzinsung, Nutzung und Vererbung - 6\r\n\r\nVererbung von Mitgift, Widerlage und Aussteuer an \u00fcberlebende Kinder geregelt - 9\r\n\r\nbei zweiter Ehe der Braut: Vererbung von Mitgift an Kinder aus erster und zweiter Ehe geregelt, Vererbung der Morgengabe f\u00fcr Kinder aus erster Ehe vorbehalten - 15"},"Einordnung des Vertrags":{"Textbezug zu vergangenen Ereignissen?":"","st\u00e4ndische Instanzen beteiligt?":"","externe Instanzen beteiligt?":"Zustimmung erteilt von Vettern des Br\u00e4utigams: als F\u00fcrsten von Anhalt-Bernburg, Anhalt-Zerbst und Anhalt-K\u00f6then - Esch","Ratifikationen, Best\u00e4tigungen, Genehmigungen erw\u00e4hnt?":"Zustimmung erteilt von Vettern des Br\u00e4utigams: als F\u00fcrsten von Anhalt-Bernburg, Anhalt-Zerbst und Anhalt-K\u00f6then - Esch","weitere Vertr\u00e4ge zwischen Vertragsparteien im Zusammenhang mit dieser Ehe":"","Schlagw\u00f6rter":"","Kommentar":"-","Literatur":"-"}}}