{"Dokument":{"Name":"Frankreich - Navarra","In Bearbeitung":"Nein","main":{"Name":"Ehevertrag Frankreich - Navarra 1548","Zuletzt ge\u00e4ndert":"2017-07 BB"},"Grunddaten Ehevertrag":{"Vertragspartner Br\u00e4utigam":"Frankreich","Vertragspartner Braut":"Navarra","Datum Vertragsschlie\u00dfung":"1548-10-20","Ort Vertragsschlie\u00dfung":"Moulins","Eheschlie\u00dfung vollzogen?":"Ja","verschiedenkonfessionelle Ehe?":"Nein"},"Br\u00e4utigam":{"Br\u00e4utigam Name, Titel":"Anton von Bourbon, Herzog von Vend\u00f4me (Antoine)","Br\u00e4utigam GND":"http:\/\/d-nb.info\/gnd\/101988095","Br\u00e4utigam Geburtsjahr":"1518-00-00","Br\u00e4utigam Sterbejahr":"1562-00-00","Br\u00e4utigam Dynastie":"Bourbon (Frankreich)","Br\u00e4utigam Konfession":"R\u00f6misch-Katholisch"},"Braut":{"Braut Name, Titel":"Johanna von Albret (Jeanne d\u2019Albret)","Braut GND":"http:\/\/d-nb.info\/gnd\/102292906","Braut Geburtsjahr":"1528-00-00","Braut Sterbejahr":"1572-00-00","Braut Dynastie":"Albret","Braut Konfession":"R\u00f6misch-Katholisch"},"Akteur Br\u00e4utigam":{"Akteur Br\u00e4utigam Name, Titel":"Anton von Bourbon, Herzog von Vend\u00f4me (Antoine)","Akteur Br\u00e4utigam GND":"http:\/\/d-nb.info\/gnd\/101988095","Akteur Br\u00e4utigam Dynastie":"Bourbon (Frankreich)","Akteur Br\u00e4utigam Verh\u00e4ltnis zu Br\u00e4utigam":"selbst"},"Akteur Braut":{"Akteur Braut Name, Titel":"Heinrich II., K\u00f6nig von Navarra (Henri)","Akteur Braut GND":"http:\/\/d-nb.info\/gnd\/132311151","Akteur Braut Dynastie":"Albret","Akteur Braut Verh\u00e4ltnis zu Braut":"Vater"},"Vertragstext":{"Archivexemplar":"nicht nachgewiesen","Vertragssprache Archivexemplar":"nicht nachgewiesen","Digitalisat Archivexemplar":"-","Drucknachweis":"Dumont 1726-1739, Bd. IV:2, S. 343 f.","Vertragssprache Druck":"Franz\u00f6sisch","Digitalisat Druck":"https:\/\/gallica.bnf.fr\/ark:\/12148\/bpt6k1263439g\/f357.item","Vertragsinhalt":"[Pr\u00e4] \u2013 Wunsch nach Einigkeit und Frieden zwischen F\u00fcrsten des K\u00f6nigreichs bekundet \u2013 Erkenntnis bekundet: Einigkeit, Loyalit\u00e4t, Gehorsam und Treue gegen\u00fcber dem K\u00f6nig st\u00e4rken und sichern K\u00f6nigreich und Krone \u2013 Wissen um Ehe als das festeste Band der Freundschaft bekundet\u2013 aus Verlangen nach Ann\u00e4herung der H\u00e4user Vendonois und Navarra bekundet \u2013 Erkenntnis bekundet : Ehe sei von beiden Seiten gew\u00fcnscht \u2013 mit der Zustimmung beider Seiten vor dem K\u00f6nig: Eheschlie\u00dfung vereinbart, Vertragsartikel mit Zustimmung des K\u00f6nigs beschlossen und bekundet (343 li)\r\n\r\n[1] \u2013 Eheschlie\u00dfung vereinbart: nach Erlangung von katholischer Dispens (343 re)\r\n\r\n[2] \u2013 Mitgift festgelegt: Zahlung geregelt, zu Zwei Dritteln als erbliches Eigentum der Braut (343 re)\r\n\r\n[3] \u2013  falls Sohn von Brautvater in 2. Ehe geboren: Erbanspr\u00fcche der Braut geregelt (343 re)\r\n\r\n[4] \u2013 Witweneink\u00fcnfte festgelegt, Witwenversorgung geregelt: aus bestimmten Grafschaften und Herrschaften, Witwensitz geregelt (343 re)\r\n\r\n[5] \u2013 erstgeborener Sohn zu Gesamterbe eingesetzt: nach Primogeniturrecht, Wappenf\u00fchrung in Frankreich und Navarra geregelt, Pflichten gegen\u00fcber Geschwistern geregelt (343 re)\r\n\r\n[6] \u2013 Brautjuwelen geregelt (343 re)\r\n\r\n[7] \u2013 G\u00fctergemeinschaft der Brautleute an Mobilien und Erwerbungen geregelt: nach Tod von Br\u00e4utigam Aufl\u00f6sung der G\u00fctergemeinschaft, Besitzanspr\u00fcche der Braut, Witwenversorgung geregelt (343 re \u2013 344 li)\r\n\r\n[8] \u2013 nach Tod von Br\u00e4utigam: Vormundschaft der Braut \u00fcber, Regentschaft f\u00fcr Kinder geregelt: bis zur M\u00fcndigkeit der Kinder (344 li)\r\n\r\n[9] \u2013 G\u00fcterausstattung des Br\u00e4utigams durch Onkel, Mutter des Br\u00e4utigams geregelt: mit bestimmten Herzogt\u00fcmern, Grafschaften und Herrschaften, aus Erbg\u00fctern, u.a. als Muttererbe, gem\u00e4\u00df Hausvertr\u00e4gen 04.04.1547, 14.05.1547 (344 li)\r\n\r\n[Esch] \u2013 Einhaltung zugesichert\r\n","Regelungen \u00fcber Thronfolge und Regentschaft":"erstgeborener Sohn zu Gesamterbe eingesetzt: nach Primogeniturrecht, Wappenf\u00fchrung in Frankreich und Navarra geregelt, Pflichten gegen\u00fcber Geschwistern geregelt - 5\r\n\r\nnach Tod von Br\u00e4utigam: Vormundschaft der Braut \u00fcber, Regentschaft f\u00fcr Kinder geregelt: bis zur M\u00fcndigkeit der Kinder - 8\r\n","konfessionelle Regelungen":"","erbrechtliche Regelungen":"Mitgift festgelegt: Zahlung geregelt, zu zwei Dritteln als erbliches Eigentum der Braut  - 2\r\n\r\nfalls Sohn von Brautvater in 2. Ehe geboren: Erbanspr\u00fcche der Braut geregelt  - 3\r\n\r\nerstgeborener Sohn zu Gesamterbe eingesetzt: nach Primogeniturrecht, Wappenf\u00fchrung in Frankreich und Navarra geregelt, Pflichten gegen\u00fcber Geschwistern geregelt - 5\r\n\r\n"},"Einordnung des Vertrags":{"Textbezug zu vergangenen Ereignissen?":"Hausvertr\u00e4ge 04.04.1547, 14.05.1547 erw\u00e4hnt - 9","st\u00e4ndische Instanzen beteiligt?":"","externe Instanzen beteiligt?":"Erlangung von Dispens erw\u00e4hnt - 1","Ratifikationen, Best\u00e4tigungen, Genehmigungen erw\u00e4hnt?":"","weitere Vertr\u00e4ge zwischen Vertragsparteien im Zusammenhang mit dieser Ehe":"","Schlagw\u00f6rter":"","Kommentar":"-","Literatur":"-"}}}