{"Dokument":{"Name":"Pfalz (Kurpfalz) - Gro\u00dfbritannien","In Bearbeitung":"Nein","main":{"Name":"Ehevertrag Pfalz (Kurpfalz) - Gro\u00dfbritannien 1612","Zuletzt ge\u00e4ndert":"2017-09 BB"},"Vertragstext":{"erbrechtliche Regelungen":"bei zweiter Ehe der Braut: Vererbung der Mitgift an Kinder nach Tod der Braut geregelt, Testierrecht der Braut geregelt - 12","Archivexemplar":"TNA E 30 \/ 1180 (nach Parry\/Hopkins, Bd. II, S. 49)","Vertragssprache Archivexemplar":"nicht nachgewiesen","Digitalisat Archivexemplar":"-","Drucknachweis":"Rymer 1704-1717, Bd. XVI, S. 725-727","Vertragssprache Druck":"Lateinisch","Digitalisat Druck":"-","Vertragsinhalt":"[Pr\u00e4] \u2013 zu Lob und Ehren Gottes, zur Verbreitung des wahren christlichen Glaubens, zur Festigung von Frieden und Freundschaft zwischen benachbarten F\u00fcrsten, zur Mehrung der Ehre von Braut und Br\u00e4utigam, nach ernsthaften Eheverhandlungen zwischen den Verhandlern beider Seiten: Vertragsabschluss bekundet (725 li \u2013 726 li)\r\n\r\n[1] \u2013 pers\u00f6nliche kirchliche Trauung in England vereinbart: nach Eheschlie\u00dfung (726 li)\r\n\r\n[2] \u2013 Mitgift festgelegt: Zahlung geregelt (726 li)\r\n\r\n[3] \u2013 Witweneink\u00fcnfte festgelegt: Zahlung geregelt (726 li)\r\n\r\n[4] \u2013 Anweisung von Witweng\u00fctern geregelt (726 li \u2013 re)\r\n\r\n[5] \u2013 Anweisung von Witwensitz geregelt (726 re)\r\n\r\n[6] \u2013 Unterhalt f\u00fcr Braut w\u00e4hrend der Ehe festgelegt: zus\u00e4tzlich zu Kosten f\u00fcr Hofstaat (726 re)\r\n\r\n[7] \u2013 Hofstaat der Braut w\u00e4hrend der Ehe festgelegt: Bestellung von Bediensteten geregelt, nach Ausweis von angeh\u00e4ngter Aufz\u00e4hlung [in Suppl.] (726 re)\r\n\r\n[8] \u2013 anglikanische Religionsaus\u00fcbung f\u00fcr Braut und ihren Hofstaat geregelt (726 re)\r\n\r\n[9] \u2013 \u00dcberf\u00fchrung der Braut in die Pfalz geregelt (726 re)\r\n\r\n[10] \u2013 nach Tod von Br\u00e4utigam: freie Wahl von Wohnsitz zugesichert an Braut w\u00e4hrend Witwenzeit, Witwenversorgung geregelt (727 li)\r\n\r\n[11] \u2013 Eheschlie\u00dfung der Kinder geregelt: mit Zustimmung des englischen K\u00f6nigs, ggf. Mitgiftzulage von Braut f\u00fcr T\u00f6chter geregelt\r\n\r\n[12] \u2013 bei zweiter Ehe der Braut: Abfindung von Witweneink\u00fcnften im Gegenzug f\u00fcr Auszahlung der Mitgift geregelt, Vererbung der Mitgift an Kinder nach Tod der Braut geregelt, Testierrecht der Braut geregelt (727 li \u2013 re)\r\n\r\n[13] \u2013 Ratifikation geregelt: Wiederholung von Ratifkation nach erlangter Vollj\u00e4hrigkeit von Br\u00e4utigam geregelt, Verzicht auf Einrede zugesichert (727 re)\r\n\r\n[Suppl] \u2013 Hofstaat der Braut w\u00e4hrend der Ehe festgelegt: Posten und Besoldung aufgez\u00e4hlt (728 li \u2013 re)\r\n","Regelungen \u00fcber Thronfolge und Regentschaft":"","konfessionelle Regelungen":" anglikanische Religionsaus\u00fcbung f\u00fcr Braut und ihren Hofstaat geregelt - 8"},"Einordnung des Vertrags":{"Textbezug zu vergangenen Ereignissen?":"","st\u00e4ndische Instanzen beteiligt?":"","externe Instanzen beteiligt?":"","Ratifikationen, Best\u00e4tigungen, Genehmigungen erw\u00e4hnt?":"Ratifikation geregelt: Wiederholung von Ratifkation nach erlangter Vollj\u00e4hrigkeit von Br\u00e4utigam geregelt, Verzicht auf Einrede zugesichert - 13","weitere Vertr\u00e4ge zwischen Vertragsparteien im Zusammenhang mit dieser Ehe":"B\u00fcndnis von Wesel 28.03.1612","Schlagw\u00f6rter":"","Kommentar":"-","Literatur":"-"},"Grunddaten Ehevertrag":{"Vertragspartner Br\u00e4utigam":"Pfalz (Kurpfalz)","Vertragspartner Braut":"Gro\u00dfbritannien","Datum Vertragsschlie\u00dfung":"1612-11-17","Ort Vertragsschlie\u00dfung":"Westminster","Eheschlie\u00dfung vollzogen?":"Ja","verschiedenkonfessionelle Ehe?":"Ja"},"Br\u00e4utigam":{"Br\u00e4utigam Name, Titel":"Friedrich V., Kurf\u00fcrst von der Pfalz (sp\u00e4ter auch K\u00f6nig von B\u00f6hmen)","Br\u00e4utigam GND":"http:\/\/d-nb.info\/gnd\/118693522","Br\u00e4utigam Geburtsjahr":"1596-00-00","Br\u00e4utigam Sterbejahr":"1632-00-00","Br\u00e4utigam Dynastie":"Wittelsbach (Pfalz)","Br\u00e4utigam Konfession":"Evangelisch-Reformiert"},"Braut":{"Braut Name, Titel":"Elisabeth, Prinzessin von England und Schottland","Braut GND":"http:\/\/d-nb.info\/gnd\/119352540","Braut Geburtsjahr":"1596-00-00","Braut Sterbejahr":"1662-00-00","Braut Dynastie":"Stuart","Braut Konfession":"Anglikanisch"},"Akteur Br\u00e4utigam":{"Akteur Br\u00e4utigam Name, Titel":"Johann II., Pfalzgraf von Zweibr\u00fccken, Administrator von Kurpfalz","Akteur Br\u00e4utigam GND":"http:\/\/d-nb.info\/gnd\/100006000","Akteur Br\u00e4utigam Dynastie":"Wittelsbach (Pfalz)","Akteur Br\u00e4utigam Verh\u00e4ltnis zu Br\u00e4utigam":"Vetter, als Vormund","Akteur Br\u00e4utigam Name, Titel (32)":"Friedrich V., Kurf\u00fcrst von der Pfalz (sp\u00e4ter auch K\u00f6nig von B\u00f6hmen)","Akteur Br\u00e4utigam GND (65)":"http:\/\/d-nb.info\/gnd\/118693522","Akteur Br\u00e4utigam Dynastie (35)":"Wittelsbach (Pfalz)","Akteur Br\u00e4utigam Verh\u00e4ltnis zu Br\u00e4utigam (34)":"selbst"},"Akteur Braut":{"Akteur Braut Name, Titel":"Jakob I., K\u00f6nig von England, zugleich als Jakob VI., K\u00f6nig von Schottland (James)","Akteur Braut GND":"http:\/\/d-nb.info\/gnd\/118639889","Akteur Braut Dynastie":"Stuart","Akteur Braut Verh\u00e4ltnis zu Braut":"Vater"}}}