{"Dokument":{"Name":"Mecklenburg-Schwerin - Brandenburg","In Bearbeitung":"Nein","main":{"Name":"Ehevertrag Mecklenburg-Schwerin - Brandenburg 1507","Zuletzt ge\u00e4ndert":"2021-02 JT"},"Grunddaten Ehevertrag":{"Vertragspartner Br\u00e4utigam":"Mecklenburg-Schwerin","Vertragspartner Braut":"Brandenburg","Datum Vertragsschlie\u00dfung":"1507-02-16","Ort Vertragsschlie\u00dfung":"nicht genannt","Eheschlie\u00dfung vollzogen?":"Ja","verschiedenkonfessionelle Ehe?":"Nein"},"Br\u00e4utigam":{"Br\u00e4utigam Name, Titel":"Heinrich V. von Mecklenburg-Schwerin","Br\u00e4utigam GND":"http:\/\/d-nb.info\/gnd\/102111871","Br\u00e4utigam Geburtsjahr":"1479-00-00","Br\u00e4utigam Sterbejahr":"1552-00-00","Br\u00e4utigam Dynastie":"Mecklenburg","Br\u00e4utigam Konfession":"R\u00f6misch-Katholisch"},"Braut":{"Braut Name, Titel":"Ursula von Brandenburg","Braut GND":"http:\/\/d-nb.info\/gnd\/136876838","Braut Geburtsjahr":"1488-00-00","Braut Sterbejahr":"1510-00-00","Braut Dynastie":"Hohenzollern","Braut Konfession":"R\u00f6misch-Katholisch"},"Akteur Br\u00e4utigam":{"Akteur Br\u00e4utigam Name, Titel":"Heinrich V. von Mecklenburg-Schwerin","Akteur Br\u00e4utigam GND":"http:\/\/d-nb.info\/gnd\/102111871","Akteur Br\u00e4utigam Dynastie":"Mecklenburg","Akteur Br\u00e4utigam Verh\u00e4ltnis zu Br\u00e4utigam":"Selbst"},"Akteur Braut":{"Akteur Braut Name, Titel":"Joachim I. Nestor von Brandenburg","Akteur Braut GND":"http:\/\/d-nb.info\/gnd\/119214644","Akteur Braut Dynastie":"Hohenzollern","Akteur Braut Verh\u00e4ltnis zu Braut":"Bruder","Akteur Braut Name, Titel (36)":"Albrecht von Brandenburg","Akteur Braut GND (66)":"http:\/\/d-nb.info\/gnd\/118647733","Akteur Braut Dynastie (40)":"Hohenzollern","Akteur Braut Verh\u00e4ltnis zu Braut (38)":"Bruder"},"Vertragstext":{"Archivexemplar":"GStA, I. HA Rep. 78, Nr. 24, fol. 33v \u2013 43v","Vertragssprache Archivexemplar":"Deutsch","Digitalisat Archivexemplar":"https:\/\/archivdatenbank.gsta.spk-berlin.de\/midosasearch-gsta\/MidosaSEARCH\/i_ha_rep_78_und_78_a\/index.htm?kid=GStA_i_ha_rep_78_und_78_a_8&uid=GStA_i_ha_rep_78_und_78_a_I_HA_Rep_78_Nr_24","Drucknachweis":"nicht nachgewiesen","Vertragssprache Druck":"nicht nachgewiesen","Digitalisat Druck":"-","Vertragsinhalt":"Artikel 1 (fol. 33v-34r): Ehe beschlossen, Zusage bekundet\r\n\r\nArtikel 2 (fol. 34r): Beilager geregelt, Zahlung der Mitgift in H\u00f6he von 14.000 Gulden, Ausstattung mit Silbergeschirr vereinbart\r\n\r\nArtikel 3 (fol. 34r): Erbverzicht der Braut auf m\u00fctterliches und v\u00e4terliches Erbe f\u00fcr sich, ihren Mann und ihre Nachkommen zugesichert\r\n\r\nArtikel 4 (fol. 34r): Ursulas Erbrecht tritt wieder in Kraft, falls beide Br\u00fcder der Braut, Joachim und Albrecht, ohne Erben versterben\r\n\r\nArtikel 5 (fol. 34v): Widerlegung und Anlage des Geldes festgelegt\r\n\r\nArtikel 6 (fol. 34v): Leibgedinge festgelegt, Nutzungsrechte definiert, Regelungen bez\u00fcglich der Bediensteten \r\n\r\nArtikel 7 (fol. 35r): Regelungen bez\u00fcglich des Leibgedinges im Falle des Todes Herzog Heinrichs, Auszahlung durch Heinrichs Nachkommen geregelt\r\n\r\nArtikel 8 (fol. 35r): Regelungen bez\u00fcglich der Amtsleute, Besetzung nach deren Tod, Eid, Huldigung\r\n\r\nArtikel 9 (fol. 35r): Nutzung des Widerfalls nach dem Tod des Herzogs Heinrich\r\n\r\nArtikel 10 (fol. 35r-35v): Gegenseitige Hilfe und Rat versprochen\r\n\r\nArtikel 11 (fol. 39r): 2.800 Gulden als j\u00e4hrliche Zinsrente festgelegt\r\n\r\nArtikel 12 (fol. 39r): f\u00fcrstliche Wohnung der Braut festgelegt, Nutzungsrechte und Besuchsrechte geregelt\r\n\r\nArtikel 13 (fol. 39r-40r): 2.800 Gulden j\u00e4hrlichen Unterhalts f\u00fcr Ursula zugesichert, Schl\u00f6sser, \u00c4mter und Vogteien Stettlin, Swan und Buckow als Witweng\u00fcter ausgewiesen\r\n\r\nArtikel 14 (fol. 40r): Nutzungsregelungen der Vogtei, finanzielle Regelungen, Gehorsam der Dienstleute \r\n\r\nArtikel 15 (fol. 40r-40v): finanzielle Regelungen bez\u00fcglich des Leibgedinges\r\n\r\nArtikel 16 (fol. 40v): nach dem Tod des Br\u00e4utigams, steht es der Witwe frei, auf ihrem Leibgedingegut zu bleiben oder zu ihren Br\u00fcdern zur\u00fcckzukehren\r\n\r\nArtikel 17 (fol. 40v): falls keine Erben aus der Ehe vorhanden sind, wird die Witwenrente auf 2.800 Gulden festgesetzt, das Ehegeld oder 14.000 Gulden von ihrem Mann (Widerlage) stehen ihr Zeit ihres Lebens zur Verf\u00fcgung\r\n\r\nArtikel 18 (fol. 41r): Schl\u00f6sser, \u00c4mter und Vogteien Stettlin, Swan und Buckow als Witweng\u00fcter ausgewiesen, Ausstattung des Witwensitzes geregelt, Ausstattung Ursulas mit Kleidern, Schmuck etc. geregelt\r\n\r\nArtikel 19 (fol. 41r): Finanzielle Regelungen bez\u00fcglich des Leibgedinges nach dem Tod des Gemahls, Ausbesserungen, Zinsen\r\n\r\nArtikel 20 (fol. 41r): erbrechtliche Regelungen: Vererbung der 14.000 Gulden Widerlage geregelt\r\n\r\nArtikel 21 (fol. 41r-41v): falls keine Leibeserben vorhanden sind, fallen die 14.000 Gulden an die n\u00e4chsten vorhandenen Erben\r\n\r\nArtikel 22 (fol. 41v): Regelungen bez\u00fcglich der Nutzung des Leibgedinges nach dem Tod des Br\u00e4utigams und dem Antritt des Erbes durch seine Nachkommen\r\n\r\nArtikel 23 (fol. 41v): Versetzung und Verkauf der Witweng\u00fcter ausgeschlossen\r\n\r\nArtikel 24 (fol. 41v-42r): Treuepflicht der Amtsleute auf den Witweng\u00fctern gegen\u00fcber Ursula geregelt\r\n\r\nArtikel 25 (fol. 42r): Verpflichtung der Erben und Nachkommen Heinrichs auf das Wohl seiner Witwe \r\n\r\nArtikel 26 (fol. 42r): Besitz- und Nutzungsrechte an Mobiliar und Ausstattung (Fahrhabe) der Witweng\u00fcter und Buckow geregelt\r\n\r\nfalls ausgewiesene Witweng\u00fcter nicht festgelegten Witwenunterhalt erbringen, werden weitere herzogliche G\u00fcter (Amt Riebnitz) zur Kompensation herangezogen\r\n\r\nArtikel 26 (fol. 42v): Sicherheiten f\u00fcr Einhaltung des Verschreibungsbriefs geregelt","Regelungen \u00fcber Thronfolge und Regentschaft":"","konfessionelle Regelungen":"","erbrechtliche Regelungen":"Artikel 3 (fol. 34r): Erbverzicht der Braut auf m\u00fctterliches und v\u00e4terliches Erbe f\u00fcr sich, ihren Mann und ihre Nachkommen zugesichert\r\n\r\nArtikel 4 (fol. 34r): Ursulas Erbrecht tritt wieder in Kraft, falls beide Br\u00fcder der Braut, Joachim und Albrecht, ohne Erben versterben\r\n\r\nArtikel 17 (fol. 40v): falls keine Erben aus der Ehe vorhanden sind, wird die Witwenrente auf 2.800 Gulden festgesetzt, das Ehegeld oder 14.000 Gulden von ihrem Mann (Widerlage) stehen ihr Zeit ihres Lebens zur Verf\u00fcgung\r\n\r\nArtikel 20 (fol. 41r): erbrechtliche Regelungen: Vererbung der 14.000 Gulden Widerlage geregelt\r\n\r\nArtikel 21 (fol. 41r-41v): falls keine Leibeserben vorhanden sind, fallen die 14.000 Gulden an die n\u00e4chsten vorhandenen Erben"},"Einordnung des Vertrags":{"Textbezug zu vergangenen Ereignissen?":"","st\u00e4ndische Instanzen beteiligt?":"","externe Instanzen beteiligt?":"","Ratifikationen, Best\u00e4tigungen, Genehmigungen erw\u00e4hnt?":"","weitere Vertr\u00e4ge zwischen Vertragsparteien im Zusammenhang mit dieser Ehe":"","Schlagw\u00f6rter":"","Kommentar":"Orginalvertrag verf\u00fcgt \u00fcber keine Nummerierung der Artikel. Regest beinhaltet den Verschreibungsbrief Herzog Heinrichs V. von Mecklenburg-Schwerin (fol. 39r-42v).","Literatur":"- "}}}