{"Dokument":{"Name":"Sachsen - Mecklenburg-Schwerin","In Bearbeitung":"Nein","main":{"Zuletzt ge\u00e4ndert":"2021-04 JT","Name":"Ehevertrag Sachsen - Mecklenburg-Schwerin 1647"},"Grunddaten Ehevertrag":{"Vertragspartner Br\u00e4utigam":"Sachsen ","Vertragspartner Braut":"Mecklenburg-Schwerin","Datum Vertragsschlie\u00dfung":"1647-11-23","Ort Vertragsschlie\u00dfung":"nicht genannt","Eheschlie\u00dfung vollzogen?":"Ja","verschiedenkonfessionelle Ehe?":"Nein"},"Br\u00e4utigam":{"Br\u00e4utigam Name, Titel":"August, Herzog von Sachsen-Wei\u00dfenfels, Administrator des Erzstifts Magdeburg","Br\u00e4utigam GND":"http:\/\/d-nb.info\/gnd\/119025299","Br\u00e4utigam Geburtsjahr":"1614-00-00","Br\u00e4utigam Sterbejahr":"1680-00-00","Br\u00e4utigam Dynastie":"Wettin (Albertiner)","Br\u00e4utigam Konfession":"Evangelisch-Lutherisch"},"Braut":{"Braut Name, Titel":"Anna Maria von Mecklenburg-Schwerin","Braut GND":"http:\/\/d-nb.info\/gnd\/120064111","Braut Geburtsjahr":"1627-00-00","Braut Sterbejahr":"1669-00-00","Braut Dynastie":"Mecklenburg","Braut Konfession":"Evangelisch-Lutherisch"},"Akteur Br\u00e4utigam":{"Akteur Br\u00e4utigam Name, Titel":"Johann Georg I., Kurf\u00fcrst von Sachsen","Akteur Br\u00e4utigam GND":"http:\/\/d-nb.info\/gnd\/100029752","Akteur Br\u00e4utigam Dynastie":"Wettin (Albertiner)","Akteur Br\u00e4utigam Verh\u00e4ltnis zu Br\u00e4utigam":"Vater","Akteur Br\u00e4utigam Name, Titel (32)":"August, Herzog von Sachsen-Wei\u00dfenfels, Administrator des Erzstifts Magdeburg","Akteur Br\u00e4utigam GND (65)":"http:\/\/d-nb.info\/gnd\/119025299","Akteur Br\u00e4utigam Dynastie (35)":"Wasa","Akteur Br\u00e4utigam Verh\u00e4ltnis zu Br\u00e4utigam (34)":"Selbst"},"Akteur Braut":{"Akteur Braut Name, Titel":"Adolf Friedrich I. Herzog von Mecklenburg-Schwerin, Administrator des Bistums Schwerin","Akteur Braut GND":"http:\/\/d-nb.info\/gnd\/120064111","Akteur Braut Dynastie":"Mecklenburg","Akteur Braut Verh\u00e4ltnis zu Braut":"Vater"},"Vertragstext":{"Archivexemplar":"HStA Drd 10001 O.U. 13141","Vertragssprache Archivexemplar":"Deutsch","Digitalisat Archivexemplar":"-","Drucknachweis":"nicht nachgewiesen","Vertragssprache Druck":"nicht nachgewiesen","Digitalisat Druck":"-","Vertragsinhalt":"Artikel 1: Eheschlie\u00dfung vereinbart \r\n\r\nArtikel 2: Zustimmung der Eltern Augusts bekundet\r\n\r\nArtikel 3: Zustimmung Anna Marias zur Eheschlie\u00dfung bekundet, Beilager erw\u00e4hnt\r\n\r\nArtikel 4: Mitgift auf 20.000 Reichstaler festgesetzt, Zahlungsfrist auf vier Jahren festgesetzt, zu zahlen in j\u00e4hrlichen Raten von 5.000 Reichstaler; fr\u00fchere vollst\u00e4ndige Zahlung geregelt, falls die mecklenburgischen St\u00e4nde die Summe eher aufbringen k\u00f6nnen, Zahlung und Quittierung geregelt; Aussteuer der Braut geregelt; im Gegenzug f\u00fcr Mitgift und Aussteuer: Erbverzicht Anna Marias auf v\u00e4terliches und br\u00fcderliches Erbe mittels Verzichtsbrief geregelt, ausgenommen sind Erbteile, die ihr durch ihren Vater und ihre Mutter ausdr\u00fccklich testamentarisch zugesprochen werden; falls Herzog Adolf Friedrich von Mecklenburg keine m\u00e4nnlichen Erben hinterl\u00e4sst, tritt Anna Marias Erbrecht wieder in Kraft\r\n\r\nArtikel 5: nach Beilager erh\u00e4lt Braut durch den Kurf\u00fcrsten von Sachsen eine Sonderverschreibung \u00fcber 6.000 Gulden j\u00e4hrliche als Morgengabe (als Witwenversorgung), Zahlung und Besitz- und Nutzungsrechte daran geregelt\r\n\r\nArtikel 6: Widerlage auf 20.000 Reichstaler festgesetzt, die zusammen mit der Mitgift auf den Leibgedingeg\u00fctern J\u00fcterbog und Dahme [?] (samt allen zugh\u00f6rigen Besitzungen) angelegt werden, Nutzungsrechte geregelt, j\u00e4hrliches Einkommen aus den G\u00fctern von 4.000 Reichstalern zugesichert, falls diese Summe nicht erzielt wird: Erstattung geregelt\r\n\r\nArtikel 7: landesherrliche Hoheit, Rechte, Regalien und das Recht auf \u00d6ffnung der G\u00fcter bleiben dem Kurf\u00fcrsten von Sachsen und seinen Erben und Nachfolgern vorbehalten\r\n\r\nArtikel 8: Treue- und Gehorsamspflichten der Beamten, Bediensteten und Untertanen auf den Leibgedingeg\u00fctern gegen\u00fcber Anna Maria geregelt, ausgenommen dort, wo die in Artikel 7 erw\u00e4hnten kurs\u00e4chsische Hoheitsrechte ber\u00fchrt werden\r\n\r\nArtikel 9: Schutz und Verteidigung des Wittums durch den Kurf\u00fcrsten von Sachsen und dessen Erben zugesichert\r\n\r\nArtikel 10: Schulden auf dem Wittum sollen durch den Kurf\u00fcrsten und dessen Nachfolger getilgt werden, Pensionen, Zinsen und Nutzungen zugesichert, Ersatz zugesichert, bis das j\u00e4hrliche Einkommen von 4.000 Reichstalern erzielt wird\r\n\r\nArtikel 11: Bezug und standesgem\u00e4\u00dfe Ausstattung sowie anf\u00e4nglicher Unterhalt des Wittums geregelt; Ver\u00e4u\u00dferung und Verpf\u00e4ndung des Wittums durch Anna Maria ohne Erlaubnis des Kurf\u00fcrsten und seiner Nachfolger und Erben untersagt\r\n\r\nArtikel 12: Bereitstellung von Baumaterial f\u00fcr Instandhaltung des Wittums, sofern dort nicht vorhanden, geregelt ","Regelungen \u00fcber Thronfolge und Regentschaft":"","konfessionelle Regelungen":"","erbrechtliche Regelungen":"Artikel 4: Mitgift auf 20.000 Reichstaler festgesetzt, Zahlungsfrist auf vier Jahren festgesetzt, zu zahlen in j\u00e4hrlichen Raten von 5.000 Reichstaler; fr\u00fchere vollst\u00e4ndige Zahlung geregelt, falls die mecklenburgischen St\u00e4nde die Summe eher aufbringen k\u00f6nnen, Zahlung und Quittierung geregelt; Aussteuer der Braut geregelt; im Gegenzug f\u00fcr Mitgift und Aussteuer: Erbverzicht Anna Marias auf v\u00e4terliches und br\u00fcderliches Erbe mittels Verzichtsbrief geregelt, ausgenommen sind Erbteile, die ihr durch ihren Vater und ihre Mutter ausdr\u00fccklich testamentarisch zugesprochen werden; falls Herzog Adolf Friedrich von Mecklenburg keine m\u00e4nnlichen Erben hinterl\u00e4sst, tritt Anna Marias Erbrecht wieder in Kraft\r\n\r\nArtikel 13: falls Anna Maria vor August verstirbt und keine Erben vorhanden sind, erh\u00e4lt er lebenslanges Nutzungsrecht an den 20.000 Reichstalern der Mitgift, der Aussteuer und eventuellen Geschenken; Anfertigung eines Inventars der Gegenst\u00e4nde vereinbart; nach Augusts Tod fallen genannte Besitzt\u00fcmer an Anna Marias n\u00e4chsten Erben\r\n\r\nArtikel 21 (S. 6-7): Wenn die Braut verstirbt und keine Erben vorhanden sind: Der Br\u00e4utigam erh\u00e4lt das lebenslange Gebrauchsrecht \u00fcber die 20 000 Reichstaler der Mitgift, die Aussteuer und eventuelle Geschenke, Verzeichnis der Gegenst\u00e4nde n\u00f6tig, nach dem Tod des Br\u00e4utigam, f\u00e4llt diese Erbmasse an die n\u00e4chsten Erben\r\n\r\nArtikel 22 (S. 7): Wenn der Br\u00e4utigam vor der Braut verstirbt und gemeinsame Leibeserben vorhanden sind: Minderj\u00e4hrige und unm\u00fcndige Leibeserben sollen durch das Wittum unterhalten und auf dem Wittum erzogen werden\r\n\r\nArtikel 13: falls Anna Maria vor August verstirbt und keine Erben vorhanden sind, erh\u00e4lt er lebenslanges Nutzungsrecht an den 20.000 Reichstalern der Mitgift, der Aussteuer und eventuellen Geschenken; Anfertigung eines Inventars der Gegenst\u00e4nde vereinbart; nach Augusts Tod fallen genannte Besitzt\u00fcmer an Anna Marias n\u00e4chsten Erben\r\n\r\nArtikel 14: wenn August vor Anna Maria verstirbt und gemeinsame Leibeserben vorhanden sind: Vormundschaft nach Augusts Willen vereinbart, Kosten f\u00fcr Unterhalt und Erziehung minderj\u00e4hriger Kinder d\u00fcrfen nicht zu Lasten des Wittums sein; Nutzung des Wittums und der Eink\u00fcnfte daraus stehen Anna Maria als Witwe so lange zu, wie sie nicht erneut heiratet; Mitf\u00fchrung ehelichen Besitzes auf das Wittum geregelt\r\n\r\nArtikel 16: wenn die Witwe erneut heiratet und in zweiter Ehe Kinder hat, wird die Mitgift gleichm\u00e4\u00dfig auf diese und ihre Kinder aus der ersten Ehe mit August vererbt, die Widerlage soll allein an die Erben aus der ersten Ehe fallen, Verzinsung und Kaution sollen dann nichtig sein\r\n\r\nArtikel 17: wenn die Witwe nicht erneut heiratet und auf ihrem Wittum bleibt: Lebenslange Nutzungsrechte und Schutz geregelt, nach ihrem Tod f\u00e4llt das Wittum zur\u00fcck an Augusts Erben; privaten Besitz, der nicht zum Heiratsgute geh\u00f6rt, kann sie zu Lebzeiten verschenken oder nach ihrem Wunsch vererben\r\n\r\n"},"Einordnung des Vertrags":{"Textbezug zu vergangenen Ereignissen?":"","st\u00e4ndische Instanzen beteiligt?":"","externe Instanzen beteiligt?":"","Ratifikationen, Best\u00e4tigungen, Genehmigungen erw\u00e4hnt?":"Artikel 2: Zustimmung der Eltern Augusts bekundet\r\n\r\nArtikel 3: Zustimmung Anna Marias zur Eheschlie\u00dfung bekundet [...]\r\n","weitere Vertr\u00e4ge zwischen Vertragsparteien im Zusammenhang mit dieser Ehe":"","Schlagw\u00f6rter":"","Kommentar":"Vertrag verf\u00fcgt im Original \u00fcber keine Nummerierung der Artikel.","Literatur":"-"}}}