{"Dokument":{"Name":"Hessen-Kassel - Schweden","In Bearbeitung":"Nein","main":{"Name":"Ehevertrag Hessen-Kassel - Schweden 1715","Zuletzt ge\u00e4ndert":"2017-09 BB"},"Grunddaten Ehevertrag":{"Vertragspartner Br\u00e4utigam":"Hessen-Kassel","Vertragspartner Braut":"Schweden","Datum Vertragsschlie\u00dfung":"1715-03-14","Ort Vertragsschlie\u00dfung":"Stralsund","Eheschlie\u00dfung vollzogen?":"Ja","verschiedenkonfessionelle Ehe?":"Ja"},"Br\u00e4utigam":{"Br\u00e4utigam Name, Titel":"Friedrich, Erbprinz von Hessen (sp\u00e4ter K\u00f6nig von Schweden, regierender Landgraf von Hessen-Kassel)","Br\u00e4utigam GND":"http:\/\/d-nb.info\/gnd\/118535803","Br\u00e4utigam Geburtsjahr":"1676-00-00","Br\u00e4utigam Sterbejahr":"1751-00-00","Br\u00e4utigam Dynastie":"Hessen (Kassel)","Br\u00e4utigam Konfession":"Evangelisch-Reformiert"},"Braut":{"Braut Name, Titel":"Ulrika Eleonora von Schweden (sp\u00e4ter K\u00f6nigin)","Braut GND":"http:\/\/d-nb.info\/gnd\/123038162","Braut Geburtsjahr":"1688-00-00","Braut Sterbejahr":"1741-00-00","Braut Dynastie":"Wittelsbach (Schweden)","Braut Konfession":"Evangelisch-Lutherisch"},"Akteur Br\u00e4utigam":{"Akteur Br\u00e4utigam Name, Titel":"Karl, Landgraf von Hessen-Kassel","Akteur Br\u00e4utigam GND":"http:\/\/d-nb.info\/gnd\/118560050","Akteur Br\u00e4utigam Dynastie":"Hessen (Kassel)","Akteur Br\u00e4utigam Verh\u00e4ltnis zu Br\u00e4utigam":"Vater"},"Akteur Braut":{"Akteur Braut Name, Titel":"Karl XII., K\u00f6nig von Schweden","Akteur Braut GND":"http:\/\/d-nb.info\/gnd\/118560123","Akteur Braut Dynastie":"Wittelsbach (Schweden)","Akteur Braut Verh\u00e4ltnis zu Braut":"Bruder"},"Vertragstext":{"Archivexemplar":"Stockholm, Riksarkivet, Konungahusens urkunder, 44 Urkunder r\u00f6rande arvprins Fredriks af Hessen och prinsessan Ulrika Eleonoras gifterm\u00e5l 1714 \u2013 1715, nr. 44 d Gifterm\u00e5lskontrakt","Vertragssprache Archivexemplar":"Deutsch","Digitalisat Archivexemplar":"https:\/\/sok.riksarkivet.se\/bildvisning\/R0001256_00001","Drucknachweis":"nicht nachgewiesen","Vertragssprache Druck":"nicht nachgewiesen","Digitalisat Druck":"-","Vertragsinhalt":"[Pr\u00e4] \u2013 Brautwerbung bekundet: aus Liebe von Br\u00e4utigam zur Braut \u2013 Einwilligung f\u00fcr Braut, Austausch von Eheversprechen, Abschlu\u00df von Pr\u00e4liminarvertrag 13\/24.01.1715 bekundet \u2013 Abschluss von Ehevertrag zwischen Verhandlern bekundet: zum Lob Gottes, zur Erhaltung und St\u00e4rkung von Einvernehmen und B\u00fcndnis zwischen beiden Dynastien\r\n\r\n1 \u2013 Eheschlie\u00dfung und kirchliche Trauung vereinbart \u2013 lutherische Religionsaus\u00fcbung der Braut zugesichert und geregelt\r\n\r\n2 \u2013 Mitgift und Mitgiftzulage festgelegt: Zahlung geregelt, davon Zulage anstelle von Aussteuer und zu Eigentum der Braut\r\n\r\n3 \u2013 Widerlage und Witweneink\u00fcnfte festgelegt\r\n\r\n4 \u2013 Morgengabe festgelegt: Zahlung geregelt \u2013 Unterhalt der Braut w\u00e4hrend der Ehe festgelegt: f\u00fcr Kleidung und pers\u00f6nlichen Bedarf, Patengeschenke ausgenommen\r\n\r\n5 \u2013 Hofstaat der Braut geregelt: Bestellung von, Jurisdiktion \u00fcber Bedienstete geregelt\r\n\r\n6-7 \u2013 Witweneink\u00fcnfte, Witwensitz und Witweng\u00fcter festgelegt: Nutzungsrechte geregelt, zus\u00e4tzlich zu Nutzung von Morgengabe\r\n\r\n8 \u2013 Witweneink\u00fcnfte geregelt: ggf. Nachbesserung zugesichert, Auslieferung von Verschreibungsurkunden zugesichert\r\n\r\n9 \u2013 Kindererziehung und Versorgung der Kinder geregelt: Indemnit\u00e4t von Witwenversorgung zugesichert\r\n\r\n10 \u2013 pers\u00f6nlicher Besitz der Braut an Mitgiftzulage und Zugewinnen geregelt: Vererbung geregelt\r\n\r\n11 \u2013 Zustand und Ausstattung von Witwensitz geregelt\r\n\r\n12 \u2013Witweng\u00fcter geregelt: Rechtsstellung von Amtleuten und Untertanen geregelt, Anweisung an Braut geregelt, Bergwerke, Herrschaftrechte, Steuern und Abgaben und Kirchenvisitationen ausgenommen \u2013 Schutz von Witweng\u00fctern geregelt\r\n\r\n13 \u2013Witweng\u00fcter geregelt: Bestellung von Kirchen und Schulbediensteten geregelt\r\n\r\n14 \u2013 Witweng\u00fcter geregelt: \u00d6ffnung und Entfremdung an Dritte und B\u00fcndnisse mit Dritten verboten \u2013 Erhaltung von Witweng\u00fctern und Witwensitz geregelt \u2013 Schuldenhaftung geregelt\r\n\r\n15 \u2013 Ersatz von Witwensitz und Witweng\u00fctern im Schadensfall geregelt\r\n\r\n16 \u2013 Aufbesserung von Witweng\u00fctern vorbehalten\r\n\r\n17-19 \u2013 bei zweiter Ehe oder Abzug der Braut im Witwenstand ins Ausland: ggf. Abl\u00f6sung von Witweneink\u00fcnften geregelt, Vererbung von Mitgift, Widerlage Morgengabe und Nachlass der Braut an Kinder aus erster und zweiter Ehe geregelt, Abtretung von Witweng\u00fctern geregelt, R\u00fcckfall von Mitgift und Widerlage nach Tod der Braut ohne Kinder geregelt\r\n\r\n20 \u2013 Schuldenhaftung f\u00fcr Schulden w\u00e4hrend der Ehe geregelt\r\n\r\n21-24 \u2013 nach Tod der Braut ohne \u00fcberlebende Kinder: Nutzung von Mitgift und Nachlass der Braut durch Br\u00e4utigam, R\u00fcckfall nach Tod von Br\u00e4utigam geregelt, Witweng\u00fcter als Pfand eingesetzt, R\u00fcckzahlung geregelt\r\n\r\n25 \u2013 Vererbung von Mitgift, Widerlage und Nachlass der Braut an Kinder und Nachkommen geregelt\r\n\r\n26 \u2013 bei Tod von Braut oder Br\u00e4utigam vor Mitgiftzahlung: G\u00fcltigkeit von Ehevertrag zugesichert \u2013 bei Tod von Braut oder Br\u00e4utigam vor Eheschlie\u00dfung: Nichtigkeit von Ehevertrag geregelt\r\n\r\n27 \u2013 Ratifikation geregelt\r\n","Regelungen \u00fcber Thronfolge und Regentschaft":"","konfessionelle Regelungen":"lutherische Religionsaus\u00fcbung der Braut zugesichert und geregelt - 1\r\n\r\nKirchenvisitation auf Witweng\u00fctern geregelt - 12\r\n\r\nBestellung von Kirchen und Schulbediensteten auf Witweng\u00fctern geregelt - 13","erbrechtliche Regelungen":"bei zweiter Ehe oder Abzug der Braut im Witwenstand ins Ausland: Vererbung von Mitgift, Widerlage Morgengabe und Nachla\u00df der Braut an Kinder aus erster und zweiter Ehe geregelt - 17-19\r\n\r\nVererbung von Mitgift, Widerlage und Nachlass der Braut an Kinder und Nachkommen geregelt - 25\r\n\r\n26 \u2013 bei Tod von Braut oder Br\u00e4utigam vor Mitgiftzahlung: G\u00fcltigkeit von Ehevertrag zugesichert \u2013 bei Tod von Braut oder Br\u00e4utigam vor Eheschlie\u00dfung: Nichtigkeit von Ehevertrag geregelt\r\n\r\n27 \u2013 Ratifikation geregelt\r\n\r\n"},"Einordnung des Vertrags":{"Textbezug zu vergangenen Ereignissen?":"","st\u00e4ndische Instanzen beteiligt?":"","externe Instanzen beteiligt?":"","Ratifikationen, Best\u00e4tigungen, Genehmigungen erw\u00e4hnt?":"Ratifikation geregelt - 27","weitere Vertr\u00e4ge zwischen Vertragsparteien im Zusammenhang mit dieser Ehe":"Konvention \u00fcber Hilfstruppen 20\/31.01.1715\r\n\r\nKonvention \u00fcber Hilfstruppen 08.04.1718","Schlagw\u00f6rter":"","Kommentar":"-","Literatur":"Rangstr\u00f6m 2010, S. 210-223."}}}