{"Dokument":{"Name":"Hessen-Kassel - D\u00e4nemark","In Bearbeitung":"Nein","main":{"Name":"Ehevertrag Hessen-Kassel - D\u00e4nemark 1757","Zuletzt ge\u00e4ndert":"2017-09 BB"},"Grunddaten Ehevertrag":{"Vertragspartner Br\u00e4utigam":"Hessen-Kassel","Vertragspartner Braut":"D\u00e4nemark","Datum Vertragsschlie\u00dfung":"1757-02-08","Ort Vertragsschlie\u00dfung":"Kassel, Kopenhagen","Eheschlie\u00dfung vollzogen?":"Ja","verschiedenkonfessionelle Ehe?":"Ja"},"Br\u00e4utigam":{"Br\u00e4utigam Name, Titel":"Wilhelm, Erbprinz von Hessen-Kassel (sp\u00e4ter als Wilhelm IX. regierender Landgraf, als Wilhelm I. Kurf\u00fcrst)","Br\u00e4utigam GND":"http:\/\/d-nb.info\/gnd\/102285977","Br\u00e4utigam Geburtsjahr":"1743-00-00","Br\u00e4utigam Sterbejahr":"1821-00-00","Br\u00e4utigam Dynastie":"Hessen (Kassel)","Br\u00e4utigam Konfession":"Evangelisch-Reformiert"},"Braut":{"Braut Name, Titel":"Wilhelmine Karoline, Prinzessin von D\u00e4nemark","Braut GND":"","Braut Geburtsjahr":"1747-00-00","Braut Sterbejahr":"1820-00-00","Braut Dynastie":"Oldenburg (D\u00e4nemark)","Braut Konfession":"Evangelisch-Lutherisch"},"Akteur Br\u00e4utigam":{"Akteur Br\u00e4utigam Name, Titel":"Wilhelm VIII., regierender Landgraf von Hessen-Kassel","Akteur Br\u00e4utigam GND":"http:\/\/d-nb.info\/gnd\/118632914","Akteur Br\u00e4utigam Dynastie":"Hessen (Kassel)","Akteur Br\u00e4utigam Verh\u00e4ltnis zu Br\u00e4utigam":"Gro\u00dfvater"},"Akteur Braut":{"Akteur Braut Name, Titel":"Friedrich V., K\u00f6nig von D\u00e4nemark und Norwegen","Akteur Braut GND":"http:\/\/d-nb.info\/gnd\/11954931X","Akteur Braut Dynastie":"Oldenburg (D\u00e4nemark)","Akteur Braut Verh\u00e4ltnis zu Braut":"Vater"},"Vertragstext":{"Archivexemplar":"HStAM, Urk. 3, Nr. 386","Vertragssprache Archivexemplar":"Deutsch","Digitalisat Archivexemplar":"-","Drucknachweis":"DT, S. 130-138","Vertragssprache Druck":"Deutsch","Digitalisat Druck":"-","Vertragsinhalt":"(Seitenangaben nach Druck)\r\n\r\n[Pr\u00e4] \u2013 zu Erneuerung und Befestigung von verwandtschaftlichem Einvernehmen und Vertrauen zwischen Dynastien, zum Besten der protestantischen Religion: Eheabrede, Ernennung von Verhandlern und Vertragsabschluss bekundet: (130f.)\r\n\r\n[1] \u2013 Eheversprechen ausgetauscht (131f.)\r\n\r\n[2] \u2013 Eheschlie\u00dfung und Beilager bis zur Vollj\u00e4hrigkeit der Eheleute aufgeschoben (132)\r\n\r\n[3] \u2013 lutherische Religionsaus\u00fcbung f\u00fcr Braut und ihren Hofstaat geregelt \u2013 Kindererziehung geregelt: reformierte Erziehung f\u00fcr S\u00f6hne, lutherische Erziehung f\u00fcr T\u00f6chter vorgeschrieben (132f.)\r\n\r\n[4] \u2013 Mitgift festgelegt: Zahlung geregelt, im Gegenzug f\u00fcr Erbverzicht der Braut, Nutzung und R\u00fcckfall nach Tod der Braut ohne Kinder geregelt (133)\r\n\r\n[5] \u2013 Aussteuer geregelt (133)\r\n\r\n[6] \u2013 Erbverzicht der Braut geregelt: nach d\u00e4nischem Hausrecht, auf v\u00e4terliches und m\u00fctterliches Erbe, mit Zustimmung von Br\u00e4utigam (133f.)\r\n\r\n[7] \u2013 Morgengabe festgelegt: Zahlung geregelt (134)\r\n\r\n[8] \u2013 Hofstaat der Braut geregelt: Zusammensetzung vorbehalten, Besoldung geregelt \u2013 Unterhalt der Braut w\u00e4hrend der Ehe geregelt (134f.)\r\n\r\n[9] \u2013 Witwensitz und Witweneink\u00fcnfte festgelegt (135f.)\r\n\r\n[10] \u2013 bei zweiter Ehe der Braut: Abl\u00f6sung von Witweneink\u00fcnften, Abtretung von Witwensitz geregelt, ggf. Erbrecht der Kinder an Mitgift, Nachlass der Braut geregelt (136)\r\n\r\n[11] \u2013 nach Tod von Br\u00e4utigam: Regentschaft und Vormundschaft f\u00fcr unm\u00fcndige Kinder geregelt (136f.)\r\n\r\n[12] \u2013 nach Tod eines Vertragspartners vor Eheschlie\u00dfung: G\u00fcltigkeit von Ehevertrag vereinbart (137)\r\n\r\n[13] \u2013 nach Tod von Braut oder Br\u00e4utigam vor Mitgiftzahlung: G\u00fcltigkeit von Ehevertrag vereinbart (137f.)\r\n\r\n[14] \u2013 nach Tod von Braut oder Br\u00e4utigam vor Beilager: Nichtigkeit von Ehevertrag vereinbart (138)\r\n","Regelungen \u00fcber Thronfolge und Regentschaft":"nach Tod von Br\u00e4utigam: Regentschaft und Vormundschaft f\u00fcr unm\u00fcndige Kinder geregelt - 11","konfessionelle Regelungen":"lutherische Religionsaus\u00fcbung f\u00fcr Braut und ihren Hofstaat geregelt \u2013 Kindererziehung geregelt: reformierte Erziehung f\u00fcr S\u00f6hne, lutherische Erziehung f\u00fcr T\u00f6chter vorgeschrieben - 3\r\n","erbrechtliche Regelungen":"Mitgift festgelegt: im Gegenzug f\u00fcr Erbverzicht der Braut - 4\r\n\r\n\r\nErbverzicht der Braut geregelt: nach d\u00e4nischem Hausrecht, auf v\u00e4terliches und m\u00fctterliches Erbe, mit Zustimmung von Br\u00e4utigam - 6\r\n\r\nbei zweiter Ehe der Braut: ggf. Erbrecht der Kinder an Mitgift, Nachlass der Braut geregelt - 10\r\n\r\n[11] \u2013 nach Tod von Br\u00e4utigam: Regentschaft und Vormundschaft f\u00fcr unm\u00fcndige Kinder geregelt (136f.)\r\n\r\n[12] \u2013 nach Tod eines Vertragspartners vor Eheschlie\u00dfung: G\u00fcltigkeit von Ehevertrag vereinbart (137)\r\n\r\n[13] \u2013 nach Tod von Braut oder Br\u00e4utigam vor Mitgiftzahlung: G\u00fcltigkeit von Ehevertrag vereinbart (137f.)\r\n\r\n[14] \u2013 nach Tod von Braut oder Br\u00e4utigam vor Beilager: Nichtigkeit von Ehevertrag vereinbart (138)\r\n"},"Einordnung des Vertrags":{"Textbezug zu vergangenen Ereignissen?":"","st\u00e4ndische Instanzen beteiligt?":"","externe Instanzen beteiligt?":"","Ratifikationen, Best\u00e4tigungen, Genehmigungen erw\u00e4hnt?":"D\u00e4nische Ratifikation 18.03.1757 erw\u00e4hnt (DT., S. 130-143)","weitere Vertr\u00e4ge zwischen Vertragsparteien im Zusammenhang mit dieser Ehe":"","Schlagw\u00f6rter":"","Kommentar":"-","Literatur":"-"}}}