{"Dokument":{"Name":"Sachsen - Brandenburg","In Bearbeitung":"Nein","main":{"Name":"Ehevertrag Sachsen - Brandenburg 1540","Zuletzt ge\u00e4ndert":"2021-03 JT"},"Grunddaten Ehevertrag":{"Vertragspartner Br\u00e4utigam":"Sachsen","Vertragspartner Braut":"Brandenburg","Datum Vertragsschlie\u00dfung":"1540-10-09","Ort Vertragsschlie\u00dfung":"Ort nicht genannt","Eheschlie\u00dfung vollzogen?":"Nein","verschiedenkonfessionelle Ehe?":"Nein"},"Br\u00e4utigam":{"Br\u00e4utigam Name, Titel":"August von Sachsen","Br\u00e4utigam GND":"http:\/\/d-nb.info\/gnd\/119458446","Br\u00e4utigam Geburtsjahr":"1526-00-00","Br\u00e4utigam Sterbejahr":"1586-00-00","Br\u00e4utigam Dynastie":"Wettin (Albertiner)","Br\u00e4utigam Konfession":"Evangelisch-Lutherisch"},"Braut":{"Braut Name, Titel":"Elisabeth Magdalene von Brandenburg","Braut GND":"http:\/\/d-nb.info\/gnd\/119663369X","Braut Geburtsjahr":"1537-00-00","Braut Sterbejahr":"1595-00-00","Braut Dynastie":"Hohenzollern","Braut Konfession":"Evangelisch-Lutherisch"},"Akteur Br\u00e4utigam":{"Akteur Br\u00e4utigam Name, Titel":"Heinrich IV. (\u201eder Fromme\u201c) von Sachsen","Akteur Br\u00e4utigam GND":"http:\/\/d-nb.info\/gnd\/115821872","Akteur Br\u00e4utigam Dynastie":"Wettin (Albertiner)","Akteur Br\u00e4utigam Verh\u00e4ltnis zu Br\u00e4utigam":"Vater"},"Akteur Braut":{"Akteur Braut Name, Titel":"Joachim II. Hector von Brandenburg","Akteur Braut GND":"http:\/\/d-nb.info\/gnd\/118557556","Akteur Braut Dynastie":"Hohenzollern","Akteur Braut Verh\u00e4ltnis zu Braut":"Vater"},"Vertragstext":{"Archivexemplar":"GStA, I. HA Rep. 78, Nr. 24, fol. 170r-178r","Vertragssprache Archivexemplar":"Deutsch","Digitalisat Archivexemplar":"https:\/\/archivdatenbank.gsta.spk-berlin.de\/midosasearch-gsta\/MidosaSEARCH\/i_ha_rep_78_und_78_a\/index.htm?kid=GStA_i_ha_rep_78_und_78_a_8&uid=GStA_i_ha_rep_78_und_78_a_I_HA_Rep_78_Nr_24","Drucknachweis":"nicht nachgewiesen","Vertragssprache Druck":"nicht nachgewiesen","Digitalisat Druck":"-","Vertragsinhalt":"Artikel 1 (fol. 171r \u2013 172r): umfangreiche erbrechtliche Regelungen \u00fcber Geld und Kleinodien\r\n\r\nArtikel 2 (fol. 172r): Verzicht des Br\u00e4utigams auf alles v\u00e4terliche, br\u00fcderliche und vetterliche Erbe\r\n\r\nArtikel 3 (fol. 172r-172v): Ehe vereinbart \r\n\r\nArtikel 4 (fol. 172v): standesgem\u00e4\u00dfe Aussteuer zugesagt, dazu erh\u00e4lt die Braut ihr Verm\u00e4chtnis nach dem Gewohnheitsrecht\r\n\r\nArtikel 5 (fol. 172v): Ehe bei angemessenem Alter der Eheleute, Ratifizierung erw\u00e4hnt, Beilager beschlossen\r\n\r\nArtikel 6 (fol.173r): Eheverschreibung nach Gewohnheit der H\u00e4user Sachsen und Brandenburg\r\n\r\nArtikel 7 (fol. 173r-174r): Quittierung von 30 000 Gulden, die das Ehepaar vom Haus Sachsen erh\u00e4lt, geregelt\r\n\r\nArtikel 8 (fol. 174r-175r): Erbverbr\u00fcderung, Verzicht auf das gro\u00dfv\u00e4terliche und gro\u00dfm\u00fctterliche Erbe durch den Vormund, Verzichtbrief, Zeugenliste, Ritterschaft und R\u00e4te geregelt\r\n\r\nArtikel 9 (fol. 175v-176r): Eheabrede, Ehe beschlossen, Ratifizierung erw\u00e4hnt, Beilager bei angemessenem Alter festgesetzt\r\n\r\nArtikel 10 (fol. 176r): Mitgift auf 20.000 Gulden festgesetzt, Aussteuer an Schmuck, Kleinodien etc. zugesprochen und Bezahlung nach dem Beilager geregelt\r\n\r\nArtikel 11 (fol. 176r-176v): Erbverzicht der Braut auf das v\u00e4terliche und m\u00fctterliche Erbe, der Erbfall f\u00fcr die Braut und deren Erben tritt nur ein, wenn keine m\u00e4nnlichen Leibeserben des Brautvaters vorhanden sind\r\n\r\nArtikel 12 (fol. 176v): f\u00fcrstlicher Sitz und 4.000 Gulden j\u00e4hrlich zugesprochen, Leibgedinge zugesprochen, Verf\u00fcgungsrechte nach dem Tod des Br\u00e4utigams, Regelungen bez\u00fcglich der Amtleute, Huldigung vorgeschrieben, Landsteuer erw\u00e4hnt","Regelungen \u00fcber Thronfolge und Regentschaft":"","konfessionelle Regelungen":"","erbrechtliche Regelungen":"Artikel 1 (fol. 171r \u2013 172r): Umfangreiche erbrechtliche Regelungen \u00fcber Geld und Kleinodien\r\n\r\nArtikel 2 (fol. 172r): Verzicht des Br\u00e4utigams auf alles v\u00e4terliche, br\u00fcderliche und vetterliche Erbe\r\n\r\nArtikel 8 (fol. 174r-175r): Erbverbr\u00fcderung, Verzicht auf das gro\u00dfv\u00e4terliche und gro\u00dfm\u00fctterliche Erbe durch den Vormund, Verzichtbrief, Zeugenliste, Ritterschaft und R\u00e4te erw\u00e4hnt\r\n\r\nArtikel 11 (fol. 176r-176v): Erbverzicht der Braut auf das v\u00e4terliche und m\u00fctterliche Erbe, der Erbfall f\u00fcr die Braut und deren Erben tritt nur ein, wenn keine m\u00e4nnlichen Leibeserben des Brautvaters vorhanden sind"},"Einordnung des Vertrags":{"Textbezug zu vergangenen Ereignissen?":"","st\u00e4ndische Instanzen beteiligt?":"","externe Instanzen beteiligt?":"Artikel 8 (fol. 174r-175r): Erbverbr\u00fcderung, Verzicht auf das gro\u00dfv\u00e4terliche und gro\u00dfm\u00fctterliche Erbe durch den Vormund, Verzichtbrief, Zeugenliste, Ritterschaft und R\u00e4te erw\u00e4hnt","Ratifikationen, Best\u00e4tigungen, Genehmigungen erw\u00e4hnt?":"Artikel 9 (fol. 175v-176r): Eheabrede, Ehe beschlossen, Ratifizierung erw\u00e4hnt, Beilager bei angemessenem Alter festgesetzt","weitere Vertr\u00e4ge zwischen Vertragsparteien im Zusammenhang mit dieser Ehe":"","Schlagw\u00f6rter":"","Kommentar":"Der Vertrag selbst ist nicht in Artikel unterteilt","Literatur":"-"}}}