{"Dokument":{"Name":"Baden-Baden - Savoyen\/Frankreich","In Bearbeitung":"Nein","main":{"Zuletzt ge\u00e4ndert":"2021-03 JK","Name":"Ehevertrag Baden-Baden - Savoyen\/Frankreich 1653"},"Grunddaten Ehevertrag":{"Vertragspartner Br\u00e4utigam":"Baden-Baden","Vertragspartner Braut":"Savoyen\/Frankreich","Datum Vertragsschlie\u00dfung":"1653-03-15","Ort Vertragsschlie\u00dfung":"Paris","Eheschlie\u00dfung vollzogen?":"Ja","verschiedenkonfessionelle Ehe?":"Nein"},"Br\u00e4utigam":{"Br\u00e4utigam Name, Titel":"Ferdinand Maximilian von Baden","Br\u00e4utigam GND":"http:\/\/d-nb.info\/gnd\/129458139","Br\u00e4utigam Geburtsjahr":"1625-00-00","Br\u00e4utigam Sterbejahr":"1669-00-00","Br\u00e4utigam Dynastie":"Z\u00e4hringer","Br\u00e4utigam Konfession":"R\u00f6misch-Katholisch"},"Braut":{"Braut Name, Titel":"Louise Christine von Savoyen-Carignan","Braut GND":"http:\/\/d-nb.info\/gnd\/1017914982","Braut Geburtsjahr":"1627-00-00","Braut Sterbejahr":"1689-00-00","Braut Dynastie":"Savoyen","Braut Konfession":"R\u00f6misch-Katholisch"},"Akteur Br\u00e4utigam":{"Akteur Br\u00e4utigam Name, Titel":"Wilhelm, Markgraf von Baden; Ferdinand Maximilian, Prinz von Baden","Akteur Br\u00e4utigam GND":"http:\/\/d-nb.info\/gnd\/118632876","Akteur Br\u00e4utigam Dynastie":"Z\u00e4hringen","Akteur Br\u00e4utigam Verh\u00e4ltnis zu Br\u00e4utigam":"Vater und selbst"},"Akteur Braut":{"Akteur Braut Name, Titel":"Franz Thomas, Prinz von Savoyen-Carignan; Maria von Bourbon-Cond\u00e9","Akteur Braut GND":"http:\/\/d-nb.info\/gnd\/130038296","Akteur Braut Dynastie":"Savoyen","Akteur Braut Verh\u00e4ltnis zu Braut":"Eltern"},"Vertragstext":{"Archivexemplar":"nicht nachgewiesen","Vertragssprache Archivexemplar":"nicht nachgewiesen","Digitalisat Archivexemplar":"-","Drucknachweis":"CTS 2, S. 501-506","Vertragssprache Druck":"Franz\u00f6sisch","Digitalisat Druck":"-","Vertragsinhalt":"Artikel 1: Zustimmung von Kaiser, Herzog von Anjou, von Bayern, Savoyen bekundet, Benennung der Verhandler und Bevollm\u00e4chtigten\r\n\r\nArtikel 2: Eheschlie\u00dfung vereinbart: kirchliche Hochzeit am franz\u00f6sischen Hof vereinbart\r\n\r\nArtikel 3: Schenkungen von Ludwig, Herzog von Savoyen, an Louise zugesichert: als Mitgift\r\n\r\nArtikel 4: Mitgift festgelegt: zahlbar von Brauteltern, Zahlung geregelt, z. T. als Aussteuer, z. T. nach Tod der Brauteltern\r\n\r\nArtikel 5: Erbverzicht Louises geregelt: au\u00dfer bei Aussterben der Nachkommen von Franz Thomas\r\n\r\nArtikel 6: Leibgedinge geregelt: angelegt in Baden, inkl. Verwaltung, Witwensitz\r\n\r\nArtikel 7: bei zweiter Ehe von Louise: Reduktion von Leibgedinge geregelt\r\n\r\nArtikel 8: Witwenversorgung geregelt, Einhaltung zugesichert, Ratifikation innerhalb von zwei Monaten vereinbart, Markgrafen von Baden stellen eigenen Besitz als Sicherheiten\r\n\r\nArtikel 9: bei unvorhergesehenen Streitf\u00e4llen: g\u00fctliche Beilegung durch Eltern der Brautleute vereinbart","Regelungen \u00fcber Thronfolge und Regentschaft":"","konfessionelle Regelungen":"","erbrechtliche Regelungen":"Artikel 5: Erbverzicht Louises geregelt: au\u00dfer bei Aussterben der Nachkommen von Franz Thomas"},"Einordnung des Vertrags":{"Textbezug zu vergangenen Ereignissen?":"","st\u00e4ndische Instanzen beteiligt?":"","externe Instanzen beteiligt?":"","Ratifikationen, Best\u00e4tigungen, Genehmigungen erw\u00e4hnt?":"Artikel 8: [...] Einhaltung zugesichert, Ratifikation innerhalb von zwei Monaten vereinbart [...]","weitere Vertr\u00e4ge zwischen Vertragsparteien im Zusammenhang mit dieser Ehe":"","Schlagw\u00f6rter":"","Kommentar":"zur St\u00e4rkung der Freundschaft Badens mit Frankreich, nach badischer Brautwerbung bei K\u00f6nig Ludwig, wegen naher Verwandtschaft zu Ludwig! (Narratio)\r\n\r\nVertrag selbst ist nicht in Artikel unterteilt.","Literatur":"-"}}}