{"Dokument":{"Name":"Hessen-Kassel - Baden-Durlach","In Bearbeitung":"Nein","main":{"Name":"Ehevertrag Hessen-Kassel - Baden-Durlach 1612","Zuletzt ge\u00e4ndert":"2017-12 BB"},"Grunddaten Ehevertrag":{"Vertragspartner Br\u00e4utigam":"Hessen-Kassel","Vertragspartner Braut":"Baden-Durlach","Datum Vertragsschlie\u00dfung":"1612-12-02","Ort Vertragsschlie\u00dfung":"nicht nachgewiesen","Eheschlie\u00dfung vollzogen?":"Ja","verschiedenkonfessionelle Ehe?":"Ja"},"Br\u00e4utigam":{"Br\u00e4utigam Name, Titel":"Otto, Erbprinz  von Hessen-Kassel, Administrator von Hersfeld","Br\u00e4utigam GND":"http:\/\/d-nb.info\/gnd\/104194618","Br\u00e4utigam Geburtsjahr":"1594-00-00","Br\u00e4utigam Sterbejahr":"1617-00-00","Br\u00e4utigam Dynastie":"Hessen (Kassel)","Br\u00e4utigam Konfession":"Evangelisch-Reformiert"},"Braut":{"Braut Name, Titel":"Katharina Ursula von Baden","Braut GND":"http:\/\/d-nb.info\/gnd\/104193441","Braut Geburtsjahr":"1598-00-00","Braut Sterbejahr":"1615-00-00","Braut Dynastie":"Baden","Braut Konfession":"Evangelisch-Lutherisch"},"Akteur Br\u00e4utigam":{"Akteur Br\u00e4utigam Name, Titel":"Moritz, Landgraf von Hessen-Kassel","Akteur Br\u00e4utigam GND":"http:\/\/d-nb.info\/gnd\/11858412X","Akteur Br\u00e4utigam Dynastie":"Hessen (Kassel)","Akteur Br\u00e4utigam Verh\u00e4ltnis zu Br\u00e4utigam":"Vater"},"Akteur Braut":{"Akteur Braut Name, Titel":"Georg Friedrich, Markgraf von Baden-Durlach","Akteur Braut GND":"http:\/\/d-nb.info\/gnd\/11871693X","Akteur Braut Dynastie":"Baden","Akteur Braut Verh\u00e4ltnis zu Braut":"Vater"},"Vertragstext":{"Archivexemplar":"Marburg, Staatsarchiv, Urk. 3, Nr. 286","Vertragssprache Archivexemplar":"Deutsch","Drucknachweis":"nicht nachgewiesen","Vertragssprache Druck":"nicht nachgewiesen","Digitalisat Druck":"-","Vertragsinhalt":"[Pr\u00e4] \u2013 im Namen der heiligen Dreifaltigkeit, zu Lob und Ehren Gottes, zur Vermehrung guter Freundschaft, mit gutem Willen und Vorbedacht, mit Zustimmung von Braut und Br\u00e4utigam: Eheabrede getroffen, Vertragsschlie\u00dfung bekundet (1)\r\n\r\n[1] \u2013 Eheversprechen ausgetauscht: f\u00fcr Braut und Br\u00e4utigam (1)\r\n\r\n[2] \u2013 Mitgift festgelegt, Aussteuer geregelt: nach badischem Hausgebrauch, Zahlung geregelt, im Gegenzug f\u00fcr Erbverzicht der Braut auf Vatererbe, Muttererbe, Brudererbe und Schwestererbe, Erbanspr\u00fcche bei Aussterben des Hauses Baden in m\u00e4nnlicher Linie ausgenommen, mit Zustimmung des Br\u00e4utigams (1-2)\r\n\r\n[3] \u2013 im Gegenzug f\u00fcr Mitgiftzahlung: Witweng\u00fcter und Witweneink\u00fcnfte festgelegt, Nutzungsrechte geregelt (2)\r\n\r\n[4-5] \u2013 Witweng\u00fcter geregelt: Vereidigung und Rechtsstellung von Amtleuten und Untertanen geregelt (2)\r\n\r\n[6] \u2013 Witweng\u00fcter geregelt: weltliche und geistliche Herrschaftsrechte, Gerichtsbarkeit und Kirchenvisitation vorbehalten, \u00d6ffnung und Schadenersatz geregelt (2-3)\r\n\r\n[7] \u2013 Witweng\u00fcter geregelt: Schutz durch Landgrafen von Hessen zugesichert (3)\r\n\r\n[8] \u2013 Witweng\u00fcter geregelt: \u00d6ffnung und Ver\u00e4u\u00dferung an Dritte, B\u00fcndnis mit Dritten verboten, Holznutzung und Erhaltung geregelt (3)\r\n\r\n[9] \u2013 Witweng\u00fcter geregelt: Schadenersatz bei Einkommensausfall geregelt (3)\r\n\r\n[10] \u2013 nach Tod von Br\u00e4utigam: Vormundschaft \u00fcber unm\u00fcndige Kinder geregelt gem\u00e4\u00df hessischem Hausrecht, Bezug von Witweng\u00fctern geregelt, pers\u00f6nlicher Besitz der Braut als Witwe geregelt, Ausstattung und Zustand von Witwensitz geregelt (3-4)\r\n\r\n[11] \u2013 bei zweiter Ehe der Braut: Abl\u00f6sung von Witweng\u00fctern, Auszahlung von Mitgift und lebenslange Verzinsung der Widerlage geregelt, ggf. Vererbung von Mitgift und Nachlass der Braut an Kinder aus erster und zweiter Ehe geregelt (4)\r\n\r\n[12] \u2013 bei Tod der Braut ohne Kinder: R\u00fcckfall von Mitgift und Witweng\u00fctern, Vererbung von Nachlass geregelt (4-5)\r\n\r\n[13] \u2013 nach Tod der Braut ohne Kinder: lebenslange Nutzung der Mitgift durch Br\u00e4utigam, danach R\u00fcckfall der Mitgift geregelt (5)\r\n\r\n[14] \u2013 Eigentum an Hochzeitsgeschenken geregelt: Schmuck an Braut gefallen, Silbergeschirr geteilt (5)\r\n\r\n[15] \u2013 Schuldenhaftung der Braut geregelt (5)\r\n\r\n[16] \u2013 Morgengabe festgelegt: Verzinsung, Nutzung, Vererbung und Abl\u00f6sung geregelt (5-6)\r\n\r\n[17] \u2013 bei Tod von Braut oder Br\u00e4utigam nach Hochzeit vor Mitgiftzahlung: G\u00fcltigkeit von Ehevertrag vereinbart (6)\r\n\r\n[18] \u2013 bei Tod von Braut oder Br\u00e4utigam vor Hochzeit: Nichtigkeit von Ehevertrag vereinbart (6)\r\n\r\n[Esch] \u2013 Einhaltung versprochen (6)\r\n","erbrechtliche Regelungen":"Mitgift festgelegt, Aussteuer geregelt: im Gegenzug f\u00fcr Erbverzicht der Braut auf Vatererbe, Muttererbe, Brudererbe und Schwestererbe, Erbanspr\u00fcche bei Aussterben des Hauses Baden in m\u00e4nnlicher Linie ausgenommen, mit Zustimmung des Br\u00e4utigams - 2\r\n\r\nbei zweiter Ehe der Braut:  ggf. Vererbung von Mitgift und Nachlass der Braut an Kinder aus erster und zweiter Ehe geregelt - 11\r\n\r\nbei Tod der Braut ohne Kinder: R\u00fcckfall von Mitgift und Witweng\u00fctern, Vererbung von Nachlass geregelt - 12\r\n\r\nMorgengabe festgelegt: Verzinsung, Nutzung, Vererbung und Abl\u00f6sung geregelt - 16"},"Einordnung des Vertrags":{"Textbezug zu vergangenen Ereignissen?":"","st\u00e4ndische Instanzen beteiligt?":"","externe Instanzen beteiligt?":"","Ratifikationen, Best\u00e4tigungen, Genehmigungen erw\u00e4hnt?":"","weitere Vertr\u00e4ge zwischen Vertragsparteien im Zusammenhang mit dieser Ehe":"","Schlagw\u00f6rter":"","Kommentar":"Als abweichendes Geburtsjahr f\u00fcr Katharina Ursula von Baden ist 1593 \u00fcberliefert.","Literatur":"-"}}}