{"Dokument":{"Name":"D\u00e4nemark - Sachsen (Kursachsen)","In Bearbeitung":"Nein","main":{"Name":"Ehevertrag D\u00e4nemark - Sachsen (Kursachsen) 1633","Zuletzt ge\u00e4ndert":"2017-07 BB"},"Grunddaten Ehevertrag":{"Vertragspartner Br\u00e4utigam":"D\u00e4nemark","Vertragspartner Braut":"Sachsen","Datum Vertragsschlie\u00dfung":"1633-09-26","Ort Vertragsschlie\u00dfung":"Dresden","Eheschlie\u00dfung vollzogen?":"Ja","verschiedenkonfessionelle Ehe?":"Nein"},"Br\u00e4utigam":{"Br\u00e4utigam Name, Titel":"Christian, Erbprinz von D\u00e4nemark","Br\u00e4utigam GND":"http:\/\/d-nb.info\/gnd\/11945064X","Br\u00e4utigam Geburtsjahr":"1603-00-00","Br\u00e4utigam Sterbejahr":"1647-00-00","Br\u00e4utigam Dynastie":"Oldenburg (D\u00e4nemark)","Br\u00e4utigam Konfession":"Evangelisch-Lutherisch"},"Braut":{"Braut Name, Titel":"Magdalena Sibylla von Sachsen","Braut GND":"http:\/\/d-nb.info\/gnd\/119450658","Braut Geburtsjahr":"1617-00-00","Braut Sterbejahr":"1668-00-00","Braut Dynastie":"Wettiner (Albertiner)","Braut Konfession":"Evangelisch-Lutherisch"},"Akteur Br\u00e4utigam":{"Akteur Br\u00e4utigam Name, Titel":"Christian IV., K\u00f6nig von D\u00e4nemark","Akteur Br\u00e4utigam GND":"http:\/\/d-nb.info\/gnd\/118676059","Akteur Br\u00e4utigam Dynastie":"Oldenburg (D\u00e4nemark)","Akteur Br\u00e4utigam Verh\u00e4ltnis zu Br\u00e4utigam":"Vater"},"Akteur Braut":{"Akteur Braut Name, Titel":"Johann Georg I., Kurf\u00fcrst von Sachsen","Akteur Braut GND":"http:\/\/d-nb.info\/gnd\/100029752","Akteur Braut Dynastie":"Wettin (Albertiner)","Akteur Braut Verh\u00e4ltnis zu Braut":"Vater"},"Vertragstext":{"Archivexemplar":"nicht nachgewiesen","Vertragssprache Archivexemplar":"nicht nachgewiesen","Digitalisat Archivexemplar":"-","Drucknachweis":"DNT IV, S. 115-127","Vertragssprache Druck":"deutsch","Digitalisat Druck":"-","Vertragsinhalt":"[Pr\u00e4]\u2013 zu Lob und Ehre Gottes, zur St\u00e4rkung und Wohlfahrt beider Reiche: Eheschlie\u00dfung verabredet\r\n\r\n1 \u2013 Einwilligung f\u00fcr Braut erteilt, Eheschlie\u00dfung vereinbart: Termin f\u00fcr Beilager vorbehalten\r\n\r\n2 \u2013 Mitgift festgelegt, Aussteuer geregelt\r\n\r\n3 \u2013 Morgengabe festgelegt\r\n\r\n4 \u2013 Witweng\u00fcter festgelegt: als Witwensitz, mit Witweneink\u00fcnften zur Witwenversorgung, Nutzungsrechte geregelt\r\n\r\n5 \u2013 Besoldung, Bestellung von Bediensteten, Anweisung von Untertanen auf Witweng\u00fctern geregelt\r\n\r\n6 \u2013 Nutzungsrechte der Braut auf Witweng\u00fctern geregelt: Herrschaftsrechte vorbehalten\r\n\r\n7 \u2013 Bestellung von Kirchen- und Schuldienern auf Witweng\u00fctern geregelt: nur lutherische Pastoren eingesetzt\r\n\r\n8 \u2013 Besichtigung von Witweng\u00fctern vor Beilager geregelt\r\n\r\n9 \u2013 Besichtigung von Witweng\u00fctern geregelt: Nachbesserung vorbehalten\r\n\r\n10 \u2013 bei schlechtem Bauzustand von Witweng\u00fctern: Nachbesserung geregelt\r\n\r\n11 \u2013 kgl. Schutz von Braut auf Witweng\u00fctern, Verschreibungsurkunde geregelt\r\n\r\n12 \u2013 nach Bezug von Witweng\u00fctern: Rechtsstellung von Untertanen geregelt\r\n\r\n13 \u2013 \u00d6ffnung der Witweng\u00fcter gegen\u00fcber Dritten, \u00dcbergabe an, B\u00fcndnis mit Dritten verboten\r\n\r\n14 \u2013 Entfremdung, Belastung von Witweng\u00fctern verboten, Erhaltung geregelt\r\n\r\n15 \u2013 Erbverzicht von Braut geregelt: zusammen mit Br\u00e4utigam, au\u00dfer bei Aussterben des Hauses Sachsen\r\n\r\n16-17 \u2013 nach Tod von Braut ohne Kinder: lebenslange Nutzung von Mitgift durch Br\u00e4utigam, anschlie\u00dfender R\u00fcckfall, R\u00fcckzahlung geregelt\r\n\r\n18 \u2013  nach Tod von Braut ohne Kinder: lebenslange Nutzung von Aussteuer der Braut durch Br\u00e4utigam, R\u00fcckfall geregelt\r\n\r\n19 \u2013 nach Tod von Kindern der Braut ohne Erben: Nutzung und R\u00fcckfall von Mitgift und Aussteuer geregelt wie vorgenannt\r\n\r\n20 \u2013 Vererbung von Mitgift, Aussteuer an Kinder geregelt\r\n\r\n21 \u2013 nach Tod von Br\u00e4utigam: Bezug, Nutzung von Witweng\u00fctern, Witwenversorgung geregelt\r\n\r\n22 \u2013 nach Tod von Br\u00e4utigam: Unterhalt der Braut bis zum Bezug von Witweng\u00fctern, Ausstattung von Witwensitz geregelt\r\n\r\n23 \u2013 nach Tod von Br\u00e4utigam: \u00dcbergang von Fahrhabe, Kleidern, Schmuck an Braut geregelt\r\n\r\n24 \u2013 bei 2. Ehe von Braut: Abl\u00f6sung von Witweng\u00fctern, Auszahlung von Mitgift, Verzinsung von Widerlage und Morgengabe geregelt\r\n\r\n25 \u2013 Vererbung von Mitgift und Nachlass der Braut an Kinder aus 1. und 2. Ehe geregelt\r\n\r\n26 \u2013 nach Auszahlung von Mitgift: Abtretung von Witweng\u00fctern geregelt\r\n\r\n27 \u2013 nach Tod von Br\u00e4utigam ohne Kinder: Witwenversorgung geregelt, nach Tod der Braut R\u00fcckfall von Mitgift, Widerlage geregelt\r\n\r\n28 \u2013 Schuldenhaftung von Braut f\u00fcr Br\u00e4utigam, weitere Anspr\u00fcche der Braut an Br\u00e4utigamfamilie ausgeschlossen\r\n\r\n29 \u2013 adelige Dienstpflichten auf Witweng\u00fctern gegen\u00fcber Braut geregelt\r\n\r\n30 \u2013 Thronfolge von S\u00f6hnen geregelt: auf s\u00e4chsische Anforderung, wie \u00fcblich in D\u00e4nemark\r\n\r\n31 \u2013 nach Tod von Ehepartner vor Hochzeit: Vertrag nichtig\r\n\r\n32 \u2013 Einhaltung versprochen\r\n","Regelungen \u00fcber Thronfolge und Regentschaft":"Thronfolge von S\u00f6hnen geregelt: auf s\u00e4chsische Anforderung, wie \u00fcblich in D\u00e4nemark - 30\r\n","konfessionelle Regelungen":"Bestellung von Kirchen- und Schuldienern auf Witweng\u00fctern geregelt: nur lutherische Pastoren eingesetzt - 7\r\n","erbrechtliche Regelungen":"Erbverzicht von Braut geregelt: zusammen mit Br\u00e4utigam, au\u00dfer bei Aussterben des Hauses Sachsen - 15\r\n\r\nVererbung von Mitgift, Aussteuer an Kinder geregelt - 20\r\n\r\nVererbung von Mitgift und Nachla\u00df der Braut an Kinder aus 1. und 2. Ehe geregelt - 25\r\n"},"Einordnung des Vertrags":{"Textbezug zu vergangenen Ereignissen?":"","st\u00e4ndische Instanzen beteiligt?":"","externe Instanzen beteiligt?":"","Ratifikationen, Best\u00e4tigungen, Genehmigungen erw\u00e4hnt?":"","weitere Vertr\u00e4ge zwischen Vertragsparteien im Zusammenhang mit dieser Ehe":"","Schlagw\u00f6rter":"","Kommentar":"vgl. Erbverzichtserkl\u00e4rung der Braut 06.10.1634 (DNT IV, S. 127-131)","Literatur":"Essegern 2007 - Essegern 2009, S. 57 f. - Kn\u00f6fel 2009, S. 155-157 - Laursen in DNT IV, S. 107-115 - Wade 2009, S. 175 f."}}}