{"Dokument":{"Name":"Savoyen - Frankreich","In Bearbeitung":"Nein","main":{"Name":"Ehevertrag Savoyen - Frankreich 1775","Zuletzt ge\u00e4ndert":"2020-12 JK"},"Grunddaten Ehevertrag":{"Vertragspartner Br\u00e4utigam":"Savoyen","Vertragspartner Braut":"Frankreich","Datum Vertragsschlie\u00dfung":"1775-08-16","Ort Vertragsschlie\u00dfung":"Versailles","Eheschlie\u00dfung vollzogen?":"Ja","verschiedenkonfessionelle Ehe?":"Nein"},"Br\u00e4utigam":{"Br\u00e4utigam Name, Titel":"Karl Emanuel, Prinz von Savoyen","Br\u00e4utigam GND":"http:\/\/d-nb.info\/gnd\/133035689","Br\u00e4utigam Geburtsjahr":"1751-00-00","Br\u00e4utigam Sterbejahr":"1819-00-00","Br\u00e4utigam Dynastie":"Savoyen","Br\u00e4utigam Konfession":"R\u00f6misch-Katholisch"},"Braut":{"Braut Name, Titel":"Marie Clothilde von Frankreich","Braut GND":"http:\/\/d-nb.info\/gnd\/101927495","Braut Geburtsjahr":"1759-00-00","Braut Sterbejahr":"1802-00-00","Braut Dynastie":"Bourbon (Frankreich)","Braut Konfession":"R\u00f6misch-Katholisch"},"Akteur Br\u00e4utigam":{"Akteur Br\u00e4utigam Name, Titel":"Viktor Amadeus III., K\u00f6nig von Sardinien","Akteur Br\u00e4utigam GND":"http:\/\/d-nb.info\/gnd\/117682349","Akteur Br\u00e4utigam Dynastie":"Savoyen","Akteur Br\u00e4utigam Verh\u00e4ltnis zu Br\u00e4utigam":"Vater","Akteur Br\u00e4utigam Name, Titel (32)":"Karl Emanuel, Prinz von Savoyen","Akteur Br\u00e4utigam GND (65)":"http:\/\/d-nb.info\/gnd\/133035689","Akteur Br\u00e4utigam Dynastie (35)":"Savoyen","Akteur Br\u00e4utigam Verh\u00e4ltnis zu Br\u00e4utigam (34)":"selbst"},"Akteur Braut":{"Akteur Braut Name, Titel":"Ludwig XVI., K\u00f6nig von Frankreich","Akteur Braut GND":"http:\/\/d-nb.info\/gnd\/118574949","Akteur Braut Dynastie":"Bourbon (Frankreich)","Akteur Braut Verh\u00e4ltnis zu Braut":"Bruder"},"Vertragstext":{"Archivexemplar":"Trait\u00e9s et accords de la France, TRA17750002","Vertragssprache Archivexemplar":"Franz\u00f6sisch","Digitalisat Archivexemplar":"https:\/\/basedoc.diplomatie.gouv.fr\/exl-php\/recherche\/mae_internet___traites","Drucknachweis":"nicht nachgewiesen","Vertragssprache Druck":"nicht nachgewiesen","Digitalisat Druck":"-","Vertragsinhalt":"Artikel 1: Eheschlie\u00dfung vereinbart: am franz\u00f6sischen Hof, mit p\u00e4pstlichem Dispens aufgrund des Verwandtschaftsgrads der Eheleute\r\n\r\nArtikel 2: Mitgift festgelegt auf 3.000.000 Mio. Livre, ungeachtet der allgemeinen Bestimmung \u00fcber die maximale Mitgifth\u00f6he bei Ehen zwischen den H\u00e4usern Frankreich und Savoyen im Ehevertrag 1771-01-07 (Separatartikel), Zahlung geregelt\r\n\r\nArtikel 3: Anlage der Mitgift durch den K\u00f6nig von Sardinien zur Zufriedenheit des K\u00f6nigs von Frankreich geregelt, im Fall der Aufl\u00f6sung der R\u00fcckfall der Mitgift zugesichert\r\n\r\nArtikel 4: Erbverzicht Marie Clothildes geregelt im Gegenzug f\u00fcr Mitgiftzahlung geregelt, formelle Verzichtserkl\u00e4rung zugesichert und geregelt\r\n\r\nArtikel 5: Brautgeschenke durch den K\u00f6nig von Frankreich im Wert von 300.000 Livre zugesagt, Besitzrecht und Recht auf Vererbung Marie Clothildes daran geregelt\r\n\r\nArtikel 6: Brautgeschenke des K\u00f6nigs von Sardinien im Wert von 50.000 \u00c9cus und Morgengabe im Wert von 300.000 Livre festgelegt\r\n\r\nArtikel 7: Leibgedinge als Witwenversorgung festgelegt: Leibgedingeg\u00fcter festgelegt, Erhebung des Hauptguts zum Herzogtum geregelt, Jurisdiktion, Nutzung und Verwaltung der G\u00fcter durch Marie Clothilde geregelt \r\n\r\nArtikel 8: Unterhalt Marie Clothildes w\u00e4hrend der Ehe geregelt\r\n\r\nArtikel 9: R\u00fcckkehrrecht als Witwe zugesichert, Mitnahme ihres mobilen Besitzes geregelt, formelle Zusicherung des K\u00f6nigs von Sardinien gefordert\r\n\r\nArtikel 10: Einhaltung zugesichert","Regelungen \u00fcber Thronfolge und Regentschaft":"","konfessionelle Regelungen":"","erbrechtliche Regelungen":"Artikel 4: Erbverzicht Marie Clothildes geregelt im Gegenzug f\u00fcr Mitgiftzahlung geregelt, formelle Verzichtserkl\u00e4rung zugesichert und geregelt"},"Einordnung des Vertrags":{"Textbezug zu vergangenen Ereignissen?":"Artikel 2: Mitgift festgelegt auf 3.000.000 Mio. Livre, ungeachtet der allgemeinen Bestimmung \u00fcber die maximale Mitgifth\u00f6he bei Ehen zwischen den H\u00e4usern Frankreich und Savoyen im Ehevertrag 1771-01-07 (Separatartikel) [...]","st\u00e4ndische Instanzen beteiligt?":"","externe Instanzen beteiligt?":"Artikel 1: Eheschlie\u00dfung vereinbart: am franz\u00f6sischen Hof, mit p\u00e4pstlichem Dispens aufgrund des Verwandtschaftsgrads der Eheleute","Ratifikationen, Best\u00e4tigungen, Genehmigungen erw\u00e4hnt?":"","weitere Vertr\u00e4ge zwischen Vertragsparteien im Zusammenhang mit dieser Ehe":"Konvention von Versailles \u00fcber die Errichtung des Bistums Chambery 1773.02.01 (CTS) - erneuerter Garantievertrag von Versailles 1775.04.09 (Trait\u00e9s et accords de la France: bei Ehevertrag 1775.04.09, S. 35-38)","Schlagw\u00f6rter":"","Kommentar":"\u00dc - Artikel fast identisch mit Vorvertrag 1775.04.09 (Enr. 144)\r\n\r\nDigitalisat kann unter der angegebenen URL unter Verwendung der Signatur (TRA17750002) abgerufen werden.","Literatur":"-"}}}