{"Dokument":{"Name":"Frankreich - Pfalz (Kurpfalz)","In Bearbeitung":"Nein","main":{"Name":"Ehevertrag Frankreich - Pfalz (Kurpfalz) 1671","Zuletzt ge\u00e4ndert":"2017-09 BB"},"Akteur Braut":{"Akteur Braut GND":"http:\/\/d-nb.info\/gnd\/118560182","Akteur Braut Dynastie":"Wittelsbach (Pfalz)","Akteur Braut Verh\u00e4ltnis zu Braut":"Vater","Akteur Braut Name, Titel":"Karl I. Ludwig, Kurf\u00fcrst von der Pfalz","Akteur Braut Name, Titel (36)":"Elisabeth Charlotte von der Pfalz (Liselotte)","Akteur Braut GND (66)":"http:\/\/d-nb.info\/gnd\/118529935","Akteur Braut Dynastie (40)":"Wittelsbach (Pfalz)","Akteur Braut Verh\u00e4ltnis zu Braut (38)":"selbst"},"Vertragstext":{"Archivexemplar":"nicht nachgewiesen","Vertragssprache Archivexemplar":"nicht nachgewiesen","Digitalisat Archivexemplar":"-","Drucknachweis":"CTS 12, S. 45-50","Vertragssprache Druck":"Franz\u00f6sisch","Digitalisat Druck":"-","Vertragsinhalt":"[Pr\u00e4] \u2013 im Wunsch des Br\u00e4utigamsbruders zur standesgem\u00e4\u00dfen F\u00fcrsorge f\u00fcr den Br\u00e4utigam, nach Entschluss des Br\u00e4utigams zu zweiter Eheschlie\u00dfung, wegen der hohen Geburt der Braut, wegen der vielen B\u00fcndnisse zwischen beiden Kronen: Brautwahl und Brautwerbung durch Br\u00e4utigambruder bekundet, Eheverhandlungen und Abschluss von Vorvertrag mit Zustimmung des Papstes bekundet \u2013 mit Zustimmung der Brautleute: Einigung auf Ehevertrag bekundet (45f.)\r\n\r\n1 \u2013 Eheschlie\u00dfung vereinbart: nach katholischem Ritus\r\n\r\n2 \u2013 \u00dcberf\u00fchrung und Aussteuer der Braut geregelt\r\n\r\n3-4 \u2013 Eheschlie\u00dfung durch Prokurator in Metz geregelt\r\n\r\n5 \u2013 \u00dcberf\u00fchrung der Braut und pers\u00f6nliche Eheschlie\u00dfung geregelt\r\n\r\n6 \u2013 Mitgift geregelt: nach Hausrecht, zu Eigentum der Braut, Unterhaltsg\u00fcter von Br\u00e4utigam als Pfand f\u00fcr R\u00fcckfall eingesetzt, Witweng\u00fcter geregelt\r\n\r\n7 \u2013 Erbverzicht der Braut geregelt: auf Herrschaften, v\u00e4terliches und m\u00fctterliches Erbe, ausgenommen au\u00dferdeutsche G\u00fcter und Allodialg\u00fcter der pf\u00e4lzischen Dynastie\r\n\r\n8 \u2013 G\u00fctergemeinschaft der Brautleute an mobilen G\u00fctern und Zugewinn w\u00e4hrend der Ehe vereinbart: pers\u00f6nlicher Besitz von Br\u00e4utigam geregelt\r\n\r\n9 \u2013 Brautjuwelen festgelegt: Nutzung und Vererbung nach Tod von Braut oder Br\u00e4utigam ohne Kinder geregelt\r\n\r\n10 \u2013 Witweneink\u00fcnfte festgelegt: zahlbar aus Witweng\u00fctern oder Unterhaltsg\u00fctern des Br\u00e4utigams, Witwensitz geregelt\r\n\r\n11-12 \u2013 nach Tod von Br\u00e4utigam ohne \u00fcberlebende Kinder: Aufhebung oder Fortbestand der G\u00fctergemeinschaft geregelt, Schuldenhaftung der Braut geregelt, pers\u00f6nlicher Besitz der Braut und Witwenversorgung geregelt\u2013 nach Tod von Br\u00e4utigam mit \u00fcberlebenden Kindern: Anteil der Braut an G\u00fctergemeinschaft geregelt\r\n\r\n13 \u2013 nach Tod der Braut: Vererbung von Mitgift und Nachlass geregelt\r\n\r\n14 \u2013 Indemnit\u00e4t von Verm\u00f6gen der Braut gegen Entfremdung zugesichert\r\n\r\n15 \u2013 Einhaltung zugesichert\r\n","Regelungen \u00fcber Thronfolge und Regentschaft":"Erbverzicht der Braut geregelt: auf Herrschaften, v\u00e4terliches und und m\u00fctterliches Erbe, ausgenommen au\u00dferdeutsche G\u00fcter und Allodialg\u00fcter der pf\u00e4lzischen Dynastie - 7","konfessionelle Regelungen":"Eheschlie\u00dfung vereinbart: nach katholischem Ritus - 1","erbrechtliche Regelungen":"Erbverzicht der Braut geregelt: auf Herrschaften, v\u00e4terliches und und m\u00fctterliches Erbe, ausgenommen au\u00dferdeutsche G\u00fcter und Allodialg\u00fcter der pf\u00e4lzischen Dynastie - 7\r\n\r\nBrautjuwelen festgelegt: Nutzung und Vererbung nach Tod von Braut oder Br\u00e4utigam ohne Kinder geregelt - 9\r\n\r\nnach Tod der Braut: Vererbung von Mitgift und Nachlass geregelt - 13"},"Einordnung des Vertrags":{"Textbezug zu vergangenen Ereignissen?":"","st\u00e4ndische Instanzen beteiligt?":"","externe Instanzen beteiligt?":"Zustimmung des Papstes erw\u00e4hnt - Pr\u00e4","Ratifikationen, Best\u00e4tigungen, Genehmigungen erw\u00e4hnt?":"","weitere Vertr\u00e4ge zwischen Vertragsparteien im Zusammenhang mit dieser Ehe":"","Kommentar":"-","Literatur":"Goetze 1996, S. 22 f., 27 - Schaab 1992, S. 140 f., 148 f."},"Grunddaten Ehevertrag":{"Vertragspartner Br\u00e4utigam":"Frankreich","Vertragspartner Braut":"Pfalz (Kurpfalz)","Datum Vertragsschlie\u00dfung":"1671-11-06","Ort Vertragsschlie\u00dfung":"Versailles","Eheschlie\u00dfung vollzogen?":"Ja","verschiedenkonfessionelle Ehe?":"Ja"},"Br\u00e4utigam":{"Br\u00e4utigam Name, Titel":"Philipp I., Herzog von Orleans (Philippe)","Br\u00e4utigam GND":"http:\/\/d-nb.info\/gnd\/118820206","Br\u00e4utigam Geburtsjahr":"1640-00-00","Br\u00e4utigam Sterbejahr":"1701-00-00","Br\u00e4utigam Dynastie":"Bourbon (Frankreich)","Br\u00e4utigam Konfession":"R\u00f6misch-Katholisch"},"Braut":{"Braut Name, Titel":"Elisabeth Charlotte von der Pfalz (Liselotte)","Braut GND":"http:\/\/d-nb.info\/gnd\/118529935","Braut Geburtsjahr":"1652-00-00","Braut Sterbejahr":"1722-00-00","Braut Dynastie":"Wittelsbach (Pfalz)","Braut Konfession":"Evangelisch-Reformiert"},"Akteur Br\u00e4utigam":{"Akteur Br\u00e4utigam Name, Titel":"Ludwig XIV., K\u00f6nig von Frankreich","Akteur Br\u00e4utigam GND":"http:\/\/d-nb.info\/gnd\/118816829","Akteur Br\u00e4utigam Dynastie":"Bourbon (Frankreich)","Akteur Br\u00e4utigam Verh\u00e4ltnis zu Br\u00e4utigam":"Bruder","Akteur Br\u00e4utigam Name, Titel (32)":"Philipp I., Herzog von Orleans (Philippe)","Akteur Br\u00e4utigam GND (65)":"http:\/\/d-nb.info\/gnd\/118820206","Akteur Br\u00e4utigam Dynastie (35)":"Bourbon (Frankreich)","Akteur Br\u00e4utigam Verh\u00e4ltnis zu Br\u00e4utigam (34)":"selbst"}}}