{"Dokument":{"Name":"England - Frankreich","In Bearbeitung":"Nein","main":{"Name":"Ehevertrag England - Frankreich 1551","Zuletzt ge\u00e4ndert":"2020-07 JK"},"Grunddaten Ehevertrag":{"Vertragspartner Br\u00e4utigam":"England","Vertragspartner Braut":"Frankreich","Datum Vertragsschlie\u00dfung":"1551-07-19","Ort Vertragsschlie\u00dfung":"Angers","Eheschlie\u00dfung vollzogen?":"Nein","verschiedenkonfessionelle Ehe?":"Ja"},"Br\u00e4utigam":{"Br\u00e4utigam Name, Titel":"Eduard VI., K\u00f6nig von England","Br\u00e4utigam GND":"http:\/\/d-nb.info\/gnd\/118687891","Br\u00e4utigam Geburtsjahr":"1537-00-00","Br\u00e4utigam Sterbejahr":"1553-00-00","Br\u00e4utigam Dynastie":"Tudor","Br\u00e4utigam Konfession":"Anglikanisch"},"Braut":{"Braut Name, Titel":"Elisabeth von Valois","Braut GND":"http:\/\/d-nb.info\/gnd\/119232820","Braut Geburtsjahr":"1545-00-00","Braut Sterbejahr":"1568-00-00","Braut Dynastie":"Valois","Braut Konfession":"R\u00f6misch-Katholisch"},"Akteur Br\u00e4utigam":{"Akteur Br\u00e4utigam Name, Titel":"Eduard VI, K\u00f6nig von England","Akteur Br\u00e4utigam GND":"http:\/\/d-nb.info\/gnd\/118687891","Akteur Br\u00e4utigam Dynastie":"Tudor","Akteur Br\u00e4utigam Verh\u00e4ltnis zu Br\u00e4utigam":"selbst"},"Akteur Braut":{"Akteur Braut Name, Titel":"Heinrich II, K\u00f6nig von Frankreich","Akteur Braut GND":"http:\/\/d-nb.info\/gnd\/118548166","Akteur Braut Dynastie":"Valois","Akteur Braut Verh\u00e4ltnis zu Braut":"Vater"},"Vertragstext":{"Archivexemplar":"nicht nachgewiesen","Vertragssprache Archivexemplar":"nicht nachgewiesen","Digitalisat Archivexemplar":"-","Drucknachweis":"Rymer 1704-1717, Bd. XV, S. 273-281, Dumont 1549-1555, Bd. IV:3, S. 27-30","Vertragssprache Druck":"Latein","Digitalisat Druck":"https:\/\/gallica.bnf.fr\/ark:\/12148\/bpt6k12634382\/f33.image","Vertragsinhalt":"[Pr\u00e4] Benennung der Verhandler, nach Beendigung der Feindseligkeiten dient Eheschlie\u00dfung zur Wiederherstellung der gegenseitigen Freundschaft und ihrer dauerhaften Absicherung\r\n\r\nArtikel 1-3: Eheschlie\u00dfung durch Prokurator vereinbart, wenn Elisabeth 12 Jahre alt, Frist f\u00fcr Eheschlie\u00dfung nach Erreichen besagten Alters festgesetzt\r\n\r\nArtikel 4: \u00dcberf\u00fchrung Elisabeths nach England geregelt, feierliche \u00f6ffentliche Eheschlie\u00dfung im Anschluss an \u00dcberf\u00fchrung innerhalb von sechs Tagen vereinbart\r\nArtikel 5-6: Mitgift festgelegt, Widerlage festgelegt, wie seit Heinrich VIII. in Form j\u00e4hrlicher Eink\u00fcnfte, Zahlungsfristen und Zahlungsbedingungen geregelt, Witweneink\u00fcnfte geregelt \r\n\r\nArtikel 7: Leibgedinge festgelegt, Reisefreiheit Elisabeths als Witwe geregelt \r\n\r\nArtikel 8: Verbleib der Mitgift nach Tod Elisabeths festgelegt\r\n\r\nArtikel 9-11: Konventionalstrafe bei Vertragsbruch vereinbart, Zahlungsmodalit\u00e4ten, Regelungen bei Zahlungsverweigerung festgelegt, nach Zahlung der Konventionalstrafe: keine Verpflichtungen aus Vertrag vereinbart, Rechtsverzicht vereinbart\r\n\r\nArtikel 12: Ratifikation geregelt\r\n\r\nVollmachten inseriert\r\n","Regelungen \u00fcber Thronfolge und Regentschaft":"","konfessionelle Regelungen":"","erbrechtliche Regelungen":""},"Einordnung des Vertrags":{"Textbezug zu vergangenen Ereignissen?":"[Pr\u00e4]: evtl. Bezugnahme auf Krieg mit Schottland, Frankreich (\"Rough Wooing\") 1543-1551, Artikel 5-6: mehrfache Bezugnahme auf Ehe Heinrichs VIII. mit Katharina von Aragon","st\u00e4ndische Instanzen beteiligt?":"","externe Instanzen beteiligt?":"","Ratifikationen, Best\u00e4tigungen, Genehmigungen erw\u00e4hnt?":"Artikel 12: Ratifikation geregelt","weitere Vertr\u00e4ge zwischen Vertragsparteien im Zusammenhang mit dieser Ehe":"Vertrag von Ardres \u00fcber die R\u00fcckgabe von Boulogne 07.06.1546 - Vertrag von London \u00fcber die Grenzen von Boulogne ","Schlagw\u00f6rter":"","Kommentar":"Ehe kam nicht zustande, weil der Papst Heinrich II. mit Exkommunikation drohte\r\n\r\nVertrag selbst ist nicht in Artikel unterteilt","Literatur":"-"}}}