{"Dokument":{"Name":"Brieg - Brandenburg","In Bearbeitung":"Nein","main":{"Zuletzt ge\u00e4ndert":"2021-03 JT","Name":"Ehevertrag Brieg - Brandenburg 1545"},"Vertragstext":{"Regelungen \u00fcber Thronfolge und Regentschaft":"","konfessionelle Regelungen":"","erbrechtliche Regelungen":"Artikel 13 (fol. 153v-154r): Erbrechtliche Regelungen, falls keine Erben vorhanden sind\r\n\r\nArtikel 14 (fol. 154r): Erbverzicht der Braut auf alles v\u00e4terliche, m\u00fctterliche und br\u00fcderliche Erbe und Angefell, solange diese Linie nicht ausgestorben ist, ansonsten erh\u00e4lt die Braut einen Teil des Erbes\r\n\r\nArtikel 15 (fol. 154r-154v): Erbrechtliche Regelungen \u00fcber 20 000 Gulden, Kleider, Kleinodien etc.; wenn der Br\u00e4utigam vor der Braut verstirbt, erh\u00e4lt diese volles Verf\u00fcgungsrecht \u00fcber die Morgengabe, die Heiratsg\u00fcter, die Wiederlage und das erw\u00e4hnte Schloss und die \u00c4mter etc.\r\n\r\nArtikel 18 (fol. 155r): Erbrechtliche Regelungen, Regelungen bez\u00fcglich des Widerfalls und Zahlungen\r\n\r\nArtikel 21 (fol. 156r): Wenn Braut und Br\u00e4utigam ohne Leibeserben versterben, erbt die m\u00e4nnliche Verwandtschaft der Braut (20 000 Gulden, Aussteuer etc.)","Archivexemplar":"GStA I. HA Rep. 78, Nr. 24, fol. 150r-158v","Vertragssprache Archivexemplar":"Deutsch","Digitalisat Archivexemplar":"https:\/\/archivdatenbank.gsta.spk-berlin.de\/midosasearch-gsta\/MidosaSEARCH\/i_ha_rep_78_und_78_a\/index.htm?kid=GStA_i_ha_rep_78_und_78_a_8&uid=GStA_i_ha_rep_78_und_78_a_I_HA_Rep_78_Nr_24","Drucknachweis":"nicht nachgewiesen","Vertragssprache Druck":"nicht nachgewiesen","Digitalisat Druck":"-","Vertragsinhalt":"Artikel 1 (fol. 150v): Ehe beschlossen; Eheschlie\u00dfung f\u00fcr 8 Jahre sp\u00e4ter festgesetzt\r\n\r\nArtikel 2 (fol. 151r): Die Mitgift betr\u00e4gt 20 000 Gulden in m\u00e4rkischer Landesw\u00e4hrung, die nach dem ehelichen Beilager in Raten bezahlt werden soll; Quittungen n\u00f6tig\r\n\r\nArtikel 3 (fol. 151r-151v): Aussteuer an Silbergeschirr, Kleidern und Kleinodien zugesprochen\r\n\r\nArtikel 4 (fol. 151v): Die Widerlage betr\u00e4gt 20 000 Gulden in m\u00e4rkischer Landesw\u00e4hrung\r\n\r\nArtikel 5 (fol. 151v-152r): Leibgedinge zugesprochen, Nutz- und Nie\u00dfrechte festgelegt, F\u00fcrstliche Wohnung und Witwensitz zugesprochen, 4 000 Gulden zur j\u00e4hrlichen Versorgung\r\n\r\nArtikel 6 (fol. 152r): Morgengabe zugesprochen\r\n\r\nArtikel 7 (fol. 152r-152v): Wittum zugesprochen, Huldigung durch Untertanen und Amtleute festgelegt Nutzungsrechte festgelegt\r\n\r\nArtikel 8 (fol. 152v): Verschreibung erw\u00e4hnt\r\n\r\nArtikel 9 (fol. 152v): Regelungen bez\u00fcglich der Amtleute\r\n\r\nArtikel 10 (fol. 152v-153r): Finanzielle Regelungen, falls die Zusicherungen an die Witwe nicht eingehalten werden k\u00f6nnen, Versorgung durch die Erben\r\n\r\nArtikel 11 (fol. 153r): Regelungen im Fall von Schulden, Regelungen bei Besch\u00e4digungen des Wittums, Schutz und Versicherung von Leibgedinge und Morgengabe zugesichert\r\n\r\nArtikel 12 (fol. 153r-153v): Besichtigung des Wittums und der G\u00fcter nach dem Beilager festgelegt\r\n\r\nArtikel 13 (fol. 153v-154r): Erbrechtliche Regelungen, falls keine Erben vorhanden sind\r\n\r\nArtikel 14 (fol. 154r): Erbverzicht der Braut auf alles v\u00e4terliche, m\u00fctterliche und br\u00fcderliche Erbe und Angefell, solange diese Linie nicht ausgestorben ist, ansonsten erh\u00e4lt die Braut einen Teil des Erbes\r\n\r\nArtikel 15 (fol. 154r-154v): erbrechtliche Regelungen \u00fcber 20 000 Gulden, Kleider, Kleinodien etc.; wenn der Br\u00e4utigam vor der Braut verstirbt, erh\u00e4lt diese volles Verf\u00fcgungsrecht \u00fcber die Morgengabe, die Heiratsg\u00fcter, die Wiederlage und das erw\u00e4hnte Schloss und die \u00c4mter etc.\r\n\r\nArtikel 16 (fol. 154v-155r): Nutz -und Nie\u00dfrechte f\u00fcr Leibgedinge und Morgengabe zugesichert\r\n\r\nArtikel 17 (fol. 155r): Eide und Gel\u00fcbde zugesichert\r\n\r\nArtikel 18 (fol. 155r): erbrechtliche Regelungen, Regelungen bez\u00fcglich des Widerfalls und Zahlungen\r\n\r\nArtikel 19 (fol. 155r-155v): \u00dcbernahme des Wittums und Besitzes geregelt und festgelegt, Versorgung, Zinsen und Renten geregelt\r\n\r\nArtikel 20 (fol. 155v-156r): Abl\u00f6sung des Leibgedinges mit 40 000 m\u00f6glich oder lebenslange Inbesitznahme des Leibgedinges durch die Braut, oder gegen die H\u00e4lfte des Ehegeldes nur die H\u00e4lfte des Leibgedinges nutzbar, weitere Regelungen zur Abtretung des Leibgedinges\r\n\r\nArtikel 21 (fol. 156r): wenn Braut und Br\u00e4utigam ohne Leibeserben versterben, erbt die m\u00e4nnliche Verwandtschaft der Braut (20 000 Gulden, Aussteuer etc.)\r\n\r\nArtikel 22 (fol. 156v): Leibgedingebrief erw\u00e4hnt\r\n\r\nArtikel 23 (fol. 156v): Braut wird von s\u00e4mtlichen Schulden des Br\u00e4utigamvaters und des Br\u00e4utigams, die vor oder w\u00e4hrend der Ehe gemacht wurden, ausgeschlossen\r\n\r\nArtikel 24 (fol. 157r): Witweng\u00fcter d\u00fcrfen nicht verkauft oder verpf\u00e4ndet werden, Br\u00e4utigamvater und Br\u00e4utigam von Nutzungsrechten ausgeschlossen, Nutzungsrechte der Braut an weltlichen und geistlichen Lehen, die zum Leibgedinge geh\u00f6ren\r\n\r\nArtikel 25 (fol. 157v-158r): falls einer der Ehepartner vor dem Beilager versterben sollte, ist der Ehevertrag ung\u00fcltig, Regelung im Fall des Vertragsbruchs vereinbart"},"Einordnung des Vertrags":{"Textbezug zu vergangenen Ereignissen?":"","st\u00e4ndische Instanzen beteiligt?":"","externe Instanzen beteiligt?":"","Ratifikationen, Best\u00e4tigungen, Genehmigungen erw\u00e4hnt?":"","weitere Vertr\u00e4ge zwischen Vertragsparteien im Zusammenhang mit dieser Ehe":"","Schlagw\u00f6rter":"","Kommentar":"Vertrag verf\u00fcgt im Original \u00fcber keine Nummerierung der Artikel.","Literatur":"-"},"Grunddaten Ehevertrag":{"Vertragspartner Br\u00e4utigam":"Brieg","Vertragspartner Braut":"Brandenburg","Datum Vertragsschlie\u00dfung":"1545-02-05","Ort Vertragsschlie\u00dfung":"K\u00f6ln","Eheschlie\u00dfung vollzogen?":"Ja","verschiedenkonfessionelle Ehe?":"Nein"},"Br\u00e4utigam":{"Br\u00e4utigam Name, Titel":"Georg II. von Brieg","Br\u00e4utigam GND":"http:\/\/d-nb.info\/gnd\/120227029","Br\u00e4utigam Geburtsjahr":"1523-00-00","Br\u00e4utigam Sterbejahr":"1586-00-00","Br\u00e4utigam Dynastie":"unbekannt","Br\u00e4utigam Konfession":"Evangelisch-Lutherisch"},"Braut":{"Braut Name, Titel":"Barbara von Brandenburg","Braut GND":"http:\/\/d-nb.info\/gnd\/104211539","Braut Geburtsjahr":"1527-00-00","Braut Sterbejahr":"1595-00-00","Braut Dynastie":"Hohenzollern","Braut Konfession":"Evangelisch-Lutherisch"},"Akteur Br\u00e4utigam":{"Akteur Br\u00e4utigam Name, Titel":"Friedrich II. von Brieg","Akteur Br\u00e4utigam GND":"http:\/\/d-nb.info\/gnd\/118535692","Akteur Br\u00e4utigam Dynastie":"unbekannt","Akteur Br\u00e4utigam Verh\u00e4ltnis zu Br\u00e4utigam":"Vater"},"Akteur Braut":{"Akteur Braut Name, Titel":"Joachim II. Hector von Brandenburg","Akteur Braut GND":"http:\/\/d-nb.info\/gnd\/118557556","Akteur Braut Dynastie":"Hohenzollern","Akteur Braut Verh\u00e4ltnis zu Braut":"Vater"}}}