{"Dokument":{"Name":"Lothringen - Savoyen","In Bearbeitung":"Nein","main":{"Name":"Ehevertrag Lothringen - Savoyen 1576","Zuletzt ge\u00e4ndert":"2021-03 JK"},"Vertragstext":{"Vertragssprache Archivexemplar":"nicht nachgewiesen","Digitalisat Archivexemplar":"-","Drucknachweis":"Dumont 1726-1739, Bd. V:1, S. 272-273","Vertragssprache Druck":"Franz\u00f6sisch","Digitalisat Druck":"https:\/\/gallica.bnf.fr\/ark:\/12148\/bpt6k1262878n\/f320","Vertragsinhalt":"Artikel 1: Eheschlie\u00dfung und Beilager vereinbart\r\n\r\nArtikel 2: Mitgift festgelegt: zuz\u00fcglich Leibgedinge aus erster Ehe, Renteneink\u00fcnfte, als Erbe f\u00fcr Kinder aus Henriettes erster Ehe und der zu schlie\u00dfenden Ehe\r\n\r\nArtikel 3: bei Abl\u00f6sung der Renten durch Henriettes Kinder aus erster Ehe: Besitz\u00fcbertragung als Ersatz festgelegt, Nutzungsrechte vorbehalten\r\n\r\nArtikel 4: zus\u00e4tzliche Mitgiftsumme festgelegt: Erbrecht, Anlage, Nutzung geregelt\r\n\r\nArtikel 5: Leibgedinge festgelegt\r\n\r\nArtikel 6: G\u00fctergemeinschaft vereinbart: pers\u00f6nliches Eigentum, Nutzungsrecht, Abl\u00f6sung nach Tod eines Ehepartners geregelt\r\n\r\nArtikel 7: Witwenversorgung geregelt\r\n\r\nArtikel 8: weitere Zugaben von Karls Bruder von K\u00f6nig von Frankreich geregelt: inkl. Nutzungsrechte, Erbrecht","Regelungen \u00fcber Thronfolge und Regentschaft":"","konfessionelle Regelungen":"","erbrechtliche Regelungen":"Artikel 2: Mitgift festgelegt: zuz\u00fcglich Leibgedinge aus erster Ehe, Renteneink\u00fcnfte, als Erbe f\u00fcr Kinder aus Henriettes erster Ehe und der zu schlie\u00dfenden Ehe\r\n\r\nArtikel 4: zus\u00e4tzliche Mitgiftsumme festgelegt: Erbrecht, Anlage, Nutzung geregelt\r\n\r\nArtikel 8: weitere Zugaben von Karls Bruder von K\u00f6nig von Frankreich geregelt: inkl. Nutzungsrechte, Erbrecht","Archivexemplar":"nicht nachgewiesen"},"Einordnung des Vertrags":{"Textbezug zu vergangenen Ereignissen?":"","st\u00e4ndische Instanzen beteiligt?":"","externe Instanzen beteiligt?":"","Ratifikationen, Best\u00e4tigungen, Genehmigungen erw\u00e4hnt?":"","weitere Vertr\u00e4ge zwischen Vertragsparteien im Zusammenhang mit dieser Ehe":"","Schlagw\u00f6rter":"","Kommentar":"Henriette: als Vertragspartner auf Rat, mit Erlaubnis ihres Vaters - K\u00f6nig, K\u00f6nigin von Frankreich unter Zeugen - Karl: vgl. Europ. Stammtf. NF I:2, 209-210A - Henriette: vgl. Europ. Stammtf. NF III:3, 423b\r\n\r\nAls abweichendes Geburtsdatum von Henriette von Savoyen-Villars ist 1542 \u00fcberliefert.\r\n\r\nVertrag selbst ist nicht in Artikel unterteilt.","Literatur":"-"},"Grunddaten Ehevertrag":{"Vertragspartner Br\u00e4utigam":"Lothringen","Vertragspartner Braut":"Savoyen","Datum Vertragsschlie\u00dfung":"1576-07-23","Ort Vertragsschlie\u00dfung":"Paris","Eheschlie\u00dfung vollzogen?":"Ja","verschiedenkonfessionelle Ehe?":"Nein"},"Br\u00e4utigam":{"Br\u00e4utigam Name, Titel":"Karl von Lothringen, Herzog von Mayenne","Br\u00e4utigam GND":"http:\/\/d-nb.info\/gnd\/101898207","Br\u00e4utigam Geburtsjahr":"1554-00-00","Br\u00e4utigam Sterbejahr":"1611-00-00","Br\u00e4utigam Dynastie":"Lothringen","Br\u00e4utigam Konfession":"R\u00f6misch-Katholisch"},"Braut":{"Braut Name, Titel":"Henriette von Savoyen-Villars","Braut GND":"","Braut Geburtsjahr":"1541-00-00","Braut Sterbejahr":"1611-00-00","Braut Dynastie":"Savoyen","Braut Konfession":"R\u00f6misch-Katholisch"},"Akteur Br\u00e4utigam":{"Akteur Br\u00e4utigam Name, Titel":"Karl von Lothringen, Herzog von Mayenne","Akteur Br\u00e4utigam GND":"http:\/\/d-nb.info\/gnd\/101898207","Akteur Br\u00e4utigam Dynastie":"Lothringen","Akteur Br\u00e4utigam Verh\u00e4ltnis zu Br\u00e4utigam":"selbst"},"Akteur Braut":{"Akteur Braut Name, Titel":"Honorat II. von Savoyen, Marquis von Villars","Akteur Braut GND":"","Akteur Braut Dynastie":"Savoyen","Akteur Braut Verh\u00e4ltnis zu Braut":"selbst"}}}