{"Dokument":{"Name":"Savoyen-Piemont - Portugal","In Bearbeitung":"Nein","main":{"Name":"Ehevertrag Savoyn-Piemont - Portugal 1521","Zuletzt ge\u00e4ndert":"2020-11 JK"},"Br\u00e4utigam":{"Br\u00e4utigam Dynastie":"Savoyen","Br\u00e4utigam Konfession":"R\u00f6misch-Katholisch","Br\u00e4utigam Name, Titel":"Karl III., Herzog von Savoyen","Br\u00e4utigam GND":"http:\/\/d-nb.info\/gnd\/104193395","Br\u00e4utigam Geburtsjahr":"1486-00-00","Br\u00e4utigam Sterbejahr":"1553-00-00"},"Braut":{"Braut Name, Titel":"Beatrix von Portugal","Braut GND":"","Braut Geburtsjahr":"1504-00-00","Braut Sterbejahr":"1538-00-00","Braut Dynastie":"Aviz","Braut Konfession":"R\u00f6misch-Katholisch"},"Akteur Br\u00e4utigam":{"Akteur Br\u00e4utigam Name, Titel":"Karl III., Herzog von Savoyen","Akteur Br\u00e4utigam GND":"http:\/\/d-nb.info\/gnd\/104193395","Akteur Br\u00e4utigam Dynastie":"Savoyen","Akteur Br\u00e4utigam Verh\u00e4ltnis zu Br\u00e4utigam":"selbst"},"Akteur Braut":{"Akteur Braut Name, Titel":"Manuel I., K\u00f6nig von Portugal","Akteur Braut GND":"http:\/\/d-nb.info\/gnd\/118954830","Akteur Braut Dynastie":"Aviz","Akteur Braut Verh\u00e4ltnis zu Braut":"Vater"},"Vertragstext":{"Archivexemplar":"nicht nachgewiesen","Vertragssprache Archivexemplar":"nicht nachgewiesen","Digitalisat Archivexemplar":"-","Drucknachweis":"Dumont 1726-1739, Bd. IV:1, S. 332 f.","Vertragssprache Druck":"Latein","Digitalisat Druck":"https:\/\/gallica.bnf.fr\/ark:\/12148\/bpt6k12634404\/f352.item","Vertragsinhalt":"Artikel 1: Eheschlie\u00dfung vereinbart\r\n\r\nArtikel 2: Mitgift in H\u00f6he von 150.000 Dukaten festgelegt: Zahlung bei Eheschlusses bzw. Vollzug des Beilagers, zu zahlen sind 100.000 Dukaten in M\u00fcnzen und der \u00fcbrige Wert in Perlen, Edelsteinen und Silbergeschirr\r\n\r\nArtikel 3: Erbe der verstorbenen Brautmutter wird ist in der Mitgift eingeschlossen\r\n\r\nArtikel 4: \u00dcberf\u00fchrung der Braut auf Kosten des K\u00f6nigs von Portugal nach Nizza im Juli 1521\r\n\r\nArtikel 5: Widerlage in Form von Landg\u00fctern festgelegt, Rechtsstellung von Beatrix nach Vorbild der Herzogin Blanche von Savoyen zugesichert\r\n\r\nArtikel 6: Leibgedinge geregelt, j\u00e4hrliche Zahlung von 25.000 Dukaten\r\n\r\nArtikel 7: Witwenversorgung geregelt, Verf\u00fcgungsrecht der Witwe \u00fcber Landg\u00fcter mit Eink\u00fcnften von 12.000 Dukaten j\u00e4hrlich, R\u00fcckkehrrecht nach Portugal geregelt\r\n\r\nArtikel 7: bei vorzeitigem Tod der Braut ohne Nachkommen: R\u00fcckfall der Mitgift \r\n\r\nArtikel 8: Hochzeit in Nizza oder Villefranche vereinbart\r\n\r\nArtikel 9: Rechtsstellung von Beatrix nach Vorbild von Margarethe von Savoyen zugesichert \r\n\r\nArtikel 10: Rechtsstellung des Hofstaats von Beatrix als festgelegt, entsprechend der Rechtsstellung geb\u00fcrtiger Untertanen in Savoyen ","Regelungen \u00fcber Thronfolge und Regentschaft":"","konfessionelle Regelungen":"","erbrechtliche Regelungen":"Artikel 3: Erbe der verstorbenen Brautmutter wird ist in der Mitgift eingeschlossen\r\n\r\nArtikel 7: bei vorzeitigem Tod der Braut ohne Nachkommen: R\u00fcckfall der Mitgift "},"Einordnung des Vertrags":{"Textbezug zu vergangenen Ereignissen?":"","st\u00e4ndische Instanzen beteiligt?":"","externe Instanzen beteiligt?":"","Ratifikationen, Best\u00e4tigungen, Genehmigungen erw\u00e4hnt?":"","weitere Vertr\u00e4ge zwischen Vertragsparteien im Zusammenhang mit dieser Ehe":"","Schlagw\u00f6rter":"","Kommentar":"\u00dc - Vertrag bezeichnet als \"Dotalis Instrumenti Litere\" (Narratio)\r\n\r\nVertragsartikel sind in der Edition nicht nummeriert.","Literatur":"-"},"Grunddaten Ehevertrag":{"Vertragspartner Br\u00e4utigam":"Savoyn-Piemont","Vertragspartner Braut":"Portugal","Datum Vertragsschlie\u00dfung":"1521-03-26","Ort Vertragsschlie\u00dfung":"Lissabon","Eheschlie\u00dfung vollzogen?":"Ja","verschiedenkonfessionelle Ehe?":"Nein"}}}