{"Dokument":{"Name":"Frankreich - Polen","In Bearbeitung":"Nein","main":{"Name":"Ehevertrag Frankreich - Polen 1725","Zuletzt ge\u00e4ndert":"2021-04 JK"},"Vertragstext":{"Digitalisat Archivexemplar":"https:\/\/basedoc.diplomatie.gouv.fr\/exl-php\/recherche\/mae_internet___traites","Drucknachweis":"nicht nachgewiesen","Vertragssprache Druck":"nicht nachgewiesen","Digitalisat Druck":"-","Vertragsinhalt":"Artikel 1: Eheschlie\u00dfung vereinbart\r\n\r\nArtikel 2: Alle dynastischen Rechte Marias bleiben bestehen und werden im Fall der Aufl\u00f6sung der Ehe wirksam\r\n\r\nArtikel 3: Schenkung von Brautjuwelen im Wert von 50.000 \u00c9cus festgelegt: gestiftet durch Ludwig, Besitzrechte Marias daran geregelt, Vererbung geregelt \r\n\r\nArtikel 4: Witwenversorgung als j\u00e4hrliche Zahlung geregelt, Verwaltung der Leibgedingeg\u00fcter und Besetzung vakanter \u00c4mter durch Maria geregelt, entsprechend den Gesetzen und Br\u00e4uchen Frankreichs\r\n\r\nArtikel 5: Unterhalt Marias und ihres Hofs w\u00e4hrend der Ehe geregelt\r\n\r\nArtikel 6: Ausreiserecht Marias als Witwe samt ihrem Hofstaat zugesichert, die Witwenversorgung wird durch eventuelle Ausreise nicht beeintr\u00e4chtigt\r\n\r\nArtikel 7: Vertrag auf Bitte des polnischen K\u00f6nigs mit Zustimmung des Papstes geschlossen, Einhaltung zugesichert","Regelungen \u00fcber Thronfolge und Regentschaft":"","konfessionelle Regelungen":"","erbrechtliche Regelungen":"Artikel 3: Schenkung von Brautjuwelen im Wert von 50.000 \u00c9cus festgelegt: [...] Vererbung geregelt ","Archivexemplar":"Trait\u00e9s et accords de la France, TRA17250004","Vertragssprache Archivexemplar":"Franz\u00f6sisch"},"Einordnung des Vertrags":{"Textbezug zu vergangenen Ereignissen?":"","st\u00e4ndische Instanzen beteiligt?":"","externe Instanzen beteiligt?":"Artikel 7: Vertrag auf Bitte des polnischen K\u00f6nigs mit Zustimmung des Papstes geschlossen [...]","Ratifikationen, Best\u00e4tigungen, Genehmigungen erw\u00e4hnt?":"","weitere Vertr\u00e4ge zwischen Vertragsparteien im Zusammenhang mit dieser Ehe":"","Schlagw\u00f6rter":"","Kommentar":"\u00dc - erw\u00e4hnt Eheartikel 1725.07.19 Paris (Narratio)\r\n\r\nVertrag selbst ist nicht in Artikel unterteilt.\r\n\r\nDigitalisat kann unter der angegebenen URL unter Verwendung der Signatur (TRA17250004) abgerufen werden.","Literatur":"-"},"Grunddaten Ehevertrag":{"Vertragspartner Br\u00e4utigam":"Frankreich","Vertragspartner Braut":"Polen","Datum Vertragsschlie\u00dfung":"1725-08-09","Ort Vertragsschlie\u00dfung":"Versailles","Eheschlie\u00dfung vollzogen?":"Ja","verschiedenkonfessionelle Ehe?":"Nein"},"Br\u00e4utigam":{"Br\u00e4utigam Name, Titel":"Ludwig XV. von Frankreich","Br\u00e4utigam GND":"http:\/\/d-nb.info\/gnd\/118729438","Br\u00e4utigam Geburtsjahr":"1710-00-00","Br\u00e4utigam Sterbejahr":"1774-00-00","Br\u00e4utigam Dynastie":"Bourbon (Frankreich)","Br\u00e4utigam Konfession":"R\u00f6misch-Katholisch"},"Braut":{"Braut Name, Titel":"Marie Leszczynska von Polen","Braut GND":"http:\/\/d-nb.info\/gnd\/118577786","Braut Geburtsjahr":"1703-00-00","Braut Sterbejahr":"1768-00-00","Braut Dynastie":"Leszczy\u0144ski","Braut Konfession":"R\u00f6misch-Katholisch"},"Akteur Br\u00e4utigam":{"Akteur Br\u00e4utigam Name, Titel":"Ludwig XV. von Frankreich","Akteur Br\u00e4utigam GND":"http:\/\/d-nb.info\/gnd\/118729438","Akteur Br\u00e4utigam Dynastie":"Bourbon (Frankreich)","Akteur Br\u00e4utigam Verh\u00e4ltnis zu Br\u00e4utigam":"selbst"},"Akteur Braut":{"Akteur Braut Name, Titel":"Stanislaw Leszczynski, K\u00f6nig von Polen","Akteur Braut GND":"http:\/\/d-nb.info\/gnd\/118752715","Akteur Braut Dynastie":"Leszczy\u0144ski","Akteur Braut Verh\u00e4ltnis zu Braut":"Vater","Akteur Braut Name, Titel (36)":"Katharina Opalinska","Akteur Braut GND (66)":"http:\/\/d-nb.info\/gnd\/1012920631","Akteur Braut Dynastie (40)":"unbekannt","Akteur Braut Verh\u00e4ltnis zu Braut (38)":"Mutter"}}}