{"Dokument":{"Name":"Pfalz - Hessen-Kassel","In Bearbeitung":"Nein","main":{"Name":"Ehevertrag Pfalz - Hessen-Kassel 1650","Zuletzt ge\u00e4ndert":"2020-05 KZ"},"Grunddaten Ehevertrag":{"Vertragspartner Br\u00e4utigam":"Pfalz","Vertragspartner Braut":"Hessen-Kassel","Datum Vertragsschlie\u00dfung":"1650-02-12","Ort Vertragsschlie\u00dfung":"Cassel","Eheschlie\u00dfung vollzogen?":"Ja","verschiedenkonfessionelle Ehe?":"Nein"},"Br\u00e4utigam":{"Br\u00e4utigam Name, Titel":"Karl I. Ludwig von der Pfalz","Br\u00e4utigam GND":"http:\/\/d-nb.info\/gnd\/118560182","Br\u00e4utigam Geburtsjahr":"1617-00-00","Br\u00e4utigam Sterbejahr":"1680-00-00","Br\u00e4utigam Dynastie":"Pfalz (Simmern)","Br\u00e4utigam Konfession":"Evangelisch-Reformiert"},"Braut":{"Braut Name, Titel":"Charlotte von Hessen-Kassel","Braut GND":"http:\/\/d-nb.info\/gnd\/117722944","Braut Geburtsjahr":"1627-00-00","Braut Sterbejahr":"1686-00-00","Braut Dynastie":"Hessen (Kassel)","Braut Konfession":"Evangelisch-Reformiert"},"Akteur Br\u00e4utigam":{"Akteur Br\u00e4utigam Name, Titel":"Karl I Ludwig von der Pfalz","Akteur Br\u00e4utigam GND":"http:\/\/d-nb.info\/gnd\/118560182","Akteur Br\u00e4utigam Dynastie":"Pfalz (Simmern)","Akteur Br\u00e4utigam Verh\u00e4ltnis zu Br\u00e4utigam":"selbst"},"Akteur Braut":{"Akteur Braut Name, Titel":"Amalie Elisabeth von Hanau-M\u00fcnzenberg, Gr\u00e4fin","Akteur Braut GND":"http:\/\/d-nb.info\/gnd\/119207826","Akteur Braut Dynastie":"Hanau (M\u00fcnzenberg)","Akteur Braut Verh\u00e4ltnis zu Braut":"Mutter"},"Vertragstext":{"Archivexemplar":"Hessisches Staatsarchiv Marburg (HStAM, Urk. 3, 322)","Vertragssprache Archivexemplar":"Deutsch","Digitalisat Archivexemplar":"-","Drucknachweis":"nicht nachgewiesen","Vertragssprache Druck":"nicht nachgewiesen","Digitalisat Druck":"-","Vertragsinhalt":"Pr\u00e4ambel: Zu Ehren Gottes und zum Wachstum der Kirche\r\n\r\nArtikel 1: zeitnahe Eheschlie\u00dfung und Best\u00e4tigung durch Beilager angek\u00fcndigt\r\n\r\nArtikel 2: Mitgift und Leibgedinge werden festgelegt, Auszahlung geregelt nach Brauch des Hauses Hessen\r\n\r\nArtikel 3: Morgengabe wird festgelegt, Anlage und Verzinsung festgelegt\r\n\r\nArtikel 4: Widerlage geregelt, Leibrente wird festgelegt, Wittum geregelt, Nutzungsrechte geregelt \r\n\r\nArtikel 5-10: Erbteilung zwischen Charlotte und eventuellen Erben; Witwensitz: Nutzung und Verwaltung geregelt, Witwenunterhalt geregelt, Vorbehalt der Jurisdiktion und Hoheitsrechte zugunsten Kurf\u00fcrst geregelt\r\n\r\nArtikel 11: im Falle von Karl Ludwigs Tod: Erbschaft von Charlotte geregelt; Herausgabe aller von der Witwe in die Ehe eingebrachten Werte und Zugewinne an sie geregelt, gem\u00e4\u00df anzufertigenden Inventaren\r\n\r\nArtikel 12-14: im Fall von Charlottes Wiederverheiratung bzw. Tod: Erbanspr\u00fcche der Kinder aus Ehe mit Karl Ludwig geregelt; wenn keine Kinder vorhanden: Aufteilung von Nachlass in Form von Geld und Fahrhabe zwischen beiden F\u00fcrstenh\u00e4usern, Landg\u00fcter verbleiben bei der Pfalz\r\n\r\nArtikel 15: Geld aus der Morgengabe verbleibt nach Charlottes Tod bei der Pfalz, ansonsten geht es an die Kinder\r\n\r\nArtikel 16: Haftung f\u00fcr eventuelle von Eheleuten hinterlassene Schulden geregelt\r\n\r\nArtikel 17: bei Tod einer der Parteien vor dem Ehevollzug ist der Vertrag nichtig\r\n\r\nArtikel 18-19: Ehe wird ratifiziert\r\n","Regelungen \u00fcber Thronfolge und Regentschaft":"","konfessionelle Regelungen":"","erbrechtliche Regelungen":"Artikel 5-10: Erbteilung zwischen Charlotte und eventuellen Erben; Witwensitz: Nutzung und Verwaltung geregelt, Witwenunterhalt geregelt, Vorbehalt der Jurisdiktion und Hoheitsrechte zugunsten Kurf\u00fcrst geregelt\r\n\r\nArtikel 11: im Falle von Karl Ludwigs Tod: Erbschaft von Charlotte geregelt; Herausgabe aller von der Witwe in die Ehe eingebrachten Werte und Zugewinne an sie geregelt, gem\u00e4\u00df anzufertigenden Inventaren\r\n\r\nArtikel 12-14: im Fall von Charlottes Wiederverheiratung bzw. Tod: Erbanspr\u00fcche der Kinder aus Ehe mit Karl Ludwig geregelt; wenn keine Kinder vorhanden: Aufteilung von Nachlass in Form von Geld und Fahrhabe zwischen beiden F\u00fcrstenh\u00e4usern, Landg\u00fcter verbleiben bei der Pfalz\r\n\r\nArtikel 15: Geld aus der Morgengabe verbleibt nach Charlottes Tod bei der Pfalz, ansonsten geht es an die Kinder\r\n"},"Einordnung des Vertrags":{"Textbezug zu vergangenen Ereignissen?":"","st\u00e4ndische Instanzen beteiligt?":"","externe Instanzen beteiligt?":"","Ratifikationen, Best\u00e4tigungen, Genehmigungen erw\u00e4hnt?":"Artikel 17-18: Ehe wird ratifiziert","weitere Vertr\u00e4ge zwischen Vertragsparteien im Zusammenhang mit dieser Ehe":"","Schlagw\u00f6rter":"","Kommentar":"Der Vertrag selbst ist nicht explizit in Artikel unterteilt.","Literatur":"-"}}}