{"Dokument":{"Name":"Portugal - Spanien","In Bearbeitung":"Nein","main":{"Name":"Ehevertrag Portugal - Spanien 1785","Zuletzt ge\u00e4ndert":"2019-11 KZ"},"Grunddaten Ehevertrag":{"Vertragspartner Br\u00e4utigam":"Portugal","Vertragspartner Braut":"Spanien","Datum Vertragsschlie\u00dfung":"1785-03-10","Ort Vertragsschlie\u00dfung":"Prado (Madrid)","Eheschlie\u00dfung vollzogen?":"Ja","verschiedenkonfessionelle Ehe?":"Nein"},"Br\u00e4utigam":{"Br\u00e4utigam Name, Titel":"Johann von Portugal","Br\u00e4utigam GND":"http:\/\/d-nb.info\/gnd\/119512602","Br\u00e4utigam Geburtsjahr":"1767-00-00","Br\u00e4utigam Sterbejahr":"1826-00-00","Br\u00e4utigam Dynastie":"Braganza","Br\u00e4utigam Konfession":"R\u00f6misch-Katholisch"},"Braut":{"Braut Name, Titel":"Charlotte Joachima (Carlota Joaquina) von Spanien","Braut GND":"http:\/\/d-nb.info\/gnd\/118702343","Braut Geburtsjahr":"1775-00-00","Braut Sterbejahr":"1830-00-00","Braut Dynastie":"Bourbon (Spanien)","Braut Konfession":"R\u00f6misch-Katholisch"},"Akteur Br\u00e4utigam":{"Akteur Br\u00e4utigam Name, Titel":"Maria, K\u00f6nigin von Portugal","Akteur Br\u00e4utigam GND":"http:\/\/d-nb.info\/gnd\/136730795","Akteur Br\u00e4utigam Dynastie":"Braganza","Akteur Br\u00e4utigam Verh\u00e4ltnis zu Br\u00e4utigam":"Mutter"},"Akteur Braut":{"Akteur Braut Name, Titel":"Karl III., K\u00f6nig von Spanien","Akteur Braut GND":"http:\/\/d-nb.info\/gnd\/118925059","Akteur Braut Dynastie":"Bourbon (Spanien)","Akteur Braut Verh\u00e4ltnis zu Braut":"Gro\u00dfvater"},"Vertragstext":{"Archivexemplar":"nicht nachgewiesen","Vertragssprache Archivexemplar":"nicht nachgewiesen","Digitalisat Archivexemplar":"-","Drucknachweis":"CTS 49, S. 245-251 (portugies.), 252-258 (span.)","Vertragssprache Druck":"Portugisisch und Spanisch","Digitalisat Druck":"-","Vertragsinhalt":"Artikel 1: Eheschlie\u00dfung vereinbart: mit p\u00e4pstlicher Dispens, erforderliches Alter Charlotte Joachimas vorbehalten, am spanischen Hof\r\n\r\nArtikel 2: Ausstattung Johanns als Infant von Portugal vereinbart\r\n\r\nArtikel 3: Mitgift auf 500.000 Escudos festgelegt\r\n\r\nArtikel 4: Anlage der Mitgift geregelt, R\u00fcckzahlung der Mitgift bei Aufl\u00f6sung der Ehe geregelt\r\n\r\nArtikel 5: Erbverzicht Charlotte Joachimas geregelt\r\n\r\nArtikel 6: Brautschatz geregelt\r\n\r\nArtikel 7: Witwenversorgung und Verwaltung des Witwenguts geregelt: alternativ Mitgifterh\u00f6hung durch Portugal nach spanischem Recht anstatt Wiederlage, als pers\u00f6nliches Eigentum und Nachlass Charlotte Joachimas\r\n\r\nArtikel 8: Unterhalt Charlotte Joachimas und ihres Hofstaats w\u00e4hrend der Ehe geregelt\r\n\r\nArtikel 9: \u00dcberf\u00fchrung Charlotte Joachimas geregelt\r\n\r\nArtikel 10: R\u00fcckkehrrecht als Witwe zugesichert\r\n\r\nArtikel 11: Ratifikation geregelt","Regelungen \u00fcber Thronfolge und Regentschaft":"","konfessionelle Regelungen":"","erbrechtliche Regelungen":"Artikel 5: Erbverzicht Charlotte Joachimas geregelt"},"Einordnung des Vertrags":{"Textbezug zu vergangenen Ereignissen?":"","st\u00e4ndische Instanzen beteiligt?":"","externe Instanzen beteiligt?":"Artikel 1: Eheschlie\u00dfung vereinbart: mit p\u00e4pstlicher Dispens, erforderliches Alter Charlotte Joachimas vorbehalten, am spanischen Hof","Ratifikationen, Best\u00e4tigungen, Genehmigungen erw\u00e4hnt?":"Artikel 1: Eheschlie\u00dfung vereinbart: mit p\u00e4pstlicher Dispens, erforderliches Alter Charlotte Joachimas vorbehalten, am spanischen Hof\r\n\r\nArtikel 11: Ratifikation geregelt","weitere Vertr\u00e4ge zwischen Vertragsparteien im Zusammenhang mit dieser Ehe":"keine, vgl. Pr\u00e4liminar-Friedens- und Grenzvertrag von San Ildefonso 01.10.1777 - Freundschafts-, Garantie- und Handelsvertrag von Prado 11.03.1778 - Abkommen von San Lorenzo el Real 10.10.1791 \u00fcber Mitgiftzahlungen","Schlagw\u00f6rter":"","Kommentar":"\u00dc - als Teil von Doppelheirat, vgl. Vorvertrag 1784.05.02 (Enr. 139) sowie korrespondierender Vorvertrag 1784.05.02, Ehevertrag 1785.03.11 (Enr. 141-142) - dispositive Artikel: als substanziell identisch mit Vorvertrag 1784.05.02 angek\u00fcndigt (Narratio) - Mitgift: verrechnet mit portugiesischer Mitgift f\u00fcr Prinzessin Maria Anna Viktoria im Abkommen von San Lorenzo el Real 1791.10.20","Literatur":"-"}}}