{"Dokument":{"Name":"Frankreich - Hessen-Rheinfels-Rotenburg","In Bearbeitung":"Nein","main":{"Name":"Ehevertrag Frankreich - Hessen-Rheinfels-Rotenburg 1728","Zuletzt ge\u00e4ndert":"2020-04 JK"},"Grunddaten Ehevertrag":{"Vertragspartner Br\u00e4utigam":"Frankreich","Vertragspartner Braut":"Hessen-Rheinfels-Rotenburg","Datum Vertragsschlie\u00dfung":"1728-06-26","Ort Vertragsschlie\u00dfung":"Rotenburg\/Fulda","Eheschlie\u00dfung vollzogen?":"Ja","verschiedenkonfessionelle Ehe?":"Nein"},"Br\u00e4utigam":{"Br\u00e4utigam Name, Titel":"Ludwig Heinrich von Bourbon, Prinz von Cond\u00e9","Br\u00e4utigam GND":"http:\/\/d-nb.info\/gnd\/102279071","Br\u00e4utigam Geburtsjahr":"1692-00-00","Br\u00e4utigam Sterbejahr":"1740-00-00","Br\u00e4utigam Dynastie":"Bourbon-Cond\u00e9","Br\u00e4utigam Konfession":"R\u00f6misch-Katholisch"},"Braut":{"Braut Name, Titel":"Caroline von Hessen-Rheinfels-Rotenburg","Braut GND":"http:\/\/d-nb.info\/gnd\/143420607","Braut Geburtsjahr":"1714-00-00","Braut Sterbejahr":"1741-00-00","Braut Dynastie":"Hessen (Rheinfels-Rotenburg)","Braut Konfession":"R\u00f6misch-Katholisch"},"Akteur Br\u00e4utigam":{"Akteur Br\u00e4utigam Name, Titel":"Louise Fran\u00e7oise von Bourbon","Akteur Br\u00e4utigam GND":"http:\/\/d-nb.info\/gnd\/129541486","Akteur Br\u00e4utigam Dynastie":"Bourbon (Frankreich)","Akteur Br\u00e4utigam Verh\u00e4ltnis zu Br\u00e4utigam":"Mutter ","Akteur Br\u00e4utigam Name, Titel (32)":"Ludwig Heinrich von Bourbon, Prinz von Cond\u00e9","Akteur Br\u00e4utigam GND (65)":"http:\/\/d-nb.info\/gnd\/102279071","Akteur Br\u00e4utigam Dynastie (35)":"Bourbon (Frankreich)","Akteur Br\u00e4utigam Verh\u00e4ltnis zu Br\u00e4utigam (34)":"selbst"},"Akteur Braut":{"Akteur Braut Name, Titel":"Ernst II. Leopold, Landgraf von Hessen-Rotenburg","Akteur Braut GND":"http:\/\/d-nb.info\/gnd\/137840497","Akteur Braut Dynastie":"Hessen (Rheinfels-Rotenburg)","Akteur Braut Verh\u00e4ltnis zu Braut":"Vater","Akteur Braut Name, Titel (36)":"Landgr\u00e4fin Eleonore von L\u00f6wenstein-Wertheim","Akteur Braut GND (66)":"http:\/\/d-nb.info\/gnd\/1070048232","Akteur Braut Dynastie (40)":"unbekannt","Akteur Braut Verh\u00e4ltnis zu Braut (38)":"Mutter"},"Vertragstext":{"Archivexemplar":"Trait\u00e9s et accords de la France, TRA17280001","Vertragssprache Archivexemplar":"Franz\u00f6sisch","Digitalisat Archivexemplar":"https:\/\/basedoc.diplomatie.gouv.fr\/exl-php\/recherche\/mae_internet___traites","Drucknachweis":"nicht nachgewiesen","Vertragssprache Druck":"nicht nachgewiesen","Digitalisat Druck":"-","Vertragsinhalt":"Artikel 1: Eheschlie\u00dfung vereinbart\r\n\r\nArtikel 2: Verlobung und Eheschlie\u00dfung in Rotenburg mit Prokurator f\u00fcr Ludwig Heinrich von Bourbon geregelt, in Verantwortung des Bruders der Braut, Prinz Alexander von Hessen-Rheinfeld \r\n\r\nArtikel 3: \u00dcberf\u00fchrung Carolines nach Stra\u00dfburg geregelt, wo sie von Ludwig Heinrich in Empfang genommen wird\r\n\r\nArtikel 4: Brautlager in Chalons-sur-Marne vereinbart\r\n\r\nArtikel 5: Geldschenkung von K\u00f6nig Ludwig an Ludwig Heinrich festgelegt: ehrenhalber f\u00fcr Zugeh\u00f6rigkeit zum K\u00f6nigshaus\r\n\r\nArtikel 6: Mitgift auf 20.000 rheinische Florin festgelegt, Zahlung geregelt, Summe zum Verbleib bei Ludwig Heinrich bestimmt\r\n\r\nArtikel 7: Widerlage auf 20.000 rheinische Florin festgelegt: zur Witwenversorgung, sowohl, wenn aus der Ehe Kinder hervorgehen als auch, wenn sie kinderlos bleibt, als pers\u00f6nliches Eigentum Carolines\r\n\r\nArtikel 8: Morgengabe geregelt\r\n\r\nArtikel 9: Schenkung Brautjuwelen durch Ludwig Heinrich im Wert von 10.000 Livre geregelt\r\n\r\nArtikel 10: Unterhalt Carolines w\u00e4hrend er Ehe auf 40.000 Livre j\u00e4hrlich festgelegt\r\n\r\nArtikel 11: Witwenversorgung auf 30.000 Livre j\u00e4hrlich festgelegt, keine Haftung f\u00fcr Schulden des Ehegatten\r\n\r\nArtikel 12: Witwensitz geregelt, Wahl des Witwensitzes ist davon abh\u00e4ngig, ob aus der Ehe m\u00e4nnliche Nachkommen hervorgehen oder nicht\r\n\r\nArtikel 13: Erbverzicht Carolines geregelt: Eventualerbfolge vorbehalten, mit Zustimmung Ludwig Heinrichs\r\n\r\nArtikel 14: Eheg\u00fcter Ludwig Heinrichs definiert: vererblich innerhalb seiner Linie\r\n\r\nArtikel 15: getrennte Verwaltung der Eheg\u00fcter Carolines festgelegt\r\n\r\nArtikel 16: Verzicht auf G\u00fctergemeinschaft festgelegt, Zustimmung der Vertragspartner, K\u00f6nig Ludwigs sowie Carolines Br\u00fcdern bekundet","Regelungen \u00fcber Thronfolge und Regentschaft":"","konfessionelle Regelungen":"","erbrechtliche Regelungen":"Artikel 13: Erbverzicht Carolines geregelt: Eventualerbfolge vorbehalten, mit Zustimmung Ludwig Heinrichs\r\n\r\nArtikel 14: Eheg\u00fcter Ludwig Heinrichs definiert: vererblich innerhalb seiner Linie"},"Einordnung des Vertrags":{"Textbezug zu vergangenen Ereignissen?":"","st\u00e4ndische Instanzen beteiligt?":"","externe Instanzen beteiligt?":"","Ratifikationen, Best\u00e4tigungen, Genehmigungen erw\u00e4hnt?":"Artikel 13: Erbverzicht Carolines geregelt: Eventualerbfolge vorbehalten, mit Zustimmung Ludwig Heinrichs\r\n\r\nArtikel 16: [...] Zustimmung der Vertragspartner, K\u00f6nig Ludwigs sowie Carolines Br\u00fcdern bekundet","weitere Vertr\u00e4ge zwischen Vertragsparteien im Zusammenhang mit dieser Ehe":"","Schlagw\u00f6rter":"","Kommentar":"2. Ehe Ludwig Heinrichs - mit Zustimmung von, nach Werbung durch K\u00f6nig Ludwig (Pr\u00e4ambel) - Mutter Ludwig Heinrichs: Louise Francoise von Bourbon, legimierte Tochter Ludwig XIV. mit M\u00e4tresse\r\n\r\nReligion hier nicht eindeutig zugeordnet.\r\n\r\nVertrag selbst ist nicht in Artikel unterteilt.\r\n\r\nDigitalisat kann unter der angegebenen URL unter Verwendung der Signatur (TRA17280001) abgerufen werden.","Literatur":"-"}}}