{"Dokument":{"Name":"Frankreich - Savoyen","In Bearbeitung":"Nein","main":{"Name":"Ehevertrag Frankreich - Savoyen 1773","Zuletzt ge\u00e4ndert":"2020-12 JK"},"Grunddaten Ehevertrag":{"Vertragspartner Br\u00e4utigam":"Frankreich","Vertragspartner Braut":"Savoyen","Datum Vertragsschlie\u00dfung":"1773-10-23","Ort Vertragsschlie\u00dfung":"Turin","Eheschlie\u00dfung vollzogen?":"Ja","verschiedenkonfessionelle Ehe?":"Nein"},"Br\u00e4utigam":{"Br\u00e4utigam Name, Titel":"Karl (X.) von Frankreich","Br\u00e4utigam GND":"https:\/\/d-nb.info\/gnd\/118776770","Br\u00e4utigam Geburtsjahr":"1757-00-00","Br\u00e4utigam Sterbejahr":"1836-00-00","Br\u00e4utigam Dynastie":"Bourbon (Frankreich)","Br\u00e4utigam Konfession":"R\u00f6misch-Katholisch"},"Braut":{"Braut Name, Titel":"Maria Theresia von Savoyen","Braut GND":"https:\/\/d-nb.info\/gnd\/1078038988","Braut Geburtsjahr":"1756-00-00","Braut Sterbejahr":"1805-00-00","Braut Dynastie":"Savoyen","Braut Konfession":"R\u00f6misch-Katholisch"},"Akteur Br\u00e4utigam":{"Akteur Br\u00e4utigam Name, Titel":"Ludwig, Dauphin von Frankreich","Akteur Br\u00e4utigam GND":"https:\/\/d-nb.info\/gnd\/132343762","Akteur Br\u00e4utigam Dynastie":"Bourbon (Frankreich)","Akteur Br\u00e4utigam Verh\u00e4ltnis zu Br\u00e4utigam":"Vater"},"Akteur Braut":{"Akteur Braut Name, Titel":"Viktor Amadeus III.","Akteur Braut GND":"https:\/\/d-nb.info\/gnd\/117682349","Akteur Braut Dynastie":"Savoyen","Akteur Braut Verh\u00e4ltnis zu Braut":"Vater"},"Vertragstext":{"Archivexemplar":"BCh, TRA17730008","Vertragssprache Archivexemplar":"franz\u00f6sisch","Digitalisat Archivexemplar":"-","Drucknachweis":"nicht nachgewiesen","Vertragssprache Druck":"nicht nachgewiesen","Digitalisat Druck":"-","Vertragsinhalt":"[Pr\u00e4]-[1] - Nennung der beteiligten Akteure, Bezug zum p\u00e4pstlichen Dispens, Vereinbarung der Eheschlie\u00dfung und Ehefeierlichkeiten\r\n\r\n[2] - Ernennung der Braut zur \"Comtesse d'Artois\", Vereinbarung der standesgem\u00e4\u00dfen \u00dcberf\u00fchrung nach der Hochzeit auf Kosten des Brautvaters\r\n\r\n[3] - Festlegung der Mitgift (420.000 livres \"monnoie de Piemont\" und der Zahlungsmodalit\u00e4ten\r\n\r\n[4]-[6] - Weitere Regelungen bzgl. der Mitgift\r\n\r\n[7]-[8] - Festlegung der Morgengabe\r\n\r\n[9] - Ausstattung und Finanzierung des Haushalts\r\n\r\n[10] - Festlegung des Wittums\r\n\r\n[11] - Regelungen f\u00fcr den Fall des Scheiterns der Ehe oder des Tods von Braut\/Br\u00e4utigam: Freiz\u00fcgigkeit der Braut, Besitzverh\u00e4ltnisse von Mitgift und Wittum\r\n\r\n[12] - Ratifikation durch die beteiligten Akteure (Ratifikationen beigef\u00fcgt)","Regelungen \u00fcber Thronfolge und Regentschaft":"","konfessionelle Regelungen":"","erbrechtliche Regelungen":"[6] - Erbverzicht der Braut mit Zahlung der Mitgift"},"Einordnung des Vertrags":{"Textbezug zu vergangenen Ereignissen?":"","st\u00e4ndische Instanzen beteiligt?":"","externe Instanzen beteiligt?":"Papst (Dispens, [Pr\u00e4]-[1])","Ratifikationen, Best\u00e4tigungen, Genehmigungen erw\u00e4hnt?":"[12] - Ratifikation durch die handelnden Akteure","weitere Vertr\u00e4ge zwischen Vertragsparteien im Zusammenhang mit dieser Ehe":"Ehevertrag Frankreich-Savoyen 1771","Schlagw\u00f6rter":"","Kommentar":"-","Literatur":"-"}}}