{"Dokument":{"Name":"\u00d6sterreich - Bayern","In Bearbeitung":"Nein","main":{"Name":"Ehevertrag \u00d6sterreich - Bayern 1765","Zuletzt ge\u00e4ndert":"2021-05 JK"},"Grunddaten Ehevertrag":{"Vertragspartner Br\u00e4utigam":"\u00d6sterreich","Vertragspartner Braut":"Bayern","Datum Vertragsschlie\u00dfung":"1765-01-10","Ort Vertragsschlie\u00dfung":"Wien","Eheschlie\u00dfung vollzogen?":"Ja","verschiedenkonfessionelle Ehe?":"Nein"},"Br\u00e4utigam":{"Br\u00e4utigam Name, Titel":"Joseph II., Erzherzog von \u00d6sterreich, K\u00f6nig des Heiligen R\u00f6mischen Reichs","Br\u00e4utigam GND":"http:\/\/d-nb.info\/gnd\/118558404","Br\u00e4utigam Geburtsjahr":"1741-00-00","Br\u00e4utigam Sterbejahr":"1790-00-00","Br\u00e4utigam Dynastie":"Habsburg (\u00d6sterreich)","Br\u00e4utigam Konfession":"R\u00f6misch-Katholisch"},"Braut":{"Braut Name, Titel":"Maria Josepha von Bayern","Braut GND":"http:\/\/d-nb.info\/gnd\/122069447","Braut Geburtsjahr":"1739-00-00","Braut Sterbejahr":"1767-00-00","Braut Dynastie":"Wittelsbach (Bayern)","Braut Konfession":"R\u00f6misch-Katholisch"},"Akteur Br\u00e4utigam":{"Akteur Br\u00e4utigam Name, Titel":"Joseph II., Erzherzog von \u00d6sterreich, K\u00f6nig des Heiligen R\u00f6mischen Reichs","Akteur Br\u00e4utigam GND":"http:\/\/d-nb.info\/gnd\/118558404","Akteur Br\u00e4utigam Dynastie":"Habsburg (\u00d6sterreich)","Akteur Br\u00e4utigam Verh\u00e4ltnis zu Br\u00e4utigam":"selbst"},"Akteur Braut":{"Akteur Braut Name, Titel":"Maximilian III. Joseph, Kurf\u00fcrst von Bayern","Akteur Braut GND":"http:\/\/d-nb.info\/gnd\/118579436","Akteur Braut Dynastie":"Wittelsbach (Bayern)","Akteur Braut Verh\u00e4ltnis zu Braut":"Bruder"},"Vertragstext":{"Archivexemplar":"AT-OeStA \/ HHStA, UR FUK 2009","Vertragssprache Archivexemplar":"Deutsch","Digitalisat Archivexemplar":"-","Drucknachweis":"nicht nachgewiesen","Vertragssprache Druck":"nicht nachgewiesen","Digitalisat Druck":"-","Vertragsinhalt":"Pr\u00e4ambel (fol. 1r-4r): Brautwerbung durch Joseph und dessen Eltern, Kaiser Franz I. und Kaiserin Maria Theresia, bekundet; Mitgift, Widerlage, Morgengabe, Witwensitz, Witwenversorgung etc. als Verhandlungsgegenst\u00e4nde benannt, bevollm\u00e4chtigte Verhandler beider Parteien benannt\r\n\r\nArtikel 1: (fol 4r-4v): Eheschlie\u00dfung vereinbart, Zustimmung Maria Josephas bekundet, Verlobung ausgesprochen, p\u00e4pstliche Dispens wegen des Verwandtschaftsgrades der Brautleute eingeholt \r\n\r\nArtikel 2 (fol. 4v-5r): Mitgift bzw. Heiratsgut auf 30.000 Dukaten festgesetzt, Auszahlung zu Wien in zwei Raten geregelt, Quittierung zugesichert, standesgem\u00e4\u00dfe Ausstattung bzw. Aussteuer der Braut geregelt\r\n\r\nArtikel 3 (5r-5v): im Gegenzug f\u00fcr Mitgift: formeller Erbverzicht Maria Josephas auf m\u00fctterliches, br\u00fcderliches und v\u00e4terliches Erbe f\u00fcr sich und ihre Erben vereinbart, nach kurbayerischem Herkommen; Ausnahme im Fall des Aussterbens der Hauses Bayern in m\u00e4nnlicher Linie geregelt \r\n\r\nArtikel 4 (fol. 5v-6r): Wiederlage von 30.000 Dukaten und Morgengabe von 10.000 Dukaten zugesichert, sodass Gesamtsumme von 70.000 Dukaten zustande kommt; Anlage in B\u00f6hmen sowie Ober- und Unter\u00f6sterreich geregelt, Wittum erw\u00e4hnt, Unterhalt der Braut w\u00e4hrend der Ehe auf 30.000 Gulden j\u00e4hrlich festgesetzt, Verf\u00fcgungsrechte und Auszahlung geregelt\r\n\r\nArtikel 5 (fol. 6v-7v): falls Joseph vor Maria Josepha stirbt, erh\u00e4lt sie Verf\u00fcgungs- und Besitzrecht \u00fcber die Mitgift, den von ihr in die Ehe einbrachten Besitz, der in einem Inventar festzuhalten ist, und Besitz der ihr in Josephs Testament zugesprochen wird oder den sie w\u00e4hrend der Ehe erworben hat; au\u00dferdem: Nutzung der Widerlage und Morgengabe zugesichert; Verzinsung der Gesamtsumme zu f\u00fcnf Prozent und j\u00e4hrliche Zinszahlung an die Witwe geregelt; Besitzrecht an \u00f6sterreichischen Hauskleinodien, die ihr \u00fcberlassen wurden, bleibt Haus Habsburg vorbehalten: Herausgabe gegen Zahlung von 50.000 Gulden an Maria Josepha geregelt\r\n\r\nArtikel 6 (fol. 7v-8r): Schloss Linz oder ein vergleichbares von ihr w\u00e4hlbares Gut in den \u00f6sterreichischen Erblanden als Wittum zugesichert; standesgem\u00e4\u00dfe Instandsetzung und Ausstattung des Wittumssitzes geregelt; nach Bezug des Wittums ist Maria Josepha f\u00fcr Instandhaltung verantwortlich; falls der Wittumssitz durch Krieg oder Feuer zerst\u00f6rt wird, wird standesgem\u00e4\u00dfer Ersatz zugesichert\r\n\r\nArtikel 7 (fol. 8r-9r): Unterhalt der Witwe auf 60.000 Gulden j\u00e4hrlich, die aber mit Zinsen aus der Anlage von Mitgift, Widerlage und Morgenhabe verrechnet werden: sie erh\u00e4lt die Summe unabh\u00e4ngig davon, ob Kinder aus der Ehe hervorgegangen sind, und solange sie nicht erneut heiratet; Versicherung und kaiserliche Best\u00e4tigung der Unterhaltssumme versprochen; viertelj\u00e4hrliche Ratenzahlung per Sonderverschreibung zugesichert, weitere Versicherungen erw\u00e4hnt\r\n\r\nArtikel 8 (9r-10r): erneute Heirat Maria Josephas nach ihrer Verwitwung, soll nicht ohne Wissen und Rat der H\u00e4user \u00d6sterreich und Bayern geschehen; in Fall der Wiederverheiratung endet ihr Witwenunterhalt, allerdings werden ihr Mitgift und ggf. Morgengabe \u00fcberlassen und sie erh\u00e4lt lebenslanges Nutzungsrecht an der Widerlage, Verzinsung dieser Summen zu f\u00fcnf Prozent bleibt bestehen; \u00dcberlassung von Aussteuer, w\u00e4hrend der Ehe erworbenem Besitz und der Abl\u00f6sesumme f\u00fcr die habsburgischen Hauskleinodien geregelt; falls Kinder aus der Ehe mit Joseph vorhanden sind: Regelung ihrer Besitzanspr\u00fcche an Maria Josephas Verm\u00f6gen im Fall der Wiederverheiratung\r\n\r\nArtikel 9 (fol. 10r-11v): falls Maria Josepha vor Joseph stirbt und Kinder aus der Ehe vorhanden sind, bleiben diese samt ihrem m\u00fctterlichen Erbe unter v\u00e4terlicher Aufsicht; falls keine lebenden Kinder vorhanden sind: R\u00fcckfall von Maria Josephas Besitz an ihre n\u00e4chsten bayerischen Erben, sofern keine anderweitige testamentarische Regelung vorliegt; Anfertigung eines Inventars ihres Besitzes zugesichert; lebenslanges Nutzungsrecht an Mitgift von 30.000 Dukaten f\u00fcr Joseph zugesichert, nach seinem Tod: R\u00fcckfall an Bayern geregelt, sofern Maria Josepha keine anderweitige testamentarische Regelung hinterl\u00e4sst; wechselseitige Einhaltung zugesichert, Beurkundung und Unterzeichnung geregelt; Ratifikation nach der Verm\u00e4hlung vereinbart ","Regelungen \u00fcber Thronfolge und Regentschaft":"","konfessionelle Regelungen":"","erbrechtliche Regelungen":"Artikel 3 (5r-5v): im Gegenzug f\u00fcr Mitgift: formeller Erbverzicht Maria Josephas auf m\u00fctterliches, br\u00fcderliches und v\u00e4terliches Erbe f\u00fcr sich und ihre Erben vereinbart, nach kurbayerischem Herkommen; Ausnahme im Fall des Aussterbens der Hauses Bayern in m\u00e4nnlicher Linie geregelt \r\n\r\nArtikel 5 (fol. 6v-7v): falls Joseph vor Maria Josepha stirbt, erh\u00e4lt sie Verf\u00fcgungs- und Besitzrecht \u00fcber die Mitgift, den von ihr in die Ehe einbrachten Besitz, der in einem Inventar festzuhalten ist, und Besitz der ihr in Josephs Testament zugesprochen wird oder den sie w\u00e4hrend der Ehe erworben hat; au\u00dferdem: Nutzung der Widerlage und Morgengabe zugesichert; Verzinsung der Gesamtsumme zu f\u00fcnf Prozent und j\u00e4hrliche Zinszahlung an die Witwe geregelt; Besitzrecht an \u00f6sterreichischen Hauskleinodien, die ihr \u00fcberlassen wurden, bleibt Haus Habsburg vorbehalten: Herausgabe gegen Zahlung von 50.000 Gulden an Maria Josepha geregelt\r\n\r\nArtikel 9 (fol. 10r-11v): falls Maria Josepha vor Joseph stirbt und Kinder aus der Ehe vorhanden sind, bleiben diese samt ihrem m\u00fctterlichen Erbe unter v\u00e4terlicher Aufsicht; falls keine lebenden Kinder vorhanden sind: R\u00fcckfall von Maria Josephas Besitz an ihre n\u00e4chsten bayerischen Erben, sofern keine anderweitige testamentarische Regelung vorliegt; Anfertigung eines Inventars ihres Besitzes zugesichert; lebenslanges Nutzungsrecht an Mitgift von 30.000 Dukaten f\u00fcr Joseph zugesichert, nach seinem Tod: R\u00fcckfall an Bayern geregelt, sofern Maria Josepha keine anderweitige testamentarische Regelung hinterl\u00e4sst [...]"},"Einordnung des Vertrags":{"Textbezug zu vergangenen Ereignissen?":"","st\u00e4ndische Instanzen beteiligt?":"","externe Instanzen beteiligt?":" Artikel 1: (fol 4r-4v): [...] p\u00e4pstliche Dispens wegen des Verwandtschaftsgrades der Brautleute eingeholt ","Ratifikationen, Best\u00e4tigungen, Genehmigungen erw\u00e4hnt?":"Artikel 9 (fol. 10r-11r): [...] Ratifikation nach der Verm\u00e4hlung vereinbart ","weitere Vertr\u00e4ge zwischen Vertragsparteien im Zusammenhang mit dieser Ehe":"","Schlagw\u00f6rter":"nicht nachgewiesen","Kommentar":"Joseph II. war zum Zeitpunkt der Vertragschlie\u00dfung bereits gew\u00e4hlter r\u00f6misch-deutscher K\u00f6nig, nach dem Tod seiner Mutter, Kaiserin Maria Theresia, erwarb er 1780 auch die Kaiserkrone. ","Literatur":"Reinhalter 2011, S. 80 ff."}}}