{"Dokument":{"Name":"Brandenburg - Frankreich","In Bearbeitung":"Nein","main":{"Name":"Ehevertrag Brandenburg - Frankreich 1517","Zuletzt ge\u00e4ndert":"2020-11 JK"},"Grunddaten Ehevertrag":{"Vertragspartner Br\u00e4utigam":"Brandenburg","Vertragspartner Braut":"Frankreich","Datum Vertragsschlie\u00dfung":"1517-06-26","Ort Vertragsschlie\u00dfung":"Abbeville","Eheschlie\u00dfung vollzogen?":"Nein","verschiedenkonfessionelle Ehe?":"Nein"},"Br\u00e4utigam":{"Br\u00e4utigam Name, Titel":"Joachim, Kurprinz von Brandenburg, Sohn von Kurf\u00fcrst  Joachim I.","Br\u00e4utigam GND":"http:\/\/d-nb.info\/gnd\/118557556","Br\u00e4utigam Geburtsjahr":"1505-00-00","Br\u00e4utigam Sterbejahr":"1571-00-00","Br\u00e4utigam Dynastie":"Hohenzollern","Br\u00e4utigam Konfession":"R\u00f6misch-Katholisch"},"Braut":{"Braut Name, Titel":"Renate (Renee) von Frankreich","Braut GND":"http:\/\/d-nb.info\/gnd\/11892933X","Braut Geburtsjahr":"1515-00-00","Braut Sterbejahr":"1575-00-00","Braut Dynastie":"Valois","Braut Konfession":"R\u00f6misch-Katholisch"},"Akteur Br\u00e4utigam":{"Akteur Br\u00e4utigam Name, Titel":"Joachim I., Kurf\u00fcrst von Brandenburg","Akteur Br\u00e4utigam GND":"http:\/\/d-nb.info\/gnd\/119214644","Akteur Br\u00e4utigam Dynastie":"Hohenzollern","Akteur Br\u00e4utigam Verh\u00e4ltnis zu Br\u00e4utigam":"Vater"},"Akteur Braut":{"Akteur Braut Name, Titel":"Franz I., K\u00f6nig von Frankreich","Akteur Braut GND":"http:\/\/d-nb.info\/gnd\/118534947","Akteur Braut Dynastie":"Valois","Akteur Braut Verh\u00e4ltnis zu Braut":"Cousin"},"Vertragstext":{"Archivexemplar":"Archives Nationales de France, J 995A 5 (UI)","Vertragssprache Archivexemplar":"Latein","Digitalisat Archivexemplar":"https:\/\/www.ieg-friedensvertraege.de\/treaty\/1517%20VI%2026%20Heiratsvertrag%20von%20Abbeville\/t-1568-1-de.html?h=1","Drucknachweis":"IEG-FVVo, S. 2-8","Vertragssprache Druck":"Latein","Digitalisat Druck":"-","Vertragsinhalt":"Artikel 1-2: Eheschlie\u00dfung vereinbart, vorbehaltlich vorheriger Eheabrede mit K\u00f6nig Karl von Spanien oder Erzherzog Ferdinand \r\n\r\nArtikel 3: Mitgift festgelegt: f\u00fcr Erbanspr\u00fcche Renates, Zahlung geregelt, Ausstattung Renates geregelt\r\n\r\nArtikel 4: Erbverzicht Renates auf Sukzessionsanspr\u00fcche in Frankreich sowie Erbe ihres Vaters und ihrer Mutter zugunsten von K\u00f6nig Franz und seiner Nachkommen \r\n\r\nArtikel 5: \u00dcbergabe von Mitgift und Brautschmuck geregelt \r\n\r\nArtikel 6: G\u00fctergemeinschaft der Eheleute, ggf. R\u00fcckfall von Mitgiftanteil, Regelung von Erbe, Nachlass Renates nach franz\u00f6sischem Brauch: von franz\u00f6sischer Seite gefordert, von brandenburgischer Seite abgelehnt, deutsches Eheg\u00fcterrecht mit Mitgift, Widerlage gegen\u00fcbergestellt \r\n\r\nArtikel 7-8: zur \u00dcberwindung der gegens\u00e4tzlichen Rechtspositionen: Eheg\u00fcterrecht gem\u00e4\u00df gemeinem Recht, nicht nach L\u00e4ndergewohnheit vereinbart \r\n\r\nArtikel 9: nach Tod von Br\u00e4utigam: R\u00fcckfall der Mitgift an Renate, ihre Kinder oder ggf. an den K\u00f6nig von Frankreich oder seine Nachkommen geregelt \r\n\r\nArtikel 10: Leibgedingeg\u00fcter, Leibgedinge f\u00fcr Witwenversorgung festgelegt\r\n\r\nArtikel 11:  nach Tod von Br\u00e4utigam: R\u00fcckfall von Ausstattung, Juwelen Renates an Renate, ihre Kinder oder ggf. an den K\u00f6nig von Frankreich oder seine Nachkommen geregelt \r\n\r\nArtikel 12: \u00dcberf\u00fchrung Renates, Hochzeit geregelt: wenn Renate 12 Jahre alt, zusammen mit Austausch der Dokumente, Mitgiftzahlung \r\n\r\nArtikel 13: Verzicht Renates auf kollaterale Erbanspr\u00fcche: von franz\u00f6sischer Seite gefordert, von brandenburgischer Seite grunds\u00e4tzlich abgelehnt, nur gegen zus\u00e4tzliche Geldzahlung zur Brautausstattung zugestanden, Streitfrage an Prinzipale zur Entscheidung zur\u00fcck\u00fcberwiesen \r\n\r\nArtikel 14: Ratifikation geregelt\r\n","Regelungen \u00fcber Thronfolge und Regentschaft":"","konfessionelle Regelungen":"","erbrechtliche Regelungen":"Artikel 4: Erbverzicht Renates auf Sukzessionsanspr\u00fcche in Frankreich sowie Erbe ihres Vaters und ihrer Mutter zugunsten von K\u00f6nig Franz und seiner Nachkommen \r\n\r\nArtikel 6: G\u00fctergemeinschaft der Eheleute, ggf. R\u00fcckfall von Mitgiftanteil, Regelung von Erbe, Nachlass Renates nach franz\u00f6sischem Brauch: von franz\u00f6sischer Seite gefordert, von brandenburgischer Seite abgelehnt, deutsches Eheg\u00fcterrecht mit Mitgift, Widerlage gegen\u00fcbergestellt \r\n\r\nArtikel 9: nach Tod von Br\u00e4utigam: R\u00fcckfall der Mitgift an Renate, ihre Kinder oder ggf. an den K\u00f6nig von Frankreich oder seine Nachkommen geregelt \r\n\r\nArtikel 11:  nach Tod von Br\u00e4utigam: R\u00fcckfall von Ausstattung, Juwelen Renates an Renate, ihre Kinder oder ggf. an den K\u00f6nig von Frankreich oder seine Nachkommen geregelt \r\n\r\nArtikel 13: Verzicht Renates auf kollaterale Erbanspr\u00fcche: von franz\u00f6sischer Seite gefordert, von brandenburgischer Seite grunds\u00e4tzlich abgelehnt, nur gegen zus\u00e4tzliche Geldzahlung zur Brautausstattung zugestanden, Streitfrage an Prinzipale zur Entscheidung zur\u00fcck\u00fcberwiesen \r\n"},"Einordnung des Vertrags":{"Textbezug zu vergangenen Ereignissen?":"","st\u00e4ndische Instanzen beteiligt?":"","externe Instanzen beteiligt?":"","Ratifikationen, Best\u00e4tigungen, Genehmigungen erw\u00e4hnt?":"Artikel 14: Ratifikation geregelt","weitere Vertr\u00e4ge zwischen Vertragsparteien im Zusammenhang mit dieser Ehe":"Abkommen von Abbeville 07.1518 [?] \u00fcber brandenburgische Unterst\u00fctzung f\u00fcr Kaiserwahl von K\u00f6nig Franz (ADB)","Schlagw\u00f6rter":"","Kommentar":"Br\u00e4utigam r\u00f6misch-katholischer Religion bis 1539, von da an lutherisch.\r\n\r\nArtikel im Original nicht nummeriert.\r\n\r\nVgl. zu diesem Vertrag auch folgenden Vertrag im Bestand des Geheimen Staatsarchivs Preu\u00dfischer Kulturbesitz, Signatur: GStA, I. HA Rep. 78, Nr. 24, fol. 44r-46r, abrufbar unter: https:\/\/archivdatenbank.gsta.spk-berlin.de\/midosasearch-gsta\/MidosaSEARCH\/i_ha_rep_78_und_78_a\/index.htm?kid=GStA_i_ha_rep_78_und_78_a_8&uid=GStA_i_ha_rep_78_und_78_a_I_HA_Rep_78_Nr_24","Literatur":"ADB 14 \"Joachim I., Kurf\u00fcrst von Brandenburg\", S. 75"}}}