{"Dokument":{"Name":"Anhalt-Bernburg - Hessen-Kassel","In Bearbeitung":"Nein","main":{"Name":"Ehevertrag Anhalt-Bernburg - Hessen-Kassel 1794","Zuletzt ge\u00e4ndert":"2017-12 BB"},"Vertragstext":{"erbrechtliche Regelungen":"Erbverzicht und Erbausschluss der Braut geregelt. auf Vatererbe, Muttererbe, Vettererbe, gem\u00e4\u00df der hessischen Hausordnung, mit Zustimmung von Br\u00e4utigam, Erbanspr\u00fcche nach Aussterben der Landgrafen von Hessen vorbehalten - 3\r\n\r\nnach Tod der Braut ohne \u00fcberlebende Kinder: Vererbung von Morgengabe und Nachlass der Braut geregelt - 8\r\n\r\nnach Tod der Braut: Vererbung von Mitgift, Widerlage, Morgengabe und Nachlass an Kinder geregelt - 9\r\n\r\nbei zweiter Ehe der Braut:  ggf. Vererbung von Mitgift, Morgengabe und Nachlass an Kinder aus erster und zweiter Ehe geregelt - 10","Archivexemplar":"Marburg, Staatsarchiv, Urk. 3, Nr. 389","Vertragssprache Archivexemplar":"Deutsch","Digitalisat Archivexemplar":"-","Drucknachweis":"nicht nachgewiesen","Vertragssprache Druck":"nicht nachgewiesen","Digitalisat Druck":"-","Vertragsinhalt":"[Pr\u00e4] \u2013 zu Lob und Ehren Gottes, zu Befestigung und Vermehrung des guten Einvernehmens zwischen den f\u00fcrstlichen H\u00e4usern: Eheabrede bekundet\r\n\r\n1\u2013 Brautwerbung bekundet, Eheversprechen ausgetauscht zwischen Brauteltern, Braut und Br\u00e4utigam\r\n\r\n2 \u2013 Mitgift festgelegt, Aussteuer geregelt - Verf\u00fcgung der Braut \u00fcber pers\u00f6nlichen Besitz und Zugewinn vereinbart\r\n\r\n3 \u2013 Erbverzicht und Erbausschluss der Braut geregelt. auf Vatererbe, Muttererbe, Vettererbe, gem\u00e4\u00df der hessischen Hausordnung, mit Zustimmung von Br\u00e4utigam, Erbanspr\u00fcche nach Aussterben der Landgrafen von Hessen vorbehalten\r\n\r\n4 \u2013 Morgengabe festgelegt: Zahlung und Nutzung geregelt - Unterhalt der Braut w\u00e4hrend der Ehe festgelegt: zum pers\u00f6nlichen Bedarf, Aufwendungen f\u00fcr Geschenke ausgenommen - Hofstaat der Braut geregelt: Bedienstete aufgez\u00e4hlt, Besoldung, Bestellung und Jurisdiktion geregelt\r\n\r\n5 \u2013 Widerlage und Witweneink\u00fcnfte festgelegt: zuz\u00fcglich Naturalienlieferungen, Pfandgut zur Absicherung angewiesen\r\n\r\n6 \u2013 Witwensitz angewiesen: abh\u00e4ngig von Residenz des Br\u00e4utigamvaters oder Regenten, Unterhalt und Ausstattung geregelt, Vereidigung und Rechtsstellung von Amtleuten und Bediensteten geregelt\r\n\r\n7 \u2013 nach Tod des Br\u00e4utigams: sechs Monate Bedenkzeit einger\u00e4umt f\u00fcr Braut \u00fcber Bezug von Witwengut oder Auszahlung von Mitgift, Morgengabe, Zinsen von Widerlage, Versorgung der Braut in der Bedenkzeit geregelt\r\n\r\n8 \u2013 nach Tod der Braut ohne \u00fcberlebende Kinder: Vererbung von Morgengabe und Nachlass der Braut geregelt, lebenslange Nutzung von Mitgift durch Br\u00e4utigam, nach Tod des Br\u00e4utigams R\u00fcckfall von Mitgift geregelt\r\n\r\n9 \u2013 nach Tod der Braut: Vererbung von Mitgift, Widerlage, Morgengabe und Nachlass an Kinder geregelt \u2013 bei Tod der Kinder w\u00e4hrend Witwenzeit: Verbleib von Mitgift bei Haus Anhalt geregelt\r\n\r\n10 \u2013  bei zweiter Ehe der Braut: Ende von Nutzung der Witweng\u00fcter, Auszahlung von pers\u00f6nlichem Besitz, Mitgift und Morgengabe an Braut geregelt, lebenslange Verzinsung von Widerlage zugesichert, R\u00fcckgabe von Ausstattung des Witwensitzes geregelt, ggf. Vererbung von Mitgift, Morgengabe und Nachlass an Kinder aus erster und zweiter Ehe geregelt\r\n\r\n11 \u2013 Religionsaus\u00fcbung der Braut geregelt: Bestellung von Hofprediger zugesichert \u2013 Kindererziehung geregelt: reformierte Erziehung f\u00fcr S\u00f6hne, reformierte oder lutherische Erziehung f\u00fcr T\u00f6chter nach Gutd\u00fcnken der Braut festgelegt, Unterhalt geregelt\r\n\r\n12 \u2013 nach Tod von Br\u00e4utigam: Vormundschaft und Regentschaft f\u00fcr unm\u00fcndige Kinder geregelt, zus\u00e4tzliche Regentschaftsgelder f\u00fcr Braut als Witwe zugesichert\r\n\r\n13 \u2013 Schuldenhaftung f\u00fcr Braut geregelt\r\n\r\n14 \u2013 bei Tod von Braut oder Br\u00e4utigam nach Hochzeit vor Mitgiftzahlung: G\u00fcltigkeit des Vertrags vereinbart \u2013 bei Tod von Braut oder Br\u00e4utigam vor Hochzeit: Nichtigkeit von Ehevertrag vereinbart, Schenkungen geregelt\r\n\r\n15 \u2013 Einhaltung des Vertrags versprochen: Zustimmung von \u00fcbrigen Angeh\u00f6rigen des Hauses Anhalt zugesichert\r\n","Regelungen \u00fcber Thronfolge und Regentschaft":"Witwensitz angewiesen: abh\u00e4ngig von Residenz des Br\u00e4utigamsvaters oder Regenten - 6\r\n\r\nnach Tod von Br\u00e4utigam: Vormundschaft und Regentschaft f\u00fcr unm\u00fcndige Kinder geregelt, zus\u00e4tzliche Regentschaftsgelder f\u00fcr Braut als Witwe zugesichert - 12","konfessionelle Regelungen":"Religionsaus\u00fcbung der Braut geregelt: Bestellung von Hofprediger zugesichert \u2013 Kindererziehung geregelt: reformierte Erziehung f\u00fcr S\u00f6hne, reformierte oder lutherische Erziehung f\u00fcr T\u00f6chter nach Gutd\u00fcnken der Braut festgelegt - 11"},"Einordnung des Vertrags":{"Textbezug zu vergangenen Ereignissen?":"","st\u00e4ndische Instanzen beteiligt?":"","externe Instanzen beteiligt?":"Zustimmung von \u00fcbrigen Angeh\u00f6rigen des Hauses Anhalt zugesichert - 15","Ratifikationen, Best\u00e4tigungen, Genehmigungen erw\u00e4hnt?":"Zustimmung von \u00fcbrigen Angeh\u00f6rigen des Hauses Anhalt zugesichert - 15","weitere Vertr\u00e4ge zwischen Vertragsparteien im Zusammenhang mit dieser Ehe":"","Schlagw\u00f6rter":"","Kommentar":"Zweites Datum der Vertragschlie\u00dfung 20.11.1794 Kassel.\r\n\r\nEhe geschieden 1817.","Literatur":"-"},"Grunddaten Ehevertrag":{"Vertragspartner Br\u00e4utigam":"Anhalt-Bernburg","Vertragspartner Braut":"Hessen","Datum Vertragsschlie\u00dfung":"1794-11-14","Ort Vertragsschlie\u00dfung":"Ballenstedt","Eheschlie\u00dfung vollzogen?":"Ja","verschiedenkonfessionelle Ehe?":"Nein"},"Br\u00e4utigam":{"Br\u00e4utigam Name, Titel":"Alexius Friedrich Christian, F\u00fcrst von Anhalt Bernburg","Br\u00e4utigam GND":"http:\/\/d-nb.info\/gnd\/104173130","Br\u00e4utigam Geburtsjahr":"1767-00-00","Br\u00e4utigam Sterbejahr":"1834-00-00","Br\u00e4utigam Dynastie":"Askanier (Anhalt)","Br\u00e4utigam Konfession":"Evangelisch-Reformiert"},"Braut":{"Braut Name, Titel":"Marie Friederike von Hessen-Kassel","Braut GND":"","Braut Geburtsjahr":"1768-00-00","Braut Sterbejahr":"1839-00-00","Braut Dynastie":"Hessen (Kassel)","Braut Konfession":"Evangelisch-Reformiert"},"Akteur Br\u00e4utigam":{"Akteur Br\u00e4utigam Name, Titel":"Friedrich Albrecht, F\u00fcrst von Anhalt-Bernburg","Akteur Br\u00e4utigam GND":"http:\/\/d-nb.info\/gnd\/104173254","Akteur Br\u00e4utigam Dynastie":"Askanier (Anhalt)","Akteur Br\u00e4utigam Verh\u00e4ltnis zu Br\u00e4utigam":"Vater"},"Akteur Braut":{"Akteur Braut Name, Titel":"Wilhelm IX., Landgraf von Hessen-Kassel","Akteur Braut GND":"http:\/\/d-nb.info\/gnd\/102285977","Akteur Braut Dynastie":"Hessen (Kassel)","Akteur Braut Verh\u00e4ltnis zu Braut":"Vater"}}}