{"Dokument":{"Name":"Spanien - Frankreich","In Bearbeitung":"Nein","main":{"Name":"Ehevertrag Spanien - Frankreich 1739","Zuletzt ge\u00e4ndert":"2020-12 JK"},"Grunddaten Ehevertrag":{"Vertragspartner Br\u00e4utigam":"Spanien","Vertragspartner Braut":"Frankreich","Datum Vertragsschlie\u00dfung":"1739-08-25","Ort Vertragsschlie\u00dfung":"Versailles","Eheschlie\u00dfung vollzogen?":"Ja","verschiedenkonfessionelle Ehe?":"Nein"},"Br\u00e4utigam":{"Br\u00e4utigam Name, Titel":"Philipp (Felipe), Herzog von Parma, Sohn von K\u00f6nig Philipp V. von Spanien","Br\u00e4utigam GND":"http:\/\/d-nb.info\/gnd\/137838573","Br\u00e4utigam Geburtsjahr":"1720-00-00","Br\u00e4utigam Sterbejahr":"1765-00-00","Br\u00e4utigam Dynastie":"Bourbon (Spanien)","Br\u00e4utigam Konfession":"R\u00f6misch-Katholisch"},"Braut":{"Braut Name, Titel":"Louise \u00c9lisabeth, Tochter von K\u00f6nig Ludwig XV. von Frankreich","Braut GND":"http:\/\/d-nb.info\/gnd\/128731524","Braut Geburtsjahr":"1727-00-00","Braut Sterbejahr":"1759-00-00","Braut Dynastie":"Bourbon (Frankreich)","Braut Konfession":"R\u00f6misch-Katholisch"},"Akteur Br\u00e4utigam":{"Akteur Br\u00e4utigam Name, Titel":"Philipp V., K\u00f6nig von Spanien","Akteur Br\u00e4utigam GND":"http:\/\/d-nb.info\/gnd\/119186640","Akteur Br\u00e4utigam Dynastie":"Bourbon (Spanien)","Akteur Br\u00e4utigam Verh\u00e4ltnis zu Br\u00e4utigam":"Vater"},"Akteur Braut":{"Akteur Braut Name, Titel":"Ludwig XV., K\u00f6nig von Frankreich","Akteur Braut GND":"http:\/\/d-nb.info\/gnd\/118729438","Akteur Braut Dynastie":"Bourbon (Frankreich)","Akteur Braut Verh\u00e4ltnis zu Braut":"Vater"},"Vertragstext":{"Archivexemplar":"Trait\u00e9s et accords de la France, TRA17390002","Vertragssprache Archivexemplar":"Franz\u00f6sisch","Digitalisat Archivexemplar":"https:\/\/basedoc.diplomatie.gouv.fr\/exl-php\/recherche\/mae_internet___traites","Drucknachweis":"nicht nachgewiesen","Vertragssprache Druck":"nicht nachgewiesen","Digitalisat Druck":"-","Vertragsinhalt":"[Pr\u00e4] Im Namen Gottes, zur Mehrung der Einheit und Freundschaft zwischen dem spanischen und dem franz\u00f6sischen Zweig des Hauses Bourbon\r\n\r\nArtikel I: Eheschlie\u00dfung vereinbart: Hochzeit am franz\u00f6sischen Hof, mit p\u00e4pstlicher Dispens \r\n\r\nArtikel II: Mitgift festgelegt (300.000 Gold\u00e9cus): als Abfindung f\u00fcr Verzicht der Braut Erbanspr\u00fcche in v\u00e4terlicher wie m\u00fctterlicher Linie, Verzicht des Br\u00e4utigams auf Thronanspruch in Frankreich bis zur Abgeltung der Mitgiftsumme, ggf. R\u00fcckfall der Mitgift geregelt, bei Tod der Braut ohne Kinder bzw. \u00fcberlebende Nachkommen: R\u00fcckfall der Mitgift geregelt\r\n\r\nArtikel III: Anlage der Mitgift geregelt, falls Aufl\u00f6sung der Ehe: Aush\u00e4ndigung der Mitgiftsumme an Braut, ihre Bevollm\u00e4chtigten oder Rechtsnachfolger geregelt\r\n\r\nArtikel IV: Brautgeschenke von Ludwig: u. a. Juwelen im Wert von 300.000 Livres, zu \u00fcbergeben bei Abreise nach Spanien\r\n\r\nArtikel V: Brautgeschenke von Philipp festgelegt: u. a. Juwelen im Wert von 360.000 Livres \r\n\r\nArtikel VI: Unterhalt, standesgem\u00e4\u00dfe Unterbringung und Hofhaltung der Braut geregelt \r\n \r\nArtikel VII: spanische Mitgiftzulage festgelegt: 100.000 Gold\u00e9cus anstelle von Leibgedinge, als Versorgung im Fall der Eheaufl\u00f6sung, als Witwenversorgung, pers\u00f6nliches Eigentum der Braut \r\n\r\nArtikel VIII: R\u00fcckkehrrecht der Braut im Fall der Eheaufl\u00f6sung bzw. als Witwe nach Frankreich zugesichert, Recht auf Mitnahme beweglicher Habe und Nutzung der Mitgiftzulage zugesichert \r\n\r\nArtikel IX: Eheschlie\u00dfung durch Prokurator in Frankreich, \u00dcberf\u00fchrung der Braut nach Spanien, erneute Hochzeit in Spanien in Beisein von franz\u00f6sischem Sondergesandten geregelt \r\n\r\nArtikel X: Einhaltung zugesichert","Regelungen \u00fcber Thronfolge und Regentschaft":"","konfessionelle Regelungen":"","erbrechtliche Regelungen":""},"Einordnung des Vertrags":{"Textbezug zu vergangenen Ereignissen?":"","st\u00e4ndische Instanzen beteiligt?":"","externe Instanzen beteiligt?":"","Ratifikationen, Best\u00e4tigungen, Genehmigungen erw\u00e4hnt?":"","weitere Vertr\u00e4ge zwischen Vertragsparteien im Zusammenhang mit dieser Ehe":"B\u00fcndnis von El Escorial 07.11.1733 - B\u00fcndnis von Fontainebleau 25.10.1743","Schlagw\u00f6rter":"","Kommentar":"\u00dc - Vorvertrag erw\u00e4hnt: dat. 23.08.1739 Versailles (Pr\u00e4ambel) - fast w\u00f6rtlich identisch mit Vorvertrag 23.08.1739 (Enr. 151)\r\n\r\nVertragsunterzeichnung in Versaille in Gegenwart zahlreicher Mitglieder der k\u00f6niglichen Familie.\r\n\r\nDigitalisat kann unter der angegebenen URL unter Verwendung der Signatur (TRA17390002) abgerufen werden.","Literatur":"-"}}}