{"Dokument":{"Name":"Brandenburg - D\u00e4nemark","In Bearbeitung":"Nein","main":{"Name":"Ehevertrag Brandenburg - D\u00e4nemark 1502","Zuletzt ge\u00e4ndert":"2021-02 JT"},"Grunddaten Ehevertrag":{"Vertragspartner Br\u00e4utigam":"Joachim I. Kurf\u00fcrst von Brandenburg","Vertragspartner Braut":"Elisabeth von D\u00e4nemark","Datum Vertragsschlie\u00dfung":"1502-09-10","Ort Vertragsschlie\u00dfung":"nicht genannt","Eheschlie\u00dfung vollzogen?":"Ja","verschiedenkonfessionelle Ehe?":"Nein"},"Br\u00e4utigam":{"Br\u00e4utigam Name, Titel":"Joachim I. Kurf\u00fcrst von Brandenburg","Br\u00e4utigam GND":"http:\/\/d-nb.info\/gnd\/119214644","Br\u00e4utigam Geburtsjahr":"1484-00-00","Br\u00e4utigam Sterbejahr":"1535-00-00","Br\u00e4utigam Dynastie":"Hohenzollern","Br\u00e4utigam Konfession":"R\u00f6misch-Katholisch"},"Braut":{"Braut Name, Titel":"Elisabeth von D\u00e4nemark","Braut GND":"http:\/\/d-nb.info\/gnd\/128983574","Braut Geburtsjahr":"1485-00-00","Braut Sterbejahr":"1555-00-00","Braut Dynastie":"Oldenburg (D\u00e4nemark)","Braut Konfession":"R\u00f6misch-Katholisch"},"Akteur Br\u00e4utigam":{"Akteur Br\u00e4utigam Name, Titel":"Joachim I. Kurf\u00fcrst von Brandenburg","Akteur Br\u00e4utigam GND":"http:\/\/d-nb.info\/gnd\/119214644","Akteur Br\u00e4utigam Dynastie":"Hohenzollern","Akteur Br\u00e4utigam Verh\u00e4ltnis zu Br\u00e4utigam":"Selbst"},"Akteur Braut":{"Akteur Braut Name, Titel":"Johann I. K\u00f6nig von D\u00e4nemark","Akteur Braut GND":"http:\/\/d-nb.info\/gnd\/12433072X","Akteur Braut Dynastie":"Oldenburg (D\u00e4nemark)","Akteur Braut Verh\u00e4ltnis zu Braut":"Vater"},"Vertragstext":{"Archivexemplar":"GStA, I. HA Rep. 78, Nr. 24, fol. 18r-19v, fol. 20r-22r, 22r-23r, 23v-24v","Vertragssprache Archivexemplar":"Deutsch","Digitalisat Archivexemplar":"https:\/\/archivdatenbank.gsta.spk-berlin.de\/midosasearch-gsta\/MidosaSEARCH\/i_ha_rep_78_und_78_a\/index.htm?kid=GStA_i_ha_rep_78_und_78_a_8&uid=GStA_i_ha_rep_78_und_78_a_I_HA_Rep_78_Nr_24","Drucknachweis":"nicht nachgewiesen","Vertragssprache Druck":"nicht nachgewiesen","Digitalisat Druck":"-","Vertragsinhalt":"Artikel 1 (fol. 18r): Ehe beschlossen und versprochen\r\n\r\nArtikel 2 (fol. 18v): Mitgift auf 30 000 Gulden festgelegt\r\n\r\nArtikel 3 (fol. 18v): Ausstattung mit Kleinodien und Kleidung\r\n\r\nArtikel 4 (fol. 18v): Wert der Aussteuer betr\u00e4gt 30 000 Gulden \r\n\r\nArtikel 5 (fol. 18v): Regelungen bez\u00fcglich des v\u00e4terlichen und m\u00fctterlichen Erbes der Braut\r\n\r\nArtikel 6 (fol. 18v): Die Widerlage betr\u00e4gt 30 000 Gulden an Gold\r\n\r\nArtikel 7 (fol. 18v): Anlage der Summe auf Schloss Stettin und zugeh\u00f6rigen G\u00fctern geregelt\r\n\r\nArtikel 8 (fol. 18v-19r): Nach dem Tod des Br\u00e4utigams erh\u00e4lt die Braut eine j\u00e4hrliche Pension von 6 000 Gulden sowie deren Zinsen, um ihren f\u00fcrstlichen Hofstaat zu halten, im weiteren Verlauf wird Summe f\u00fcr die verschiedenen Verwendungszwecke aufgegliedert, Nutzung und Leibgedinge geregelt\r\n\r\nArtikel 9 (fol. 19r): Regelungen bez\u00fcglich der Bestellung von Amtleuten\r\n\r\nArtikel 10 (fol. 19r): Mitgift und Widerlage geregelt, Beilager geregelt \r\n\r\nArtikel 11 (fol. 19r): erbrechtliche Regelungen im Fall von Joachims Tod ohne Leibeserben\r\n\r\nArtikel 12 (fol. 19v): B\u00fcndnis zwischen den H\u00e4usern bekundet, wechselseitiger Zuspruch von Rat und Hilfe\r\n\r\nArtikel 13 (fol. 20r): Morgengabe und Verzinsung geregelt\r\n\r\nArtikel 14 (fol. 20r): F\u00fcrstliche Wohnung in Spandau, Nutzungsrechte der Braut geregelt\r\n\r\nArtikel 15 (fol. 20r-20v): Einnahmen festgehalten, Anlage von Ertr\u00e4gen auf verschiedenen weiteren G\u00fctern geregelt\r\n\r\nArtikel 16 (fol. 20v): Schloss Spandau mit Ausstattung und Nutzungsrechten als Bestandteil des Leibgedinges und Witwensitz bestimmt, sofern die Witwe dies w\u00fcnscht, Einnahmen aus anderen Besitzungen, Regelungen bez\u00fcglich der Amtleute\r\n\r\nArtikel 17 (fol. 21r): Regelung bez\u00fcglich Land- und Gewohnheitsrechten, Vererbung, Vergabe von \u00c4mtern auf Witwengut nach Tod des Br\u00e4utigams\r\n\r\nArtikel 18 (fol. 22v-23r): erbrechtliche Regelungen, Verzicht der Braut auf v\u00e4terliches und m\u00fctterliches Erbe geregelt, Ausnahme im Fall des Aussterbens der m\u00e4nnlichen Line des d\u00e4nischen K\u00f6nigshauses\r\n\r\nArtikel 19 (fol. 23v): \u00dcbertragung der Jagd zu Spandau samt aller Eink\u00fcnfte an Elisabeth (zus\u00e4tzliches Dokument)\r\n\r\nArtikel 20 (fol. 24r-24v): k\u00f6niglich-d\u00e4nische Best\u00e4tigung der erbrechtlichen Regelung aus Artikel 18 (zus\u00e4tzliches Dokument) ","Regelungen \u00fcber Thronfolge und Regentschaft":"","konfessionelle Regelungen":"","erbrechtliche Regelungen":"Artikel 5 (fol. 18v): Regelungen bez\u00fcglich des v\u00e4terlichen und m\u00fctterlichen Erbes der Braut\r\n\r\nArtikel 11 (fol. 19r): erbrechtliche Regelungen im Fall von Joachims Tod ohne Leibeserben\r\n\r\nArtikel 17 (fol. 21r): Regelung bez\u00fcglich Land- und Gewohnheitsrechten, Vererbung, Vergabe von \u00c4mtern auf Witwengut nach Tod des Br\u00e4utigams\r\n\r\nArtikel 18 (fol. 22v-23r): erbrechtliche Regelungen, Verzicht der Braut auf v\u00e4terliches und m\u00fctterliches Erbe geregelt, Ausnahme im Fall des Aussterbens der m\u00e4nnlichen Line des d\u00e4nischen K\u00f6nigshauses\r\n\r\nArtikel 20 (fol. 24r-24v): k\u00f6niglich-d\u00e4nische Best\u00e4tigung der erbrechtlichen Regelung aus Artikel 18 (zus\u00e4tzliches Dokument) \r\n"},"Einordnung des Vertrags":{"Textbezug zu vergangenen Ereignissen?":"","st\u00e4ndische Instanzen beteiligt?":"","externe Instanzen beteiligt?":"","Ratifikationen, Best\u00e4tigungen, Genehmigungen erw\u00e4hnt?":"","weitere Vertr\u00e4ge zwischen Vertragsparteien im Zusammenhang mit dieser Ehe":"Ehevertrag D\u00e4nemark - Brandeburg 1502","Schlagw\u00f6rter":"","Kommentar":"Artikel des Originalvertrages nicht nummeriert; Regest umfasst zus\u00e4tzliche, unmittelbar auf Vertrag bezogene Dokumente.","Literatur":"-"}}}