{"Dokument":{"Name":"Savoyen-Piemont - Savoyen-Piemont","In Bearbeitung":"Nein","main":{"Name":"Ehevertrag Savoyen-Piemont - Savoyen-Piemont 1642","Zuletzt ge\u00e4ndert":"2021-03 JK"},"Grunddaten Ehevertrag":{"Vertragspartner Br\u00e4utigam":"Savoyen-Piemont","Vertragspartner Braut":"Savoyen-Piemont","Datum Vertragsschlie\u00dfung":"1642-08-28","Ort Vertragsschlie\u00dfung":"Turin (?)","Eheschlie\u00dfung vollzogen?":"Ja","verschiedenkonfessionelle Ehe?":"Nein"},"Br\u00e4utigam":{"Br\u00e4utigam Name, Titel":"Moritz, Prinz von Savoyen","Br\u00e4utigam GND":"http:\/\/d-nb.info\/gnd\/121733890","Br\u00e4utigam Geburtsjahr":"1593-00-00","Br\u00e4utigam Sterbejahr":"1657-00-00","Br\u00e4utigam Dynastie":"Savoyen","Br\u00e4utigam Konfession":"R\u00f6misch-Katholisch"},"Braut":{"Braut Name, Titel":"Ludovika Christina von Savoyen","Braut GND":"http:\/\/d-nb.info\/gnd\/1018057730","Braut Geburtsjahr":"1629-00-00","Braut Sterbejahr":"1692-00-00","Braut Dynastie":"Savoyen","Braut Konfession":"R\u00f6misch-Katholisch"},"Akteur Br\u00e4utigam":{"Akteur Br\u00e4utigam Name, Titel":"Moritz, Prinz von Savoyen","Akteur Br\u00e4utigam GND":"http:\/\/d-nb.info\/gnd\/121733890","Akteur Br\u00e4utigam Dynastie":"Savoyen","Akteur Br\u00e4utigam Verh\u00e4ltnis zu Br\u00e4utigam":"selbst"},"Akteur Braut":{"Akteur Braut Name, Titel":"Christine von Frankreich","Akteur Braut GND":"http:\/\/d-nb.info\/gnd\/119164248","Akteur Braut Dynastie":"Bourbon (Frankreich)","Akteur Braut Verh\u00e4ltnis zu Braut":"Mutter"},"Vertragstext":{"Archivexemplar":"nicht nachgewiesen","Vertragssprache Archivexemplar":"nicht nachgewiesen","Digitalisat Archivexemplar":"-","Drucknachweis":"Dumont 1726-1739, Bd. VI:1, S. 266-268","Vertragssprache Druck":"Franz\u00f6sisch, Italienisch","Digitalisat Druck":"https:\/\/gallica.bnf.fr\/ark:\/12148\/bpt6k1263173g\/f306","Vertragsinhalt":"Artikel 1: Eheversprechen von 1642-08-13 best\u00e4tigt\r\n\r\nArtikel 2: Mitgift festgelegt auf 200.000 \u00c9cus, entsprechend dem Brauch des Hauses Savoyen bzw. wie bei fr\u00fcheren Eheschl\u00fcssen des Hauses Savoyen mit den H\u00e4usern Mantua und Modena; Zahlung geregelt\r\n\r\nArtikel 3: Verzinsung von Mitgift als Unterhalt f\u00fcr Ehepartner festgelegt\r\n\r\nArtikel 4: Brautschatz und Aussteuer geregelt\r\n\r\nArtikel 5: Mitgifterh\u00f6hung durch Br\u00e4utigam als Hochzeitsgeschenk vereinbart, Morgengabe nach Brauch des Hauses Piemont vereinbart\r\n\r\nArtikel 6: Verzicht Ludovika Christinas auf das Erbe ihrer Eltern und Geschwister im Gegenzug f\u00fcr Mitgiftzahlung bekundet: au\u00dfer bei Aussterben der Familie ihres Bruders; Regelung des Verzichts in gesondertem Abkommen vereinbart \r\n\r\nArtikel 7: Ludovika Christinas Anspruch auf Sukzession im Herzogtum Montferrat durch ihren Vater, Viktor Amadeus I. von Savoyen, ist nicht von der Verzichtserkl\u00e4rung betroffen\r\n\r\nArtikel 8: bei R\u00fcckfall der Mitgift: Aush\u00e4ndigung an Ludovika Christina zugesichert","Regelungen \u00fcber Thronfolge und Regentschaft":"Artikel 7: Ludovika Christinas Anspruch auf Sukzession im Herzogtum Montferrat durch ihren Vater, Viktor Amadeus I. von Savoyen, ist nicht von der Verzichtserkl\u00e4rung betroffen","konfessionelle Regelungen":"","erbrechtliche Regelungen":"Artikel 6: Verzicht Ludovika Christinas auf das Erbe ihrer Eltern und Geschwister im Gegenzug f\u00fcr Mitgiftzahlung bekundet: au\u00dfer bei Aussterben der Familie ihres Bruders; Regelung des Verzichts in gesondertem Abkommen vereinbart \r\n"},"Einordnung des Vertrags":{"Textbezug zu vergangenen Ereignissen?":"Artikel 2: Mitgift festgelegt auf 200.000 \u00c9cus, entsprechend dem Brauch des Hauses Savoyen bzw. wie bei fr\u00fcheren Eheschl\u00fcssen des Hauses Savoyen mit den H\u00e4usern Mantua und Modena [...]","st\u00e4ndische Instanzen beteiligt?":"","externe Instanzen beteiligt?":"","Ratifikationen, Best\u00e4tigungen, Genehmigungen erw\u00e4hnt?":"","weitere Vertr\u00e4ge zwischen Vertragsparteien im Zusammenhang mit dieser Ehe":"B\u00fcndnisvertrag von Turin 1638-06-03 mit Frankreich gegen Spanien - Restitutionsvertr\u00e4ge von Turin 1639-06-01, 1640.12.02, 1642-06-14 mit Frankreich - Vergleichsvertrag von Turin 1642-06-14 - Allianzvertrag von Valentin 1645-04-03 mit Frankreich","Schlagw\u00f6rter":"\n","Kommentar":"\u00dc - Moritz: ehem. Kardinal, zur\u00fcckgekehrt in Laienstand. Ludovika Christian wird bei Dumont im italienischen Vertragstext Ludovica Maria und im franz\u00f6sischen Text Louise Marie genannt: in Stammtafeln, Lit. genannt Louise (Ludovica) Christine; im GND-Eintrag: Ludovika Christina.\r\n\r\nVertrag selbst ist nicht in Artikel unterteilt. Ludovika ","Literatur":"Croxton \/ Tischer 2002, S. 264 f. - Oresko \/Parrott 1998, S. 146-150"}}}