{"Dokument":{"Name":"England - \u00d6sterreich\/Spanien (Kastilien)","In Bearbeitung":"Nein","main":{"Name":"Ehevertrag England - \u00d6sterreich\/Spanien (Kastilien) 1506","Zuletzt ge\u00e4ndert":"2020-11 JK"},"Grunddaten Ehevertrag":{"Vertragspartner Br\u00e4utigam":"England","Vertragspartner Braut":"Spanien (Kastilien)","Datum Vertragsschlie\u00dfung":"1506-03-20","Ort Vertragsschlie\u00dfung":"London","Eheschlie\u00dfung vollzogen?":"Nein","verschiedenkonfessionelle Ehe?":"Nein"},"Br\u00e4utigam":{"Br\u00e4utigam Name, Titel":"Heinrich VII., K\u00f6nig von England","Br\u00e4utigam GND":"http:\/\/d-nb.info\/gnd\/118773712","Br\u00e4utigam Geburtsjahr":"1457-00-00","Br\u00e4utigam Sterbejahr":"1509-00-00","Br\u00e4utigam Dynastie":"Tudor","Br\u00e4utigam Konfession":"R\u00f6misch-Katholisch"},"Braut":{"Braut Name, Titel":"Margarete von \u00d6sterreich","Braut GND":"http:\/\/d-nb.info\/gnd\/118730983","Braut Geburtsjahr":"1480-00-00","Braut Sterbejahr":"1530-00-00","Braut Dynastie":"Habsburg (\u00d6sterreich)","Braut Konfession":"R\u00f6misch-Katholisch"},"Akteur Br\u00e4utigam":{"Akteur Br\u00e4utigam Name, Titel":"Heinrich VII., K\u00f6nig von England","Akteur Br\u00e4utigam GND":"http:\/\/d-nb.info\/gnd\/118773712","Akteur Br\u00e4utigam Dynastie":"Tudor","Akteur Br\u00e4utigam Verh\u00e4ltnis zu Br\u00e4utigam":"selbst"},"Akteur Braut":{"Akteur Braut Name, Titel":"Philipp I. (der Sch\u00f6ne), K\u00f6nig von Kastilien","Akteur Braut GND":"http:\/\/d-nb.info\/gnd\/11864162X","Akteur Braut Dynastie":"Habsburg (\u00d6sterreich)","Akteur Braut Verh\u00e4ltnis zu Braut":"Bruder"},"Vertragstext":{"Archivexemplar":"nicht nachgewiesen","Vertragssprache Archivexemplar":"nicht nachgewiesen","Digitalisat Archivexemplar":"-","Drucknachweis":"Parry\/Hopkins 1970, Bd. II, S. 34, CSP Sp., Bd. I, S. 382-385 (Regest)","Vertragssprache Druck":"Englisch","Digitalisat Druck":"https:\/\/www.british-history.ac.uk\/cal-state-papers\/spain\/vol1\/pp382-385","Vertragsinhalt":"Pr\u00e4mbel: Nennung der Verhandler\r\n\r\nArtikel 1: Mitgift festgelegt in H\u00f6he von 300.000 Kronen (jede Krone zu 4 Schilling Sterling), davon sind 100.000 Kronen innerhalb von 15 Tagen vor Abreise der Braut nach England zu zahlen\r\n\r\nArtikel 2: Zahlung der restlichen Summe in 6 j\u00e4hrlichen Raten von je 33.333 Kronen\r\n\r\nArtikel 3: spanische Zusage \u00fcber j\u00e4hrliche Auszahlung an das Ehepaar von 18.850 Kronen und weiteren 12.000 Kronen an Eink\u00fcnften aus Margaretes spanischen und savoyardischen Witweng\u00fctern; gesamte Summe zu Heinrichs pers\u00f6nlichem Gebrauch\r\n\r\nArtikel 4: Unterzeichnung, Ratifikation und Eid durch Philipp zugesichert\r\n\r\nArtikel 5-6: B\u00fcrgschaft f\u00fcr Zahlung durch fl\u00e4mische Adelige und St\u00e4dte geregelt, Aush\u00e4ndigung der Sicherheiten in London geregelt \r\n\r\nArtikel 7: Philipp wird verpflichtet, vor vom Papst bestimmten Zeugen die strikte Einhaltung des Vertrags, insbesondere der finanziellen Klauseln, zuzusichern; bei unp\u00fcnktlicher Zahlung droht ihm Exkommunikation\r\n\r\nArtikel 8-9: Eheschlie\u00dfung durch Prokurator innerhalb eines Monats nach Aush\u00e4ndigung der Sicherheiten vereinbart\r\n\r\nArtikel 10: \u00dcberf\u00fchrung der Braut nach England geregelt\r\n\r\nArtikel 11: pers\u00f6nliche Eheschlie\u00dfung soll sp\u00e4testens einen Monat nach Margaretes Ankunft in England zelebriert werden\r\n\r\nArtikel 12: Falls Margarete vor kompletter Auszahlung der Mitgift von 300.000 Kronen stirbt und Nachkommen existieren, wird die Summe weiterhin abgezahlt; bei Tod ohne nachkommen wird die Zahlung eingestellt\r\n\r\nArtikel 13: Heinrich muss Margarete die G\u00fcter, die ihr Wittum bilden, \u00fcberschreiben; bei Verwitwung erh\u00e4lt sie Zugriff auf Eink\u00fcnfte aus spanischen und savoyardischen Witweng\u00fctern; ihr wird Recht zugesichert, die Eink\u00fcnfte frei zu verausgaben, au\u00dfer in mit England verfeindeten L\u00e4ndern\r\n\r\nArtikel 14: Best\u00e4tigung und Garantie p\u00fcnktlicher Zahlung von Eink\u00fcnften aus Wittum durch englisches Parlament geregelt\r\n\r\nArtikel 15: Margaretes Erben haben keinen Anspruch, von Heinrich die R\u00fcckzahlung der Mitgift (ganz oder teilweise) zu fordern\r\n\r\nArtikel 16: falls Margarete vor Heinrich stirbt und keine Nachkommen hinterl\u00e4sst, Auszahlung ihrer Mitgift an ihre Erben durch Heinrich geregelt\r\n\r\nArtikel 17: die Erzherzogin darf \u00fcber ihre Juwelen und ihren Schmuck selbst verf\u00fcgen\r\n\r\nArtikel 18: Kinder aus der Ehe haben Sukzessions- und Erbrecht f\u00fcr alle Erbschaften in Spanien, Flandern etc., die Margarete eventuell zufallen\r\n\r\nArtikel 19: Philipp muss p\u00e4pstliche Best\u00e4tigung des Vertrags einholen und um seine Exkommunikation bei Vertragsbruch ersuchen\r\n\r\nArtikel 20: Philipp ist verpflichtet, Margarete zum Eheschluss zu bewegen; \u00dcbergabe Margaretes nach England geregelt\r\n\r\nArtikel 21: der Kaiser hat K\u00f6nig Philipp zur Vertragsschlie\u00dfung bevollm\u00e4chtigt\r\n\r\nArtikel 22: Ratifikation des Vertrags durch den Kaiser erforderlich; der Kaiser ist verpflichtet, Margarete zum Eheschluss zu bewegen; Widerspruch des Kaisers macht die Eheabrede zwischen England und Spanien nicht ung\u00fcltig\r\n\r\nArtikel 23-24: Vertragsparteien verpflichten sich zu erneuter Ratifikation des Freundschafts- und Allianzvertrags von Windsor zwischen England und Spanien am 09.02.1506 \r\n\r\nArtikel 25-28: Vollmachten der Vertragsparteien\r\n","Regelungen \u00fcber Thronfolge und Regentschaft":"Artikel 18: Kinder aus der Ehe haben Sukzessions- und Erbrecht f\u00fcr alle Erbschaften in Spanien, Flandern etc., die Margarete eventuell zufallen","konfessionelle Regelungen":"","erbrechtliche Regelungen":"Artikel 15: Margaretes Erben haben keinen Anspruch, von Heinrich die R\u00fcckzahlung der Mitgift (ganz oder teilweise) zu fordern\r\n\r\nArtikel 16: falls Margarete vor Heinrich stirbt und keine Nachkommen hinterl\u00e4sst, Auszahlung ihrer Mitgift an ihre Erben durch Heinrich geregelt\r\n\r\nArtikel 18: Kinder aus der Ehe haben Sukzessions- und Erbrecht f\u00fcr alle Erbschaften in Spanien, Flandern etc., die Margarete eventuell zufallen"},"Einordnung des Vertrags":{"Textbezug zu vergangenen Ereignissen?":"Artikel 23-24: Vertragsparteien verpflichten sich zu erneuter Ratifikation des Freundschafts- und Allianzvertrags von Windsor zwischen England und Spanien am 09.02.1506 ","st\u00e4ndische Instanzen beteiligt?":"englisches Parlament ","externe Instanzen beteiligt?":"Kaiser, Papst","Ratifikationen, Best\u00e4tigungen, Genehmigungen erw\u00e4hnt?":"Artikel 4: Unterzeichnung, Ratifikation und Eid durch Philipp zugesichert\r\n\r\nArtikel 14: Best\u00e4tigung und Garantie p\u00fcnktlicher Zahlung von Eink\u00fcnften aus Wittum durch englisches Parlament geregelt\r\n\r\nArtikel 22: Ratifikation des Vertrags durch den Kaiser erforderlich\r\n\r\nArtikel 23-24: Vertragsparteien verpflichten sich zu erneuter Ratifikation des Freundschafts- und Allianzvertrags von Windsor zwischen England und Spanien am 09.02.1506 ","weitere Vertr\u00e4ge zwischen Vertragsparteien im Zusammenhang mit dieser Ehe":"Vertr\u00e4ge von Antwerpen 19-20.06.1502 - Handelsvertrag von Richmond 23.06.1503 - B\u00fcndnis von Windsor 09.02.1503 - Handelsvertrag von London 30.04.1506 - Handelsvertrag von Westminster 15.05.1506 - Handelsvertrag von Br\u00fcgge 05.06.1507 - Freundschaftsvertrag von Calais 21.12.1507 ","Schlagw\u00f6rter":"","Kommentar":"Eheschlie\u00dfung gescheitert an Unwillen Margarethes zur Heirat; stattdessen: Angebot Maximilians zu Ehe des Prinzen Karl mit Maria Tudor, von Heinrich angenommen (Wiesflecker)\r\n\r\n","Literatur":"Wiesflecker, Max. I., Bd. III, S. 294 f."}}}