{"Dokument":{"Name":"Waldeck - Nassau-Siegen (Nebenlinie)","In Bearbeitung":"Nein","main":{"Name":"Ehevertrag Waldeck - Nassau-Siegen 1604 (Nebenlinie)","Zuletzt ge\u00e4ndert":"2021-04 JK"},"Grunddaten Ehevertrag":{"Vertragspartner Br\u00e4utigam":"Waldeck","Vertragspartner Braut":"Nassau-Siegen","Datum Vertragsschlie\u00dfung":"1604-11-18","Ort Vertragsschlie\u00dfung":"Willingen","Eheschlie\u00dfung vollzogen?":"Ja","verschiedenkonfessionelle Ehe?":"Nein"},"Br\u00e4utigam":{"Br\u00e4utigam Name, Titel":"Christian, Graf von Waldeck","Br\u00e4utigam GND":"http:\/\/d-nb.info\/gnd\/104194693","Br\u00e4utigam Geburtsjahr":"1585-00-00","Br\u00e4utigam Sterbejahr":"1637-00-00","Br\u00e4utigam Dynastie":"Waldeck","Br\u00e4utigam Konfession":"unbekannt"},"Braut":{"Braut Name, Titel":"Elisabeth von Nassau-Siegen","Braut GND":"http:\/\/d-nb.info\/gnd\/1018762426","Braut Geburtsjahr":"1584-00-00","Braut Sterbejahr":"1661-00-00","Braut Dynastie":"Nassau-Siegen","Braut Konfession":"Evangelisch-Reformiert"},"Akteur Br\u00e4utigam":{"Akteur Br\u00e4utigam Name, Titel":"Moritz, Landgraf von Hessen ","Akteur Br\u00e4utigam GND":"http:\/\/d-nb.info\/gnd\/11858412X","Akteur Br\u00e4utigam Dynastie":"Hessen (Kassel)","Akteur Br\u00e4utigam Verh\u00e4ltnis zu Br\u00e4utigam":"Vormund ","Akteur Br\u00e4utigam Name, Titel (32)":"Simon VI., Graf zu Lippe","Akteur Br\u00e4utigam GND (65)":"http:\/\/d-nb.info\/gnd\/117397636","Akteur Br\u00e4utigam Dynastie (35)":"unbekannt","Akteur Br\u00e4utigam Verh\u00e4ltnis zu Br\u00e4utigam (34)":"Vormund "},"Akteur Braut":{"Akteur Braut Name, Titel":"Johann VII. von Nassau-Siegen","Akteur Braut GND":"http:\/\/d-nb.info\/gnd\/118738070","Akteur Braut Dynastie":"Nassau-Siegen","Akteur Braut Verh\u00e4ltnis zu Braut":"Vater"},"Vertragstext":{"Archivexemplar":"nicht nachgewiesen","Vertragssprache Archivexemplar":"nicht nachgewiesen","Digitalisat Archivexemplar":"-","Drucknachweis":"L\u00fcnig, Reichsarchiv, Bd. XXIII, S. 1436-1441","Vertragssprache Druck":"Deutsch","Digitalisat Druck":"-","Vertragsinhalt":"Artikel 1: Eheschlie\u00dfung vereinbart, zum n\u00e4chstm\u00f6glichen Zeitpunkt, Zustimmung der Eheleute erw\u00e4hnt\r\n\r\nArtikel 2: Mitgift festgelegt auf 6.000 Gulden, Zahlung an Br\u00e4utigam innerhalb eines Jahres nach dem Beilager geregelt, Verzinsung bei Zahlungsverz\u00f6gerung geregelt\r\n\r\nArtikel 3: angemessene Ausstattung der Braut durch ihren Vater bzw. Brautschatz geregelt, Erbverzicht der Braut geregelt, ausgenommen im Fall des Aussterbens der m\u00e4nnlichen Linie des Hauses Nassau-Siegen, Zustimmung des Br\u00e4utigams geregelt\r\n\r\nArtikel 4: Widerlage in H\u00f6he von 12.000 Gulden festgelegt, Anlage auf Schloss, Stadt und Amt Landau samt zugeh\u00f6rigen G\u00fctern geregelt, Anspruch Elisabeths an Anlageertr\u00e4gen geregelt, Instandhaltung jener G\u00fcter durch Graf Christian geregelt \r\n\r\n #Leibgedinge festgelegt, Anlage geregelt: zur Witwenversorgung, ggf. inkl. \u00dcberschuss#\r\n\r\nArtikel 5: Erstellung eines Verzeichnisses \u00fcber die in Artikel 4 erw\u00e4hnten Anlagen und Eink\u00fcnfte f\u00fcr Elisabeth festgelegt\r\n\r\nArtikel 6: Witwenversorgung und Witweneink\u00fcnfte geregelt, R\u00fcckfall des Witwenguts im Fall einer Wiederverheiratung Elisabeths festgelegt\r\n\r\nArtikel 7: Schloss, Stadt und Amt Landau samt zugeh\u00f6rigen G\u00fctern als Witwengut ausgewiesenen, Nutzungsrechte und Hoheitsrechte Elisabeths w\u00e4hrend ihrer Witwenschaft geregelt, Anerkennung Elisabeths als legitimer Obrigkeit durch die ans\u00e4ssigen Untertanen zugesichert, Verlegung des Witwensitzes nach Korbach im Not- oder Kriegsfall geregelt\r\n\r\nArtikel 8: Instandhaltung und Ausstattung des Schlosses Landau w\u00e4hrend der Ehe durch Graf Christian zugesichert, Inventarisierung der Ausstattung des Witwenguts geregelt, Zusicherung, dass Elisabeth zu keinem Zeitpunkt f\u00fcr Schulden ihres Ehemanns haftbar gemacht wird\r\n\r\nArtikel 9: M\u00f6glichkeit zur gemeinsamen Hofhaltung mit Christians Erben geregelt\r\n\r\nArtikel 10: bei Wiederverheiratung Elisabeths nach dem Tod Christians ist dessen Erben freigestellt, ihr den Witwensitz gegen finanzielle Kompensation zur Nutzung zu \u00fcberlassen, andernfalls: angemessene finanzielle Kompensation Elisabeths zugesichert\r\n\r\nArtikel 11: Regelung des Erbrechts der Kinder aus der Ehe mit Christian an Elisabeths Nachlass im Fall ihrer Wiederverheiratung und der Geburt weiterer Kinder in zweiter Ehe; falls keine Kinder aus der Ehe mit Christian vorhanden: R\u00fcckfall der Mitgift geregelt, Elisabeths Recht auf Vererbung ihres \u00fcbrigen Besitzes an Geld und Wertsachen geregelt, falls kein Testament vorhanden: gleichm\u00e4\u00dfige Aufteilung zwischen Waldeck und Nassau-Siegen, Schloss Landau und zugeh\u00f6rige G\u00fcter als Sicherheit f\u00fcr ihre Erben im Haus Nassau-Siegen festgelegt\r\n\r\nArtikel 12: Huldigung der Untertanen auf den Witweng\u00fctern zugesichert, baldm\u00f6glichst nach Vollzug des Beilagers, weitere Regelungen bzgl. der Amtsleute auf den Witweng\u00fctern\r\n\r\nArtikel 13: Morgengabe in H\u00f6he von 1.000 Gulden geregelt, als Eigentum Elisabeths zugesichert, Abl\u00f6sung durch Christians Erben geregelt, bei Tod Elisabeths: R\u00fcckfall an Christians Erben, sofern Geld nicht verwendet worden ist\r\n\r\nArtikel 14: bei Tod Christians Abl\u00f6sung der gemeinsamen Fahrhabe des Ehepaars durch Christians Erben geregelt, bei Tod Elisabeths: Nutzung, Vererbung oder R\u00fcckfall von Mitgift geregelt, bei Tod von Elisabeths Kindern: Abl\u00f6sung von Elisabeths Erbanspr\u00fcchen geregelt\r\n\r\nArtikel 15: f\u00fcr alle Zweifelsf\u00e4lle: Verweis auf Geltung des gemeinen Rechts\r\n\r\nArtikel 16: Ausfertigung von Urkunden \u00fcber Eheg\u00fcterbestimmungen vereinbart","Regelungen \u00fcber Thronfolge und Regentschaft":"","konfessionelle Regelungen":"","erbrechtliche Regelungen":"Artikel 3: [...] Erbverzicht der Braut geregelt, ausgenommen im Fall des Aussterbens der m\u00e4nnlichen Linie des Hauses Nassau-Siegen [...]\r\n\r\nArtikel 11: Regelung des Erbrechts der Kinder aus der Ehe mit Christian an Elisabeths Nachlass im Fall ihrer Wiederverheiratung und der Geburt weiterer Kinder in zweiter Ehe [...]\r\n\r\nArtikel 14: bei Tod Christians Abl\u00f6sung der gemeinsamen Fahrhabe des Ehepaars durch Christians Erben geregelt, bei Tod Elisabeths: Nutzung, Vererbung oder R\u00fcckfall von Mitgift geregelt, bei Tod von Elisabeths Kindern: Abl\u00f6sung von Elisabeths Erbanspr\u00fcchen geregelt"},"Einordnung des Vertrags":{"Textbezug zu vergangenen Ereignissen?":"","st\u00e4ndische Instanzen beteiligt?":"","externe Instanzen beteiligt?":"","Ratifikationen, Best\u00e4tigungen, Genehmigungen erw\u00e4hnt?":"","weitere Vertr\u00e4ge zwischen Vertragsparteien im Zusammenhang mit dieser Ehe":"","Schlagw\u00f6rter":"nicht nachgewiesen","Kommentar":"Vertrag selbst nicht in Artikel unterteilt","Literatur":"-"}}}