{"Dokument":{"Name":"Sachsen - Preu\u00dfen","In Bearbeitung":"Ja","main":{"Name":"Ehevertrag Sachsen - Preu\u00dfen 1607","Zuletzt ge\u00e4ndert":"2021-07 JT"},"Grunddaten Ehevertrag":{"Vertragspartner Br\u00e4utigam":"Sachsen","Vertragspartner Braut":"Preu\u00dfen","Datum Vertragsschlie\u00dfung":"1607-06-15","Ort Vertragsschlie\u00dfung":"K\u00f6ln an der Spree","Eheschlie\u00dfung vollzogen?":"Ja","verschiedenkonfessionelle Ehe?":"Nein"},"Br\u00e4utigam":{"Br\u00e4utigam Name, Titel":"Johann Georg I. von Sachsen (Sp\u00e4terer Kurf\u00fcrst von Sachsen)","Br\u00e4utigam GND":"http:\/\/d-nb.info\/gnd\/100029752","Br\u00e4utigam Geburtsjahr":"1585-00-00","Br\u00e4utigam Sterbejahr":"1656-00-00","Br\u00e4utigam Dynastie":"Wettin (Albertiner)","Br\u00e4utigam Konfession":"Evangelisch-Lutherisch"},"Braut":{"Braut Name, Titel":"Magdalena Sibylle von Preu\u00dfen","Braut GND":"http:\/\/d-nb.info\/gnd\/101041535","Braut Geburtsjahr":"1586-00-00","Braut Sterbejahr":"1659-00-00","Braut Dynastie":"Hohenzollern","Braut Konfession":"Evangelisch-Lutherisch"},"Akteur Br\u00e4utigam":{"Akteur Br\u00e4utigam Name, Titel":"Johann Georg I. von Sachsen (Sp\u00e4terer Kurf\u00fcrst von Sachsen)","Akteur Br\u00e4utigam GND":"http:\/\/d-nb.info\/gnd\/100029752","Akteur Br\u00e4utigam Dynastie":"Wettin (Albertiner)","Akteur Br\u00e4utigam Verh\u00e4ltnis zu Br\u00e4utigam":"Selbst"},"Akteur Braut":{"Akteur Braut Name, Titel":"Albrecht Friedrich, Herzog von Preu\u00dfen","Akteur Braut GND":"http:\/\/d-nb.info\/gnd\/119258447","Akteur Braut Dynastie":"Hohenzollern","Akteur Braut Verh\u00e4ltnis zu Braut":"Vater","Akteur Braut Name, Titel (36)":"Joachim Friedrich, Kurf\u00fcrst von Brandenburg","Akteur Braut GND (66)":" \thttp:\/\/d-nb.info\/gnd\/117677256","Akteur Braut Dynastie (40)":"Hohenzollern","Akteur Braut Verh\u00e4ltnis zu Braut (38)":"Vormund"},"Vertragstext":{"Archivexemplar":"HStA Drd 10001 O.U. 12667( 1607 VI 15)","Vertragssprache Archivexemplar":"Deutsch","Vertragsinhalt":"Artikel 1 (Bl. 1-2): Eheschlie\u00dfung vereinbart\n\nArtikel 2 (Bl. 2): Einverst\u00e4ndnis und Genehmigung des Kaisers erw\u00e4hnt\n\nArtikel 3 (Bl. 2): Zeremonie und Beilager geregelt\n\nArtikel 4 (Bl. 2): Die Mitgift betr\u00e4gt 30.000 Gulden, 21 Silbergroschen werden f\u00fcr einen Gulden gew\u00e4hrt\n\nArtikel 5 (Bl. 2): Standesgem\u00e4\u00dfe Aussteuer an Schmuck, Silbergeschirr und Kleinodien zugesichert\n\nArtikel 6 (Bl. 3): Die Widerlage betr\u00e4gt 30.000 Gulden\n\nArtikel 7 (Bl. 3): Wittum zugesichert; Amt Eulenberg samt Zugeh\u00f6rungen festgelegt, falls ein Mangel bei dem Wittum besteht, muss dieser beseitigt werden\n\nArtikel 8 (Bl. 3): Aus dem Wittum erh\u00e4lt die Braut j\u00e4hrlich 6.000 Gulden zur Versorgung, Nutzungsrechte erw\u00e4hnt, Jurisdiktion \u00fcber die Untertanen festgelegt; Lehen und Frondienste geregelt; V\u00f6gte erw\u00e4hnt, Erbhuldigung festgelegt; die Regelungen bez\u00fcglich der landesf\u00fcrstlichen Hoheit und den Ritterdiensten beh\u00e4lt sich der Br\u00e4utigam f\u00fcr sich und seine Erben vor\n\nArtikel 9 (Bl.  3-4): Wenn es n\u00f6tig ist, stehen der Witwe auf dem Wittum ihrem f\u00fcrstlichen Stand und ihrer Reputation gem\u00e4\u00df die Ritterdienste zur Verf\u00fcgung, Ritterdienste geregelt\n\nArtikel 10 (Bl. 4): Vorrat auf dem Wittum geregelt: M\u00e4ngel m\u00fcssen erstattet werden\n\nArtikel 11 (Bl. 4): F\u00fcr den Hausrat muss eine Inventarliste angefertigt werden; der Hausrat darf nicht ver\u00e4u\u00dfert werden und muss auf dem Wittum verbleiben\n\nArtikel 12 (Bl. 4): Das Wittum darf durch den Br\u00e4utigam genutzt werden, wenn ein Bedarf dazu besteht\n\nArtikel 13 (Bl. 4): Besichtigung des Wittums durch Beauftragte des Vormunds des Br\u00e4utigams und Beauftragte der Akteure der Braut geregelt; Bewilligung des Br\u00e4utigams erw\u00e4hnt\n\nArtikel 14 (Bl. 4): Nach dem vollzogenen Beilager erh\u00e4lt die Braut eine Verschreibung mit 400 Gulden als Morgengabe, Verzinsung geregelt, au\u00dferdem erh\u00e4lt sie ein f\u00fcrstliches Kleinod, weiterhin erh\u00e4lt sie lebenslang zus\u00e4tzlich 100 Gulden j\u00e4hrlich, die Braut darf diese Summen frei nutzen\n\nArtikel 15 (Bl. 4-5): Wenn die Braut vor dem Br\u00e4utigam verstirbt und keine Erben vorhanden sind: Der Br\u00e4utigam erh\u00e4lt das lebenslange Nutzungsrecht an der Mitgift und der Aussteuer gegen die \u00dcberlieferung einer Inventarliste; nach dem Tod des Br\u00e4utigams fallen Mitgift und Aussteuer zur\u00fcck an die Brauteltern, die Schwestern der Braut oder deren Kinder und die n\u00e4chsten Erben\n\nArtikel 16 (Bl. 5): Wenn gemeinsame Leibeserben vorhanden sind, diese allerdings ohne Erben vor dem Brautpaar versterben, verbleibt es bei den genannten Regelungen\n\nArtikel 17 (Bl.  5): Wenn gemeinsame Leibeserben vorhanden sind, diese aber kurz nach dem Tod des Brautpaares ebenfalls versterben: Die Vererbung von Mitgift, Widerlage und Aussteuer erfolgt nach den gew\u00f6hnlichen Regeln\n\nArtikel 18 (Bl. 5-6): Wenn die Witwe erneut heiratet und keine Leibeserben aus der ersten Ehe hat: Das Wittum und alle Verschreibungen k\u00f6nnen mit 60.000 Gulden abgel\u00f6st werden, 30.000 Gulden sollen direkt ausgeh\u00e4ndigt werden, die anderen 30.000 Gulden sollen verzinst werden, der Wittumssitz soll zur Versicherung der Pension verschrieben werden, wenn die Witwe verstirbt, ist die Verzinsung nichtig, die Erben des Br\u00e4utigams haben keine Zahlungsverpflichtung\n\nArtikel 19 (Bl. 6): Wenn die Witwe erneut heiratet und Kinder vorhanden sind: 45.000 Gulden sollen statt der 60.000 Gulden gesetzt werden, 22.500 Gulden sollen direkt an die Witwe ausgeh\u00e4ndigt werden, die anderen 22.500 Gulden sollen mit j\u00e4hrlichen 2.150 Gulden als lebenslange Pension erstattet werden, in diesem Fall soll das Wittum mit keinerlei Schulden belastet werden, au\u00dferdem d\u00fcrfen weder das Wittum noch Teile davon ver\u00e4u\u00dfert oder verkauft werden; Gebrauch gem\u00e4\u00df dem gew\u00f6hnlichen Leibgedinge-Recht\n\nArtikel 20 (Bl. 6): Erhalt und Zustand des Wittums und der f\u00fcrstlichen Wohnungen geregelt, auch bei dem Heimfall des Wittums\n\nArtikel 21 (Bl. 6): Nutzung des Wittums durch die Erben des Br\u00e4utigams ausgeschlossen\n\nArtikel 22 (Bl. 6): Verteidigung des Wittums geregelt, der Br\u00e4utigam beh\u00e4lt sich f\u00fcr sich und seine Nachkommen die \u00d6ffnung und den Schutz von Land und Bev\u00f6lkerung vor, die Kosten daf\u00fcr tragen der Br\u00e4utigam bzw. dessen Erben\n\nArtikel 23 (Bl. 6): Geistliche Lehen, die zum Wittum geh\u00f6ren, verbleiben in ihrem alten Stand\n\nArtikel 24 (Bl. 6): Die Regelungen bez\u00fcglich der Ritterlehen werden vorbehalten\n\nArtikel 25 (Bl. 6-7): Sch\u00e4den am Wittum durch Krieg, Br\u00e4nde oder andere Verheerungen sollen durch den Br\u00e4utigam oder dessen Erben erstattet werden, das Wittum soll mit Holz ausgestattet werden, falls ein Bedarf danach besteht, M\u00e4ngel am Wittum m\u00fcssen erstattet werden; Schutz des Wittums geregelt\n\nArtikel 26 (Bl. 8): Erbverzicht der Braut auf alles v\u00e4terliche, m\u00fctterliche und br\u00fcderliche Erbe, Verzicht auf die Sukzession der Braut f\u00fcr sich und ihre Nachkommen f\u00fcr Preu\u00dfen; der Erbfall f\u00fcr die Braut tritt erst ein, wenn keine m\u00e4nnlichen Leibeserben ihrer Eltern vorhanden sind; Vererbung von J\u00fclich-Kleve-Berg geregelt, kaiserliche Privilegien und Best\u00e4tigung erw\u00e4hnt, Ehevertrag und Nachfolge der \u00e4ltesten Schwester der Braut, Anna von Brandenburg, erw\u00e4hnt und geregelt, Zahlungsregelungen f\u00fcr 91.000 Gulden, Zahlungsregelungen f\u00fcr 140.000 Gulden, Zahlungsregelungen f\u00fcr 60.000 Gulden\n\nArtikel 27 (Bl. 9): Wenn die \u00e4lteste Schwester der Braut verstirbt und keine Erben hinterl\u00e4sst: Das Erbe soll unter ihren Schwestern aufgeteilt werden, Vererbung wie dies von Herzog Wilhelm von J\u00fclich-Kleve-Berg festgelegt wurde; Aufteilung des Erbes unter der Brautmutter und ihren Geschwistern \n\nArtikel 28 (Bl. 9): Die Akteure des Brautpaares best\u00e4tigen die vorher genannten Punkte und versprechen deren Einhaltung\n\nArtikel 29 (Bl. 9): Einhaltung des Vertrages versprochen\n\nArtikel 30 (Bl. 9-10): Beide Seiten erhalten ein Exemplar des Vertrages\n\nArtikel 31 (Bl. 10): R\u00e4te und Zeugen genannt","Regelungen \u00fcber Thronfolge und Regentschaft":"Artikel 26 (Bl. 8): Erbverzicht der Braut auf alles v\u00e4terliche, m\u00fctterliche und br\u00fcderliche Erbe, Verzicht auf die Sukzession der Braut f\u00fcr sich und ihre Nachkommen f\u00fcr Preu\u00dfen; der Erbfall f\u00fcr die Braut tritt erst ein, wenn keine m\u00e4nnlichen Leibeserben ihrer Eltern vorhanden sind; Vererbung von J\u00fclich-Kleve-Berg geregelt, kaiserliche Privilegien und Best\u00e4tigung erw\u00e4hnt, Ehevertrag und Nachfolge der \u00e4ltesten Schwester der Braut, Anna von Brandenburg, erw\u00e4hnt und geregelt, Zahlungsregelungen f\u00fcr 91.000 Gulden, Zahlungsregelungen f\u00fcr 140.000 Gulden, Zahlungsregelungen f\u00fcr 60.000 Gulden\n\nArtikel 27 (Bl. 9): Wenn die \u00e4lteste Schwester der Braut verstirbt und keine Erben hinterl\u00e4sst: Das Erbe soll unter ihren Schwestern aufgeteilt werden, Vererbung wie dies von Herzog Wilhelm von J\u00fclich-Kleve-Berg festgelegt wurde; Aufteilung des Erbes unter der Brautmutter und ihren Geschwistern \n","konfessionelle Regelungen":"Artikel 23 (Bl. 6): Geistliche Lehen, die zum Wittum geh\u00f6ren, verbleiben in ihrem alten Stand","erbrechtliche Regelungen":"Artikel 8 (Bl. 3): Aus dem Wittum erh\u00e4lt die Braut j\u00e4hrlich 6.000 Gulden zur Versorgung, Nutzungsrechte erw\u00e4hnt, Jurisdiktion \u00fcber die Untertanen festgelegt; Lehen und Frondienste geregelt; V\u00f6gte erw\u00e4hnt, Erbhuldigung festgelegt; die Regelungen bez\u00fcglich der landesf\u00fcrstlichen Hoheit und den Ritterdiensten beh\u00e4lt sich der Br\u00e4utigam f\u00fcr sich und seine Erben vor\n\t\nArtikel 15 (Bl. 4-5): Wenn die Braut vor dem Br\u00e4utigam verstirbt und keine Erben vorhanden sind: Der Br\u00e4utigam erh\u00e4lt das lebenslange Nutzungsrecht an der Mitgift und der Aussteuer gegen die \u00dcberlieferung einer Inventarliste; nach dem Tod des Br\u00e4utigams fallen Mitgift und Aussteuer zur\u00fcck an die Brauteltern, die Schwestern der Braut oder deren Kinder und die n\u00e4chsten Erben\n\nArtikel 16 (Bl. 5): Wenn gemeinsame Leibeserben vorhanden sind, diese allerdings ohne Erben vor dem Brautpaar versterben, verbleibt es bei den genannten Regelungen\n\nArtikel 17 (Bl.  5): Wenn gemeinsame Leibeserben vorhanden sind, diese aber kurz nach dem Tod des Brautpaares ebenfalls versterben: Die Vererbung von Mitgift, Widerlage und Aussteuer erfolgt nach den gew\u00f6hnlichen Regeln\n\nArtikel 18 (Bl. 5-6): Wenn die Witwe erneut heiratet und keine Leibeserben aus der ersten Ehe hat: Das Wittum und alle Verschreibungen k\u00f6nnen mit 60.000 Gulden abgel\u00f6st werden, 30.000 Gulden sollen direkt ausgeh\u00e4ndigt werden, die anderen 30.000 Gulden sollen verzinst werden, der Wittumssitz soll zur Versicherung der Pension verschrieben werden, wenn die Witwe verstirbt, ist die Verzinsung nichtig, die Erben des Br\u00e4utigams haben keine Zahlungsverpflichtung\n\nArtikel 19 (Bl. 6): Wenn die Witwe erneut heiratet und Kinder vorhanden sind: 45.000 Gulden sollen statt der 60.000 Gulden gesetzt werden, 22.500 Gulden sollen direkt an die Witwe ausgeh\u00e4ndigt werden, die anderen 22.500 Gulden sollen mit j\u00e4hrlichen 2.150 Gulden als lebenslange Pension erstattet werden, in diesem Fall soll das Wittum mit keinerlei Schulden belastet werden, au\u00dferdem d\u00fcrfen weder das Wittum noch Teile davon ver\u00e4u\u00dfert oder verkauft werden; Gebrauch gem\u00e4\u00df dem gew\u00f6hnlichen Leibgedinge-Recht\n\nArtikel 26 (Bl. 8): Erbverzicht der Braut auf alles v\u00e4terliche, m\u00fctterliche und br\u00fcderliche Erbe, Verzicht auf die Sukzession der Braut f\u00fcr sich und ihre Nachkommen f\u00fcr Preu\u00dfen; der Erbfall f\u00fcr die Braut tritt erst ein, wenn keine m\u00e4nnlichen Leibeserben ihrer Eltern vorhanden sind; Vererbung von J\u00fclich-Kleve-Berg geregelt, kaiserliche Privilegien und Best\u00e4tigung erw\u00e4hnt, Ehevertrag und Nachfolge der \u00e4ltesten Schwester der Braut, Anna von Brandenburg, erw\u00e4hnt und geregelt, Zahlungsregelungen f\u00fcr 91.000 Gulden, Zahlungsregelungen f\u00fcr 140.000 Gulden, Zahlungsregelungen f\u00fcr 60.000 Gulden\n\nArtikel 27 (Bl. 9): Wenn die \u00e4lteste Schwester der Braut verstirbt und keine Erben hinterl\u00e4sst: Das Erbe soll unter ihren Schwestern aufgeteilt werden, Vererbung wie dies von Herzog Wilhelm von J\u00fclich-Kleve-Berg festgelegt wurde; Aufteilung des Erbes unter der Brautmutter und ihren Geschwistern ","Digitalisat Archivexemplar":"","Drucknachweis":"","Vertragssprache Druck":"","Digitalisat Druck":""},"Einordnung des Vertrags":{"Textbezug zu vergangenen Ereignissen?":"Artikel 27 (Bl. 9): Wenn die \u00e4lteste Schwester der Braut verstirbt und keine Erben hinterl\u00e4sst: Das Erbe soll unter ihren Schwestern aufgeteilt werden, Vererbung wie dies von Herzog Wilhelm von J\u00fclich-Kleve-Berg festgelegt wurde; Aufteilung des Erbes unter der Brautmutter und ihren Geschwistern ","externe Instanzen beteiligt?":"Artikel 2 (Bl. 2): Einverst\u00e4ndnis und Genehmigung des Kaisers erw\u00e4hnt\n","Ratifikationen, Best\u00e4tigungen, Genehmigungen erw\u00e4hnt?":"Artikel 2 (Bl. 2): Einverst\u00e4ndnis und Genehmigung des Kaisers erw\u00e4hnt","Kommentar":"Der Vertrag ist im Original nicht in Artikel unterteilt. \n\nKurf\u00fcrst Joachim Friedrich fungierte von 1603-1608 als Regent f\u00fcr den geistig verwirrten Vater der Braut, Albrecht Friedrich. ","st\u00e4ndische Instanzen beteiligt?":"","weitere Vertr\u00e4ge zwischen Vertragsparteien im Zusammenhang mit dieser Ehe":""}}}