{"Dokument":{"Name":"D\u00e4nemark - Gro\u00dfbritannien","In Bearbeitung":"Nein","main":{"Name":"Ehevertrag D\u00e4nemark - Gro\u00dfbritannien 1683","Zuletzt ge\u00e4ndert":"2017-09 BB"},"Einordnung des Vertrags":{"Literatur":"Laursen in DNT VIII, S. 124-145.","Textbezug zu vergangenen Ereignissen?":"","st\u00e4ndische Instanzen beteiligt?":"","externe Instanzen beteiligt?":"","Ratifikationen, Best\u00e4tigungen, Genehmigungen erw\u00e4hnt?":"Ratifikation geregelt - 12","weitere Vertr\u00e4ge zwischen Vertragsparteien im Zusammenhang mit dieser Ehe":"","Schlagw\u00f6rter":"","Kommentar":"-"},"Grunddaten Ehevertrag":{"Vertragspartner Br\u00e4utigam":"D\u00e4nemark","Vertragspartner Braut":"Gro\u00dfbritannien","Datum Vertragsschlie\u00dfung":"1683-07-27","Ort Vertragsschlie\u00dfung":"Whitehall","Eheschlie\u00dfung vollzogen?":"Ja","verschiedenkonfessionelle Ehe?":"Ja"},"Br\u00e4utigam":{"Br\u00e4utigam Name, Titel":"Georg, Prinz von D\u00e4nemark (J\u00f6rgen)","Br\u00e4utigam GND":"http:\/\/d-nb.info\/gnd\/12318441X","Br\u00e4utigam Geburtsjahr":"1653-00-00","Br\u00e4utigam Sterbejahr":"1708-00-00","Br\u00e4utigam Dynastie":"Oldenburg (D\u00e4nemark)","Br\u00e4utigam Konfession":"Evangelisch-Lutherisch"},"Braut":{"Braut Name, Titel":"Anna von Gro\u00dfbritannien","Braut GND":"http:\/\/d-nb.info\/gnd\/118649450","Braut Geburtsjahr":"1665-00-00","Braut Sterbejahr":"1714-00-00","Braut Dynastie":"Stuart","Braut Konfession":"Anglikanisch"},"Akteur Br\u00e4utigam":{"Akteur Br\u00e4utigam Name, Titel":"Christian V., K\u00f6nig von D\u00e4nemark","Akteur Br\u00e4utigam GND":"http:\/\/d-nb.info\/gnd\/119175800","Akteur Br\u00e4utigam Dynastie":"Oldenburg (D\u00e4nemark)","Akteur Br\u00e4utigam Verh\u00e4ltnis zu Br\u00e4utigam":"Bruder"},"Akteur Braut":{"Akteur Braut Name, Titel":"Karl II., K\u00f6nig von Gro\u00dfbritannien","Akteur Braut GND":"http:\/\/d-nb.info\/gnd\/118560042","Akteur Braut Dynastie":"Stuart","Akteur Braut Verh\u00e4ltnis zu Braut":"Onkel"},"Vertragstext":{"Archivexemplar":"nicht nachgewiesen","Vertragssprache Archivexemplar":"nicht nachgewiesen","Digitalisat Archivexemplar":"-","Drucknachweis":"DNT VIII, S. 146-152","Vertragssprache Druck":"Lateinisch","Digitalisat Druck":"-","Vertragsinhalt":"[Pr\u00e4] \u2013 Wunsch von Br\u00e4utigambruder nach Eheschlie\u00dfung bekundet: durch d\u00e4nischen Gesandten in England, mit Zustimmung Gottes \u2013 Annahme von Brautwerbung durch englischen K\u00f6nig und Brautvater bekundet: wegen der besonderen Tugenden des Br\u00e4utigams, wegen der engen Verwandtschaft, wegen der relig\u00f6sen \u00dcbereinstimmung zwischen Braut und Br\u00e4utigam \u2013 Ernennung von Verhandlern, Verhandlungen und Vertragsabschluss bekundet (145f.)\r\n\r\n1 \u2013 pers\u00f6nliche Eheschlie\u00dfung vereinbart: Termin vorbehalten\r\n\r\n2 \u2013 Unterhalt von Brautleuten festgelegt: Zahlung vom englischen K\u00f6nig aus Akzise geregelt, auf Lebenszeit von Brautleuten, nach dem Tod der Brautleute f\u00fcr m\u00e4nnliche Nachkommen der Brautleute und ihrer Erben nach Primogenitur\r\n\r\n3 \u2013 Unterhalt von Brautleuten festgelegt: Zusatzzahlung von Brautvater aus Posteink\u00fcnften und Akzise geregelt, zu gleichen Zahlungsbedingungen wie Unterhaltszahlung von K\u00f6nig\r\n\r\n4 \u2013 nach Tod der Braut mit \u00fcberlebenden Kindern: Versorgung von Br\u00e4utigam auf Lebenszeit geregelt \u2013 Unterhalt von Kindern und Nachkommen festgelegt: verwaltet durch Treuh\u00e4nder, bis zu 200 Jahre lang, zum Unterhalt von S\u00f6hnen, T\u00f6chtern und Nachkommen oder zum Unterhalt und Mitgift von T\u00f6chtern der Brautleute, ggf. Mitgiftsummen festgelegt\r\n\r\n5 \u2013 nach Tod von Braut ohne \u00fcberlebende Kinder: Abfindung von Br\u00e4utigam geregelt\r\n\r\n6 \u2013 Witweneink\u00fcnfte festgelegt: aus d\u00e4nischen G\u00fctern zum Unterhalt von Brautleuten w\u00e4hrend der Ehe\r\n\r\n7 \u2013 Vererbung von Nachlass der Brautleute an Kinder zugesichert: f\u00fcr d\u00e4nische G\u00fcter nach d\u00e4nischem Erbrecht\r\n\r\n8 \u2013 Unterhalt der Braut w\u00e4hrend der Ehe festgelegt: f\u00fcr Kleidung und pers\u00f6nlichen Bedarf, Besoldung von Bediensteten ausgenommen, zahlbar durch Br\u00e4utigam\r\n\r\n9 \u2013 Bestellung von Bediensteten des Br\u00e4utigams geregelt: mit Zustimmung vom englischen K\u00f6nig\r\n\r\n10 \u2013 Eheschlie\u00dfung der Kinder geregelt: mit Zustimmung vom englischen K\u00f6nig \u2013 Auslandsreisen der Braut geregelt: mit Zustimmung vom englischen K\u00f6nig\r\n\r\n11 \u2013 nach Tod der Braut mit \u00fcberlebenden Kindern: Vererbung von Nachlass an Kinder geregelt, Verzicht von Br\u00e4utigam auf Vormundschaft geregelt\r\n\r\n12 \u2013 Ratifikation geregelt\r\n\r\n[Esch] \u2013 Einhaltung versprochen\r\n","Regelungen \u00fcber Thronfolge und Regentschaft":"11 \u2013 nach Tod der Braut mit \u00fcberlebenden Kindern: Verzicht von Br\u00e4utigam auf Vormundschaft geregelt - 11","konfessionelle Regelungen":"","erbrechtliche Regelungen":"nach Tod der Braut mit \u00fcberlebenden Kindern:  Unterhalt von Kindern und Nachkommen festgelegt: verwaltet durch Treuh\u00e4nder, bis zu 200 Jahre lang, zum Unterhalt von S\u00f6hnen, T\u00f6chtern und Nachkommen oder zum Unterhalt und Mitgift von T\u00f6chtern der Brautleute, ggf. Mitgiftsummen festgelegt - 4\r\n\r\nVererbung von Nachlass der Brautleute an Kinder zugesichert: f\u00fcr d\u00e4nische G\u00fcter nach d\u00e4nischem Erbrecht - 7\r\n\r\nnach Tod der Braut mit \u00fcberlebenden Kindern: Vererbung von Nachlass an Kinder geregelt, Verzicht von Br\u00e4utigam auf Vormundschaft geregelt - 11\r\n\r\n12 \u2013 Ratifikation geregelt\r\n\r\n[Esch] \u2013 Einhaltung versprochen\r\n"}}}