{"Dokument":{"Name":"Portugal - Kurpfalz","In Bearbeitung":"Nein","main":{"Name":"Ehevertrag Portugal - Kurpfalz 1687","Zuletzt ge\u00e4ndert":"2020-01 KZ"},"Grunddaten Ehevertrag":{"Vertragspartner Br\u00e4utigam":"Portugal","Vertragspartner Braut":"Kurpfalz","Datum Vertragsschlie\u00dfung":"1687-05-22","Ort Vertragsschlie\u00dfung":"Mannheim","Eheschlie\u00dfung vollzogen?":"Ja","verschiedenkonfessionelle Ehe?":"Nein"},"Br\u00e4utigam":{"Br\u00e4utigam Name, Titel":"Peter II., K\u00f6nig von Portugal","Br\u00e4utigam GND":"http:\/\/d-nb.info\/gnd\/119241838","Br\u00e4utigam Geburtsjahr":"1648-00-00","Br\u00e4utigam Sterbejahr":"1706-00-00","Br\u00e4utigam Dynastie":"Braganza","Br\u00e4utigam Konfession":"R\u00f6misch-Katholisch"},"Braut":{"Braut Name, Titel":"Marie Sophie Elisabeth von der Pfalz (-Neuburg)","Braut GND":"http:\/\/d-nb.info\/gnd\/189551283","Braut Geburtsjahr":"1666-00-00","Braut Sterbejahr":"1699-00-00","Braut Dynastie":"Wittelsbach (Pfalz)","Braut Konfession":"R\u00f6misch-Katholisch"},"Akteur Br\u00e4utigam":{"Akteur Br\u00e4utigam Name, Titel":"Peter II., K\u00f6nig von Portugal","Akteur Br\u00e4utigam GND":"http:\/\/d-nb.info\/gnd\/119241838","Akteur Br\u00e4utigam Dynastie":"Braganza","Akteur Br\u00e4utigam Verh\u00e4ltnis zu Br\u00e4utigam":"selbst"},"Akteur Braut":{"Akteur Braut Name, Titel":"Philipp Wilhelm, Kurf\u00fcrst von der Pfalz","Akteur Braut GND":"http:\/\/d-nb.info\/gnd\/118742221","Akteur Braut Dynastie":"Wittelsbach (Pfalz)","Akteur Braut Verh\u00e4ltnis zu Braut":"Vater"},"Vertragstext":{"Archivexemplar":"nicht nachgewiesen","Vertragssprache Archivexemplar":"nicht nachgewiesen","Digitalisat Archivexemplar":"-","Drucknachweis":"CTS 18, S. 123-130","Vertragssprache Druck":"Latein","Digitalisat Druck":"-","Vertragsinhalt":"Artikel 1: Mitgift festgelegt, Zahlung geregelt, kurf\u00fcrstliche G\u00fcter als Sicherheit festgelegt\r\n\r\nArtikel 2: nach Vollzug der Ehe: Ausstattung Marie Sophie Elisabeths mit G\u00fctern und Rechten einer K\u00f6nigin von Portugal vereinbart, G\u00fcter der Krone Portugals als Sicherheiten festgelegt\r\n\r\nArtikel 3: Witwenversorgung im Fall kinderloser Ehe und bei Verbleib Marie Sophie Elisabeths in Portugal geregelt, Besitzrecht an Mitgift und w\u00e4hrend Ehe erworbenem Besitz geregelt\r\n\r\nArtikel 4: Witwenversorgung im Fall kinderloser Ehe und bei R\u00fcckkehr Marie Sophie Elisabeths in die Pfalz geregelt, Besitzrecht an Mitgift und Mitnahmerecht an w\u00e4hrend Ehe erworbenem mobilem Besitz geregelt\r\n\r\nArtikel 5: Witwenversorgung im Fall einer Ehe mit Kindern und R\u00fcckkehr der Braut in die Pfalz geregelt, Aufteilung der Mitgift und w\u00e4hrend Ehe erworbenen Besitzes geregelt, lebenslange Nutzungsrechte Marie Sophie Elisabeths an erworbenen G\u00fctern in Portugal geregelt\r\n\r\nArtikel 6: Witwenversorgung im Fall einer Ehe mit Kindern und Verbleib in Portugal geregelt\r\n\r\nArtikel 7: bei Tod Marie Sophie Elisabeths ohne Kinder: Vererbung der Mitgift geregelt\r\n\r\nArtikel 8: bei Tod Marie Sophie Elisabeths mit Kindern: Erbrecht dieser Nachkommen an ihrem Nachlass geregelt\r\n\r\nArtikel 9: Erbverzicht Marie Sophie Elisabeths gem\u00e4\u00df im Heiligen R\u00f6mischen Reich geltenden Brauch geregelt: nach Vorbild der Kaiserin und des Herzogs von Orleans\r\n\r\nArtikel 10: Eheschlie\u00dfung geregelt: durch Prokurator in Heidelberg baldm\u00f6glichst zu vollziehen\r\n\r\nArtikel 11: \u00dcberf\u00fchrung Marie Sophie Elisabeths nach Portugal geregelt: ab Rotterdam mit sechs englischen Kriegsschiffen \r\n\r\nArtikel 12-14: wechselseitige Ratifikation des Vertrags geregelt, zeitlicher Ablauf geregelt\r\n\r\nSeparatartikel: aufgrund Zeitdrucks: summarische Geltung von unspezifizierten Einzelpunkten vereinbart: wie ratifiziert","Regelungen \u00fcber Thronfolge und Regentschaft":"","konfessionelle Regelungen":"","erbrechtliche Regelungen":"Artikel 7: bei Tod Marie Sophie Elisabeths ohne Kinder: Vererbung der Mitgift geregelt\r\n\r\nArtikel 8: bei Tod Marie Sophie Elisabeths mit Kindern: Erbrecht dieser Nachkommen an ihrem Nachlass geregelt\r\n\r\nArtikel 9: Erbverzicht Marie Sophie Elisabeths auf v\u00e4terliches Erbe gem\u00e4\u00df im Heiligen R\u00f6mischen Reich geltenden Brauch geregelt: nach Vorbild der Kaiserin und des Herzogs von Orleans\r\n"},"Einordnung des Vertrags":{"Textbezug zu vergangenen Ereignissen?":"Bezug zu Ehevertrag zwischen der Kaiserin und dem Herzog von Orleans (?)","st\u00e4ndische Instanzen beteiligt?":"","externe Instanzen beteiligt?":"","Ratifikationen, Best\u00e4tigungen, Genehmigungen erw\u00e4hnt?":"Artikel 12-14: wechselseitige Ratifikation des Vertrags geregelt, zeitlicher Ablauf geregelt","weitere Vertr\u00e4ge zwischen Vertragsparteien im Zusammenhang mit dieser Ehe":"","Schlagw\u00f6rter":"","Kommentar":"-","Literatur":"- "}}}