{"Dokument":{"Name":"Baden - Frankreich","In Bearbeitung":"Nein","main":{"Name":"Ehevertrag Baden - Frankreich 1806","Zuletzt ge\u00e4ndert":"2021-05 JK"},"Grunddaten Ehevertrag":{"Vertragspartner Br\u00e4utigam":"Baden","Vertragspartner Braut":"Frankreich","Datum Vertragsschlie\u00dfung":"1806-02-17","Ort Vertragsschlie\u00dfung":"Paris","Eheschlie\u00dfung vollzogen?":"Ja","verschiedenkonfessionelle Ehe?":"Ja"},"Br\u00e4utigam":{"Br\u00e4utigam Name, Titel":"Karl Ludwig Friedrich, Erbprinz von Baden","Br\u00e4utigam GND":"http:\/\/d-nb.info\/gnd\/102285020","Br\u00e4utigam Geburtsjahr":"1786-00-00","Br\u00e4utigam Sterbejahr":"1818-00-00","Br\u00e4utigam Dynastie":"Z\u00e4hringer","Br\u00e4utigam Konfession":"Evangelisch-Lutherisch"},"Braut":{"Braut Name, Titel":"St\u00e9phanie Napoleon de Beauharnais","Braut GND":"http:\/\/d-nb.info\/gnd\/118617818","Braut Geburtsjahr":"1789-00-00","Braut Sterbejahr":"1860-00-00","Braut Dynastie":"Beauharnais","Braut Konfession":"R\u00f6misch-Katholisch"},"Akteur Br\u00e4utigam":{"Akteur Br\u00e4utigam Name, Titel":"Karl Friedrich, Kurf\u00fcrst von Baden","Akteur Br\u00e4utigam GND":"http:\/\/d-nb.info\/gnd\/118560166","Akteur Br\u00e4utigam Dynastie":"Z\u00e4hringen","Akteur Br\u00e4utigam Verh\u00e4ltnis zu Br\u00e4utigam":"Gro\u00dfvater"},"Akteur Braut":{"Akteur Braut Name, Titel":"Napoleon I., Kaiser der Franzosen","Akteur Braut GND":"http:\/\/d-nb.info\/gnd\/118586408","Akteur Braut Dynastie":"Bonaparte","Akteur Braut Verh\u00e4ltnis zu Braut":"Adoptivvater"},"Vertragstext":{"Archivexemplar":"Trait\u00e9s et accords de la France, TRA18060001","Vertragssprache Archivexemplar":"Franz\u00f6sisch","Digitalisat Archivexemplar":"https:\/\/basedoc.diplomatie.gouv.fr\/exl-php\/recherche\/mae_internet___traites","Drucknachweis":"Grands trait\u00e9s II, S. 172-176","Vertragssprache Druck":"Franz\u00f6sisch","Digitalisat Druck":"-","Vertragsinhalt":"Artikel 1: Eheschlie\u00dfung vereinbart: Termin auf den 08.04.1806 festgelegt, Eheschlie\u00dfung nach dem religi\u00f6sen Ritus beider Eheleute vereinbart\r\n\r\nArtikel 2: Mitgift auf 500.000 Franc festgelegt, Zahlung in drei Raten innerhalb von 18 Monaten nach Heirat geregelt, Verzinsung geregelt, Widerlage im gleichen Wert zugesichert, als Teil der Witwenversorgung\r\n\r\nArtikel 3: Residenz in Mannheim und Unterhalt des Ehepaars in H\u00f6he von 200.000 Florin j\u00e4hrlich festgelegt\r\n\r\nArtikel 4: j\u00e4hrliche Unterhaltszahlung an Stephanie auf 15.000 festgelegt, zu entnehmen aus den 200.000 Florin j\u00e4hrlichen Unterhalts des Ehepaars\r\n\r\nArtikel 5: Wittumsverschreibung bzw. Witwenversorgung geregelt: festgelegt auf 100.000 Florin j\u00e4hrlich; Anlage geregelt, Witwensitz geregelt\r\n\r\nArtikel 6: freie Aus\u00fcbung des katholischen Glaubens f\u00fcr Stephanie zugesichert, Erziehung von Kindern aus der Ehe nach dem Glauben des Hauses Baden geregelt\r\n\r\nArtikel 7: bei Tod Stephanies ohne Kinder: lebenslange Nutzung der Mitgift durch Karl Ludwig Friedrich und anschlie\u00dfender R\u00fcckfall der Mitgift an Frankreich vereinbart\r\n\r\nArtikel 8: bei Tod Karl Ludwig Friedrichs: Vormundschaft Stephanies \u00fcber Kinder vereinbart\r\n\r\nArtikel 9: vorl\u00e4ufige Geheimhaltung und Ratifikation des Vertrags geregelt\r\n\r\n[Artikel 10]: Einhaltung zugesichert\r\n\r\nSeparatartikel 07.04.1806: Erh\u00f6hung von Stephanies j\u00e4hrlichem Unterhalt nach Tod von Kurf\u00fcrst Karl Friedrich vereinbart [im Digitalisat nicht enthalten]","Regelungen \u00fcber Thronfolge und Regentschaft":"","konfessionelle Regelungen":"Artikel 1: Eheschlie\u00dfung vereinbart: Termin auf den 08.04.1806 festgelegt, Eheschlie\u00dfung nach dem religi\u00f6sen Ritus beider Eheleute vereinbart\r\n\r\nArtikel 6: freie Aus\u00fcbung des katholischen Glaubens f\u00fcr Stephanie zugesichert, Erziehung von Kindern aus der Ehe nach dem Glauben des Hauses Baden geregelt","erbrechtliche Regelungen":"Artikel 7: bei Tod Stephanies ohne Kinder: lebenslange Nutzung der Mitgift durch Karl Ludwig Friedrich und anschlie\u00dfender R\u00fcckfall der Mitgift an Frankreich vereinbart"},"Einordnung des Vertrags":{"Textbezug zu vergangenen Ereignissen?":"","st\u00e4ndische Instanzen beteiligt?":"","externe Instanzen beteiligt?":"","Ratifikationen, Best\u00e4tigungen, Genehmigungen erw\u00e4hnt?":"Artikel 9: vorl\u00e4ufige Geheimhaltung und Ratifikation des Vertrags geregelt","weitere Vertr\u00e4ge zwischen Vertragsparteien im Zusammenhang mit dieser Ehe":"B\u00fcndnisvertrag 05.09.1805\r\n\r\nVertrag von Br\u00fcnn 12.12.1805 \u00fcber Vorder\u00f6sterreich \r\n\r\nRheinbundakte 12.07.1806","Schlagw\u00f6rter":"","Kommentar":"\u00dc - Stephanie: entfernte Kousine von Napoleons Adoptivsohn Eugen de Beauharnais\r\nEltern von Kaspar Hauser\r\n\r\nDigitalisat kann unter der angegebenen URL unter Verwendung der Signatur (TRA18060001) abgerufen werden. Der oben in eckigen Klammern angef\u00fchrte zehnte Artikel ist im Digitalisat nicht nummeriert. ","Literatur":"-"}}}