{"Dokument":{"Name":"Brandenburg-Ansbach - Braunschweig-L\u00fcneburg-Celle","In Bearbeitung":"Nein","main":{"Name":"Brandenburg-Ansbach - Braunschweig-L\u00fcneburg-Celle","Zuletzt ge\u00e4ndert":"2021-12 JT"},"Grunddaten Ehevertrag":{"Vertragspartner Br\u00e4utigam":"Brandenburg-Ansbach","Vertragspartner Braut":"Braunschweig-L\u00fcneburg-Celle","Datum Vertragsschlie\u00dfung":"1579-04-21","Ort Vertragsschlie\u00dfung":"L\u00fcneburg","Eheschlie\u00dfung vollzogen?":"Ja","verschiedenkonfessionelle Ehe?":"unbekannt"},"Br\u00e4utigam":{"Br\u00e4utigam Name, Titel":"Georg Friedrich I. Markgraf von Brandenburg-Ansbach","Br\u00e4utigam GND":"http:\/\/d-nb.info\/gnd\/118958410","Br\u00e4utigam Geburtsjahr":"1539-00-00","Br\u00e4utigam Sterbejahr":"1603-00-00","Br\u00e4utigam Dynastie":"Hohenzollern","Br\u00e4utigam Konfession":"unbekannt"},"Braut":{"Braut Name, Titel":"Sophie von Braunschweig-L\u00fcneburg-Celle","Braut GND":"http:\/\/d-nb.info\/gnd\/12112360X","Braut Geburtsjahr":"1563-00-00","Braut Sterbejahr":"1639-00-00","Braut Dynastie":"Welfen","Braut Konfession":"unbekannt"},"Akteur Br\u00e4utigam":{"Akteur Br\u00e4utigam Name, Titel":"August Kurf\u00fcrst von Sachsen","Akteur Br\u00e4utigam GND":"http:\/\/d-nb.info\/gnd\/119458446","Akteur Br\u00e4utigam Dynastie":"Wettin (Albertiner)","Akteur Br\u00e4utigam Verh\u00e4ltnis zu Br\u00e4utigam":"Vormund","Akteur Br\u00e4utigam Name, Titel (32)":"Georg Friedrich I. Markgraf von Brandenburg-Ansbach","Akteur Br\u00e4utigam GND (65)":"http:\/\/d-nb.info\/gnd\/118958410","Akteur Br\u00e4utigam Dynastie (35)":"Hohenzollern","Akteur Br\u00e4utigam Verh\u00e4ltnis zu Br\u00e4utigam (34)":"Selbst"},"Akteur Braut":{"Akteur Braut Name, Titel":"Wilhelm Herzog von Braunschweig-L\u00fcneburg-Celle","Akteur Braut GND":"http:\/\/d-nb.info\/gnd\/134198158","Akteur Braut Dynastie":"Welfen","Akteur Braut Verh\u00e4ltnis zu Braut":"Vater"},"Vertragstext":{"Archivexemplar":"Hannover HStA NLA Ha Cal. Br. 22 Nr. 1847 (1579 IV 21)-1","Vertragssprache Archivexemplar":"Deutsch ","Digitalisat Archivexemplar":"","Drucknachweis":"","Vertragssprache Druck":"","Digitalisat Druck":"","Vertragsinhalt":"Artikel 1 (3-4): Ehe beschlossen; Beilager geregelt\n\nArtikel 2 (4): 12.000 Taler Mitgift nach dem Brauch des Hauses der Braut geregelt; Zahlungsfrist innerhalb eines Jahres nach dem Beilager und Ort geregelt\n\nArtikel 3 (4): Aussteuer (Kleinodien, Kleider, Silbergeschirr, etc.) geregelt\n\nArtikel 5 (4): Die Widerlage betr\u00e4gt 12.000 Taler\n\nArtikel 6 (4): Die Morgengabe betr\u00e4gt 4.000 Taler\n\nArtikel 7 (4): Anlage der 28.000 Taler geregelt; Schloss, Stadt und Amt erw\u00e4hnt, j\u00e4hrliches Einkommen von 2.800 Talern geregelt; Jagd, Frondienste, Holz, Fischereirechte, Gerichte, etc. geregelt\n\nArtikel 8 (4-5): Wenn die G\u00fcter die 2.800 Taler j\u00e4hrlich nicht einbringen: Beschwerung der Amtleute und Untertanen wider das Recht ausgeschlossen, die Untertanen verbleiben in ihren alten Freiheiten und Rechten\n\nArtikel 9 (5): Regelungen bez\u00fcglich des Hausrats und des Vorrats auf den Witweng\u00fctern: Die Dinge, die sich bereits auf den Witweng\u00fctern befinden, sollen der Braut zur Verf\u00fcgung stehen; ansonsten sollen die Witweng\u00fcter nicht ver\u00e4ndert oder beschwert etc. werden\n\nArtikel 10 (5): Gegen Bezahlung des Heiratsguts: Pflichten und Huldigung der Amtleute, V\u00f6gte und Untertanen gegen\u00fcber der Braut geregelt; Gehorsam und Dienst geregelt\n\nArtikel 11 (5): Die Morgengabe betr\u00e4gt 400 Gulden j\u00e4hrlich; Verwendung der Morgengabe nach den W\u00fcnschen der Braut geregelt\n\nArtikel 12 (5-6): Wenn die Braut vor dem Br\u00e4utigam verstirbt und Leibeserben vorhanden sind oder nicht: Der Br\u00e4utigam darf die Aussteuer vergeben; die Aussteuer f\u00e4llt an die Tochter der Braut, wenn keine Tochter aus der Ehe vorhanden ist, erbt Dorothea von Braunschweig-L\u00fcneburg die Aussteuer\n\nArtikel 13 (6): Wenn die Braut vor dem Br\u00e4utigam verstirbt und keine gemeinsamen Leibeserben vorhanden sind: Der Br\u00e4utigam erh\u00e4lt das lebenslange Nutzungsrecht \u00fcber die Mitgift, nach dem Tod des Br\u00e4utigams f\u00e4llt die Mitgift an den Brautvater oder dessen Erben\n\nArtikel 14 (6-7): Wenn der Br\u00e4utigam vor der Braut verstirbt und gemeinsame Leibeserben vorhanden sind oder nicht: Die Braut erh\u00e4lt die Mitgift, Widerlage, Morgengabe, Aussteuer, Geschenke, Betten, etc.; Fahrhabe geregelt; keine Rechtsprechung auf den Witweng\u00fctern geregelt; Unterhalt der Braut durch die Erben des Br\u00e4utigams bis zur ersten Nutzung der Witweng\u00fcter geregelt; f\u00fcrstliche Wohnung geregelt; Nutzung der Zinsen geregelt; Nutzung ohne Widerspruch der Erben des Br\u00e4utigams geregelt\n\nArtikel 15 (7): Vergabe der Ritterlehen und der geistlichen Lehen auf den Witweng\u00fctern durch die Erben des Br\u00e4utigams geregelt; Gebrauch der Lehen durch die Erben des Br\u00e4utigams auf Kosten der Erben des Br\u00e4utigams; \u00d6ffnung des Wittums auf Kosten der Erben des Br\u00e4utigams geregelt\n\nArtikel 16 (7-8): \u00d6ffnung, Vergabe, etc. der Witweng\u00fcter durch die Braut ohne Erlaubnis des Br\u00e4utigams oder dessen Erben ausgeschlossen; bauliche Erhaltung des Schlosses durch die Braut, w\u00e4hrend ihrer Besitzung geregelt, Erhaltung des Grundbaus durch die Erben des Br\u00e4utigams geregelt\n\nArtikel 17 (8): Schutz der Mitgift, Widerlage und Morgengabe geregelt, in Bezug auf die R\u00e4te der Erben des Br\u00e4utigams, die Land- und Hofgerichte; Vergleich mit anderen Schl\u00f6ssern geregelt\n\nArtikel 18 (8): Schulden, die das Brautpaar gemacht hat, sollen durch den Br\u00e4utigam beglichen werden; die Braut soll mit keinerlei Schulden des Br\u00e4utigams belastet werden; Schulden, die die Braut nach dem Antritt des Wittums gemacht hat und vor ihrem Tod noch nicht bezahlt wurden, sollen durch die Erben der Widerlage beglichen werden\n\nArtikel 19 (8-9): Wenn die Braut nach dem Tod des Br\u00e4utigams erneut heiratet: Abl\u00f6sung des Wittums mit 28.000 Talern geregelt; Verk\u00fcndigung der Abl\u00f6sung ein halbes Jahr fr\u00fcher geregelt; Zahlung innerhalb eines halben Jahres geregelt; Stadt geregelt; Abtretung des Wittums geregelt; wenn die Braut nach dem Br\u00e4utigam verstirbt und keine gemeinsamen Leibeserben vorhanden sind: Morgengabe und Widerlage fallen an die Erben des Br\u00e4utigams, Verschreibung geregelt\n\nArtikel 20 (9): Erbverzicht der Braut auf alles v\u00e4terliche, m\u00fctterliche und br\u00fcderliche Erbe, Einverst\u00e4ndnis des Br\u00e4utigams geregelt; die Braut erh\u00e4lt ihren Erbteil, wenn alle m\u00e4nnlichen Leibeserben ihres Hauses vor ihr versterben\n\nArtikel 21 (9-10): Einhaltung der Ehe versprochen\n\n","Regelungen \u00fcber Thronfolge und Regentschaft":"","konfessionelle Regelungen":"","erbrechtliche Regelungen":"Artikel 12 (5-6): Wenn die Braut vor dem Br\u00e4utigam verstirbt und Leibeserben vorhanden sind oder nicht: Der Br\u00e4utigam darf die Aussteuer vergeben; die Aussteuer f\u00e4llt an die Tochter der Braut, wenn keine Tochter aus der Ehe vorhanden ist, erbt Dorothea von Braunschweig-L\u00fcneburg die Aussteuer\n\nArtikel 13 (6): Wenn die Braut vor dem Br\u00e4utigam verstirbt und keine gemeinsamen Leibeserben vorhanden sind: Der Br\u00e4utigam erh\u00e4lt das lebenslange Nutzungsrecht \u00fcber die Mitgift, nach dem Tod des Br\u00e4utigams f\u00e4llt die Mitgift an den Brautvater oder dessen Erben\n\nArtikel 14 (6-7): Wenn der Br\u00e4utigam vor der Braut verstirbt und gemeinsame Leibeserben vorhanden sind oder nicht: Die Braut erh\u00e4lt die Mitgift, Widerlage, Morgengabe, Aussteuer, Geschenke, Betten, etc.; Fahrhabe geregelt; keine Rechtsprechung auf den Witweng\u00fctern geregelt; Unterhalt der Braut durch die Erben des Br\u00e4utigams bis zur ersten Nutzung der Witweng\u00fcter geregelt; f\u00fcrstliche Wohnung geregelt; Nutzung der Zinsen geregelt; Nutzung ohne Widerspruch der Erben des Br\u00e4utigams geregelt\n\nArtikel 20 (9): Erbverzicht der Braut auf alles v\u00e4terliche, m\u00fctterliche und br\u00fcderliche Erbe, Einverst\u00e4ndnis des Br\u00e4utigams geregelt; die Braut erh\u00e4lt ihren Erbteil, wenn alle m\u00e4nnlichen Leibeserben ihres Hauses vor ihr versterben\n"},"Einordnung des Vertrags":{"Textbezug zu vergangenen Ereignissen?":"","st\u00e4ndische Instanzen beteiligt?":"","externe Instanzen beteiligt?":"","Ratifikationen, Best\u00e4tigungen, Genehmigungen erw\u00e4hnt?":"","weitere Vertr\u00e4ge zwischen Vertragsparteien im Zusammenhang mit dieser Ehe":"","Schlagw\u00f6rter":"","Kommentar":"Vertrag im Original nicht in Artikel unterteilt.\n\nVertragsseiten nicht foliert oder nummeriert\n","Literatur":""}}}