{"Dokument":{"Name":"Mecklenburg-Strelitz - Sachsen-Gotha (Nebenlinie)","In Bearbeitung":"Nein","main":{"Zuletzt ge\u00e4ndert":"2019-05 KZ","Name":"Ehevertrag Mecklenburg-Strelitz - Sachsen-Gotha 1702 (Nebenlinie)"},"Einordnung des Vertrags":{"externe Instanzen beteiligt?":"","Ratifikationen, Best\u00e4tigungen, Genehmigungen erw\u00e4hnt?":"","weitere Vertr\u00e4ge zwischen Vertragsparteien im Zusammenhang mit dieser Ehe":"","Schlagw\u00f6rter":"","Kommentar":"vgl. Abkommen von Strelitz 1704.11.24 \u00fcber Abl\u00f6sung der Mitgift nach Tod Johannas","Literatur":"Kn\u00f6fel 2009, S. 330","Textbezug zu vergangenen Ereignissen?":"","st\u00e4ndische Instanzen beteiligt?":""},"Grunddaten Ehevertrag":{"Vertragspartner Br\u00e4utigam":"Mecklenburg-Strelitz","Vertragspartner Braut":"Sachsen-Gotha","Datum Vertragsschlie\u00dfung":"1702-05-08","Ort Vertragsschlie\u00dfung":"Altenburg","Eheschlie\u00dfung vollzogen?":"Ja","verschiedenkonfessionelle Ehe?":"Nein"},"Br\u00e4utigam":{"Br\u00e4utigam Name, Titel":"Adolf Friedrich II., Herzog von Mecklenburg-Strelitz","Br\u00e4utigam GND":"http:\/\/d-nb.info\/gnd\/104181982","Br\u00e4utigam Geburtsjahr":"1658-00-00","Br\u00e4utigam Sterbejahr":"1708-00-00","Br\u00e4utigam Dynastie":"Mecklenburg","Br\u00e4utigam Konfession":"Evangelisch-Lutherisch"},"Braut":{"Braut Name, Titel":"Johanna von Sachsen-Gotha","Braut GND":"http:\/\/d-nb.info\/gnd\/1051944619","Braut Geburtsjahr":"1680-00-00","Braut Sterbejahr":"1704-00-00","Braut Dynastie":"Sachsen-Gotha-Altenburg","Braut Konfession":"Evangelisch-Lutherisch"},"Akteur Br\u00e4utigam":{"Akteur Br\u00e4utigam Name, Titel":"Adolf Friedrich II., Herzog von Mecklenburg-Strelitz","Akteur Br\u00e4utigam GND":"http:\/\/d-nb.info\/gnd\/104181982","Akteur Br\u00e4utigam Dynastie":"Mecklenburg","Akteur Br\u00e4utigam Verh\u00e4ltnis zu Br\u00e4utigam":"selbst"},"Akteur Braut":{"Akteur Braut Name, Titel":"Friedrich I., Herzog von Sachsen-Gotha","Akteur Braut GND":"http:\/\/d-nb.info\/gnd\/10210915X","Akteur Braut Dynastie":"Sachsen-Gotha-Altenburg","Akteur Braut Verh\u00e4ltnis zu Braut":"Bruder"},"Vertragstext":{"Archivexemplar":"nicht nachgewiesen","Vertragssprache Archivexemplar":"nicht nachgewiesen","Digitalisat Archivexemplar":"-","Drucknachweis":"CTS 24, S. 195-214","Vertragssprache Druck":"Deutsch","Digitalisat Druck":"-","Vertragsinhalt":"Artikel 1-2: Eheschlie\u00dfung vereinbart bzw. bekundet, Beilager in Strelitz vereinbart\r\n\r\nArtikel 3: Mitgift (in H\u00f6he von 20.000 Thlr. jeden zu 4 Groschen), Aussteuer festgelegt Artikel \r\n\r\n4: Erbverzicht Johannas geregelt: au\u00dfer bei Aussterben der Herz\u00f6ge von Sachsen-Gotha\r\n\r\nArtikel 5: Morgengabe festgelegt, Nutzung geregelt\r\n\r\nArtikel 6: Leibgedinge festgelegt: Anlage und Witwenversorgung geregelt\r\n\r\nArtikel 7-13: Witwengut geregelt: inkl. Ausstattung, Verwaltung, \u00d6ffnungsverbot gegen Dritte\r\n\r\nArtikel 14: bei Tod Johannas ohne Kinder: R\u00fcckfall der Mitgift geregelt, Nutzung zu Lebzeiten Adolf Friedrichs vorbehalten\r\n\r\nArtikel 15: bei Tod Johannas mit Kindern: Erbrecht an Johannas Nachlass geregelt; bei Tod von Adolf Friedrichs einzigem Sohn: Thronfolge von Johannas \u00e4ltestem Sohn festgelegt\r\n\r\nArtikel 16: bei Tod Adolf Friedrichs: Vormundschaft \u00fcber, Erziehung von ggf. unm\u00fcndigen Kindern geregelt\r\n\r\nArtikel 17-18: bei zweiter Ehe Johannas: Abfindung in Bezug auf Witwengut geregelt, Erbrecht der Kinder an Nachlass Johannas geregelt\r\n\r\nArtikel 19-21: bei Tod Johannas: Erbrecht, Testierrecht an Nachlass, R\u00fcckfall von Witwengut geregelt\r\n\r\nArtikel 22: Vereinbarung, dass Johanna nicht f\u00fcr Schulden Adolf Friedrichs haftet\r\n\r\nArtikel 23: bei Tod eines Ehepartners vor Beilager: Aufhebung des Vertrags vereinbart\r\n\r\nArtikel 24: bei Tod Adolf Friedrichs bis zur Mitgiftzahlung: Geltung des Vertrags vereinbart\r\n","Regelungen \u00fcber Thronfolge und Regentschaft":"Artikel 15: [...] bei Tod von Adolf Friedrichs einzigem Sohn: Thronfolge von Johannas \u00e4ltestem Sohn festgelegt\r\n","konfessionelle Regelungen":"","erbrechtliche Regelungen":"4: Erbverzicht Johannas geregelt: au\u00dfer bei Aussterben der Herz\u00f6ge von Sachsen-Gotha\r\n\r\nArtikel 15: bei Tod Johannas mit Kindern: Erbrecht an Johannas Nachlass geregelt; bei Tod von Adolf Friedrichs einzigem Sohn: Thronfolge von Johannas \u00e4ltestem Sohn festgelegt\r\n\r\nArtikel 17-18: bei zweiter Ehe Johannas: Abfindung in Bezug auf Witwengut geregelt, Erbrecht der Kinder an Nachlass Johannas geregelt\r\n\r\nArtikel 19-21: bei Tod Johannas: Erbrecht, Testierrecht an Nachlass, R\u00fcckfall von Witwengut geregelt"}}}