{"Dokument":{"Name":"Plauen - Pommern-Stettin (Nebenlinie)","In Bearbeitung":"Nein","main":{"Name":"Ehevertrag Plauen - Pommern-Stettin 1566 (Nebenlinie)","Zuletzt ge\u00e4ndert":"2020-02 JK"},"Akteur Braut":{"Akteur Braut Name, Titel":"Barnim XI., Herzog von Pommern-Stettin","Akteur Braut GND":"http:\/\/d-nb.info\/gnd\/10099721X","Akteur Braut Dynastie":"Greifen","Akteur Braut Verh\u00e4ltnis zu Braut":"Vater"},"Vertragstext":{"Archivexemplar":"nicht nachgewiesen","Vertragssprache Archivexemplar":"nicht nachgewiesen","Digitalisat Archivexemplar":"-","Drucknachweis":"L\u00fcnig, Reichsarchiv, Bd. XI, [ii] S. 255-260","Vertragssprache Druck":"Deutsch","Digitalisat Druck":"https:\/\/reader.digitale-sammlungen.de\/de\/fs1\/object\/display\/bsb10492182_00385.html","Vertragsinhalt":"Artikel 1 (2.-3. Absatz): Eheschlie\u00dfung vereinbart\r\n\r\nArtikel 2 (4. Absatz): Mitgift festgesetzt: gegen Abtretung von Leibgedinge aus 1. Ehe Annas, inkl. Brautschatz aus R\u00fcckfall\r\n\r\nArtikel 3 (5. Absatz): Mitgift vorgestreckt durch Barnim: bis zur R\u00fcckzahlung von Mitgift aus 1. Ehe Annas\r\n\r\nArtikel 4 (6.-7. Absatz): Morgengabe festgelegt: vorerst auf Lebenszeit Heinrichs\r\n\r\nArtikel 5 (8. Absatz): Stadt, Herrschaft Schleiz als Leibgedingegut festgelegt: ggf. Erweiterung auf Lobenstein vorbehalten, Versicherung gegen Verringerung geregelt, Pr\u00fcfung durch Barnim vorbehalten\r\n\r\nArtikel 6 (9.-14. Absatz): Verwitwung und Annas Besitzantritt \u00fcber Leibgedingeg\u00fcter, Inspektion Leibgedingeg\u00fcter durch Barnim geregelt, Brautschatz sp\u00e4testens bei Tod Heinrichs geregelt\r\n\r\nArtikel 7 (15. Absatz): bei Tod Annas ohne Kinder: Nutzung, R\u00fcckfall von Mitgift, Brautschatz geregelt\r\n\r\nArtikel 8 (16.-23. Absatz): Verwaltung, Nutzung von, Hoheitsrechte \u00fcber Leibgedingeg\u00fcter geregelt\r\n\r\nArtikel 9 (24.-26. Absatz): bei 3. Ehe Annas: Auslieferung von Mitgift, Brautschatz an Anna gegen Abtretung der Leibgedingeg\u00fcter geregelt\r\n\r\nArtikel 10 (27. Absatz): bei Tod Annas nach 3. Ehe: Vererbung von Nachlass Annas an Kinder aus zweiter und dritter Ehe geregelt\r\n\r\nArtikel 11 (28. Absatz): bei Tod Annas ohne Kinder: R\u00fcckfall von Mitgift, Brautschatz an Pommern geregelt\r\n\r\nArtikel 12 (29.-30. Absatz): Einhaltung zugesichert, Beurkundung, Besiegelung erw\u00e4hnt \r\n","Regelungen \u00fcber Thronfolge und Regentschaft":"","konfessionelle Regelungen":"","erbrechtliche Regelungen":"Artikel 10 (27. Absatz): bei Tod Annas nach 3. Ehe: Vererbung von Nachlass Annas an Kinder aus 2., 3. Ehe geregelt"},"Einordnung des Vertrags":{"Textbezug zu vergangenen Ereignissen?":"","st\u00e4ndische Instanzen beteiligt?":"","externe Instanzen beteiligt?":"Maximilian II., Kaiser HRR, K\u00f6nig von B\u00f6hmen","Ratifikationen, Best\u00e4tigungen, Genehmigungen erw\u00e4hnt?":"","weitere Vertr\u00e4ge zwischen Vertragsparteien im Zusammenhang mit dieser Ehe":"","Schlagw\u00f6rter":"","Kommentar":"erw. F\u00fcrst Wolfgang von Anhalt-K\u00f6then (gest. 03.1566)  als Vermittler - vgl. ENr. 94 zu 1. Ehe Heinrichs 1563 - 2. Ehe Annas: nach 1. Ehe mit F\u00fcrst Karl von Anhalt - Vertrag als Druckfassung im Kontext kaiserlichen Mandats von 1567.04.03 \u00fcberliefert - das Mandat best\u00e4tigt Vertrag, Regelungen \u00fcber Leibgedinge zugunsten Annas","Literatur":"-"},"Grunddaten Ehevertrag":{"Vertragspartner Br\u00e4utigam":"V\u00f6gte von Plauen","Vertragspartner Braut":"Pommern-Stettin","Datum Vertragsschlie\u00dfung":"1566-08-28","Ort Vertragsschlie\u00dfung":"Stettin","Eheschlie\u00dfung vollzogen?":"Ja","verschiedenkonfessionelle Ehe?":"Nein"},"Br\u00e4utigam":{"Br\u00e4utigam Name, Titel":"Heinrich VI., Vogt von Plauen, Burggraf zu Mei\u00dfen","Br\u00e4utigam GND":"http:\/\/d-nb.info\/gnd\/104254068","Br\u00e4utigam Geburtsjahr":"1536-00-00","Br\u00e4utigam Sterbejahr":"1572-00-00","Br\u00e4utigam Dynastie":"V\u00f6gte von Plauen","Br\u00e4utigam Konfession":"Evangelisch-Lutherisch"},"Braut":{"Braut Name, Titel":"Anna von Pommern-Stettin","Braut GND":"","Braut Geburtsjahr":"1531-00-00","Braut Sterbejahr":"1592-00-00","Braut Dynastie":"Greifen","Braut Konfession":"Evangelisch-Lutherisch"},"Akteur Br\u00e4utigam":{"Akteur Br\u00e4utigam Name, Titel":"Heinrich VI., Vogt von Plauen, Burggraf von Mei\u00dfen","Akteur Br\u00e4utigam GND":"http:\/\/d-nb.info\/gnd\/104254068","Akteur Br\u00e4utigam Dynastie":"V\u00f6gte von Plauen","Akteur Br\u00e4utigam Verh\u00e4ltnis zu Br\u00e4utigam":"selbst"}}}