{"Dokument":{"Name":"Sachsen - Brandenburg-Bayreuth","In Bearbeitung":"Nein","main":{"Name":"Ehevertrag Sachsen - Brandenburg-Bayreuth 1638","Zuletzt ge\u00e4ndert":"2021-04 JT"},"Grunddaten Ehevertrag":{"Vertragspartner Br\u00e4utigam":"Sachsen","Vertragspartner Braut":"Brandenburg-Bayreuth","Datum Vertragsschlie\u00dfung":"1638-11-13","Ort Vertragsschlie\u00dfung":"Festung Plassenburg","Eheschlie\u00dfung vollzogen?":"Ja","verschiedenkonfessionelle Ehe?":"Nein"},"Br\u00e4utigam":{"Br\u00e4utigam Name, Titel":"Johann Georg II. von Sachsen","Br\u00e4utigam GND":"http:\/\/d-nb.info\/gnd\/119100320","Br\u00e4utigam Geburtsjahr":"1613-00-00","Br\u00e4utigam Sterbejahr":"1680-00-00","Br\u00e4utigam Dynastie":"Wettin (Albertiner)","Br\u00e4utigam Konfession":"Evangelisch-Lutherisch"},"Braut":{"Braut Name, Titel":"Magdalena Sibylle von Brandenburg-Bayreuth","Braut GND":"http:\/\/d-nb.info\/gnd\/120182874","Braut Geburtsjahr":"1612-00-00","Braut Sterbejahr":"1687-00-00","Braut Dynastie":"Hohenzollern","Braut Konfession":"Evangelisch-Lutherisch"},"Akteur Br\u00e4utigam":{"Akteur Br\u00e4utigam Name, Titel":"Johann Georg I. Kurf\u00fcrst von Sachsen","Akteur Br\u00e4utigam GND":"http:\/\/d-nb.info\/gnd\/100029752","Akteur Br\u00e4utigam Dynastie":"Wettin (Albertiner)","Akteur Br\u00e4utigam Verh\u00e4ltnis zu Br\u00e4utigam":"Vater","Akteur Br\u00e4utigam Name, Titel (32)":"Johann Georg II. von Sachsen","Akteur Br\u00e4utigam GND (65)":"http:\/\/d-nb.info\/gnd\/119100320","Akteur Br\u00e4utigam Dynastie (35)":"Wettin (Albertiner)","Akteur Br\u00e4utigam Verh\u00e4ltnis zu Br\u00e4utigam (34)":"Selbst"},"Akteur Braut":{"Akteur Braut Name, Titel":"Marie von Preu\u00dfen","Akteur Braut GND":"http:\/\/d-nb.info\/gnd\/137342055","Akteur Braut Dynastie":"Hohenzollern","Akteur Braut Verh\u00e4ltnis zu Braut":"Mutter"},"Vertragstext":{"Archivexemplar":"HStA Drd 10001 O.U. 13052 (1638 III 2)","Vertragssprache Archivexemplar":"Deutsch","Digitalisat Archivexemplar":"-","Drucknachweis":"nicht nachgewiesen","Vertragssprache Druck":"nicht nachgewiesen","Digitalisat Druck":"-","Vertragsinhalt":"Artikel 1 (S. 1-2): Ehe beschlossen\r\n\r\nArtikel 2 (S. 2): Konsens der Brauteltern erw\u00e4hnt, Einverst\u00e4ndnis der Br\u00e4utigameltern erw\u00e4hnt\r\n\r\nArtikel 3 (S. 2): Beilager erw\u00e4hnt\r\n\r\nArtikel 4 (S. 2-3): Die Mitgift betr\u00e4gt 20 000 Gulden oder 16 666 2\/3 Reichstaler, Zahlungsfrist innerhalb eines Jahres nach erfolgtem Beilager, Quittung n\u00f6tig\r\n\r\nArtikel 5 (S. 3): Weitere Zahlungsregelungen, falls zuerst nur 15 000 Gulden oder 12 500 Reichstaler und die 5 000 Gulden oder die 4 166 2\/3 Reichtaler noch offen sind, Versicherung \u00fcber gezahlte Summen n\u00f6tig\r\n\r\nArtikel 6 (S. 3): Aussteuer (Kleinodien, Schmuck, Silbergeschirr) ihrem Stand gem\u00e4\u00df zugesprochen\r\n\r\nArtikel 7 (S. 3): Erbverzicht der Braut mit dem Einverst\u00e4ndnis des Br\u00e4utigams auf das v\u00e4terliche und br\u00fcderliche Erbe, au\u00dfer einem Erbteil, der ihr eventuell nach v\u00e4terlicher Disposition in dessen Testament zugesprochen wird, der Erbfall f\u00fcr die Braut tritt ein, wenn die m\u00e4nnliche Linie ihrer Familie ausstirbt, Vererbung in diesem Fall nach dem Hausrecht\r\n\r\nArtikel 8 (S. 3): Die Widerlage betr\u00e4gt 20 000 Gulden oder 16 666 2\/3 Reichstaler\r\n\r\nArtikel 9 (S. 3): Die Summe von Mitgift und Widerlage werden im Leibgedinge angelegt\r\n\r\nArtikel 10 (S. 3-4): F\u00fcrstlicher Wohnsitz der Braut erw\u00e4hnt, auf diesem Sitz erh\u00e4lt die Braut j\u00e4hrlich 4 000 Gulden oder 3 3331\/3 Reichstaler als Unterhalt, fehlender Unterhalt muss ersetzt werden\r\n\r\nArtikel 11 (S. 4): Rechte (u.a. Jurisdiktion und Jagdrechte) und Zugeh\u00f6rungen auf dem Wittum geregelt, Erbhuldigung erw\u00e4hnt, Ritterdienste erw\u00e4hnt\r\n\r\nArtikel 12 (S. 4): Versorgung mit G\u00fctern zugesichert, Erstattung von mangelnden G\u00fctern versprochen\r\n\r\nArtikel 13 (S. 4): Verzeichnis des Inventars auf dem Wittum n\u00f6tig, Amt Chemnitz erw\u00e4hnt\r\n\r\nArtikel 14 (S. 4): Besichtigung des Wittums durch die R\u00e4te des Brautvaters geregelt\r\n\r\nArtikel 15 (S. 4-5): Nach dem Beilager erh\u00e4lt die Braut eine j\u00e4hrliche Verschreibung \u00fcber 400 Gulden als Morgengabe sowie ein Kleinod, die Braut erh\u00e4lt lebenslang 100 Gulden j\u00e4hrlich zus\u00e4tzlich zu ihrer freien Verf\u00fcgung\r\n\r\nArtikel 16 (S. 5): Wenn die Braut nach dem Beilager vor dem Br\u00e4utigam und ohne Erben verstirbt oder eventuelle gemeinsame Leibeserben fr\u00fcher versterben: Der Br\u00e4utigam erh\u00e4lt das lebenslange Gebrauchsrecht \u00fcber die Mitgift und die Aussteuer, nach dem Tod des Br\u00e4utigams f\u00e4llt dieses Erbe zur\u00fcck an die Linie der Braut\r\n\r\nArtikel 17 (S. 5): Wenn Braut und Br\u00e4utigam versterben und gemeinsame Kinder vorhanden sind und diese nach dem Tod der Eltern versterben: Mitgift, Widerlage, etc. werden an die n\u00e4chsten Erben vererbt\r\n\r\nArtikel 18 (S. 5): Wenn die Braut nach dem Tod des Br\u00e4utigams erneu heiratet: Der Witwensitz kann mit 40 000 Gulden oder 33 333 1\/3 Reichstaler abgel\u00f6st werden (die Zahlung von 20 000 Gulden soll gleich erfolgen, die restlichen 20 000 Gulden sollen j\u00e4hrlich mit 3 000 Gulden verzinst werden, zur Versicherung der j\u00e4hrlichen Pension soll der Witwensitz verschrieben werden\r\n\r\nArtikel 19 (S. 5-6): Das Wittum soll nicht ver\u00e4u\u00dfert, verwiesen oder verfremdet werden, das Wittum soll nicht durch andere genutzt werden, Zustand des Wittums festgelegt\r\n\r\nArtikel 20 (S. 6): Wenn gemeinsame Kinder vorhanden sind: 30 000 Gulden oder 25 000 Reichtaler sollen gesetzt werden, 15 000 Gulden oder 12 500 Reichstaler davon sollen erlegt werden, die \u00fcbrigen 15 000 Gulden oder 12 500 Reichstaler sollen j\u00e4hrlich mit 1 500 Gulden oder 1 250 Reichtaler als Pension genutzt werden\r\n\r\nArtikel 21 (S. 6): \u00d6ffnung und Schutz des Wittums und der Untertanen obliegt dem Kurf\u00fcrsten\r\n\r\nArtikel 22 (S. 6): Geistliche und andere Lehen, die zum Leibgedinge geh\u00f6ren: Verf\u00fcgungsrecht der Witwe, die Ritterlehen werden hiervon ausgenommen, diese unterstehen dem Verf\u00fcgungsrecht des Kurf\u00fcrsten\r\n\r\nArtikel 23 (S. 6): Falls das Wittum bei einem Brand besch\u00e4digt werden sollte, verpflichtet sich der Br\u00e4utigam und dessen Nachkommen das Wittum und die Zugeh\u00f6rungen mit Holz und anderen G\u00fctern auszustatten, wenn diese dort nicht vorhanden sind, sowie Hilfe zu leisten, urspr\u00fcnglicher Zustand sowie die Erhaltung des Wittums zugesichert\r\n\r\nArtikel 24 (S. 6-7): Schutz der Witwe und des Wittums versprochen, auch durch Vertreter und Nachkommen\r\n\r\nArtikel 25 (S. 7): Einhaltung des Vertrages versprochen\r\n\r\nArtikel 26 (S. 8): Anh\u00e4ngende (kur)f\u00fcrstliche Geheimartikel erw\u00e4hnt\r\n\r\nArtikel 27 (S. 8): R\u00e4te genannt\r\n","Regelungen \u00fcber Thronfolge und Regentschaft":"","konfessionelle Regelungen":"","erbrechtliche Regelungen":"Artikel 7 (S. 3): Erbverzicht der Braut mit dem Einverst\u00e4ndnis des Br\u00e4utigams auf das v\u00e4terliche und br\u00fcderliche Erbe, au\u00dfer einem Erbteil, der ihr eventuell nach v\u00e4terlicher Disposition in dessen Testament zugesprochen wird, der Erbfall f\u00fcr die Braut tritt ein, wenn die m\u00e4nnliche Linie ihrer Familie ausstirbt, Vererbung in diesem Fall nach dem Hausrecht\r\n\r\nArtikel 16 (S. 5): Wenn die Braut nach dem Beilager vor dem Br\u00e4utigam und ohne Erben verstirbt oder eventuelle gemeinsame Leibeserben fr\u00fcher versterben: Der Br\u00e4utigam erh\u00e4lt das lebenslange Gebrauchsrecht \u00fcber die Mitgift und die Aussteuer, nach dem Tod des Br\u00e4utigams f\u00e4llt dieses Erbe zur\u00fcck an die Linie der Braut\r\n\r\nArtikel 17 (S. 5): Wenn Braut und Br\u00e4utigam versterben und gemeinsame Kinder vorhanden sind und diese nach dem Tod der Eltern versterben: Mitgift, Widerlage, etc. werden an die n\u00e4chsten Erben vererbt\r\n"},"Einordnung des Vertrags":{"Textbezug zu vergangenen Ereignissen?":"","st\u00e4ndische Instanzen beteiligt?":"","externe Instanzen beteiligt?":"","Ratifikationen, Best\u00e4tigungen, Genehmigungen erw\u00e4hnt?":"","weitere Vertr\u00e4ge zwischen Vertragsparteien im Zusammenhang mit dieser Ehe":"","Schlagw\u00f6rter":"","Kommentar":"Vertrag verf\u00fcgt im Original \u00fcber keine Nummerierung der Artikel.","Literatur":"-"}}}