{"Dokument":{"Name":"\u00d6sterreich - Spanien","In Bearbeitung":"Nein","main":{"Name":"Ehevertrag \u00d6sterreich - Spanien 1628","Zuletzt ge\u00e4ndert":"2020-10 JK"},"Grunddaten Ehevertrag":{"Vertragspartner Br\u00e4utigam":"\u00d6sterreich","Vertragspartner Braut":"Spanien","Datum Vertragsschlie\u00dfung":"1628-09-03","Ort Vertragsschlie\u00dfung":"Madrid","Eheschlie\u00dfung vollzogen?":"Ja","verschiedenkonfessionelle Ehe?":"Nein"},"Br\u00e4utigam":{"Br\u00e4utigam Name, Titel":"Ferdinand III., K\u00f6nig von B\u00f6hmen und Ungarn, Erzherzog von \u00d6sterreich","Br\u00e4utigam GND":"http:\/\/d-nb.info\/gnd\/118532529","Br\u00e4utigam Geburtsjahr":"1608-00-00","Br\u00e4utigam Sterbejahr":"1657-00-00","Br\u00e4utigam Dynastie":"Habsburg (\u00d6sterreich)","Br\u00e4utigam Konfession":"R\u00f6misch-Katholisch"},"Braut":{"Braut Name, Titel":"Maria Anna von Spanien","Braut GND":"http:\/\/d-nb.info\/gnd\/120186845","Braut Geburtsjahr":"1606-00-00","Braut Sterbejahr":"1646-00-00","Braut Dynastie":"Habsburg (Spanien)","Braut Konfession":"R\u00f6misch-Katholisch"},"Akteur Br\u00e4utigam":{"Akteur Br\u00e4utigam Name, Titel":"Ferdinand II., Kaiser, Erzherzog von \u00d6sterreich","Akteur Br\u00e4utigam GND":"http:\/\/d-nb.info\/gnd\/118532510","Akteur Br\u00e4utigam Dynastie":"Habsburg (\u00d6sterreich)","Akteur Br\u00e4utigam Verh\u00e4ltnis zu Br\u00e4utigam":"Vater"},"Akteur Braut":{"Akteur Braut Name, Titel":"Philipp IV., K\u00f6nig von Spanien","Akteur Braut GND":"http:\/\/d-nb.info\/gnd\/118593870","Akteur Braut Dynastie":"Habsburg (Spanien)","Akteur Braut Verh\u00e4ltnis zu Braut":"Bruder"},"Vertragstext":{"Archivexemplar":"AT-OeStA\/HHStA, UR FUK 1620\/1,2","Vertragssprache Archivexemplar":"nicht nachgewiesen","Digitalisat Archivexemplar":"-","Drucknachweis":"Dumont 1726-1739, Bd. V:2, S. 554-556 ","Vertragssprache Druck":"Spanisch","Digitalisat Druck":"https:\/\/gallica.bnf.fr\/ark:\/12148\/bpt6k1263086r\/f552","Vertragsinhalt":"Pr\u00e4ambel (S. 554): Papst erteilt Dispens f\u00fcr Eheschlie\u00dfung, Ernennung der Verhandler\r\n\r\nArtikel 1 (S. 554): Br\u00e4utigam wird zum k\u00fcnftigen Nachfolger seines Vaters, Kaiser Ferdinand II., als K\u00f6nig von B\u00f6hmen und Ungarn ernannt\r\n\r\nArtikel 2 (S. 555): Br\u00e4utigam und Braut werden zu K\u00f6nigen von B\u00f6hmen und Ungarn ernannt, \u00fcben aber keine Herrschaft aus, solange Kaiser Ferdinand II. lebt\r\n\r\nArtikel 3 (S. 555): K\u00f6nig von Spanien garantiert Einhaltung von Artikel 2 durch Br\u00e4utigam\r\n\r\nArtikel 4 (S. 555): der Kaiser stellt Br\u00e4utigam die Mittel zur Hofhaltung zur Verf\u00fcgung\r\n\r\nArtikel 4 (S. 555): Braut erh\u00e4lt Mitgift im Wert von 500.000 Gold-Escudos, Zahlung geregelt; Mitgift in Form von Renten aus spanischen und italienischen Besitzungen der spanischen Krone\r\n\r\nArtikel 5 (S. 555): aus der Mitgift erzielte Eink\u00fcnfte sollen Braut dauerhaft zur  Verf\u00fcgung stehen, auch wenn die Ehe aufgel\u00f6st wird, unabh\u00e4ngig davon, ob aus Ehe Kinder hervorgehen oder nicht; wenn die Ehe endet (vermutlich  auf Tod des Br\u00e4utigams bezogen), hat  die Braut Anspruch auf R\u00fcckgabe der Mitgift \r\n\r\nArtikel 6 (S. 555): falls die Braut den Br\u00e4utigam \u00fcberlebt, erh\u00e4lt sie die Mitgift und alle Fahrhabe, au\u00dfer Gegenst\u00e4nden (Juwelen etc.) im Besitz des Hauses \u00d6sterreich; Witwenversorgung geregelt: j\u00e4hrliche kaiserliche Zahlung von 24.000 Escudos oder 36.000 Florin zugesichert\r\n\r\nArtikel 7 (S. 555): wenn Ehe endet, hat Braut Anspruch auf festgelegte Witwenversorgung, auch bei Wiederheirat \r\n\r\nArtikel 8 (S. 555): der Witwe ist freigestellt, nach Spanien zur\u00fcckzukehren, wenn sie in \u00d6sterreich oder im Heiligen R\u00f6mischen Reich bleibt, steht ihr standesgem\u00e4\u00dfer Wohnsitz zu \r\n\r\nArtikel 9 (S. 555): kaiserliche Gabe von Brautjuwelen zugesichert; kaiserlicher Beitrag zur Haushaltung der Braut zugesichert: j\u00e4hrlich 30.000 Florin; Besitzanspruch und Verf\u00fcgungsrecht der Braut an Mitgift best\u00e4tigt; Braut darf Mitgift testamentarisch vererben; falls Kinder aus der Ehe mit Ferdinand vorhanden, steht ihnen die H\u00e4lfte der Mitgift und vom Kaiser geschenkten Juwelen zu; ; gegen Erhalt der Mitgift verzichten Braut, Br\u00e4utigam und ihre Nachkommen auf Rechte, Besitz- und Sukzessionanspr\u00fcche in den L\u00e4ndern der spanischen Krone; falls spanischer K\u00f6nig und alle Nachkommen aussterben, erlangt Braut die Rechte und Anspr\u00fcche zur\u00fcck\r\n\r\nArtikel 10 (S. 555): Braut hat Auszahlung der Mitgift und Rechtsverzicht nach Hochzeit schriftlich und durch Eid zu best\u00e4tigen, mit ausdr\u00fccklicher Zustimmung des Br\u00e4utigams\r\n\r\nArtikel 11 (S. 556): wie bei Ehevertrag zwischen Anna von \u00d6sterreich und Ludwig XIII. von Frankreich (1612) sind die Braut und alle ihre Nachfahren von Sukzession in Spanien ausgeschlossen, Ausnahmen geregelt\r\n\r\nArtikel 12 (S. 556): wechselseitig Einhaltung zugesichert\r\n\r\nArtikel 13 (S. 556): Zeugen benannt","Regelungen \u00fcber Thronfolge und Regentschaft":"","konfessionelle Regelungen":"","erbrechtliche Regelungen":"Artikel 9 (S. 555): [...] Braut darf Mitgift testamentarisch vererben; falls Kinder aus der Ehe mit Ferdinand vorhanden, steht ihnen die H\u00e4lfte der Mitgift und vom Kaiser geschenkten Juwelen zu; gegen Erhalt der Mitgift verzichten Braut, Br\u00e4utigam und ihre Nachkommen auf Rechte, Besitz- und Sukzessionanspr\u00fcche in den L\u00e4ndern der spanischen Krone; falls spanischer K\u00f6nig und alle Nachkommen aussterben, erlangt Braut die Rechte und Anspr\u00fcche zur\u00fcck\r\n\r\n\r\n"},"Einordnung des Vertrags":{"Textbezug zu vergangenen Ereignissen?":"Artikel 11: Bezug zu Ehevertrag Frankreich - Spanien 1612","st\u00e4ndische Instanzen beteiligt?":"","externe Instanzen beteiligt?":"Pr\u00e4ambel (S. 544): Papst erteilt Dispens f\u00fcr Eheschlie\u00dfung","Ratifikationen, Best\u00e4tigungen, Genehmigungen erw\u00e4hnt?":"","weitere Vertr\u00e4ge zwischen Vertragsparteien im Zusammenhang mit dieser Ehe":"","Schlagw\u00f6rter":"","Kommentar":"In den Artikel 5 und 7 sind Regelungen beze\u00fcglich des Endes (Aufl\u00f6sung) der Ehe enthalten; gemeint ist damit vermutlich das Ende der Ehe durch den Tod des Br\u00e4utigams, nicht durch eine Ehescheidung. \r\n\r\nKeine Nummerierung der Artikel im Original.","Literatur":"-"}}}