{"Dokument":{"Name":"Spanien - Frankreich Teil 1","In Bearbeitung":"Nein","main":{"Name":"Ehevertrag Spanien - Frankreich 1559","Zuletzt ge\u00e4ndert":"2020-02 KZ"},"Grunddaten Ehevertrag":{"Vertragspartner Br\u00e4utigam":"Spanien","Vertragspartner Braut":"Frankreich","Datum Vertragsschlie\u00dfung":"1559-04-03","Ort Vertragsschlie\u00dfung":"Cateau-Cambr\u00e9sis","Eheschlie\u00dfung vollzogen?":"Ja","verschiedenkonfessionelle Ehe?":"Nein"},"Br\u00e4utigam":{"Br\u00e4utigam Name, Titel":"Philipp II., K\u00f6nig von Spanien","Br\u00e4utigam GND":"http:\/\/d-nb.info\/gnd\/118593862","Br\u00e4utigam Geburtsjahr":"1527-00-00","Br\u00e4utigam Sterbejahr":"1598-00-00","Br\u00e4utigam Dynastie":"Habsburg (Spanien)","Br\u00e4utigam Konfession":"R\u00f6misch-Katholisch"},"Braut":{"Braut Name, Titel":"Elisabeth von Frankreich","Braut GND":"http:\/\/d-nb.info\/gnd\/119232820","Braut Geburtsjahr":"1545-00-00","Braut Sterbejahr":"1568-00-00","Braut Dynastie":"Valois","Braut Konfession":"R\u00f6misch-Katholisch"},"Akteur Br\u00e4utigam":{"Akteur Br\u00e4utigam Name, Titel":"Philipp II., K\u00f6nig von Spanien","Akteur Br\u00e4utigam GND":"http:\/\/d-nb.info\/gnd\/118593862","Akteur Br\u00e4utigam Dynastie":"Habsburg (Spanien)","Akteur Br\u00e4utigam Verh\u00e4ltnis zu Br\u00e4utigam":"selbst"},"Akteur Braut":{"Akteur Braut Name, Titel":"Heinrich II, K\u00f6nig von Frankreich","Akteur Braut GND":"http:\/\/d-nb.info\/gnd\/118548166","Akteur Braut Dynastie":"Valois","Akteur Braut Verh\u00e4ltnis zu Braut":"Vater"},"Vertragstext":{"Archivexemplar":"nicht nachgewiesen","Vertragssprache Archivexemplar":"nicht nachgewiesen","Digitalisat Archivexemplar":"-","Drucknachweis":"Dumont 1726-1739, Bd. V:1, S. 34-44","Vertragssprache Druck":"Franz\u00f6sisch","Digitalisat Druck":"https:\/\/gallica.bnf.fr\/ark:\/12148\/bpt6k122957c\/f73","Vertragsinhalt":"Artikel 1: \u00e4ltere Vertr\u00e4ge best\u00e4tigt\r\n\r\nArtikel 2: Frieden, Ende aller Feindseligkeiten, gegenseitige F\u00f6rderung, Amnestie vereinbart\r\n\r\nArtikel 3: gemeinsamer Einsatz f\u00fcr allgemeines Konzil vereinbart\r\n\r\nArtikel 4: freier Verkehr vereinbart: unter Verzicht auf Repressalien\r\n\r\nArtikel 5: Rechte und Privilegien niederl\u00e4ndischer Untertanen in Frankreich sowie franz\u00f6sischer Untertanen in Niederlanden best\u00e4tigt\r\n\r\nArtikel 6: Restitution aller Untertanen in ihren Besitz vereinbart: ohne Schadenersatz, au\u00dfer in Italien\r\n\r\nArtikel 7: Schiedsgericht \u00fcber strittigen Besitz des Dauphin um Cambrai vereinbart\r\n\r\nArtikel 8: Besitz Marias von Portugal in Frankreich geregelt\r\n\r\nArtikel 9: Restitution, Austausch von eroberten Gebieten vereinbart\r\n\r\nArtikel 10: nach Zerst\u00f6rung von Therouanne: Entfestigung von Ivois vor R\u00fcckgabe an Spanien vereinbart\r\n\r\nArtikel 11: Teilung des Bistums Therouanne vereinbart\r\n\r\nArtikel 12: Restitution von Bouillon an Bistum L\u00fcttich vereinbart: Rechtsstreit vorbehalten, Schiedsgericht eingesetzt\r\n\r\nArtikel 13: Schiedsgerichte \u00fcber strittige G\u00fcter und Grenzen vereinbart\r\n\r\nArtikel 14: Restitution von Charolles an Spanien vereinbart\r\n\r\nArtikel 15: Besichtigung und Teilung der strittigen Gebiete in Burgund vereinbart\r\n\r\nArtikel 16: Restitution von Montferrat an Markgrafen von Mantua vereinbart: inkl. Einmischungsverzicht und Amnestie\r\n\r\nArtikel 17: Restitution von Valenza an Spanien vereinbart\r\n\r\nArtikel 18: Restitution von Korsika durch Frankreich an Genua vereinbart: inkl. freier Verkehr, Amnestie\r\n\r\nArtikel 19: franz\u00f6sischer R\u00fcckzug aus Toskana vereinbart: inkl. Amnestie\r\n\r\nArtikel 20: zu Befestigung des Friedens: Eheschlie\u00dfung Philipps II. mit Elisabeth von Valois vereinbart, \u00dcberf\u00fchrung der Braut geregelt\r\n\r\nArtikel 21: Mitgift festgelegt, Zahlung geregelt und Erbverzicht Elisabeths geregelt\r\n\r\nArtikel 22: Brautschatz, finanzielle Ausstattung Elisabeths w\u00e4hrend der Ehe geregelt\r\n\r\nArtikel 23: Mitgiftanteil zur Witwenversorgung, als Erbe Elisabeths vereinbart: anstelle eines Leibgedinges\r\n\r\nArtikel 24: R\u00fcckkehrrecht Elisabeths als Witwe nach Frankreich vereinbart\r\n\r\nArtikel 25: zur Vers\u00f6hnung Frankreichs mit Savoyen: Eheschlie\u00dfung Emanuel Philiberts von Savoyen mit Margarethe von Frankreich vereinbart\r\n\r\nArtikel 26: Herzogtum Berry und Geldleistung als Mitgift festgelegt, Erbverzicht Margarethes geregelt\r\n\r\nArtikel 27: Leibgedinge, Witwensitz geregelt\r\n\r\nArtikel 28: Hochzeit vereinbart\r\n\r\nArtikel 29: \u00dcbertragung von Savoyen, Piemont, Bresse von Frankreich an Emanuel Philibert vereinbart: wie zu Lebzeiten von Herzog Karl, Schlichtung von Streitigkeiten vorbehalten, nach Entfestigung\r\n\r\nArtikel 30: Anspr\u00fcche der unter franz\u00f6sischer Herrschaft eingesetzten \r\nAmtstr\u00e4ger, Geltung unter franz\u00f6sischer Herrschaft ergangenen Urteile geregelt\r\n\r\nArtikel 31: savoyische Amnestie f\u00fcr franz\u00f6sische Parteig\u00e4nger zugesichert\r\n\r\nArtikel 32: \u00dcberlassung aller spanisch besetzten Pl\u00e4tze in Savoyen an Herzog Emanuel Philibert geregelt\r\n\r\nArtikel 33: Verf\u00fcgungen \u00fcber, Verlehnungen von savoyischem Besitz unter franz\u00f6sischer Herrschaft geregelt\r\n\r\nArtikel 34: spanische Geiselstellung an Frankreich vereinbart: f\u00fcr Gebietsaustausch\r\n\r\nArtikel 35: Beitrittspartner, Beitrittsregeln vereinbart, u. a. Beitritt des Papstes geregelt\r\n\r\nArtikel 36: Ratifikation geregelt: inkl. der Ratifikation durch Dauphin, franz\u00f6sische Parlamente und spanische R\u00e4te\r\n\r\nArtikel 37: eidliche Best\u00e4tigung des Vertrags vereinbart","Regelungen \u00fcber Thronfolge und Regentschaft":"","konfessionelle Regelungen":"Artikel 3: gemeinsamer Einsatz f\u00fcr allgemeines Konzil vereinbart\r\n\r\nKeine konfessionellen Regelungen in Bezug auf die vereinbarten Ehen enthalten.","erbrechtliche Regelungen":"Artikel 21: Mitgift festgelegt, Zahlung geregelt und Erbverzicht Elisabeths geregelt\r\n\r\nArtikel 23: Mitgiftanteil zur Witwenversorgung, als Erbe Elisabeths vereinbart: anstelle eines Leibgedinges\r\n\r\nArtikel 26: Herzogtum Berry und Geldleistung als Mitgift festgelegt, Erbverzicht Margarethes geregelt"},"Einordnung des Vertrags":{"Textbezug zu vergangenen Ereignissen?":"Artikel 1-2: allgemeine Bezugnahme auf fr\u00fchere Friedensschl\u00fcsse zwischen Habsburg und Valois","st\u00e4ndische Instanzen beteiligt?":"Artikel 35: Beitrittspartner, Beitrittsregeln vereinbart, u. a. Beitritt des Papstes geregelt; Artikel 36: Ratifikation geregelt: inkl. der Ratifikation durch Dauphin, franz\u00f6sische Parlamente und spanische R\u00e4te","externe Instanzen beteiligt?":"Artikel 35: Beitrittspartner, Beitrittsregeln vereinbart, u. a. Beitritt des Papstes geregelt","Ratifikationen, Best\u00e4tigungen, Genehmigungen erw\u00e4hnt?":"Artikel 36: Ratifikation geregelt: inkl. der Ratifikation durch Dauphin, franz\u00f6sische Parlamente und spanische R\u00e4te","weitere Vertr\u00e4ge zwischen Vertragsparteien im Zusammenhang mit dieser Ehe":"Waffenstillstand von Vaucelles 1556.02.05 - Waffenstillstand von Cercamp 1558.10.17 - Zusatzvertrag von Cateau-Cambresis 1559.04.03 \u00fcber gegenseitige Restitution von Parteig\u00e4ngern","Schlagw\u00f6rter":"spanisch-franz\u00f6sischer Krieg 1551-1559 (letzter der sog.  italienischen Kriege zwischen den H\u00e4usern Habsburg und Valois)","Kommentar":"Vertrag selbst wird als Friedensvertrag bezeichnet, in dem unter anderem die Hochzeit beschlossen wird. Der eigentliche Ehevertrag wird 1559-06-20 geschlossen (s. Ehevertrag Spanien  - Frankreich 1559 Fortsetzung).\r\n\r\nDer Vertrag selbst ist nicht in Artikel unterteilt.\r\n\r\nVerhandlungsvollmachten und Geleitbriefe abgedruckt auf S. 41-44.","Literatur":"-"}}}