{"Dokument":{"Name":"\u00d6sterreich\/Spanien - England","In Bearbeitung":"Nein","main":{"Name":"Ehevertrag \u00d6sterreich\/Spanien - England 1554","Zuletzt ge\u00e4ndert":"2020-08 KZ"},"Grunddaten Ehevertrag":{"Vertragspartner Br\u00e4utigam":"\u00d6sterreichSpanien","Vertragspartner Braut":"England","Datum Vertragsschlie\u00dfung":"1554-12-01","Ort Vertragsschlie\u00dfung":"Westminster","Eheschlie\u00dfung vollzogen?":"Ja","verschiedenkonfessionelle Ehe?":"Nein"},"Br\u00e4utigam":{"Br\u00e4utigam Name, Titel":"Philipp, Prinz von Spanien (sp\u00e4ter als Philipp II. K\u00f6nig von Spanien)","Br\u00e4utigam GND":"http:\/\/d-nb.info\/gnd\/118593862","Br\u00e4utigam Geburtsjahr":"1527-00-00","Br\u00e4utigam Sterbejahr":"1598-00-00","Br\u00e4utigam Dynastie":"Habsburg (Spanien)","Br\u00e4utigam Konfession":"R\u00f6misch-Katholisch"},"Braut":{"Braut Name, Titel":"Maria I., K\u00f6nigin von England (Mary)","Braut GND":"http:\/\/d-nb.info\/gnd\/118640917","Braut Geburtsjahr":"1516-00-00","Braut Sterbejahr":"1558-00-00","Braut Dynastie":"Tudor","Braut Konfession":"R\u00f6misch-Katholisch"},"Akteur Br\u00e4utigam":{"Akteur Br\u00e4utigam Name, Titel":"Karl V, Kaiser, als Karl I. auch K\u00f6nig von Spanien","Akteur Br\u00e4utigam GND":"http:\/\/d-nb.info\/gnd\/118560093","Akteur Br\u00e4utigam Dynastie":"Habsburg (Spanien)","Akteur Br\u00e4utigam Verh\u00e4ltnis zu Br\u00e4utigam":"Vater"},"Akteur Braut":{"Akteur Braut Name, Titel":"Maria I., K\u00f6nigin von England (Mary)","Akteur Braut GND":"http:\/\/d-nb.info\/gnd\/118640917","Akteur Braut Dynastie":"Tudor","Akteur Braut Verh\u00e4ltnis zu Braut":"selbst"},"Vertragstext":{"Archivexemplar":"TNA, PRO E 30\/1118","Vertragssprache Archivexemplar":"Lateinisch","Digitalisat Archivexemplar":"-","Drucknachweis":"Rymer 1704-1717, Bd. XV, S. 377-381, Dumont 1549-1554, Bd. IV:3, S. 106-108","Vertragssprache Druck":"Lateinisch","Digitalisat Druck":"https:\/\/gallica.bnf.fr\/ark:\/12148\/bpt6k12634382\/f112","Vertragsinhalt":"(Seitenz\u00e4hlung nach Rymer)\r\n\r\n[Pr\u00e4] \u2013 zu Lob und Ehre Gottes, zur St\u00e4rkung von alter Freundschaft und B\u00fcndnis, zur Mehrung von Ehre und Zustand der L\u00e4nder von Br\u00e4utigamvater, Br\u00e4utigam und Braut, nach vielen Verhandlungen \u00fcber Eheschlie\u00dfung und Festigung von altem B\u00fcndnis: Vertragsabschluss bekundet (377 re \u2013 378 li)\r\n\r\n[1] \u2013 pers\u00f6nliche Eheschlie\u00dfung vereinbart: in England \u2013 k\u00f6nigliche Stellung des Br\u00e4utigams in England geregelt: ausgenommen Regierungsgewalt, Bestellung von englischen Amtleuten in England zugesichert (378 li \u2013 re)\r\n\r\n[2] \u2013 Witweneink\u00fcnfte festgelegt: aus Spanien, den Niederlanden und Burgund, Besitzergreifung geregelt (378 re)\r\n\r\n[3] \u2013 Erbrechte und Thronfolgerechte der Kinder geregelt: in England, Spanien und den Niederlanden nach Rechten und Privilegien der einzelnen Reiche, in spanischen Herrschaften erst nach Aussterben von Don Carlos und dessen Nachkommen, ggf. Eheschlie\u00dfung von Erbtochter geregelt mit Zustimmung von Don Carlos, ggf. Mitgiftzahlung f\u00fcr T\u00f6chter geregelt, ggf. Erbfall f\u00fcr Erbtochter geregelt (378 re \u2013 379 re)\r\n\r\n[4] \u2013 B\u00fcndnis zwischen England, Reich, Spanien vereinbart: zur gegenseitigen Hilfeleistung und Mehrung, gem\u00e4\u00df B\u00fcndnis von Westminster 1546 (380 li)\r\n\r\n[5] \u2013 Ratifikation geregelt, Einhaltung versprochen, Verzicht auf rechtliche Einspr\u00fcche vereinbart (380 li)\r\n\r\n[Suppl] \u2013 Zusatzklausel: Eidesleistung von Br\u00e4utigam vor der Eheschlie\u00dfung geregelt: gegen k\u00fcnftige Gefahren, im Hinblick auf Bestellung von englischen Amtleuten und auf Regierung nach englischen Rechten (380 re)\r\n\r\n[Suppl 1] \u2013 Hofstaat von Br\u00e4utigam geregelt: Bestellung von Ausl\u00e4ndern verboten, Bestellung von Engl\u00e4ndern geregelt, Rechtsstellung von Bediensteten geregelt \u2013 Einhaltung von englischen Gesetzen zugesichert \u2013 Ausfuhr von Braut und ihren Kindern ins Ausland verboten \u2013 nach Tod der Braut ohne Kinder: Anma\u00dfung von englischer Thronfolge verboten (380 re \u2013 381 li)\r\n\r\n[Suppl 2] \u2013 Ausfuhr und Entfremdung von englischen Kronjuwelen, Kriegsschiffen und Kriegswaffen ins Ausland verboten: Bewahrung in England geregelt (381 li \u2013 re)\r\n\r\n[Suppl 3] \u2013 Verwicklung von England in Krieg mit Frankreich verboten: Bewahrung des Friedens geregelt (381 re)","Regelungen \u00fcber Thronfolge und Regentschaft":"k\u00f6nigliche Stellung des Br\u00e4utigams in England geregelt: ausgenommen Regierungsgewalt - 1\r\n\r\nErbrechte und Thronfolgerechte der Kinder geregelt: in England, Spanien und den Niederlanden nach Rechten und Privilegien der einzelnen Reiche, in spanischen Herrschaften erst nach Aussterben von Don Carlos und dessen Nachkommen, ggf. Eheschlie\u00dfung von Erbtochter geregelt mit Zustimmung von Don Carlos, ggf. Mitgiftzahlung f\u00fcr T\u00f6chter geregelt, ggf. Erbfall f\u00fcr Erbtochter geregelt - 3\r\n\r\nnach Tod der Braut ohne Kinder: Anma\u00dfung von englischer Thronfolge verboten - Suppl 1","konfessionelle Regelungen":"","erbrechtliche Regelungen":"Erbrechte und Thronfolgerechte der Kinder geregelt: in England, Spanien und den Niederlanden nach Rechten und Privilegien der einzelnen Reiche, in spanischen Herrschaften erst nach Aussterben von Don Carlos und dessen Nachkommen, ggf. Eheschlie\u00dfung von Erbtochter geregelt mit Zustimmung von Don Carlos, ggf. Mitgiftzahlung f\u00fcr T\u00f6chter geregelt, ggf. Erbfall f\u00fcr Erbtochter geregelt - 3"},"Einordnung des Vertrags":{"Textbezug zu vergangenen Ereignissen?":"B\u00fcndnis von Westminster 1546 erw\u00e4hnt - 4","st\u00e4ndische Instanzen beteiligt?":"","externe Instanzen beteiligt?":"","Ratifikationen, Best\u00e4tigungen, Genehmigungen erw\u00e4hnt?":"Ratifikation geregelt - 5","weitere Vertr\u00e4ge zwischen Vertragsparteien im Zusammenhang mit dieser Ehe":"","Schlagw\u00f6rter":"","Kommentar":"Dr. bei Rymer ungenau oder fehlerhaft: Datierung 03.1553 falsch, stattdessen unterzeichnet und besiegelt 12.01.1554 (CSP Sp., Bd. XII, S. 23), Suppl 1 zu Thronfolge falsch, vgl. Kampmann 2017 Pericula\r\n\r\nNB enth\u00e4lt milit\u00e4rische Artikel 4, Suppl 3","Literatur":"Loades 1979, S. 109-147, bes. S. 121-123 - Kampmann 2017 Pericula"}}}