{"Dokument":{"Name":"Frankreich - Savoyen","In Bearbeitung":"Nein","main":{"Name":"Ehevertrag Frankreich - Savoyen 1771","Zuletzt ge\u00e4ndert":"2020-12 JK"},"Braut":{"Braut Konfession":"R\u00f6misch-Katholisch","Braut Name, Titel":"Maria Josepha von Savoyen","Braut GND":"http:\/\/d-nb.info\/gnd\/1078022402","Braut Geburtsjahr":"1753-00-00","Braut Sterbejahr":"1810-00-00","Braut Dynastie":"Savoyen"},"Akteur Br\u00e4utigam":{"Akteur Br\u00e4utigam Name, Titel":"Ludwig, Dauphin von Frankreich","Akteur Br\u00e4utigam GND":"http:\/\/d-nb.info\/gnd\/132343762","Akteur Br\u00e4utigam Dynastie":"Bourbon (Frankreich)","Akteur Br\u00e4utigam Verh\u00e4ltnis zu Br\u00e4utigam":"Vater"},"Akteur Braut":{"Akteur Braut Name, Titel":"Viktor Amadeus III. von Savoyen","Akteur Braut GND":"http:\/\/d-nb.info\/gnd\/117682349","Akteur Braut Dynastie":"Savoyen","Akteur Braut Verh\u00e4ltnis zu Braut":"Vater"},"Vertragstext":{"Archivexemplar":"Trait\u00e9s et accords de la France, TRA17710008","Vertragssprache Archivexemplar":"franz\u00f6sisch","Digitalisat Archivexemplar":"https:\/\/basedoc.diplomatie.gouv.fr\/exl-php\/recherche\/mae_internet___traites","Drucknachweis":"nicht nachgewiesen","Vertragssprache Druck":"nicht nachgewiesen","Digitalisat Druck":"-","Vertragsinhalt":"Pr\u00e4ambel: Vereinbarung der Eheschlie\u00dfung, Nennung der beteiligten Akteure\r\n\r\nArtikel 1-2: Anrufung Gottes, Vereinbarung der Ehefeierlichkeiten, Ernennung der Braut zur \"Comtesse de Provence\"\r\n\r\nArtikel 3: Festlegung der Mitgift (420.000 livres monnoye de Pi\u00e9mont) und der Zahlungsmodalit\u00e4ten\r\n\r\nArtikel 4-5: eitere Regelungen bzgl. der Mitgift\r\n\r\nArtikel 6: Erbverzicht der Braut mit Zahlung der Mitgift, Regelungen bzgl. der Ratifikation des Erbverzichts durch die handelnden Akteure\r\n\r\nArtikel 7: Festlegung der Morgengabe\r\n\r\nArtikel 8-9: Ausstattung des Haushalts\r\n\r\nArtikel 10: Festlegung des Wittums\r\n\r\nArtikel 11-12: Regelungen f\u00fcr das Scheitern der Ehe und den Tod des Br\u00e4utigams bzw. der Braut: Freiz\u00fcgigkeit der Braut, Besitzverh\u00e4ltnisse von Mitgift und Wittum\r\n\r\nArtikel 13: Ratifikation des Vertrags durch die beteiligten Akteure (Ratifikationen beigef\u00fcgt)\r\n\r\n[Separatartikel] - \u00dcbereinkunft bzgl. Mitgiftregelungen bei einer zuk\u00fcnftigen Ehe der Vertragspartner","Regelungen \u00fcber Thronfolge und Regentschaft":"","konfessionelle Regelungen":"","erbrechtliche Regelungen":"Artikel 6: Erbverzicht der Braut mit Zahlung der Mitgift, Regelungen bzgl. der Ratifikation des Erbverzichts durch die handelnden Akteure"},"Einordnung des Vertrags":{"Textbezug zu vergangenen Ereignissen?":"","st\u00e4ndische Instanzen beteiligt?":"","externe Instanzen beteiligt?":"","Ratifikationen, Best\u00e4tigungen, Genehmigungen erw\u00e4hnt?":"Artikel 6: Erbverzicht der Braut mit Zahlung der Mitgift, Regelungen bzgl. der Ratifikation des Erbverzichts durch die handelnden Akteure\r\n\r\nArtikel 13: Ratifikation des Vertrags durch die beteiligten Akteure (Ratifikationen beigef\u00fcgt)","weitere Vertr\u00e4ge zwischen Vertragsparteien im Zusammenhang mit dieser Ehe":"","Schlagw\u00f6rter":"","Kommentar":"Digitalisat kann unter der angegebenen URL unter Verwendung der Signatur (TRA17710008) abgerufen werden.","Literatur":"-"},"Grunddaten Ehevertrag":{"Vertragspartner Br\u00e4utigam":"Frankreich","Vertragspartner Braut":"Savoyen","Datum Vertragsschlie\u00dfung":"1771-05-14","Ort Vertragsschlie\u00dfung":"Turin","Eheschlie\u00dfung vollzogen?":"Ja","verschiedenkonfessionelle Ehe?":"Nein"},"Br\u00e4utigam":{"Br\u00e4utigam Name, Titel":"Ludwig (XVIII.) von Frankreich","Br\u00e4utigam GND":"http:\/\/d-nb.info\/gnd\/118780743","Br\u00e4utigam Geburtsjahr":"1755-00-00","Br\u00e4utigam Sterbejahr":"1824-00-00","Br\u00e4utigam Dynastie":"Bourbon (Frankreich)","Br\u00e4utigam Konfession":"R\u00f6misch-Katholisch"}}}