{"Dokument":{"Name":"Sachsen-Zeitz - Schleswig-Holstein-Gl\u00fccksburg ","In Bearbeitung":"Nein","Einordnung des Vertrags":{"Kommentar":"Vertrag im Original nicht in Artikel unterteilt","Literatur":"","Textbezug zu vergangenen Ereignissen?":"","st\u00e4ndische Instanzen beteiligt?":"Artikel 14 (S. 4): Hoheitsbrief des Kurf\u00fcrsten von Sachsen an die Amtst\u00e4nde und Untertanen auf dem Wittum erw\u00e4hnt","externe Instanzen beteiligt?":"","Ratifikationen, Best\u00e4tigungen, Genehmigungen erw\u00e4hnt?":"","weitere Vertr\u00e4ge zwischen Vertragsparteien im Zusammenhang mit dieser Ehe":""},"Vertragstext":{"Vertragssprache Druck":"nicht nachgewiesen","Archivexemplar":"HStA Drd 10001 O.U. 13219 (1650 V 1)","Vertragssprache Archivexemplar":"Deutsch","Digitalisat Archivexemplar":"","Drucknachweis":"Nicht nachgewiesen","Digitalisat Druck":"","Vertragsinhalt":"Artikel 1 (S. 1-2): Eheschlie\u00dfung beschlossen, \u00f6ffentliche Desponsation erw\u00e4hnt\n\nArtikel 2 (S. 2): Beilager erw\u00e4hnt\n\nArtikel 3 (S. 2): Die Mitgift betr\u00e4gt 15.000 Reichstaler\n\nArtikel 4 (S. 2): Anstatt der Silberausstattung erh\u00e4lt die Braut 2.000 Reichstaler, sonstige Aussteuer versprochen\n\nArtikel 5 (S. 2): Die Ausstattung der Braut enth\u00e4lt ein Brautkleid\n\nArtikel 6 (S. 2): Die Zahlungsfrist betr\u00e4gt 1 Jahr nach vollzogenem Beilager, Obligation erw\u00e4hnt, Anfertigung einer Quittung in Hamburg notwendig\n\nArtikel 7 (S. 2-3): Die Braut leistet keinen Erbverzicht, sondern erbt zu gleichen Teilen wie ihre Schwestern\n\nArtikel 8 (S. 3): Nach dem vollzogenen Beilager erh\u00e4lt die Braut eine Verschreibung \u00fcber 6.000 Reichstaler mit einer j\u00e4hrlichen Verzinsung von 5% als Morgengabe, Nutzungs- und Gebrauchsrechte geregelt\n\nArtikel 9 (S. 3): Die Widerlage betr\u00e4gt 15.000 Reichstaler\n\nArtikel 10 (S. 3): Die 30.000 Reichstaler sollen als Leibgedinge angelegt werden\n\nArtikel 11 (S. 3-4): Wittum und Zugeh\u00f6rungen festgelegt, Nutzungsrechte geregelt, Rechtsprechung geregelt, zus\u00e4tzliche Spezifikation erw\u00e4hnt\n\nArtikel 12 (S. 4): Auf dem Wittum erh\u00e4lt die Witwe j\u00e4hrlich 3.000 Reichstaler zur Versorgung\n\nArtikel 13 (S. 4): Wenn das Wittum die 3.000 Reichstaler j\u00e4hrlich nicht einbringen kann: Der Mangel soll durch andere G\u00fcter erstattet werden, Versicherung erw\u00e4hnt\n\nArtikel 14 (S. 4): Hoheitsbrief des Kurf\u00fcrsten von Sachsen an die Amtsst\u00e4nde und Untertanen auf dem Wittum erw\u00e4hnt\n\nArtikel 15 (S. 4): Unterhaltung des Wittums geregelt, wenn das Einkommen der Witwe hierf\u00fcr nicht ausreicht\n\nArtikel 16 (S. 4): Die Regalien, Landesordnung, Kirchenordnung, Landeshoheit, Ritterdienste, Appellationen, Lehnsherrschaften, Steuern, M\u00fcnzpr\u00e4gung, Erbhuldigung und \u00d6ffnung des Wittums, die landesf\u00fcrstliche Superiorit\u00e4t bleibt dem Br\u00e4utigam und dessen Erben reserviert\n\nArtikel 17 (S. 4-5): Sch\u00e4den und M\u00e4ngel auf dem Wittum, die durch Soldaten entstehen, sollen durch die Familie des Br\u00e4utigams erstattet werden\n\nArtikel 18 (S. 5): Der Kurf\u00fcrst von Sachsen beh\u00e4lt sich das Recht vor, die Amtleute und Bediensteten der Braut zu bestellen, Schwur der Amtleute und Bediensteten der Braut gegen\u00fcber geregelt\n\nArtikel 19 (S. 5): Gehorsam der Untertanen auf dem Wittum und den Zugeh\u00f6rungen geregelt, die Untertanen sollen in ihren Gewohnheiten belassen werden\n\nArtikel 20 (S. 5): Schutz der Braut und des Wittums durch die Erben des Kurf\u00fcrsten von Sachsen geregelt, Verteidigung der Witwe, des Wittums und der Untertanen versprochen\n\nArtikel 21 (S. 5): Das Wittum soll nicht durch Schulden der s\u00e4chsischen Kurf\u00fcrsten belastet werden, Erstattung geregelt\n\nArtikel 22 (S. 5): Bei Bezug des Wittums soll eine Inventarliste \u00fcber den Vorrat ausgefertigt werden, alle Gegenst\u00e4nde und Mobilien, die bei Bezug auf dem Wittum vorgefunden wurden, m\u00fcssen dort verbleiben\n\nArtikel 23 (S. 6): Wenn der Vorrat auf dem Wittum nicht ausreicht: M\u00e4ngel m\u00fcssen erstattet werden\n\nArtikel 24 (S. 6): Verkauf, Verpf\u00e4ndung oder Verweisung des Wittums untersagt, \u00d6ffnung des Wittums ohne Erlaubnis des Hauses Sachsen untersagt\n\nArtikel 25 (S. 6): Bauliche Instandhaltung durch das Haus Sachsen geregelt\n\nArtikel 26 (S. 6): Versorgung mit Holz etc. auf dem Wittum gesichert, falls das vorhandene Holz nicht ausreicht\n\nArtikel 27 (S. 6): Wenn die Braut vor dem Br\u00e4utigam stirbt und keine Leibserben vorhanden sind: Der Br\u00e4utigam erh\u00e4lt das lebenslange Nutzungsrecht an der Mitgift, der Aussteuer und den Geschenken gegen die Ausstellung einer Inventarliste; nach dem Tod des Br\u00e4utigams f\u00e4llt die Erbmasse an die n\u00e4chsten Erben der Braut oder an die von ihr im Testament bestimmten Personen\n\nArtikel 28 (S. 6-7): Wenn der Br\u00e4utigam vor der Braut stirbt und unm\u00fcndige Leibserben vorhanden sind: Vormundschaft nach der Verordnung des Herzogs Moritz vorgeschrieben, Versorgung und Erziehung der Kinder darf nicht auf Kosten des Wittums erfolgen, Bezug des Wittums geregelt; Nutzung des Wittums, solange die Witwe nicht erneut heiratet, geregelt; Versorgung mit Hausrat und Wittumsg\u00fctern geregelt, die Braut erh\u00e4lt das Verf\u00fcgungsrecht \u00fcber die Verschreibung, die Morgengabe, die Aussteuer, eventuelles Erbe und Geschenke\n\nArtikel 29 (S. 7): Wenn die Witwe erneut heiratet: Die 15.000 Reichstaler der Mitgift und die 15.000 Reichstaler der Widerlage m\u00fcssen durch die Erben des Br\u00e4utigams erstattet werden, die Verschreibung der Morgengabe muss lebenslang weiter gezahlt werden, Abtretung des Wittums geregelt\n\nArtikel 30 (S. 7-8): Wenn die Braut erneut heiratet  und Kinder aus der zweiten Ehe vorhanden sind: Die 15.000 Reichstaler der Mitgift sollen nach ihrem Tod auf die Kinder aus der ersten und der zweiten Ehe aufgeteilt werden, die 15.000 Reichstaler der Widerlage soll ausschlie\u00dflich an die Erben des Br\u00e4utigams fallen, die Kaution soll dann erloschen sein\n\nArtikel 31 (S. 8): Leben der Witwe auf dem Wittum geregelt, nach dem Tod der Witwe f\u00e4llt das Wittum zur\u00fcck an die Familie des Br\u00e4utigams\n\nArtikel 32 (S. 8): \u00dcber G\u00fcter, die nicht mit dem Heiratsgut zusammenh\u00e4ngen, kann die Braut selbst verf\u00fcgen und diese verschenken oder vererben\n\nArtikel 33 (S. 8): Auf dem Wittum muss nach dem Tod der Witwe oder dem Auszug die gleiche Anzahl an Hausrats- und Vorratsg\u00fctern gem\u00e4\u00df der Inventarliste verbleiben, wie bei dem Einzug der Witwe\n\nArtikel 34 (S. 8): Wenn Braut und Br\u00e4utigam versterben und keine Leibserben vorhanden sind: Bis die Summen an den Brautvater oder dessen Erben zur\u00fcckgezahlt wurden, erh\u00e4lt das Haus der Braut das Verf\u00fcgungsrecht \u00fcber das Wittum und die Zugeh\u00f6rungen, Huldigung und Gehorsam der Untertanen gesichert\n\nArtikel 35 (S. 8): Eventuelle Schulden des Br\u00e4utigams m\u00fcssen durch dessen Erben beglichen werden, die Braut hat keinerlei Zahlungsverpflichtungen, Schulden der Braut sollen durch die Widerlage beglichen werden\n\nArtikel 36 (S. 8-9): Wenn die Braut oder der Br\u00e4utigam vor dem Beilager versterben: Ehevertrag ung\u00fcltig\n\nArtikel 37 (S. 9): Rezess und Unterschriften\n","Regelungen \u00fcber Thronfolge und Regentschaft":"","konfessionelle Regelungen":"","erbrechtliche Regelungen":"Artikel 7 (S. 2-3): Die Braut leistet keinen Erbverzicht, sondern erbt zu gleichen Teilen wie ihre Schwestern\n\nArtikel 27 (S. 6): Wenn die Braut vor dem Br\u00e4utigam stirbt und keine Leibserben vorhanden sind: Der Br\u00e4utigam erh\u00e4lt das lebenslange Nutzungsrecht an der Mitgift, der Aussteuer und den Geschenke gegen die Ausstellung einer Inventarliste; Nach dem Tod des Br\u00e4utigams f\u00e4llt die Erbmasse an die n\u00e4chsten Erben der Braut oder an die von ihr im Testament bestimmten Personen\n\nArtikel 28 (S. 6-7): Wenn der Br\u00e4utigam vor der Braut stirbt und unm\u00fcndige Leibserben vorhanden sind: Vormundschaft nach der Verordnung des Herzogs Moritz vorgeschrieben, Versorgung und Erziehung der Kinder darf nicht auf Kosten des Wittums erfolgen, Bezug des Wittums geregelt; Nutzung des Wittums, solange die Witwe nicht erneut heiratet, geregelt; Versorgung mit Hausrat und Wittumsg\u00fctern geregelt, die Braut erh\u00e4lt das Verf\u00fcgungsrecht \u00fcber die Verschreibung, die Morgengabe, die Aussteuer, eventuelles Erbe und Geschenke\n\nArtikel 30 (S. 7-8): Wenn die Braut erneut heiratet  und Kinder aus der zweiten Ehe vorhanden sind: Die 15.000 Reichstaler der Mitgift sollen nach ihrem Tod auf die Kinder aus der ersten und der zweiten Ehe aufgeteilt werden, die 15.000 Reichstaler der Widerlage soll ausschlie\u00dflich an die Erben des Br\u00e4utigams fallen, die Kaution soll dann erloschen sein\n\nArtikel 32 (S. 8): \u00dcber G\u00fcter, die nicht mit dem Heiratsgut zusammenh\u00e4ngen, kann die Braut selbst verf\u00fcgen und diese verschenken oder vererben\n\nArtikel 34 (S. 8): Wenn Braut und Br\u00e4utigam versterben und keine Leibserben vorhanden sind: Bis die Summen an den Brautvater oder dessen Erben zur\u00fcckgezahlt wurden, erh\u00e4lt das Haus der Braut das Verf\u00fcgungsrecht \u00fcber das Wittum und die Zugeh\u00f6rungen, Huldigung und Gehorsam der Untertanen gesichert\n"},"main":{"Name":"Ehevertrag Sachsen-Zeitz - Schleswig-Holstein-Gl\u00fccksburg 1650","Zuletzt ge\u00e4ndert":"2021-07 JT"},"Grunddaten Ehevertrag":{"Vertragspartner Br\u00e4utigam":"Sachsen-Zeitz","Vertragspartner Braut":"Schleswig-Holstein-Gl\u00fccksburg","Datum Vertragsschlie\u00dfung":"1650-05-01","Ort Vertragsschlie\u00dfung":"","Eheschlie\u00dfung vollzogen?":"Ja","verschiedenkonfessionelle Ehe?":"Nein"},"Br\u00e4utigam":{"Br\u00e4utigam Name, Titel":"Moritz, Herzog von Sachsen-Zeitz","Br\u00e4utigam GND":"http:\/\/d-nb.info\/gnd\/102305889","Br\u00e4utigam Geburtsjahr":"1619-00-00","Br\u00e4utigam Sterbejahr":"1681-00-00","Br\u00e4utigam Dynastie":"Wettin (Albertiner)","Br\u00e4utigam Konfession":"Evangelisch-Lutherisch"},"Braut":{"Braut Name, Titel":"Sophia Hedwig von Schleswig-Holstein-Gl\u00fccksburg","Braut GND":"http:\/\/d-nb.info\/gnd\/104177217","Braut Geburtsjahr":"1630-00-00","Braut Sterbejahr":"1652-00-00","Braut Dynastie":"Schleswig-Holstein-Sonderburg-Gl\u00fccksburg","Braut Konfession":"Evangelisch-Lutherisch"},"Akteur Br\u00e4utigam":{"Akteur Br\u00e4utigam Name, Titel":"Johann Georg I., Kurf\u00fcrst von Sachsen","Akteur Br\u00e4utigam GND":"http:\/\/d-nb.info\/gnd\/100029752","Akteur Br\u00e4utigam Dynastie":"Wettin (Albertiner)","Akteur Br\u00e4utigam Verh\u00e4ltnis zu Br\u00e4utigam":"Vater","Akteur Br\u00e4utigam Name, Titel (32)":"Moritz, Herzog von Sachsen-Zeitz","Akteur Br\u00e4utigam GND (65)":"http:\/\/d-nb.info\/gnd\/102305889","Akteur Br\u00e4utigam Dynastie (35)":"Hohenzollern","Akteur Br\u00e4utigam Verh\u00e4ltnis zu Br\u00e4utigam (34)":"Selbst"},"Akteur Braut":{"Akteur Braut Name, Titel":"Philipp, Herzog von Schleswig-Holstein-Sonderburg-Gl\u00fccksburg","Akteur Braut GND":"http:\/\/d-nb.info\/gnd\/124800939","Akteur Braut Dynastie":"Schleswig-Holstein-Sonderburg-Gl\u00fccksburg","Akteur Braut Verh\u00e4ltnis zu Braut":"Vater"}}}