{"Dokument":{"Name":"Mecklenburg-Schwerin - Russland","In Bearbeitung":"Nein","main":{"Name":"Ehevertrag Mecklenburg-Schwerin - Russland 1716","Zuletzt ge\u00e4ndert":"2017-08 BB"},"Grunddaten Ehevertrag":{"Vertragspartner Br\u00e4utigam":"Mecklenburg-Schwerin","Vertragspartner Braut":"Russland","Datum Vertragsschlie\u00dfung":"1716-02-02","Ort Vertragsschlie\u00dfung":"St. Petersburg","Eheschlie\u00dfung vollzogen?":"Ja","verschiedenkonfessionelle Ehe?":"Ja"},"Br\u00e4utigam":{"Br\u00e4utigam Name, Titel":"Karl Leopold, Herzog von Mecklenburg","Br\u00e4utigam GND":"http:\/\/d-nb.info\/gnd\/101509758","Br\u00e4utigam Geburtsjahr":"1678-00-00","Br\u00e4utigam Sterbejahr":"1747-00-00","Br\u00e4utigam Dynastie":"Mecklenburg","Br\u00e4utigam Konfession":"Evangelisch-Lutherisch"},"Braut":{"Braut Name, Titel":"Katharina Iwanowna","Braut GND":"http:\/\/d-nb.info\/gnd\/137079168","Braut Geburtsjahr":"1691-00-00","Braut Sterbejahr":"1733-00-00","Braut Dynastie":"Romanow","Braut Konfession":"Russisch-Orthodox"},"Akteur Br\u00e4utigam":{"Akteur Br\u00e4utigam Name, Titel":"Karl Leopold, Herzog von Mecklenburg","Akteur Br\u00e4utigam GND":"http:\/\/d-nb.info\/gnd\/101509758","Akteur Br\u00e4utigam Dynastie":"Mecklenburg","Akteur Br\u00e4utigam Verh\u00e4ltnis zu Br\u00e4utigam":"selbst"},"Akteur Braut":{"Akteur Braut Name, Titel":"Peter I., Zar von Russland","Akteur Braut GND":"http:\/\/d-nb.info\/gnd\/118592955","Akteur Braut Dynastie":"Romanow","Akteur Braut Verh\u00e4ltnis zu Braut":"Onkel"},"Vertragstext":{"Archivexemplar":"nicht nachgewiesen","Vertragssprache Archivexemplar":"nicht nachgewiesen","Digitalisat Archivexemplar":"-","Drucknachweis":"CTS 29, S. 405-412","Vertragssprache Druck":"Russisch, Deutsch","Digitalisat Druck":"-","Vertragsinhalt":"[Pr\u00e4] \u2013 Vertragsabschluss bekundet: mit Beistand Gottes, ausgehandelt zwischen Verhandlern (405f.)\r\n\r\n1 \u2013 Eheschlie\u00dfung geregelt: als besondere Ehre f\u00fcr Br\u00e4utigam, nach \u00dcberf\u00fchrung der Braut, Termin f\u00fcr Beilager vorbehalten\r\n\r\n2 \u2013 Religionsaus\u00fcbung f\u00fcr Braut und ihren Hofstaat geregelt\r\n\r\n3 \u2013 Unterhalt f\u00fcr Braut und ihren Hofstaat w\u00e4hrend der Ehe geregelt: Festlegung von Handgeld vorbehalten\r\n\r\n4 \u2013 Witwensitz, Witweneink\u00fcnfte festgelegt\r\n\r\n5 \u2013 Aussteuer und Mitgift geregelt: abh\u00e4ngig von Friedensschluss im Nordischen Krieg und von Erwerb von Wismar f\u00fcr Mecklenburg\r\n\r\n6 \u2013 f\u00fcr F\u00f6rderung von beiderseitigen Interessen durch Eheschlie\u00dfung: milit\u00e4rische Unterst\u00fctzung des Zaren f\u00fcr mecklenburgischen Erwerb von Wismar und Warnem\u00fcnde zugesichert, Entsendung von russischen Truppen f\u00fcr Eroberung angek\u00fcndigt: gem\u00e4\u00df Konvention von \u201eRetskau\u201c 11\/21.07.1715 zwischen Mecklenburg und D\u00e4nemark\r\n\r\n7 \u2013 baldiger Abschluss von B\u00fcndnis und Handelsvertrag vereinbart\r\n\r\n[Esch] \u2013 Ratifikation geregelt (410)\r\n\r\n[Sep] \u2013 Pr\u00fcfung von Dokumenten \u00fcber Ehescheidung von Br\u00e4utigam vorbehalten, ggf. weitere Schritte des Br\u00e4utigams zur Anerkennung der Ehescheidung geregelt (411f.)\r\n","Regelungen \u00fcber Thronfolge und Regentschaft":"","konfessionelle Regelungen":"Religionsaus\u00fcbung f\u00fcr Braut und ihren Hofstaat geregelt - 2\r\n","erbrechtliche Regelungen":""},"Einordnung des Vertrags":{"Textbezug zu vergangenen Ereignissen?":"Gro\u00dfer Nordischer Krieg 1700-1721 - 5, Konvention von \u201eRetskau\u201c 11\/21.07.1715 zwischen Mecklenburg und D\u00e4nemark erw\u00e4hnt - 6","st\u00e4ndische Instanzen beteiligt?":"","externe Instanzen beteiligt?":"","Ratifikationen, Best\u00e4tigungen, Genehmigungen erw\u00e4hnt?":"Ratifikation geregelt - Esch","weitere Vertr\u00e4ge zwischen Vertragsparteien im Zusammenhang mit dieser Ehe":"B\u00fcndnis von Danzig 08.04.1716","Schlagw\u00f6rter":"","Kommentar":"nach Scheidung der ersten standesgem\u00e4\u00dfen und zweiten unstandesgem\u00e4\u00dfen Ehe des Br\u00e4utigams\r\n\r\nNB politische und mlit\u00e4rische B\u00fcndnisartikel 6-7\r\n\r\nBraut: vgl. Europ. Stammtf. NF II, 151\r\n","Literatur":"Wittram 1964, II S. 273-278"}}}