{"Dokument":{"Name":"Holstein-Schaumburg - Hessen-Kassel","In Bearbeitung":"Nein","main":{"Name":"Ehevertrag Holstein-Schaumburg - Hessen-Kassel 1596","Zuletzt ge\u00e4ndert":"2021-05 KZ"},"Br\u00e4utigam":{"Br\u00e4utigam Dynastie":"","Br\u00e4utigam Konfession":"Evangelisch-Lutherisch","Br\u00e4utigam Name, Titel":"Ernst von Holstein-Schaumburg, Graf","Br\u00e4utigam GND":"http:\/\/d-nb.info\/gnd\/119244292","Br\u00e4utigam Geburtsjahr":"1569-00-00","Br\u00e4utigam Sterbejahr":"1622-00-00"},"Braut":{"Braut Name, Titel":"Hedwig von Hessen-Kassel, Landgr\u00e4fin","Braut GND":"http:\/\/d-nb.info\/gnd\/120826011","Braut Geburtsjahr":"1569-00-00","Braut Sterbejahr":"1644-00-00","Braut Dynastie":"Hessen (Kassel)","Braut Konfession":"Evangelisch-Lutherisch"},"Akteur Br\u00e4utigam":{"Akteur Br\u00e4utigam Name, Titel":"Ernst von Holstein-Schaumburg, Graf","Akteur Br\u00e4utigam GND":"http:\/\/d-nb.info\/gnd\/119244292","Akteur Br\u00e4utigam Dynastie":"","Akteur Br\u00e4utigam Verh\u00e4ltnis zu Br\u00e4utigam":"selbst","Akteur Br\u00e4utigam Name, Titel (32)":"Adolf XI. von Holstein-Schaumburg, Graf","Akteur Br\u00e4utigam GND (65)":"http:\/\/d-nb.info\/gnd\/142299146","Akteur Br\u00e4utigam Dynastie (35)":"unbekannt","Akteur Br\u00e4utigam Verh\u00e4ltnis zu Br\u00e4utigam (34)":"Halbbruder"},"Akteur Braut":{"Akteur Braut Name, Titel":"Moritz von Hessen-Kassel, Landgraf","Akteur Braut GND":"http:\/\/d-nb.info\/gnd\/11858412X","Akteur Braut Dynastie":"Hessen (Kassel)","Akteur Braut Verh\u00e4ltnis zu Braut":"Bruder","Akteur Braut Name, Titel (36)":"Ludwig von Hessen-Marburg, Landgraf","Akteur Braut GND (66)":"http:\/\/d-nb.info\/gnd\/119021854","Akteur Braut Dynastie (40)":"unbekannt","Akteur Braut Verh\u00e4ltnis zu Braut (38)":"Onkel"},"Vertragstext":{"Archivexemplar":"HStAM, Urk. 3, Nr. 158","Vertragssprache Archivexemplar":"Deutsch","Digitalisat Archivexemplar":"-","Drucknachweis":"nicht nachgewiesen","Vertragssprache Druck":"nicht nachgewiesen","Digitalisat Druck":"-","Vertragsinhalt":"Pr\u00e4ambel: Eheschlie\u00dfung vereinbart zur Ehre Gottes, zur Wohlfahrt der beteiligten F\u00fcrstent\u00fcmer durch Mehrung der Freundschaft etc. \r\n\r\nArtikel 1: Absicht zur Eheschlie\u00dfung durch die Brautleute bekundet; Ehegeld bzw. Mitgift auf 20.000 Gulden festgesetzt; Zahlung zu Michaelis 1597 und Quittierung geregelt; Ausstattung Hedwigs mit Kleinodien, Kleidern, Schmuck, Silbergeschirr etc. zugesichert; Erbverzicht Hedwigs auf v\u00e4terliches, m\u00fctterliches und br\u00fcderliches Erbe mit Zustimmung des Br\u00e4utigams geregelt; Ausnahme bei Aussterben des Hauses Hessen in m\u00e4nnlicher Linie geregelt; was Hedwig laut dem Testament ihres Vaters, den Bestimmungen der hessisch-s\u00e4chsische Erbverbr\u00fcderung und seitens ihrer w\u00fcrttembergischen Verwandten zusteht, wird davon nicht ber\u00fchrt\r\n\r\nArtikel 2: Morgengabe auf 3.000 Gulden festgesetzt, zuz\u00fcglich 150 Reichstalern j\u00e4hrlicher Erbrente; Verf\u00fcgungsrechte Hedwigs \u00fcber diese Gelder geregelt; Wiederlage auf 20.000 Gulden festgesetzt, sodass Gesamtsumme von 40.000 Gulden zustande kommt; Anlageertr\u00e4ge von j\u00e4hrlich 2.000 Gulden zugesichert; Schloss und Amt Sachsenhagen mit zugeh\u00f6rigen L\u00e4ndereien, Eink\u00fcnften, Nutzung- und Herrschaftsrechte sowie Jurisdiktion als Wittumssitz ausgewiesen; landesherrliche Hoheitsrechte bleiben Ernst und seinen Erben vorbehalten\r\n\r\nArtikel 3: Hedwigs Herrschaftsrechte im Wittum geregelt; Untertanen und Amtsleute im Amt Sachsenhagen sollen Hedwig durch einen Eid Treue und Gehorsam zusichern, falls sie das Wittum antritt\r\n\r\nArtikel 4: Hedwig von Haftung f\u00fcr eventuell auf dem Wittum lastenden Schulden ausgenommen\r\n\r\nArtikel 5: falls Ernst vor Hedwig stirbt und Leibeserben existieren, die aber noch minderj\u00e4hrig sind, kommen diese unter Vormundschaft; Hedwig soll ihren Wittumssitz einnehmen und erh\u00e4lt lebenslanges Nutzungsrecht an Mitgift und Wiederlage, sofern sie nicht erneut heiratet; Nutzung allen auf dem Wittum befindlichen Hausrats, aller Vorr\u00e4te und Ausstattungen geregelt; Nutzung allen Besitzes, den Hedwig in die Ehe eingebracht oder w\u00e4hrend der Ehe erworben, geerbt oder als Geschenk erhalten, geregelt\r\n\r\nArtikel 6: der Wittumssitz soll bei Bezug durch Hedwig mit Vorr\u00e4ten f\u00fcr ein Jahr ausgestattet sein; sofern die vorhandenen Vorr\u00e4te nicht ausreichen, um die Versorgung f\u00fcr diesen Zeitraum zu gew\u00e4hrleisten, sind Ernsts Erben verpflichtet, sie unter R\u00fcckgriff auf die Ertr\u00e4ge anderer \u00c4mter aufzustocken; falls der Hausrat nicht standesgem\u00e4\u00df ist, sollen sie auch diesen aufbessern \r\n\r\nArtikel 7: Ernst und nach ihm seine Erben sind f\u00fcr die bauliche Erhaltung des Wittumssitzes zust\u00e4ndig, damit Hedwig als Witwe jederzeit einen standesgem\u00e4\u00dfen Wohnsitz hat\r\n\r\nArtikel 8: bei Wiederverheiratung Hedwigs nach Ernst Tod: Abl\u00f6sung des Witwensitze durch Ernsts Erben gegen Zahlung von 20.000 Gulden geregelt; Hedwig erh\u00e4lt in diesem Fall weiterhin eine Rente von 1.000 Gulden j\u00e4hrlich aus den Eink\u00fcnften des Amtes Sachsenhagen; beide Geldzuwendungen fallen nach ihrem Tod an eventuelle Leibeserben aus der Ehe mit Ernst, Hedwig verliert damit jede Verf\u00fcgungsgewalt \u00fcber das Wittum\r\n\r\nArtikel 9: falls Hedwig in zweiter Ehe ebenfalls Kinder hat, sollen die 20.000 Gulden Mitgift zu gleichen Teilen an die Kinder aus erster und zweiter Ehe vererbt werden\r\n\r\nArtikel 9: falls Hedwig stirbt und keine Leibeserben existieren, f\u00e4llt die Mitgift nach ihrem Tod an Landgraf Moritz oder dessen Erben und die Widerlage an Graf Ernst oder dessen Erben zur\u00fcck; Hedwigs Fahrhabe wird zu gleichen Teilen an ihre und Ernsts n\u00e4chste Erben vererbt; Moritz und seinen Erben wird die Nutzung des Wittums nach Hedwigs Tod bis zur vereinbarten R\u00fcckzahlung der Mitgift zugestanden\r\n\r\nArtikel 10: falls Hedwig stirbt und keine Leibeserben existieren, darf Ernst lebenslang \u00fcber die 20.000 Gulden Heiratsgeld verf\u00fcgen; nach seinem Tod: R\u00fcckfall der Mitgift an Landgraf Moritz und dessen Erben geregelt; Treuepflicht der Untertanen auf den Wittumsg\u00fctern f\u00fcr den Zeitraum, in dem Moritz oder seine Erben das Wittum als Pfand f\u00fcr die R\u00fcckzahlung der Mitgift besitzen, zugesichert\r\n\r\nArtikel 11: Hedwig wird das Gut Hagenburg mit allen zugeh\u00f6rigen L\u00e4ndereien, Nutzungsrechten etc. als Sicherheit f\u00fcr die Zahlung der als Morgenhabe zugesicherten 150 Reichstaler pro Jahr zugesprochen; falls sie ohne Leibeserben stirbt: R\u00fcckfall der Morgengabe an Ernst oder seine Erben geregelt; falls Hedwig die Morgengabe anderweitig vererbt, soll eine Abl\u00f6sung durch Ernsts Erben gegen Zahlung von 3.000 Gulden m\u00f6glich sein\r\n\r\nArtikel 11: Hedwig soll f\u00fcr Schulden haften, die beide Eheleute w\u00e4hrend der Ehe angeh\u00e4uft haben; f\u00fcr Schulden, die Hedwig auf ihrem Wittumssitz macht, m\u00fcssen ihre Erben aufkommen\r\n\r\nArtikel 12: sollten Hedwig oder Ernst vor dem ehelichen Beilager sterben, so ist der Vertrag nichtig\r\n\r\nArtikel 13: wechselseitige Einhaltung zugesichert,  Ludwig von Hessen-Marburg und Adolf XI. von Holstein-Schaumburg als Mitunterzeichner erw\u00e4hnt","Regelungen \u00fcber Thronfolge und Regentschaft":"","konfessionelle Regelungen":"","erbrechtliche Regelungen":"Artikel 1: [...] Erbverzicht Hedwigs auf v\u00e4terliches, m\u00fctterliches und br\u00fcderliches Erbe mit Zustimmung des Br\u00e4utigams geregelt; Ausnahme bei Aussterben des Hauses Hessen in m\u00e4nnlicher Linie geregelt; was Hedwig laut dem Testament ihres Vaters, den Bestimmungen der hessisch-s\u00e4chsische Erbverbr\u00fcderung und seitens ihrer w\u00fcrttembergischen Verwandten zusteht, wird davon nicht ber\u00fchrt\r\n\r\nArtikel 9: falls Hedwig in zweiter Ehe ebenfalls Kinder hat, sollen die 20.000 Gulden Mitgift zu gleichen Teilen an die Kinder aus erster und zweiter Ehe vererbt werden\r\n\r\nArtikel 9: falls Hedwig stirbt und keine Leibeserben existieren, f\u00e4llt die Mitgift nach ihrem Tod an Landgraf Moritz oder dessen Erben und die Widerlage an Graf Ernst oder dessen Erben zur\u00fcck; Hedwigs Fahrhabe wird zu gleichen Teilen an ihre und Ernsts n\u00e4chste Erben vererbt; Moritz und seinen Erben wird die Nutzung des Wittums nach Hedwigs Tod bis zur vereinbarten R\u00fcckzahlung der Mitgift zugestanden\r\n\r\nArtikel 10: falls Hedwig stirbt und keine Leibeserben existieren, darf Ernst lebenslang \u00fcber die 20.000 Gulden Heiratsgeld verf\u00fcgen; nach seinem Tod: R\u00fcckfall der Mitgift an Landgraf Moritz und dessen Erben geregelt; Treuepflicht der Untertanen auf den Wittumsg\u00fctern f\u00fcr den Zeitraum, in dem Moritz oder seine Erben das Wittum als Pfand f\u00fcr die R\u00fcckzahlung der Mitgift besitzen, zugesichert\r\n\r\nArtikel 11: Hedwig wird das Gut Hagenburg mit allen zugeh\u00f6rigen L\u00e4ndereien, Nutzungsrechten etc. als Sicherheit f\u00fcr die Zahlung der als Morgenhabe zugesicherten 150 Reichstaler pro Jahr zugesprochen; falls sie ohne Leibeserben stirbt: R\u00fcckfall der Morgengabe an Ernst oder seine Erben geregelt; falls Hedwig die Morgengabe anderweitig vererbt, soll eine Abl\u00f6sung durch Ernsts Erben gegen Zahlung von 3.000 Gulden m\u00f6glich sein"},"Einordnung des Vertrags":{"Textbezug zu vergangenen Ereignissen?":"Artikel 1: hessisch-s\u00e4chsischen Erbverbr\u00fcderung erw\u00e4hnt","st\u00e4ndische Instanzen beteiligt?":"","externe Instanzen beteiligt?":"","Ratifikationen, Best\u00e4tigungen, Genehmigungen erw\u00e4hnt?":"Artikel 13: wechselseitige Einhaltung zugesichert,  Ludwig von Hessen-Marburg und Adolf XI. von Holstein-Schaumburg als Mitunterzeichner erw\u00e4hnt","weitere Vertr\u00e4ge zwischen Vertragsparteien im Zusammenhang mit dieser Ehe":"Mindener Vergleich 13.12.1595 (vgl. HStAM, Bestand 4f, Staaten S, Nr. Schaumburg 24)","Schlagw\u00f6rter":"nicht nachgewiesen","Kommentar":"Vertrag selbst ist nicht in Artikel unterteilt.","Literatur":"-"},"Grunddaten Ehevertrag":{"Vertragspartner Br\u00e4utigam":"Holstein-Schaumburg","Vertragspartner Braut":"Hessen-Kassel","Datum Vertragsschlie\u00dfung":"1596-08-28","Ort Vertragsschlie\u00dfung":"Kassel","Eheschlie\u00dfung vollzogen?":"Ja","verschiedenkonfessionelle Ehe?":"Nein"}}}