{"Dokument":{"Name":"Schleswig-Holstein-Gottorf - Hessen-Kassel","In Bearbeitung":"Nein","main":{"Name":"Ehevertrag Schleswig-Holstein-Gottorf - Hessen-Kassel 1564","Zuletzt ge\u00e4ndert":"2017-12 BB"},"Grunddaten Ehevertrag":{"Vertragspartner Br\u00e4utigam":"Schleswig-Holstein-Gottorf","Vertragspartner Braut":"Hessen","Datum Vertragsschlie\u00dfung":"1564-05-06","Ort Vertragsschlie\u00dfung":"Kassel","Eheschlie\u00dfung vollzogen?":"Ja","verschiedenkonfessionelle Ehe?":"Nein"},"Br\u00e4utigam":{"Br\u00e4utigam Name, Titel":"Adolf I., Herzog von Schleswig-Holstein-Gottorf","Br\u00e4utigam GND":"http:\/\/d-nb.info\/gnd\/118812319","Br\u00e4utigam Geburtsjahr":"1526-00-00","Br\u00e4utigam Sterbejahr":"1586-00-00","Br\u00e4utigam Dynastie":"Oldenburg (D\u00e4nemark)","Br\u00e4utigam Konfession":"Evangelisch-Lutherisch"},"Braut":{"Braut Name, Titel":"Christine von Hessen","Braut GND":"http:\/\/d-nb.info\/gnd\/115819363","Braut Geburtsjahr":"1543-00-00","Braut Sterbejahr":"1604-00-00","Braut Dynastie":"Savoyen","Braut Konfession":"Evangelisch-Lutherisch"},"Akteur Br\u00e4utigam":{"Akteur Br\u00e4utigam Name, Titel":"Adolf I., Herzog von Schleswig-Holstein-Gottorf","Akteur Br\u00e4utigam GND":"http:\/\/d-nb.info\/gnd\/118812319","Akteur Br\u00e4utigam Dynastie":"Oldenburg (D\u00e4nemark)","Akteur Br\u00e4utigam Verh\u00e4ltnis zu Br\u00e4utigam":"selbst"},"Akteur Braut":{"Akteur Braut Name, Titel":"Philipp I., Landgraf von Hessen","Akteur Braut GND":"http:\/\/d-nb.info\/gnd\/11859382X","Akteur Braut Dynastie":"Savoyen","Akteur Braut Verh\u00e4ltnis zu Braut":"Vater"},"Vertragstext":{"Archivexemplar":"Marburg, Staatsarchiv, Urk. 3, Nr. 86","Vertragssprache Archivexemplar":"Deutsch","Drucknachweis":"nicht nachgewiesen","Vertragssprache Druck":"nicht nachgewiesen","Digitalisat Druck":"-","Vertragsinhalt":"[Pr\u00e4] \u2013 nach Vermittlung durch K\u00f6nig Friedrich II. von D\u00e4nemark, im Namen der heiligen Dreifaltigkeit, zu Lob und Ehren Gottes, zu St\u00e4rkung und Wohlfahrt beider F\u00fcrstent\u00fcmer, zur Vermehrung der Freundschaft, mit Vorbedacht und gutem Willen, mit Zustimmung der Braut: Eheabrede bekundet (5-6)\r\n\r\n[1] - Eheversprechen ausgetauscht: f\u00fcr Braut, von Br\u00e4utigam (6)\r\n\r\n[2] \u2013 Mitgift festgelegt, Zahlung geregelt (6-7)\r\n\r\n[3] \u2013 Erbverzicht der Braut geregelt: auf Vatererbe, Muttererbe und Brudererbe, gem\u00e4\u00df hessischem Hausrecht (7)\r\n\r\n[4] \u2013 Aussteuer geregelt (7-8)\r\n\r\n[5] \u2013 im Gegenzug f\u00fcr Mitgift: Widerlage und Morgengabe festgelegt, Anlage zugesichert, Witweng\u00fcter und Witwensitz angewiesen, Witweneink\u00fcnfte festgelegt, Nutzungsrechte und Vereidigung der Amtleute geregelt (8-9)\r\n\r\n[6] \u2013 Witweng\u00fcter geregelt: Huldigung und Vereidigung der Untertanen geregelt (9-10)\r\n\r\n[7-8] \u2013 Witweng\u00fcter geregelt: Besichtigung und Pr\u00fcfung geregelt, ggf. Nachbesserung und Zwischennutzung zum Unterhalt der Braut zugesichert (10-11)\r\n\r\n[9] \u2013 Witweng\u00fcter geregelt: Witweng\u00fcter von Br\u00e4utigammutter in Aussicht gestellt (12)\r\n\r\n[10] \u2013 Witweng\u00fcter geregelt: ggf. R\u00fcckkauf von verpf\u00e4ndeten Witweng\u00fctern geregelt (13)\r\n\r\n[11] \u2013 Witweng\u00fcter geregelt: Rechtsstellung der Untertanen geregelt (13)\r\n\r\n[12] \u2013 Witweng\u00fcter geregelt: \u00d6ffnung und Herrschaftsrechte vorbehalten, ggf. Schadenersatz zugesichert (13-14)\r\n\r\n[13] \u2013 Witweng\u00fcter geregelt: Schutz zugesichert (14)\r\n\r\n[14] \u2013 Witweng\u00fcter geregelt: \u00d6ffnung und Entfremdung verboten, Erhaltung geregelt (14-15)\r\n\r\n[15-16] \u2013 Witweng\u00fcter geregelt: Ausstattung und Vorr\u00e4te bei Bezug geregelt, pers\u00f6nlicher Besitz der Braut als Witwe geregelt (15-16)\r\n\r\n[17] \u2013 Zustand von Witwensitz geregelt (16)\r\n\r\n[18] \u2013 bei zweiter Ehe der Braut: Abl\u00f6sung der Witweng\u00fcter, Auszahlung von Mitgift, Auszahlung oder lebenslange Verzinsung von Widerlage geregelt (16-17)\r\n\r\n[19] \u2013 bei zweiter Ehe der Braut: Vererbung von Mitgift an Kinder aus erster und zweiter Ehe geregelt, Vererbung der Widerlage nur an Erben des Br\u00e4utigams geregelt (17-18)\r\n\r\n[20-21] \u2013 nach Tod der Braut ohne \u00fcberlebende Kinder: R\u00fcckfall von Mitgift und Witweng\u00fctern, Vererbung von Nachlass geregelt, lebenslange Nutzung von Mitgift durch Br\u00e4utigam geregelt (18-20)\r\n\r\n[22] \u2013 Morgengabe festgelegt: Verzinsung und Nutzung geregelt (20-21)\r\n\r\n[Esch] \u2013 Einhaltung versprochen: \u00dcbergabe von Verschreibungsurkunden zugesichert (21-22)","Regelungen \u00fcber Thronfolge und Regentschaft":"","konfessionelle Regelungen":"","erbrechtliche Regelungen":"Erbverzicht der Braut geregelt: auf Vatererbe, Muttererbe und Brudererbe, gem\u00e4\u00df hessischem Hausrecht - 3\r\n\r\nbei zweiter Ehe der Braut: Vererbung von Mitgift an Kinder aus erster und zweiter Ehe geregelt, Vererbung der Widerlage nur an Erben des Br\u00e4utigams geregelt - 19\r\n\r\nnach Tod der Braut ohne \u00fcberlebende Kinder: Vererbung von Nachla\u00df geregelt - 20-21"},"Einordnung des Vertrags":{"Textbezug zu vergangenen Ereignissen?":"","st\u00e4ndische Instanzen beteiligt?":"","externe Instanzen beteiligt?":"Vermittlung durch K\u00f6nig von D\u00e4nemark erw\u00e4hnt - Pr\u00e4","Ratifikationen, Best\u00e4tigungen, Genehmigungen erw\u00e4hnt?":"","weitere Vertr\u00e4ge zwischen Vertragsparteien im Zusammenhang mit dieser Ehe":"","Schlagw\u00f6rter":"","Kommentar":"Dynastie Braut, Akteur Braut nachtragen! technische Probleme bei Eingabe 2017 XII!","Literatur":"-"}}}