{"Dokument":{"Name":"Sachsen-Weimar - W\u00fcrttemberg","In Bearbeitung":"Nein","main":{"Name":"Ehevertrag Sachsen-Weimar - W\u00fcrttemberg 1583","Zuletzt ge\u00e4ndert":"2021-03 JK"},"Grunddaten Ehevertrag":{"Vertragspartner Br\u00e4utigam":"Sachsen-Weimar","Vertragspartner Braut":"W\u00fcrttemberg","Datum Vertragsschlie\u00dfung":"1583-05-05","Ort Vertragsschlie\u00dfung":"ohne Angabe","Eheschlie\u00dfung vollzogen?":"Ja","verschiedenkonfessionelle Ehe?":"Nein"},"Br\u00e4utigam":{"Br\u00e4utigam Name, Titel":"Friedrich Wilhelm I. von Sachsen-Weimar","Br\u00e4utigam GND":"http:\/\/d-nb.info\/gnd\/102030081","Br\u00e4utigam Geburtsjahr":"1562-00-00","Br\u00e4utigam Sterbejahr":"1602-00-00","Br\u00e4utigam Dynastie":"Wettin (Ernestiner)","Br\u00e4utigam Konfession":"Evangelisch-Lutherisch"},"Braut":{"Braut Name, Titel":"Sophia von W\u00fcrttemberg","Braut GND":"http:\/\/d-nb.info\/gnd\/131914855","Braut Geburtsjahr":"1563-00-00","Braut Sterbejahr":"1590-00-00","Braut Dynastie":"W\u00fcrttemberg","Braut Konfession":"Evangelisch-Lutherisch"},"Akteur Br\u00e4utigam":{"Akteur Br\u00e4utigam Name, Titel":"August I., Kurf\u00fcrst von Sachsen","Akteur Br\u00e4utigam GND":"http:\/\/d-nb.info\/gnd\/119458446","Akteur Br\u00e4utigam Dynastie":"Wettin (Albertiner)","Akteur Br\u00e4utigam Verh\u00e4ltnis zu Br\u00e4utigam":"Vormund"},"Akteur Braut":{"Akteur Braut Name, Titel":"Ludwig I., Herzog von W\u00fcrttemberg","Akteur Braut GND":"http:\/\/d-nb.info\/gnd\/100655378","Akteur Braut Dynastie":"W\u00fcrttemberg","Akteur Braut Verh\u00e4ltnis zu Braut":"Bruder"},"Vertragstext":{"Archivexemplar":"nicht nachgewiesen","Vertragssprache Archivexemplar":"nicht nachgewiesen","Digitalisat Archivexemplar":"-","Drucknachweis":"L\u00fcnig, Reichsarchiv, Bd. VIII, [i] S. 381-386","Vertragssprache Druck":"Deutsch","Digitalisat Druck":"-","Vertragsinhalt":"Artikel 1: Eheschlie\u00dfung vereinbart, Hochzeitstermin und Beilager auf 1583-05-05 festgelegt \r\n\r\nArtikel 2: \u00dcberf\u00fchrung der Braut geregelt\r\n\r\nArtikel 3: Mitgift bzw. Heiratsgut auf 32.000 Gulden festgesetzt, Ausstattung der Braut nach Gepflogenheiten des Hauses W\u00fcrttemberg geregelt, Zahlung von Mitgift bzw. Heiratsgut geregelt\r\n\r\nArtikel 4: Erbverzicht Sophias geregelt, ausgenommen ist der Fall, dass das Haus W\u00fcrttemberg in m\u00e4nnlicher Linie ausstirbt\r\n\r\nArtikel 5: Widerlage auf 32.000 Gulden festgesetzt, Verzinsung von Mitgift und Widerlage f\u00fcr standesgem\u00e4\u00dfen Unterhalt der Eheleute geregelt\r\n\r\nArtikel 6: Anlage des von beiden Ehepartnern eingebrachten Geldverm\u00f6gens auf festgelegten Besitzungen Friedrich Wilhelms, Ausweisung dieser G\u00fcter als Wittum\r\n\r\nArtikel 7-8: Regelungen bez\u00fcglich des Wittums: Zinsertr\u00e4ge und Nutzungsrechte auf Friedrich Wilhelms in Artikel 6 ausgewiesenen G\u00fctern geregelt\r\n\r\nArtikel 9: Verpflichtung aller von Friedrich Wilhelm und seinen Nachfolgern eingesetzten Amtsleute, die vertraglich festgelegten Rechte der Witwe zu achten\r\nArtikel 10: Verpflichtung der Untertanen auf den in Artikel 6 ausgewiesenen G\u00fctern zur Treue gegen\u00fcber der Witwe\r\n\r\nArtikel 11: Aufwartung Sophias durch dort ans\u00e4ssige Ritterschaft und ans\u00e4ssigen Adel geregelt\r\n\r\nArtikel 12: Sophia nicht f\u00fcr Schulden haftbar, mit denen Witweng\u00fcter eventuell belastet sind\r\n\r\nArtikel 13: Einsetzung lutherisch-evangelischer Geistlicher auf den Kircheng\u00fctern und Pfarrstellen der Witweng\u00fcter geregelt \r\n\r\nArtikel 14: Nachkommen Friedrich Wilhelms d\u00fcrfen Ritter und Kriegsknechte auf den Witweng\u00fctern rekrutieren\r\n\r\nArtikel 15: Sophia wird auf die Wahrung der Rechte und Freiheiten der Untertanen auf den Witweng\u00fctern verpflichtet\r\n\r\nArtikel 16: Friedrich Wilhelm und seinen Nachkommen bleiben bestimmte Rechte und Steuereinnahmen auf den Witweng\u00fctern vorbehalten\r\n\r\nArtikel 17: Entsch\u00e4digung Sophias geregelt, falls durch Verschulden der Erben und Nachkommen Friedrich Wilhelms ein Schaden an den Witweng\u00fctern entsteht\r\n\r\nArtikel 18: Schutz der Rechte der Witwe, der Witweng\u00fcter und in Artikel 37 festgelegten Morgengabe durch Erben und Nachkommen Friedrich Wilhelms zugesichert\r\n\r\nArtikel 19: Sophia ist es untersagt, sich ohne Zustimmung Friedrich Wilhelms oder seiner Nachkommen mit ihren Witweng\u00fctern dem Schutz fremder M\u00e4chte zu unterstellen oder die Witweng\u00fcter f\u00fcr diese zu \u00f6ffnen \r\n\r\nArtikel 20: Sophia wird zur baulichen Erhaltung von Schl\u00f6ssern und Wehranlagen auf den Witweng\u00fctern verpflichtet\r\n\r\nArtikel 21: falls die Witweng\u00fcter nicht die festgelegte j\u00e4hrliche Unterhaltssumme erbringen, erfolgt Entsch\u00e4digung aus anderen G\u00fctern\r\n\r\nArtikel 22-24: Regelung der Versorgung und Erziehung minderj\u00e4hriger Kinder aus der Ehe im Fall des vorzeitigen Todes Friedrich Wilhelms, Mitnahme von Sophias mobilem Besitz zu ihrem Witwensitz geregelt\r\n\r\nArtikel 25: falls Witwensitz nicht ausreichend bevorratet und ausgestattet ist, haben Friedrich Wilhelms nachkommen daf\u00fcr zu sorgen, diese M\u00e4ngel auszugleichen\r\n\r\nArtikel 26: bauliche Erhaltung des Witwensitzes durch Friedrich Wilhelm und seine Nachkommen geregelt\r\n\r\nArtikel 27: Abl\u00f6sung des Wittums im Fall von Sophias Wiederverheiratung geregelt\r\n\r\nArtikel 28: Vererbung der Witweng\u00fcter an die Leibeserben aus der Ehe oder n\u00e4chsten Verwandten geregelt \r\n\r\nArtikel 29: j\u00e4hrlicher pekuni\u00e4rer Unterhalt Sophias bleibt auch im Fall ihrer Wiederverheiratung bestehen\r\n\r\nArtikel 30: Vererbung der Mitgift an Sophias Kinder aus ihrer Ehe mit Friedrich Wilhelm und einer eventuellen zweiten Ehe nach dessen Tod geregelt\r\n\r\nArtikel 31: R\u00fcckfall der Mitgift im Fall einer kinderlosen Ehe geregelt \r\n\r\nArtikel 32: Vererbung von Sophias mobilem Besitz geregelt\r\n\r\nArtikel 33: Haftung der Witweng\u00fcter bis zum R\u00fcckfall der Mitgift geregelt, inkl. tempor\u00e4re Verpflichtung der dortigen Untertanen gegen\u00fcber den Herz\u00f6gen von W\u00fcrttemberg \r\n\r\nArtikel 34: R\u00fcckfall des Witwenguts bei Sophias vorzeitigem kinderlosen Tod geregelt\r\n\r\nArtikel 35: Erben und Nachkommen Friedrich Wilhelms haften f\u00fcr eventuelle Schulden Sophias w\u00e4hrend der Ehe \r\n\r\nArtikel 36: Haftung f\u00fcr Sophias w\u00e4hrend der Witwenschaft entstandene Schulden geregelt\r\n\r\nArtikel 37: H\u00f6he, Verzinsung und Anlage der Morgengabe auf G\u00fctern Friedrich Wilhelms geregelt\r\n\r\nArtikel 38-39: R\u00fcckfall und Abl\u00f6sung der Morgengabe bei kinderlosem Tod Sophias geregelt \r\n\r\nArtikel 40: Regelung f\u00fcr den Fall, dass einer der Ehepartner zwischen Vollzug des Beilagers und Auszahlung der Mitgift bzw. des Heiratsgeldes verstirbt\r\n\r\nArtikel 41: falls einer der Ehepartner vor Beilager verstirbt, ist Vertrag nichtig\r\n\r\nArtikel 42: Einhaltung durch Akteure von Braut und Br\u00e4utigam zugesichert\r\n\r\nArtikel 43: Kurf\u00fcrst August verpflichtet sich, zu Wittum und Morgengabe beizusteuern\r\n\r\nArtikel 44: Zusicherung Friedrich Wilhelms, den Vertrag einzuhalten und f\u00fcr Wittum und Morgengabe zu sorgen","Regelungen \u00fcber Thronfolge und Regentschaft":"","konfessionelle Regelungen":"Artikel 13: Einsetzung lutherisch-evangelischer Geistlicher auf den Kircheng\u00fctern und Pfarrstellen der Witweng\u00fcter geregelt ","erbrechtliche Regelungen":"Artikel 4: Erbverzicht Sophias geregelt, ausgenommen ist der Fall, dass das Haus W\u00fcrttemberg in m\u00e4nnlicher Linie ausstirbt\r\n\r\nArtikel 28: Vererbung der Witweng\u00fcter an die Leibeserben aus der Ehe oder n\u00e4chsten Verwandten geregelt \r\n\r\nArtikel 30: Vererbung der Mitgift an Sophias Kinder aus ihrer Ehe mit Friedrich Wilhelm und einer eventuellen zweiten Ehe nach dessen Tod geregelt\r\n\r\nArtikel 32: Vererbung von Sophias mobilem Besitz geregelt"},"Einordnung des Vertrags":{"Textbezug zu vergangenen Ereignissen?":"","st\u00e4ndische Instanzen beteiligt?":"","externe Instanzen beteiligt?":"","Ratifikationen, Best\u00e4tigungen, Genehmigungen erw\u00e4hnt?":"","weitere Vertr\u00e4ge zwischen Vertragsparteien im Zusammenhang mit dieser Ehe":"","Schlagw\u00f6rter":"","Kommentar":"Vertrag selbst ist nicht in Artikel unterteilt.","Literatur":"Kn\u00f6fel 2009, S. 293 f."}}}