{"Dokument":{"Name":"Frankreich - Papsttum (Medici)","In Bearbeitung":"Nein","main":{"Name":"Ehevertrag Frankreich - Papsttum (Medici) 1533","Zuletzt ge\u00e4ndert":"2022-04 KZ"},"Grunddaten Ehevertrag":{"Vertragspartner Br\u00e4utigam":"Frankreich","Vertragspartner Braut":"Papst","Datum Vertragsschlie\u00dfung":"1533-10-27","Ort Vertragsschlie\u00dfung":"Marseille","Eheschlie\u00dfung vollzogen?":"Ja","verschiedenkonfessionelle Ehe?":"Nein"},"Br\u00e4utigam":{"Br\u00e4utigam Name, Titel":"Heinrich, Herzog von Orleans (sp\u00e4ter als Heinrich II. K\u00f6nig von Frankreich) (Henri)","Br\u00e4utigam GND":"http:\/\/d-nb.info\/gnd\/118548166","Br\u00e4utigam Geburtsjahr":"1519-00-00","Br\u00e4utigam Sterbejahr":"1559-00-00","Br\u00e4utigam Dynastie":"Valois","Br\u00e4utigam Konfession":"R\u00f6misch-Katholisch"},"Braut":{"Braut Name, Titel":"Katharina de Medici","Braut GND":"http:\/\/d-nb.info\/gnd\/118560557","Braut Geburtsjahr":"1519-00-00","Braut Sterbejahr":"1589-00-00","Braut Dynastie":"Medici","Braut Konfession":"R\u00f6misch-Katholisch"},"Akteur Br\u00e4utigam":{"Akteur Br\u00e4utigam Name, Titel":"Franz I., K\u00f6nig von Frankreich (Francois)","Akteur Br\u00e4utigam GND":"http:\/\/d-nb.info\/gnd\/118534947","Akteur Br\u00e4utigam Dynastie":"Valois","Akteur Br\u00e4utigam Verh\u00e4ltnis zu Br\u00e4utigam":"Vater"},"Akteur Braut":{"Akteur Braut Name, Titel":"Clemens VII., Papst (Giulio de Medici)","Akteur Braut GND":"http:\/\/d-nb.info\/gnd\/118723510","Akteur Braut Dynastie":"Medici","Akteur Braut Verh\u00e4ltnis zu Braut":"Onkel"},"Vertragstext":{"Archivexemplar":"nicht nachgewiesen","Vertragssprache Archivexemplar":"nicht nachgewiesen","Digitalisat Archivexemplar":"-","Drucknachweis":"Dumont 1726-1739, Bd. IV:2, S. 101-103","Vertragssprache Druck":"Franz\u00f6sisch","Digitalisat Druck":"https:\/\/gallica.bnf.fr\/ark:\/12148\/bpt6k1263439g\/f115.item","Vertragsinhalt":"[Pr\u00e4] \u2013 Verlesung von Vertrag durch Notare bekundet: vor Vertragspartnern (101 re \u2013 102 li)\r\n\r\n[1] \u2013 Eheschlie\u00dfung vereinbart (102 li)\r\n\r\n[2] \u2013 Mitgift festgelegt: zahlbar von Papst, zuz\u00fcglich zu Vater- und Muttererbe der Braut (102 li)\r\n\r\n[3] \u2013 Vatererbe der Braut abgel\u00f6st durch Zahlung von Papst, Erbverzicht der Braut geregelt: zugunsten von Papst, mit Zustimmung von Br\u00e4utigam, Br\u00e4utigamvater, au\u00dfer in Herzogtum Urbino (102 li)\r\n\r\n[4] \u2013 \u00dcbertragung von Herzogtum Orleans an Br\u00e4utigam geregelt: zur Versorgung der Familie, bis zum Antritt des Vatererbes, j\u00e4hrliche Eink\u00fcnfte festgelegt (102 li)\r\n\r\n[5] \u2013 Zahlung von Mitgift geregelt (102 li)\r\n\r\n[6] \u2013 Erbrecht, Erbfolge von Kindern und Nachkommen geregelt: nach Primogeniturrecht (102 li \u2013 re)\r\n\r\n[7] \u2013 Aussteuer, Brautjuwelen geregelt: durch Papst, zu erblichem Besitz der Braut (102 re)\r\n\r\n[8] \u2013 Witweng\u00fcter, Witweneink\u00fcnfte festgelegt, Witwensitz \u00fcberlassen: zur Witwenversorgung (102 re)\r\n\r\n[9] \u2013 nach Tod von Braut ohne Kinder: Vererbung von Fahrhabe der Braut an Br\u00e4utigam geregelt, Haftung des Br\u00e4utigams f\u00fcr Schulden der Braut geregelt, Auszahlung der Abl\u00f6se von Vatererbe und Muttererbe der Braut an Brauterben geregelt (102 re)\r\n\r\n[10] \u2013 nach Tod von Br\u00e4utigam ohne Kinder: Eigentumrecht der Braut an Abl\u00f6se von Vatererbe, an Muttererbe der Braut, an Aussteuer und Brautjuwelen und an H\u00e4lfte der Mitgift geregelt (102 re)\r\n\r\n[11] \u2013 wenn Kinder aus der Ehe vorhanden: Nutzungsrechte der Braut an Aussteuer, Brautjuwelen, Muttererbe, Abl\u00f6se f\u00fcr Vatererbe der Braut, an Mitgift geregelt: nur wenn Brautnachlass zu Lebzeiten der Braut an Kinder vererbt, Nutzungsrecht auf Lebenszeit der Braut vorbehalten, nach Tod der Kinder ggf. R\u00fcckfall an Braut geregelt (102 re \u2013 103 li)\r\n\r\n[12] \u2013 bei 2. Ehe der Braut ohne Kinder aus 1. Ehe: Erbrecht von Kindern aus 2. Ehe an Mitgift aus 1. Ehe geregelt (103 li)\r\n\r\n[13] \u2013 bei 2. Ehe der Braut: Erbrecht der Kinder aus 2. Ehe ggf. beschr\u00e4nkt zugunsten T\u00f6chtern aus 1. Ehe (103 li)\r\n\r\n[Esch] \u2013 Ausfertigung durch Notare bekundet, Einhaltung zugesichert, Ratifikation geregelt (103 li)\r\n","Regelungen \u00fcber Thronfolge und Regentschaft":"Erbrecht, Erbfolge von Kindern und Nachkommen geregelt: nach Primogeniturrecht - 6","konfessionelle Regelungen":"","erbrechtliche Regelungen":"Mitgift festgelegt: zahlbar von Papst, zuz\u00fcglich zu Vater- und Muttererbe der Braut - 2\r\n\r\nVatererbe der Braut abgel\u00f6st durch Zahlung von Papst, Erbverzicht der Braut geregelt: zugunsten von Papst, mit Zustimmung von Br\u00e4utigam, Br\u00e4utigamvater, au\u00dfer in Herzogtum Urbino - 3\r\n\r\n\u00dcbertragung von Herzogtum Orleans an Br\u00e4utigam geregelt: zur Versorgung der Familie, bis zum Antritt des Vatererbes, j\u00e4hrliche Eink\u00fcnfte festgelegt - 4\r\n\r\nErbrecht, Erbfolge von Kindern und Nachkommen geregelt: nach Primogeniturrecht - 6\r\n\r\nAussteuer, Brautjuwelen geregelt: durch Papst, zu erblichem Besitz der Braut  - 7\r\n\r\nnach Tod von Braut ohne Kinder: Vererbung von Fahrhabe der Braut an Br\u00e4utigam geregelt, Haftung des Br\u00e4utigams f\u00fcr Schulden der Braut geregelt, Auszahlung der Abl\u00f6se von Vatererbe und Muttererbe der Braut an Brauterben geregelt - 9\r\n\r\nnach Tod von Br\u00e4utigam ohne Kinder: Eigentumrecht der Braut an Abl\u00f6se von Vatererbe, an Muttererbe der Braut, an Aussteuer und Brautjuwelen und an H\u00e4lfte der Mitgift geregelt - 10\r\n\r\nwenn Kinder aus der Ehe vorhanden: Nutzungsrechte der Braut an Aussteuer, Brautjuwelen, Muttererbe, Abl\u00f6se f\u00fcr Vatererbe der Braut, an Mitgift geregelt: nur wenn Brautnachlass zu Lebzeiten der Braut an Kinder vererbt, Nutzungsrecht auf Lebenszeit der Braut vorbehalten, nach Tod der Kinder ggf. R\u00fcckfall an Braut geregelt - 11\r\n\r\nbei 2. Ehe der Braut ohne Kinder aus 1. Ehe: Erbrecht von Kindern aus 2. Ehe an Mitgift aus 1. Ehe geregelt - 12\r\n\r\nbei 2. Ehe der Braut: Erbrecht der Kinder aus 2. Ehe ggf. beschr\u00e4nkt zugunsten T\u00f6chtern aus 1. Ehe  - 13\r\n"},"Einordnung des Vertrags":{"Textbezug zu vergangenen Ereignissen?":"","st\u00e4ndische Instanzen beteiligt?":"","externe Instanzen beteiligt?":"","Ratifikationen, Best\u00e4tigungen, Genehmigungen erw\u00e4hnt?":"","weitere Vertr\u00e4ge zwischen Vertragsparteien im Zusammenhang mit dieser Ehe":"B\u00fcndnisvertrag von Cognac 22.05.1526\r\n\r\nB\u00fcndnisvertrag von Vincennes 27.04.1527","Schlagw\u00f6rter":"","Kommentar":"-","Literatur":"-"}}}