{"Dokument":{"Name":"Spanien - Portugal","In Bearbeitung":"Nein","main":{"Name":"Ehevertrag Spanien - Portugal 1785","Zuletzt ge\u00e4ndert":"2019-11 KZ"},"Grunddaten Ehevertrag":{"Vertragspartner Br\u00e4utigam":"Spanien","Vertragspartner Braut":"Portugal","Datum Vertragsschlie\u00dfung":"1785-03-11","Ort Vertragsschlie\u00dfung":"Lissabon","Eheschlie\u00dfung vollzogen?":"Ja","verschiedenkonfessionelle Ehe?":"Nein"},"Br\u00e4utigam":{"Br\u00e4utigam Name, Titel":"Gabriel von Spanien","Br\u00e4utigam GND":"","Br\u00e4utigam Geburtsjahr":"1752-00-00","Br\u00e4utigam Sterbejahr":"1788-00-00","Br\u00e4utigam Dynastie":"Bourbon (Spanien)","Br\u00e4utigam Konfession":"R\u00f6misch-Katholisch"},"Braut":{"Braut Name, Titel":"Maria Anna Viktoria von Portugal","Braut GND":"","Braut Geburtsjahr":"1768-00-00","Braut Sterbejahr":"1788-00-00","Braut Dynastie":"Braganza","Braut Konfession":"R\u00f6misch-Katholisch"},"Akteur Br\u00e4utigam":{"Akteur Br\u00e4utigam Name, Titel":"Karl III., K\u00f6nig von Spanien","Akteur Br\u00e4utigam GND":"http:\/\/d-nb.info\/gnd\/118925059","Akteur Br\u00e4utigam Dynastie":"Bourbon (Spanien)","Akteur Br\u00e4utigam Verh\u00e4ltnis zu Br\u00e4utigam":"Vater"},"Akteur Braut":{"Akteur Braut Name, Titel":"Maria von Portugal","Akteur Braut GND":"http:\/\/d-nb.info\/gnd\/136730795","Akteur Braut Dynastie":"Braganza","Akteur Braut Verh\u00e4ltnis zu Braut":"Mutter"},"Vertragstext":{"Archivexemplar":"nicht nachgewiesen","Vertragssprache Archivexemplar":"nicht nachgewiesen","Digitalisat Archivexemplar":"-","Drucknachweis":"CTS 49, S. 259-265 (portugies.), 266-272 (span.)","Vertragssprache Druck":"Portugisisch und Spanisch","Digitalisat Druck":"-","Vertragsinhalt":"Artikel 1: Eheschlie\u00dfung vereinbart: mit p\u00e4pstlicher Dispens, erforderliches Alter der Brautleute  vorbehalten, am portugiesischen Hof\r\n\r\nArtikel 2: angemessene Ausstattung Gabriels vereinbart\r\n\r\nArtikel 3: Mitgift festgelegt\r\n\r\nArtikel 4: Anlage der Mitgift und R\u00fcckzahlung an Spanien bei Aufl\u00f6sung der Ehe geregelt\r\n\r\nArtikel 5: Erbverzicht Maria Anna Viktorias geregelt\r\n\r\nArtikel 6: Brautschatz geregelt\r\n\r\nArtikel 7: Witwenversorgung, Verwaltung von Witwengut geregelt: oder Mitgifterh\u00f6hung durch Spanien nach spanischem Recht, als pers\u00f6nliches Eigentum und Nachlass Maria Anna Viktorias\r\n\r\nArtikel 8: Unterhalt Maria Anna Viktorias und ihres Hofstaats w\u00e4hrend der Ehe geregelt\r\n\r\nArtikel 9: \u00dcberf\u00fchrung Maria Anna Viktorias geregelt\r\n\r\nArtikel 10: R\u00fcckkehrrecht als Witwe zugesichert\r\n\r\nArtikel 11: Ratifikation geregelt","Regelungen \u00fcber Thronfolge und Regentschaft":"","konfessionelle Regelungen":"","erbrechtliche Regelungen":"Artikel 5: Erbverzicht Maria Anna Viktorias geregelt"},"Einordnung des Vertrags":{"Textbezug zu vergangenen Ereignissen?":"","st\u00e4ndische Instanzen beteiligt?":"","externe Instanzen beteiligt?":"Artikel 1: Eheschlie\u00dfung vereinbart: mit p\u00e4pstlicher Dispens, erforderliches Alter der Brautleute  vorbehalten, am portugiesischen Hof","Ratifikationen, Best\u00e4tigungen, Genehmigungen erw\u00e4hnt?":"Artikel 1: Eheschlie\u00dfung vereinbart: mit p\u00e4pstlicher Dispens, erforderliches Alter der Brautleute  vorbehalten, am portugiesischen Hof\r\n\r\nArtikel 11: Ratifikation geregelt","weitere Vertr\u00e4ge zwischen Vertragsparteien im Zusammenhang mit dieser Ehe":"keine, vgl. Pr\u00e4liminar-Friedens- und Grenzvertrag von San Ildefonso 1777.10.01 - Freundschafts-, Garantie- und Handelsvertrag von Prado 1778.03.11 - Abkommen von San Lorenzo el Real 1791.10.20 \u00fcber Mitgiftzahlungen","Schlagw\u00f6rter":"","Kommentar":"\u00dc - als Teil von Doppelheirat, vgl. Vorvertrag 1784.05.02 (Enr. 141) sowie korrespondierender Vorvertrag 1784.05.02, Ehevertrag 1785.03.10 (Enr. 139-140) - dispositive Artikel: als substanziell identisch mit Vorvertrag 1784.05.02 angek\u00fcndigt (Narratio) - Mitgift: verrechnet mit spanischer Mitgift f\u00fcr Prinzessin Charlotte Joachima im Abkommen von San Lorenzo el Real 1791.10.20","Literatur":"-"}}}