{"Dokument":{"Name":"\u00d6sterreich- \u00d6sterreich-Tirol","In Bearbeitung":"Nein","main":{"Name":"Ehevertrag \u00d6sterreich- \u00d6sterreich-Tirol 1673","Zuletzt ge\u00e4ndert":"2021-05 JK"},"Grunddaten Ehevertrag":{"Vertragspartner Br\u00e4utigam":"\u00d6sterreich (Habsburg)","Vertragspartner Braut":"\u00d6sterreich-Tirol (Habsburg)","Datum Vertragsschlie\u00dfung":"1673-10-21","Ort Vertragsschlie\u00dfung":"Graz","Eheschlie\u00dfung vollzogen?":"Ja","verschiedenkonfessionelle Ehe?":"Nein"},"Br\u00e4utigam":{"Br\u00e4utigam Name, Titel":"Leopold I., Erzherzog von \u00d6sterreich, Kaiser des Heiligen R\u00f6mischen Reichs","Br\u00e4utigam GND":"http:\/\/d-nb.info\/gnd\/118571869","Br\u00e4utigam Geburtsjahr":"1640-00-00","Br\u00e4utigam Sterbejahr":"1705-00-00","Br\u00e4utigam Dynastie":"Habsburg (\u00d6sterreich)","Br\u00e4utigam Konfession":"R\u00f6misch-Katholisch"},"Braut":{"Braut Name, Titel":"Claudia Felicitas von \u00d6sterreich-Tirol ","Braut GND":"http:\/\/d-nb.info\/gnd\/101072872","Braut Geburtsjahr":"1653-00-00","Braut Sterbejahr":"1676-00-00","Braut Dynastie":"Habsburg (\u00d6sterreich)","Braut Konfession":"R\u00f6misch-Katholisch"},"Akteur Br\u00e4utigam":{"Akteur Br\u00e4utigam Name, Titel":"Leopold I., Erzherzog von \u00d6sterreich, Kaiser des Heiligen R\u00f6mischen Reichs","Akteur Br\u00e4utigam GND":"http:\/\/d-nb.info\/gnd\/118571869","Akteur Br\u00e4utigam Dynastie":"Habsburg (\u00d6sterreich)","Akteur Br\u00e4utigam Verh\u00e4ltnis zu Br\u00e4utigam":"selbst"},"Akteur Braut":{"Akteur Braut Name, Titel":"Anna von Medici, Witwe Erzherzog Ferdinand Karls von \u00d6sterreich-Tirol","Akteur Braut GND":"http:\/\/d-nb.info\/gnd\/1055606238","Akteur Braut Dynastie":"Medici","Akteur Braut Verh\u00e4ltnis zu Braut":"Mutter"},"Vertragstext":{"Archivexemplar":"AT-OeStA \/ HHStA, UR FUK 1751","Vertragssprache Archivexemplar":"Deutsch","Digitalisat Archivexemplar":"-","Drucknachweis":"nicht nachgewiesen","Vertragssprache Druck":"nicht nachgewiesen","Digitalisat Druck":"-","Vertragsinhalt":"Artikel 1 (fol. 1v): Eheschlie\u00dfung zur Ehre Gottes und Festigung und Vertiefung der Beziehung zwischen den beteiligten Linien des Hauses \u00d6sterreich und zum Wohl der L\u00e4nder und Untertanen vereinbart, p\u00e4pstliche Dispens aufgrund des Verwandtschaftsgrads der Eheleute eingeholt, Zustimmung des kaiserlichen geheimen Rats bekundet, Vereinbarung gem\u00e4\u00df der Eheabrede vom 04.09.1673\r\n\r\nArtikel 2 (fol. 2r): Vertragsschlie\u00dfung auf Basis der nachfolgenden Artikel vereinbart\r\n\r\nArtikel 3 (fol. 2r): Zusicherung Annas, ihre Tochter mit deren Wissen und Willen Kaiser Leopold zur Ehefrau zu geben\r\n\r\nArtikel 4 (fol. 2v): das Heiratsgut wird auf 100.000 Gulden festgesetzt und ist von Leopold als dem rechtlichen Nachfolger von Claudia Felicitas verstorbenem Vater selbst zu entrichten; Widerlage ebenfalls auf 100.000 festgesetzt, Morgengabe von 50.000 Gulden zugesichert, sodass eine Gesamtsumme von 250.000 Gulden zusammenkommt\r\n\r\nArtikel 5 (fol. 2v): Verschreibung von Heiratsgut und Widerlage auf die Grafschaft Tirol und der Morgengabe auf die \u00fcbrigen \u00f6sterreichischen und b\u00f6hmischen L\u00e4nder Leopolds geregelt, Verzinsung beider Summen zu jeweils f\u00fcnf Prozent zugesichert; falls die zugesicherte Leibzucht nicht erbracht wird, verpflichtet Leopold sich zur angemessenen Kompensation; landesherrliche Obrigkeit und Gerichtsbarkeit in den ausgewiesenen L\u00e4ndern bleibt Leopold und seinen Erben vorbehalten\r\n\r\nArtikel 6 (fol. 2v): Unterhalt f\u00fcr Claudia Felicitas w\u00e4hrend der Ehe auf j\u00e4hrlich 30.000 Gulden festgesetzt; freie Verf\u00fcgung der Braut \u00fcber diese Summe geregelt\r\n\r\nArtikel 7 (fol. 2v-3r): Claudia Felicitas wird eine zus\u00e4tzliche Verschreibung weiterer 30.000 Gulden aus den Eink\u00fcnften der Grafschaft Tirol als j\u00e4hrliche Witwenversorgung zugesichert\r\n\r\nArtikel 8 (fol. 3r-3v): falls Leopold vor Claudia Felicitas stirbt, erh\u00e4lt sie lebenslanges Nutzungsrecht an Heiratsgut und Widerlage; sofern Leibeserben aus der Ehe vorhanden sind, sollen sie Heiratsgut und Widerlage nach dem Tod der kaiserlichen Witwe erben; falls aber diese Leibeserben beim Claudias Felicitas\u2019 Tod bereits verstorben sein sollten oder unm\u00fcndig versterben, f\u00e4llt die H\u00e4lfte der Erbmasse an Leopolds n\u00e4chsten Erben, die andere H\u00e4lfte darf Claudia Felicitas nach ihrem Willen vererben; Morgengabe und Kleinodien etc. unterliegen ebenfalls ihrem freien Testierrecht \r\n\r\nArtikel 9 (fol. 3v): falls Claudia Felicitas vor Leopold stirbt, verbleiben Heiratsgut und Widerlage zu seiner Verf\u00fcgung und fallen nach seinem Tod an die Leibeserben aus der Ehe oder seine Agnaten \r\n\r\nArtikel 10 (fol. 3v-4r): zur angemessenen Versorgung Claudia Felicitas\u2019 als Witwe werden Leopolds Erben und Nachkommen verpflichtet, den festgelegten Witwenunterhalt von 30.000 Gulden um 40.000 Gulden j\u00e4hrlich zu erg\u00e4nzen; Bezug des Witwensitzes auf Schloss Linz geregelt: bei Antritt des Wittums erh\u00e4lt sie das Recht auf Mitf\u00fchrung von standesgem\u00e4\u00dfem Hausrat etc. sowie ihres mobilen Besitzes, Bereitstellung von Transportmitteln geregelt \r\n\r\nArtikel 11 (fol. 4r-4v): Claudia Felicitas erh\u00e4lt nach Leopolds Tod ungehinderten Zugriff auf die ihr zugesicherten j\u00e4hrlichen Zinseink\u00fcnfte; Nutzungsrechte an Kleidern, Kleinodien und Schmuck etc., die sie in die Ehe eingebracht oder w\u00e4hrend der Ehe erworben bzw. als Geschenk erhalten hat, geregelt; ausgenommen bleiben die \u00f6sterreichischen Hauskleinodien, die sie gegen Zahlung von 50.000 Gulden zur\u00fcckgeben soll\r\n\r\nArtikel 12 (fol. 4v): Erbverzicht Claudia Felicitas\u2019 zugunsten der m\u00e4nnlichen Linie geregelt\r\n\r\nArtikel 13 (fol. 4v): wechselseitige Einhaltung des Vertrags zugesichert \r\n\r\nArtikel 14 (fol. 5r): Besiegelung bekundet","Regelungen \u00fcber Thronfolge und Regentschaft":"","konfessionelle Regelungen":"","erbrechtliche Regelungen":"Artikel 4 (fol. 2v): das Heiratsgut wird auf 100.000 Gulden festgesetzt und ist von Leopold als dem rechtlichen Nachfolger von Claudia Felicitas verstorbenem Vater selbst zu entrichten [...]\r\n\r\nArtikel 8 (fol. 3r-3v): falls Leopold vor Claudia Felicitas stirbt, erh\u00e4lt sie lebenslanges Nutzungsrecht an Heiratsgut und Widerlage; sofern Leibeserben aus der Ehe vorhanden sind, sollen sie Heiratsgut und Widerlage nach dem Tod der kaiserlichen Witwe erben; falls aber diese Leibeserben beim Claudias Felicitas\u2019 Tod bereits verstorben sein sollten oder unm\u00fcndig versterben, f\u00e4llt die H\u00e4lfte der Erbmasse an Leopolds n\u00e4chsten Erben, die andere H\u00e4lfte darf Claudia Felicitas nach ihrem Willen vererben; Morgengabe und Kleinodien etc. unterliegen ebenfalls ihrem freien Testierrecht \r\n\r\nArtikel 9 (fol. 3v): falls Claudia Felicitas vor Leopold stirbt, verbleiben Heiratsgut und Widerlage zu seiner Verf\u00fcgung und fallen nach seinem Tod an die Leibeserben aus der Ehe oder seine Agnaten \r\n\r\nArtikel 12 (fol. 4v): Erbverzicht Claudia Felicitas\u2019 zugunsten der m\u00e4nnlichen Linie geregelt"},"Einordnung des Vertrags":{"Textbezug zu vergangenen Ereignissen?":"Artikel 4 (fol. 2v): sukzessionsrechtliche Bezugnahme auf den Tod des Brautvaters 1662","st\u00e4ndische Instanzen beteiligt?":"","externe Instanzen beteiligt?":"Artikel 1 (fol. 1v): [...] p\u00e4pstliche Dispens aufgrund des Verwandtschaftsgrads der Eheleute eingeholt [...]","Ratifikationen, Best\u00e4tigungen, Genehmigungen erw\u00e4hnt?":"Artikel 1 (fol. 1v): [...] Zustimmung des kaiserlichen geheimen Rats bekundet [...]","weitere Vertr\u00e4ge zwischen Vertragsparteien im Zusammenhang mit dieser Ehe":"","Schlagw\u00f6rter":"nicht nachgewiesen","Kommentar":"Vertrag verf\u00fcgt im Original \u00fcber keine Nummerierung der Artikel.","Literatur":"-"}}}